learning_rate,predicted_validation_mse
0.0001,0.8850326039684258
0.00010004494832975055,0.8850326039684258
0.00010008991686302457,0.8850326039684258
0.00010013490560890331,0.8850326039684258
0.00010017991457647181,0.8850326039684258
0.00010022494377481945,0.8850326039684258
0.00010026999321303966,0.8850326039684258
0.00010031506290022991,0.8850326039684258
0.00010036015284549187,0.8850326039684258
0.00010040526305793103,0.8850326039684258
0.0001004503935466572,0.8850326039684258
0.00010049554432078428,0.8850326039684258
0.0001005407153894302,0.8850326039684258
0.0001005859067617171,0.8850326039684258
0.00010063111844677094,0.8850326039684258
0.00010067635045372206,0.8850326039684258
0.00010072160279170482,0.8850326039684258
0.00010076687546985766,0.8850326039684258
0.00010081216849732328,0.8850326039684258
0.00010085748188324813,0.8850326039684258
0.00010090281563678312,0.8850326039684258
0.00010094816976708313,0.8850326039684258
0.00010099354428330719,0.8850326039684258
0.00010103893919461851,0.8850326039684258
0.00010108435451018416,0.8850326039684258
0.00010112979023917561,0.8850326039684258
0.00010117524639076836,0.8850326039684258
0.000101220722974142,0.8850326039684258
0.00010126621999848041,0.8850326039684258
0.00010131173747297125,0.8850326039684258
0.00010135727540680661,0.8850326039684258
0.00010140283380918263,0.8850326039684258
0.00010144841268929959,0.8850326039684258
0.00010149401205636197,0.8850326039684258
0.00010153963191957813,0.8850326039684258
0.00010158527228816083,0.8850326039684258
0.0001016309331713269,0.8850326039684258
0.00010167661457829732,0.8850326039684258
0.00010172231651829726,0.8850326039684258
0.0001017680390005558,0.8850326039684258
0.00010181378203430645,0.8850326039684258
0.00010185954562878673,0.8850326039684258
0.00010190532979323837,0.8850326039684258
0.00010195113453690732,0.8850326039684258
0.0001019969598690434,0.8850326039684258
0.00010204280579890087,0.8850326039684258
0.00010208867233573807,0.8850326039684258
0.0001021345594888175,0.8850326039684258
0.0001021804672674059,0.8850326039684258
0.0001022263956807739,0.8850326039684258
0.00010227234473819659,0.8850326039684258
0.00010231831444895314,0.8850326039684258
0.00010236430482232686,0.8850326039684258
0.00010241031586760535,0.8850326039684258
0.0001024563475940801,0.8850326039684258
0.00010250240001104706,0.8850326039684258
0.00010254847312780626,0.8850326039684258
0.00010259456695366189,0.8850326039684258
0.00010264068149792247,0.8850326039684258
0.00010268681676990037,0.8850326039684258
0.00010273297277891244,0.8850326039684258
0.00010277914953427965,0.8850326039684258
0.00010282534704532723,0.8850326039684258
0.00010287156532138431,0.8850326039684258
0.00010291780437178452,0.8850326039684258
0.00010296406420586557,0.8850326039684258
0.0001030103448329694,0.8850326039684258
0.0001030566462624422,0.8850326039684258
0.00010310296850363409,0.8850326039684258
0.00010314931156589972,0.8850326039684258
0.00010319567545859778,0.8850326039684258
0.0001032420601910912,0.8850326039684258
0.00010328846577274727,0.8850326039684258
0.00010333489221293709,0.8850326039684258
0.00010338133952103633,0.8850326039684258
0.00010342780770642477,0.8850326039684258
0.00010347429677848642,0.8850326039684258
0.00010352080674660958,0.8850326039684258
0.00010356733762018648,0.8850326039684258
0.00010361388940861387,0.8850326039684258
0.00010366046212129261,0.8850326039684258
0.00010370705576762784,0.8850326039684258
0.00010375367035702895,0.8850326039684258
0.00010380030589890933,0.8850326039684258
0.00010384696240268685,0.8850326039684258
0.00010389363987778353,0.8850326039684258
0.00010394033833362565,0.8850326039684258
0.00010398705777964379,0.8850326039684258
0.00010403379822527249,0.8850326039684258
0.0001040805596799508,0.8850326039684258
0.00010412734215312196,0.8850326039684258
0.00010417414565423342,0.8850326039684258
0.00010422097019273701,0.8850326039684258
0.00010426781577808846,0.8850326039684258
0.00010431468241974809,0.8850326039684258
0.00010436157012718036,0.8850326039684258
0.00010440847890985397,0.8850326039684258
0.00010445540877724201,0.8850326039684258
0.00010450235973882149,0.8850326039684258
0.000104549331804074,0.8850326039684258
0.00010459632498248528,0.8850326039684258
0.00010464333928354537,0.8850326039684258
0.00010469037471674863,0.8850326039684258
0.00010473743129159339,0.8850326039684258
0.00010478450901758259,0.8850326039684258
0.00010483160790422331,0.8850326039684258
0.0001048787279610269,0.8850326039684258
0.00010492586919750911,0.8850326039684258
0.00010497303162318963,0.8850326039684258
0.00010502021524759277,0.8850326039684258
0.000105067420080247,0.8850326039684258
0.00010511464613068507,0.8850326039684258
0.00010516189340844411,0.8850326039684258
0.00010520916192306526,0.8850326039684258
0.00010525645168409423,0.8850326039684258
0.00010530376270108093,0.8850326039684258
0.00010535109498357954,0.8850326039684258
0.00010539844854114868,0.8850326039684258
0.00010544582338335091,0.8850326039684258
0.00010549321951975345,0.8850326039684258
0.00010554063695992766,0.8850326039684258
0.00010558807571344923,0.8850326039684258
0.00010563553578989828,0.8850326039684258
0.00010568301719885888,0.8850326039684258
0.00010573051994991975,0.8850326039684258
0.00010577804405267381,0.8850326039684258
0.00010582558951671829,0.8850326039684258
0.00010587315635165483,0.8850326039684258
0.00010592074456708908,0.8850326039684258
0.00010596835417263134,0.8850326039684258
0.00010601598517789608,0.8850326039684258
0.00010606363759250213,0.8850326039684258
0.00010611131142607274,0.8850326039684258
0.00010615900668823517,0.8850326039684258
0.00010620672338862131,0.8850326039684258
0.00010625446153686727,0.8850326039684258
0.00010630222114261354,0.8850326039684258
0.00010635000221550498,0.8850326039684258
0.00010639780476519053,0.8850326039684258
0.00010644562880132373,0.8850326039684258
0.00010649347433356239,0.8850326039684258
0.00010654134137156865,0.8850326039684258
0.0001065892299250091,0.8850326039684258
0.00010663714000355438,0.8850326039684258
0.00010668507161687973,0.8850326039684258
0.00010673302477466468,0.8850326039684258
0.00010678099948659314,0.8850326039684258
0.00010682899576235342,0.8850326039684258
0.00010687701361163787,0.8850326039684258
0.00010692505304414358,0.8850326039684258
0.0001069731140695718,0.8850326039684258
0.00010702119669762823,0.8850326039684258
0.00010706930093802297,0.8850326039684258
0.0001071174268004702,0.8850326039684258
0.00010716557429468877,0.8850326039684258
0.00010721374343040181,0.8850326039684258
0.00010726193421733682,0.8850326039684258
0.00010731014666522576,0.8850326039684258
0.00010735838078380463,0.8850326039684258
0.0001074066365828142,0.8850326039684258
0.00010745491407199941,0.8850326039684258
0.00010750321326110966,0.8850326039684258
0.00010755153415989881,0.8850326039684258
0.00010759987677812478,0.8850326039684258
0.00010764824112555019,0.8850326039684258
0.00010769662721194196,0.8850326039684258
0.00010774503504707141,0.8850326039684258
0.00010779346464071432,0.8850326039684258
0.00010784191600265056,0.8850326039684258
0.00010789038914266475,0.8850326039684258
0.00010793888407054574,0.8850326039684258
0.00010798740079608684,0.8850326039684258
0.00010803593932908582,0.8850326039684258
0.00010808449967934455,0.8850326039684258
0.00010813308185666965,0.8850326039684258
0.00010818168587087202,0.8850326039684258
0.00010823031173176707,0.8850326039684258
0.00010827895944917432,0.8850326039684258
0.00010832762903291799,0.8850326039684258
0.00010837632049282666,0.8850326039684258
0.00010842503383873328,0.8850326039684258
0.00010847376908047537,0.8850326039684258
0.00010852252622789451,0.8850326039684258
0.00010857130529083705,0.8850326039684258
0.00010862010627915365,0.8850326039684258
0.0001086689292026994,0.8850326039684258
0.00010871777407133394,0.8850326039684258
0.00010876664089492096,0.8850326039684258
0.00010881552968332901,0.8850326039684258
0.00010886444044643088,0.8850326039684258
0.00010891337319410383,0.8850326039684258
0.00010896232793622968,0.8850326039684258
0.00010901130468269432,0.8850326039684258
0.00010906030344338847,0.8850326039684258
0.00010910932422820716,0.8850326039684258
0.00010915836704704985,0.8850326039684258
0.00010920743190982058,0.8850326039684258
0.00010925651882642751,0.8850326039684258
0.00010930562780678358,0.8850326039684258
0.00010935475886080609,0.8850326039684258
0.00010940391199841676,0.8850326039684258
0.00010945308722954192,0.8850326039684258
0.000109502284564112,0.8850326039684258
0.00010955150401206226,0.8850326039684258
0.00010960074558333229,0.8850326039684258
0.00010965000928786615,0.8850326039684258
0.00010969929513561248,0.8850326039684258
0.00010974860313652406,0.8850326039684258
0.00010979793330055849,0.8850326039684258
0.0001098472856376777,0.8850326039684258
0.00010989666015784815,0.8850326039684258
0.00010994605687104086,0.8850326039684258
0.00010999547578723098,0.8850326039684258
0.00011004491691639851,0.8850326039684258
0.00011009438026852781,0.8850326039684258
0.00011014386585360773,0.8850326039684258
0.00011019337368163172,0.8850326039684258
0.0001102429037625974,0.8850326039684258
0.00011029245610650718,0.8850326039684258
0.00011034203072336792,0.8850326039684258
0.00011039162762319091,0.8850326039684258
0.00011044124681599209,0.8850326039684258
0.00011049088831179156,0.8850326039684258
0.00011054055212061425,0.8850326039684258
0.00011059023825248951,0.8850326039684258
0.00011063994671745115,0.8850326039684258
0.00011068967752553765,0.8850326039684258
0.00011073943068679165,0.8850326039684258
0.00011078920621126063,0.8850326039684258
0.00011083900410899648,0.8850326039684258
0.00011088882439005562,0.8850326039684258
0.00011093866706449908,0.8850326039684258
0.0001109885321423921,0.8850326039684258
0.00011103841963380474,0.8850326039684258
0.00011108832954881154,0.8850326039684258
0.00011113826189749152,0.8850326039684258
0.00011118821668992835,0.8850326039684258
0.00011123819393620989,0.8850326039684258
0.0001112881936464289,0.8850326039684258
0.00011133821583068252,0.8850326039684258
0.00011138826049907247,0.8850326039684258
0.00011143832766170511,0.8850326039684258
0.00011148841732869099,0.8850326039684258
0.00011153852951014556,0.8850326039684258
0.00011158866421618869,0.8850326039684258
0.00011163882145694482,0.8850326039684258
0.00011168900124254302,0.8850326039684258
0.00011173920358311661,0.8850326039684258
0.00011178942848880379,0.8850326039684258
0.00011183967596974719,0.8850326039684258
0.00011188994603609401,0.8850326039684258
0.00011194023869799614,0.8850326039684258
0.00011199055396560968,0.8850326039684258
0.0001120408918490956,0.8850326039684258
0.00011209125235861939,0.8850326039684258
0.00011214163550435106,0.8850326039684258
0.00011219204129646532,0.8850326039684258
0.00011224246974514113,0.8850326039684258
0.00011229292086056234,0.8850326039684258
0.00011234339465291726,0.8850326039684258
0.00011239389113239881,0.8850326039684258
0.00011244441030920459,0.8850326039684258
0.00011249495219353643,0.8850326039684258
0.0001125455167956011,0.8850326039684258
0.00011259610412560984,0.8850326039684258
0.0001126467141937785,0.8850326039684258
0.00011269734701032759,0.8850326039684258
0.00011274800258548192,0.8850326039684258
0.00011279868092947119,0.8850326039684258
0.00011284938205252964,0.8850326039684258
0.00011290010596489607,0.8850326039684258
0.000112950852676814,0.8850326039684258
0.00011300162219853123,0.8850326039684258
0.0001130524145403005,0.8850326039684258
0.00011310322971237903,0.8850326039684258
0.00011315406772502866,0.8850326039684258
0.00011320492858851599,0.8850326039684258
0.00011325581231311182,0.8850326039684258
0.00011330671890909198,0.8850326039684258
0.00011335764838673678,0.8850326039684258
0.00011340860075633111,0.8850326039684258
0.00011345957602816466,0.8850326039684258
0.00011351057421253138,0.8850326039684258
0.00011356159531973016,0.8850326039684258
0.00011361263936006447,0.8850326039684258
0.00011366370634384233,0.8850326039684258
0.00011371479628137656,0.8850326039684258
0.00011376590918298428,0.8850326039684258
0.00011381704505898756,0.8850326039684258
0.000113868203919713,0.8850326039684258
0.00011391938577549186,0.8850326039684258
0.00011397059063666014,0.8850326039684258
0.00011402181851355816,0.8850326039684258
0.0001140730694165312,0.8850326039684258
0.00011412434335592912,0.8850326039684258
0.00011417564034210639,0.8850326039684258
0.00011422696038542227,0.8850326039684258
0.00011427830349624034,0.8850326039684258
0.00011432966968492917,0.8850326039684258
0.00011438105896186186,0.8850326039684258
0.0001144324713374162,0.8850326039684258
0.00011448390682197476,0.8850326039684258
0.00011453536542592442,0.8850326039684258
0.00011458684715965706,0.8850326039684258
0.00011463835203356913,0.8850326039684258
0.00011468988005806178,0.8850326039684258
0.00011474143124354091,0.8850326039684258
0.00011479300560041675,0.8850326039684258
0.00011484460313910459,0.8850326039684258
0.00011489622387002426,0.8850326039684258
0.0001149478678036004,0.8850326039684258
0.00011499953495026199,0.8850326039684258
0.00011505122532044303,0.8850326039684258
0.00011510293892458211,0.8850326039684258
0.00011515467577312251,0.8850326039684258
0.0001152064358765123,0.8850326039684258
0.00011525821924520393,0.8850326039684258
0.00011531002588965487,0.8850326039684258
0.0001153618558203272,0.8850326039684258
0.00011541370904768767,0.8850326039684258
0.00011546558558220788,0.8850326039684258
0.00011551748543436378,0.8850326039684258
0.00011556940861463635,0.8850326039684258
0.00011562135513351122,0.8850326039684258
0.00011567332500147868,0.8850326039684258
0.00011572531822903388,0.8850326039684258
0.00011577733482667634,0.8850326039684258
0.00011582937480491064,0.8850326039684258
0.00011588143817424595,0.8850326039684258
0.00011593352494519619,0.8850326039684258
0.0001159856351282801,0.8850326039684258
0.00011603776873402083,0.8850326039684258
0.00011608992577294658,0.8850326039684258
0.00011614210625559017,0.8850326039684258
0.00011619431019248916,0.8850326039684258
0.00011624653759418598,0.8850326039684258
0.0001162987884712274,0.8850326039684258
0.00011635106283416535,0.8850326039684258
0.00011640336069355631,0.8850326039684258
0.00011645568205996157,0.8850326039684258
0.00011650802694394725,0.8850326039684258
0.00011656039535608387,0.8850326039684258
0.00011661278730694707,0.8850326039684258
0.0001166652028071171,0.8850326039684258
0.00011671764186717898,0.8850326039684258
0.00011677010449772263,0.8850326039684258
0.00011682259070934232,0.8850326039684258
0.0001168751005126375,0.8850326039684258
0.00011692763391821221,0.8850326039684258
0.00011698019093667528,0.8850326039684258
0.00011703277157864043,0.8850326039684258
0.00011708537585472581,0.8850326039684258
0.00011713800377555466,0.8850326039684258
0.0001171906553517549,0.8850326039684258
0.00011724333059395923,0.8850326039684258
0.00011729602951280525,0.8850326039684258
0.00011734875211893496,0.8850326039684258
0.00011740149842299554,0.8850326039684258
0.00011745426843563879,0.8850326039684258
0.00011750706216752133,0.8850326039684258
0.0001175598796293047,0.8850326039684258
0.00011761272083165482,0.8850326039684258
0.00011766558578524283,0.8850326039684258
0.0001177184745007445,0.8850326039684258
0.00011777138698884041,0.8850326039684258
0.00011782432326021606,0.8850326039684258
0.00011787728332556141,0.8850326039684258
0.00011793026719557158,0.8850326039684258
0.00011798327488094635,0.8850326039684258
0.00011803630639239033,0.8850326039684258
0.00011808936174061306,0.8850326039684258
0.00011814244093632855,0.8850326039684258
0.00011819554399025596,0.8850326039684258
0.00011824867091311915,0.8850326039684258
0.00011830182171564682,0.8850326039684258
0.00011835499640857261,0.8850326039684258
0.00011840819500263457,0.8850326039684258
0.00011846141750857603,0.8850326039684258
0.00011851466393714497,0.8850326039684258
0.00011856793429909418,0.8850326039684258
0.00011862122860518147,0.8850326039684258
0.00011867454686616908,0.8850326039684258
0.00011872788909282446,0.8850326039684258
0.00011878125529591977,0.8850326039684258
0.00011883464548623202,0.8850326039684258
0.00011888805967454318,0.8850326039684258
0.00011894149787163972,0.8850326039684258
0.00011899496008831331,0.8850326039684258
0.00011904844633536034,0.8850326039684258
0.00011910195662358206,0.8850326039684258
0.0001191554909637847,0.8850326039684258
0.00011920904936677899,0.8850326039684258
0.00011926263184338086,0.8850326039684258
0.00011931623840441101,0.8850326039684258
0.00011936986906069498,0.8850326039684258
0.00011942352382306329,0.8850326039684258
0.000119477202702351,0.8850326039684258
0.00011953090570939839,0.8850326039684258
0.00011958463285505047,0.8850326039684258
0.00011963838415015714,0.8850326039684258
0.00011969215960557331,0.8850326039684258
0.00011974595923215837,0.8850326039684258
0.000119799783040777,0.8850326039684258
0.00011985363104229861,0.8850326039684258
0.0001199075032475975,0.8850326039684258
0.00011996139966755301,0.8850326039684258
0.00012001532031304895,0.8850326039684258
0.00012006926519497444,0.8850326039684258
0.00012012323432422333,0.8850326039684258
0.00012017722771169442,0.8850326039684258
0.00012023124536829145,0.8850326039684258
0.00012028528730492279,0.8850326039684258
0.000120339353532502,0.8850326039684258
0.00012039344406194746,0.8850326039684258
0.00012044755890418259,0.8850326039684258
0.00012050169807013532,0.8850326039684258
0.0001205558615707389,0.8850326039684258
0.00012061004941693133,0.8850326039684258
0.00012066426161965555,0.8850326039684258
0.00012071849818985954,0.8850326039684258
0.00012077275913849583,0.8850326039684258
0.00012082704447652224,0.8850326039684258
0.00012088135421490138,0.8850326039684258
0.00012093568836460083,0.8850326039684258
0.00012099004693659317,0.8850326039684258
0.00012104442994185557,0.8850326039684258
0.0001210988373913705,0.8850326039684258
0.00012115326929612526,0.8850326039684258
0.00012120772566711206,0.8850326039684258
0.00012126220651532817,0.8850326039684258
0.00012131671185177547,0.8850326039684258
0.00012137124168746113,0.8850326039684258
0.00012142579603339714,0.8850326039684258
0.00012148037490060047,0.8850326039684258
0.00012153497830009311,0.8850326039684258
0.0001215896062429017,0.8850326039684258
0.00012164425874005815,0.8850326039684258
0.00012169893580259924,0.8850326039684258
0.00012175363744156669,0.8850326039684258
0.00012180836366800734,0.8850326039684258
0.00012186311449297259,0.8850326039684258
0.00012191788992751917,0.8850326039684258
0.00012197268998270871,0.8850326039684258
0.00012202751466960776,0.8850326039684258
0.00012208236399928796,0.8850326039684258
0.00012213723798282564,0.8850326039684258
0.00012219213663130235,0.8850326039684258
0.00012224705995580464,0.8850326039684258
0.00012230200796742392,0.8850326039684258
0.0001223569806772568,0.8850326039684258
0.0001224119780964044,0.8850326039684258
0.00012246700023597337,0.8850326039684258
0.00012252204710707504,0.8850326039684258
0.00012257711872082583,0.8850326039684258
0.00012263221508834732,0.8850326039684258
0.00012268733622076562,0.8850326039684258
0.0001227424821292123,0.8850326039684258
0.00012279765282482375,0.8850326039684258
0.00012285284831874138,0.8850326039684258
0.00012290806862211176,0.8850326039684258
0.00012296331374608607,0.8850326039684258
0.00012301858370182087,0.8850326039684258
0.0001230738785004776,0.8850326039684258
0.00012312919815322279,0.8850326039684258
0.00012318454267122803,0.8850326039684258
0.0001232399120656696,0.8850326039684258
0.00012329530634772916,0.8850326039684258
0.00012335072552859328,0.8850326039684258
0.00012340616961945358,0.8850326039684258
0.00012346163863150676,0.8850326039684258
0.0001235171325759543,0.8850326039684258
0.00012357265146400296,0.8850326039684258
0.0001236281953068645,0.8850326039684258
0.00012368376411575567,0.8850326039684258
0.00012373935790189843,0.8850326039684258
0.00012379497667651938,0.8850326039684258
0.00012385062045085056,0.8850326039684258
0.0001239062892361289,0.8850326039684258
0.00012396198304359644,0.8850326039684258
0.0001240177018845003,0.8850326039684258
0.0001240734457700924,0.8850326039684258
0.00012412921471163002,0.8850326039684258
0.00012418500872037538,0.8850326039684258
0.00012424082780759576,0.8850326039684258
0.00012429667198456365,0.8850326039684258
0.00012435254126255622,0.8850326039684258
0.0001244084356528561,0.8850326039684258
0.00012446435516675085,0.8850326039684258
0.0001245202998155331,0.8850326039684258
0.0001245762696105007,0.8850326039684258
0.00012463226456295613,0.8850326039684258
0.00012468828468420746,0.8850326039684258
0.00012474432998556764,0.8850326039684258
0.00012480040047835466,0.8850326039684258
0.0001248564961738918,0.8850326039684258
0.00012491261708350701,0.8850326039684258
0.00012496876321853377,0.8850326039684258
0.00012502493459031042,0.8850326039684258
0.00012508113121018047,0.8850326039684258
0.00012513735308949267,0.8850326039684258
0.00012519360023960043,0.8850326039684258
0.00012524987267186272,0.8850326039684258
0.0001253061703976434,0.8850326039684258
0.0001253624934283115,0.8850326039684258
0.0001254188417752413,0.8850326039684258
0.00012547521544981177,0.8850326039684258
0.00012553161446340736,0.8850326039684258
0.00012558803882741756,0.8850326039684258
0.00012564448855323696,0.8850326039684258
0.00012570096365226537,0.8850326039684258
0.0001257574641359074,0.8850326039684258
0.00012581399001557317,0.8850326039684258
0.0001258705413026777,0.8850326039684258
0.0001259271180086412,0.8850326039684258
0.00012598372014488923,0.8850326039684258
0.00012604034772285196,0.8850326039684258
0.00012609700075396515,0.8850326039684258
0.0001261536792496696,0.8850326039684258
0.0001262103832214112,0.8850326039684258
0.0001262671126806411,0.8850326039684258
0.0001263238676388153,0.8850326039684258
0.00012638064810739525,0.8850326039684258
0.00012643745409784743,0.8850326039684258
0.00012649428562164352,0.8850326039684258
0.0001265511426902605,0.8850326039684258
0.00012660802531517997,0.8850326039684258
0.0001266649335078893,0.8850326039684258
0.00012672186727988075,0.8850326039684258
0.00012677882664265176,0.8850326039684258
0.0001268358116077051,0.8850326039684258
0.0001268928221865483,0.8850326039684258
0.0001269498583906945,0.8850326039684258
0.0001270069202316618,0.8850326039684258
0.00012706400772097355,0.8850326039684258
0.00012712112087015837,0.8850326039684258
0.00012717825969074968,0.8850326039684258
0.00012723542419428648,0.8850326039684258
0.00012729261439231284,0.8850326039684258
0.000127349830296378,0.8850326039684258
0.0001274070719180365,0.8850326039684258
0.00012746433926884773,0.8850326039684258
0.00012752163236037664,0.8850326039684258
0.00012757895120419328,0.8850326039684258
0.00012763629581187284,0.8850326039684258
0.00012769366619499586,0.8850326039684258
0.00012775106236514775,0.8850326039684258
0.00012780848433391947,0.8850326039684258
0.00012786593211290705,0.8850326039684258
0.0001279234057137118,0.8850326039684258
0.00012798090514794025,0.8850326039684258
0.00012803843042720389,0.8850326039684258
0.0001280959815631197,0.8850326039684258
0.0001281535585673099,0.8850326039684258
0.00012821116145140195,0.8850326039684258
0.0001282687902270281,0.8850326039684258
0.0001283264449058264,0.8850326039684258
0.00012838412549943983,0.8850326039684258
0.00012844183201951668,0.8850326039684258
0.00012849956447771058,0.8850326039684258
0.00012855732288568006,0.8850326039684258
0.00012861510725508917,0.8850326039684258
0.00012867291759760722,0.8850326039684258
0.00012873075392490864,0.8850326039684258
0.0001287886162486733,0.8850326039684258
0.00012884650458058592,0.8850326039684258
0.00012890441893233687,0.8850326039684258
0.0001289623593156216,0.8850326039684258
0.00012902032574214087,0.8850326039684258
0.00012907831822360082,0.8850326039684258
0.00012913633677171242,0.8850326039684258
0.00012919438139819236,0.8850326039684258
0.00012925245211476238,0.8850326039684258
0.0001293105489331496,0.8850326039684258
0.00012936867186508645,0.8850326039684258
0.00012942682092231028,0.8850326039684258
0.0001294849961165641,0.8850326039684258
0.00012954319745959604,0.8850326039684258
0.00012960142496315957,0.8850326039684258
0.00012965967863901357,0.8850326039684258
0.00012971795849892173,0.8850326039684258
0.0001297762645546535,0.8850326039684258
0.00012983459681798347,0.8850326039684258
0.00012989295530069152,0.8850326039684258
0.00012995134001456295,0.8850326039684258
0.00013000975097138793,0.8850326039684258
0.00013006818818296243,0.8850326039684258
0.00013012665166108747,0.8850326039684258
0.00013018514141756944,0.8850326039684258
0.00013024365746422016,0.8850326039684258
0.00013030219981285637,0.8850326039684258
0.00013036076847530045,0.8850326039684258
0.00013041936346338008,0.8850326039684258
0.00013047798478892816,0.8850326039684258
0.00013053663246378309,0.8850326039684258
0.00013059530649978817,0.8850326039684258
0.00013065400690879245,0.8850326039684258
0.0001307127337026501,0.8850326039684258
0.00013077148689322074,0.8850326039684258
0.00013083026649236932,0.8850326039684258
0.00013088907251196583,0.8850326039684258
0.00013094790496388594,0.8850326039684258
0.00013100676386001056,0.8850326039684258
0.00013106564921222587,0.8850326039684258
0.0001311245610324236,0.8850326039684258
0.00013118349933250042,0.8850326039684258
0.0001312424641243587,0.8850326039684258
0.00013130145541990606,0.8850326039684258
0.0001313604732310555,0.8850326039684258
0.00013141951756972538,0.8850326039684258
0.0001314785884478392,0.8850326039684258
0.0001315376858773261,0.8850326039684258
0.00013159680987012047,0.8850326039684258
0.0001316559604381621,0.8850326039684258
0.00013171513759339625,0.8850326039684258
0.0001317743413477731,0.8850326039684258
0.00013183357171324872,0.8850326039684258
0.00013189282870178432,0.8850326039684258
0.00013195211232534652,0.8850326039684258
0.00013201142259590745,0.8850326039684258
0.00013207075952544428,0.8850326039684258
0.0001321301231259398,0.8850326039684258
0.00013218951340938226,0.8850326039684258
0.00013224893038776516,0.8850326039684258
0.00013230837407308756,0.8850326039684258
0.0001323678444773535,0.8850326039684258
0.0001324273416125729,0.8850326039684258
0.0001324868654907608,0.8850326039684258
0.00013254641612393776,0.8850326039684258
0.0001326059935241298,0.8850326039684258
0.00013266559770336802,0.8850326039684258
0.00013272522867368926,0.8850326039684258
0.0001327848864471357,0.8850326039684258
0.00013284457103575483,0.8850326039684258
0.00013290428245159983,0.8850326039684258
0.00013296402070672877,0.8850326039684258
0.00013302378581320562,0.8850326039684258
0.0001330835777830996,0.8850326039684258
0.00013314339662848538,0.8850326039684258
0.00013320324236144318,0.8850326039684258
0.0001332631149940582,0.8850326039684258
0.0001333230145384216,0.8850326039684258
0.0001333829410066297,0.8850326039684258
0.00013344289441078434,0.8850326039684258
0.0001335028747629929,0.8850326039684258
0.00013356288207536782,0.8850326039684258
0.0001336229163600274,0.8850326039684258
0.0001336829776290952,0.8850326039684258
0.00013374306589470042,0.8850326039684258
0.00013380318116897727,0.8850326039684258
0.00013386332346406582,0.8850326039684258
0.0001339234927921115,0.8850326039684258
0.00013398368916526515,0.8850326039684258
0.00013404391259568324,0.8850326039684258
0.00013410416309552728,0.8850326039684258
0.00013416444067696466,0.8850326039684258
0.00013422474535216812,0.8850326039684258
0.00013428507713331584,0.8850326039684258
0.00013434543603259164,0.8850326039684258
0.0001344058220621844,0.8850326039684258
0.00013446623523428883,0.8850326039684258
0.0001345266755611051,0.8850326039684258
0.00013458714305483876,0.8850326039684258
0.00013464763772770102,0.8850326039684258
0.0001347081595919082,0.8850326039684258
0.00013476870865968246,0.8850326039684258
0.00013482928494325136,0.8850326039684258
0.00013488988845484796,0.8850326039684258
0.00013495051920671094,0.8850326039684258
0.00013501117721108404,0.8850326039684258
0.00013507186248021697,0.8850326039684258
0.0001351325750263648,0.8850326039684258
0.00013519331486178804,0.8850326039684258
0.00013525408199875296,0.8850326039684258
0.00013531487644953083,0.8850326039684258
0.00013537569822639892,0.8850326039684258
0.00013543654734163982,0.8850326039684258
0.0001354974238075417,0.8850326039684258
0.00013555832763639835,0.8850326039684258
0.0001356192588405087,0.8850326039684258
0.00013568021743217757,0.8850326039684258
0.00013574120342371525,0.8850326039684258
0.00013580221682743751,0.8850326039684258
0.0001358632576556658,0.8850326039684258
0.0001359243259207267,0.8850326039684258
0.00013598542163495276,0.8850326039684258
0.0001360465448106819,0.8850326039684258
0.00013610769546025764,0.8850326039684258
0.00013616887359602914,0.8850326039684258
0.00013623007923035068,0.8850326039684258
0.00013629131237558257,0.8850326039684258
0.0001363525730440905,0.8850326039684258
0.0001364138612482457,0.8850326039684258
0.00013647517700042516,0.8850326039684258
0.00013653652031301095,0.8850326039684258
0.00013659789119839117,0.8850326039684258
0.00013665928966895933,0.8850326039684258
0.0001367207157371145,0.8850326039684258
0.00013678216941526145,0.8850326039684258
0.00013684365071581016,0.8850326039684258
0.0001369051596511766,0.8850326039684258
0.00013696669623378214,0.8850326039684258
0.00013702826047605373,0.8850326039684258
0.00013708985239042407,0.8850326039684258
0.00013715147198933107,0.8850326039684258
0.00013721311928521857,0.8850326039684258
0.0001372747942905359,0.8850326039684258
0.000137336497017738,0.8850326039684258
0.00013739822747928552,0.8850326039684258
0.0001374599856876443,0.8850326039684258
0.00013752177165528626,0.8850326039684258
0.00013758358539468866,0.8850326039684258
0.0001376454269183345,0.8850326039684258
0.00013770729623871245,0.8850326039684258
0.00013776919336831638,0.8850326039684258
0.00013783111831964625,0.8850326039684258
0.00013789307110520743,0.8850326039684258
0.00013795505173751097,0.8850326039684258
0.00013801706022907362,0.8850326039684258
0.00013807909659241738,0.8850326039684258
0.00013814116084007034,0.8850326039684258
0.00013820325298456596,0.8850326039684258
0.00013826537303844344,0.8850326039684258
0.00013832752101424774,0.8850326039684258
0.00013838969692452898,0.8850326039684258
0.0001384519007818434,0.8850326039684258
0.0001385141325987527,0.8850326039684258
0.0001385763923878243,0.8850326039684258
0.00013863868016163135,0.8850326039684258
0.0001387009959327522,0.8850326039684258
0.00013876333971377135,0.8850326039684258
0.00013882571151727877,0.8850326039684258
0.0001388881113558701,0.8850326039684258
0.0001389505392421468,0.8850326039684258
0.00013901299518871552,0.8850326039684258
0.00013907547920818906,0.8850326039684258
0.0001391379913131857,0.8850326039684258
0.00013920053151632945,0.8850326039684258
0.00013926309983025006,0.8850326039684258
0.0001393256962675826,0.8850326039684258
0.00013938832084096821,0.8850326039684258
0.00013945097356305355,0.8850326039684258
0.00013951365444649102,0.8850326039684258
0.00013957636350393882,0.8850326039684258
0.0001396391007480604,0.8850326039684258
0.00013970186619152532,0.8850326039684258
0.00013976465984700875,0.8850326039684258
0.00013982748172719153,0.8850326039684258
0.0001398903318447603,0.8850326039684258
0.000139953210212407,0.8850326039684258
0.00014001611684282976,0.8850326039684258
0.00014007905174873218,0.8850326039684258
0.00014014201494282364,0.8850326039684258
0.00014020500643781937,0.8850326039684258
0.00014026802624643982,0.8850326039684258
0.00014033107438141164,0.8850326039684258
0.0001403941508554671,0.8850326039684258
0.0001404572556813441,0.8850326039684258
0.00014052038887178646,0.8850326039684258
0.0001405835504395433,0.8850326039684258
0.0001406467403973699,0.8850326039684258
0.00014070995875802708,0.8850326039684258
0.0001407732055342815,0.8850326039684258
0.0001408364807389056,0.8850326039684258
0.0001408997843846772,0.8850326039684258
0.00014096311648438025,0.8850326039684258
0.0001410264770508043,0.8850326039684258
0.00014108986609674467,0.8850326039684258
0.0001411532836350026,0.8850326039684258
0.00014121672967838458,0.8850326039684258
0.00014128020423970336,0.8850326039684258
0.00014134370733177726,0.8850326039684258
0.0001414072389674304,0.8850326039684258
0.00014147079915949277,0.8850326039684258
0.00014153438792079972,0.8850326039684258
0.00014159800526419278,0.8850326039684258
0.00014166165120251914,0.8850326039684258
0.0001417253257486317,0.8850326039684258
0.0001417890289153894,0.8850326039684258
0.00014185276071565638,0.8850326039684258
0.0001419165211623031,0.8850326039684258
0.00014198031026820565,0.8850326039684258
0.00014204412804624586,0.8850326039684258
0.0001421079745093115,0.8850326039684258
0.00014217184967029578,0.8850326039684258
0.00014223575354209805,0.8850326039684258
0.0001422996861376233,0.8850326039684258
0.00014236364746978247,0.8850326039684258
0.00014242763755149221,0.8850326039684258
0.00014249165639567478,0.8850326039684258
0.00014255570401525852,0.8850326039684258
0.00014261978042317752,0.8850326039684258
0.00014268388563237164,0.8850326039684258
0.00014274801965578673,0.8850326039684258
0.00014281218250637397,0.8850326039684258
0.0001428763741970909,0.8850326039684258
0.00014294059474090064,0.8850326039684258
0.00014300484415077217,0.8850326039684258
0.00014306912243968047,0.8850326039684258
0.00014313342962060587,0.8850326039684258
0.000143197765706535,0.8850326039684258
0.0001432621307104602,0.8850326039684258
0.0001433265246453796,0.8850326039684258
0.00014339094752429735,0.8850326039684258
0.000143455399360223,0.8850326039684258
0.00014351988016617241,0.8850326039684258
0.00014358438995516707,0.8850326039684258
0.00014364892874023458,0.8850326039684258
0.0001437134965344079,0.8850326039684258
0.00014377809335072622,0.8850326039684258
0.00014384271920223456,0.8850326039684258
0.00014390737410198371,0.8850326039684258
0.0001439720580630306,0.8850326039684258
0.0001440367710984374,0.8850326039684258
0.00014410151322127277,0.8850326039684258
0.000144166284444611,0.8850326039684258
0.00014423108478153228,0.8850326039684258
0.00014429591424512282,0.8850326039684258
0.0001443607728484743,0.8850326039684258
0.00014442566060468467,0.8850326039684258
0.00014449057752685766,0.8850326039684258
0.00014455552362810291,0.8850326039684258
0.00014462049892153604,0.8850326039684258
0.00014468550342027818,0.8850326039684258
0.00014475053713745677,0.8850326039684258
0.000144815600086205,0.8850326039684258
0.000144880692279662,0.8850326039684258
0.00014494581373097288,0.8850326039684258
0.00014501096445328828,0.8850326039684258
0.0001450761444597652,0.8850326039684258
0.00014514135376356634,0.8850326039684258
0.0001452065923778604,0.8850326039684258
0.0001452718603158221,0.8850326039684258
0.00014533715759063162,0.8850326039684258
0.0001454024842154755,0.8850326039684258
0.00014546784020354618,0.8850326039684258
0.00014553322556804188,0.8850326039684258
0.00014559864032216696,0.8850326039684258
0.00014566408447913128,0.8850326039684258
0.00014572955805215108,0.8850326039684258
0.00014579506105444836,0.8850326039684258
0.00014586059349925114,0.8850326039684258
0.00014592615539979343,0.8850326039684258
0.00014599174676931483,0.8850326039684258
0.00014605736762106128,0.8850326039684258
0.00014612301796828459,0.8850326039684258
0.0001461886978242424,0.8850326039684258
0.00014625440720219862,0.8850326039684258
0.0001463201461154226,0.8850326039684258
0.00014638591457719004,0.8850326039684258
0.00014645171260078255,0.8850326039684258
0.00014651754019948766,0.8850326039684258
0.00014658339738659907,0.8850326039684258
0.00014664928417541597,0.8795990260866651
0.00014671520057924395,0.8795990260866651
0.00014678114661139448,0.8795990260866651
0.00014684712228518501,0.8795990260866651
0.0001469131276139391,0.8795990260866651
0.00014697916261098584,0.8795990260866651
0.00014704522728966083,0.8795990260866651
0.00014711132166330543,0.8795990260866651
0.00014717744574526705,0.8795990260866651
0.00014724359954889921,0.8795990260866651
0.00014730978308756103,0.8795990260866651
0.00014737599637461803,0.8795990260866651
0.00014744223942344165,0.8795990260866651
0.0001475085122474093,0.8795990260866651
0.00014757481485990455,0.8795990260866651
0.00014764114727431653,0.8795990260866651
0.0001477075095040409,0.8795990260866651
0.00014777390156247907,0.8795990260866651
0.00014784032346303863,0.8795990260866651
0.00014790677521913322,0.8795990260866651
0.00014797325684418213,0.8795990260866651
0.00014803976835161108,0.8795990260866651
0.0001481063097548517,0.8795990260866651
0.0001481728810673417,0.8795990260866651
0.00014823948230252486,0.8795990260866651
0.00014830611347385072,0.8795990260866651
0.00014837277459477517,0.8795990260866651
0.00014843946567876006,0.8795990260866651
0.00014850618673927331,0.8795990260866651
0.000148572937789789,0.8795990260866651
0.00014863971884378682,0.8795990260866651
0.00014870652991475302,0.8795990260866651
0.00014877337101617969,0.8795990260866651
0.0001488402421615652,0.8795990260866651
0.0001489071433644135,0.8795990260866651
0.00014897407463823506,0.8795990260866651
0.00014904103599654628,0.8795990260866651
0.00014910802745286963,0.8795990260866651
0.00014917504902073385,0.8795990260866651
0.00014924210071367322,0.8795990260866651
0.00014930918254522866,0.8795990260866651
0.00014937629452894694,0.8795990260866651
0.00014944343667838095,0.8795990260866651
0.00014951060900708984,0.8795990260866651
0.00014957781152863842,0.8795990260866651
0.00014964504425659796,0.8795990260866651
0.00014971230720454577,0.8795990260866651
0.00014977960038606522,0.8795990260866651
0.00014984692381474595,0.8795990260866651
0.00014991427750418328,0.8795990260866651
0.00014998166146797898,0.8795990260866651
0.00015004907571974097,0.8795990260866651
0.00015011652027308313,0.8795990260866651
0.00015018399514162567,0.8795990260866651
0.00015025150033899447,0.8795990260866651
0.000150319035878822,0.8795990260866651
0.00015038660177474667,0.8795990260866651
0.00015045419804041301,0.8795990260866651
0.0001505218246894719,0.8795990260866651
0.00015058948173557988,0.8795990260866651
0.00015065716919240003,0.8795990260866651
0.00015072488707360148,0.8795990260866651
0.00015079263539285946,0.8795990260866651
0.00015086041416385553,0.8795990260866651
0.00015092822340027694,0.8795990260866651
0.00015099606311581756,0.8795990260866651
0.0001510639333241772,0.8795990260866651
0.0001511318340390619,0.8795990260866651
0.00015119976527418398,0.8795990260866651
0.00015126772704326146,0.8795990260866651
0.00015133571936001904,0.8795990260866651
0.00015140374223818735,0.8795990260866651
0.00015147179569150322,0.8795990260866651
0.00015153987973370988,0.8795990260866651
0.00015160799437855617,0.8795990260866651
0.00015167613963979764,0.8795990260866651
0.00015174431553119583,0.8795990260866651
0.00015181252206651852,0.8795990260866651
0.00015188075925953975,0.8795990260866651
0.00015194902712403936,0.8795990260866651
0.00015201732567380382,0.8795990260866651
0.00015208565492262564,0.8795990260866651
0.00015215401488430355,0.8795990260866651
0.0001522224055726426,0.8795990260866651
0.0001522908270014536,0.8795990260866651
0.00015235927918455405,0.8795990260866651
0.00015242776213576748,0.8795990260866651
0.00015249627586892366,0.8795990260866651
0.0001525648203978587,0.8795990260866651
0.00015263339573641445,0.8795990260866651
0.0001527020018984395,0.8795990260866651
0.0001527706388977885,0.8795990260866651
0.0001528393067483223,0.8795990260866651
0.00015290800546390816,0.8795990260866651
0.00015297673505841906,0.8795990260866651
0.00015304549554573472,0.8795990260866651
0.000153114286939741,0.8795990260866651
0.00015318310925432985,0.8795990260866651
0.0001532519625033998,0.8795990260866651
0.00015332084670085502,0.8795990260866651
0.00015338976186060645,0.8795990260866651
0.00015345870799657113,0.8795990260866651
0.00015352768512267236,0.8795990260866651
0.00015359669325283983,0.8795990260866651
0.00015366573240100908,0.8795990260866651
0.00015373480258112226,0.8795990260866651
0.0001538039038071278,0.8795990260866651
0.00015387303609298023,0.8795990260866651
0.00015394219945264064,0.8795990260866651
0.00015401139390007585,0.8795990260866651
0.00015408061944925948,0.8795990260866651
0.00015414987611417122,0.8795990260866651
0.00015421916390879708,0.8795990260866651
0.0001542884828471295,0.8795990260866651
0.00015435783294316674,0.8795990260866651
0.00015442721421091385,0.8795990260866651
0.00015449662666438193,0.8795990260866651
0.00015456607031758853,0.8795990260866651
0.0001546355451845575,0.8795990260866651
0.00015470505127931862,0.8795990260866651
0.0001547745886159084,0.8795990260866651
0.00015484415720836952,0.8795990260866651
0.000154913757070751,0.8795990260866651
0.00015498338821710828,0.8795990260866651
0.00015505305066150268,0.8795990260866651
0.0001551227444180023,0.8795990260866651
0.0001551924695006814,0.8795990260866651
0.00015526222592362058,0.8795990260866651
0.00015533201370090694,0.8795990260866651
0.00015540183284663337,0.8795990260866651
0.00015547168337489968,0.8795990260866651
0.00015554156529981177,0.8795990260866651
0.0001556114786354819,0.8795990260866651
0.00015568142339602884,0.8795990260866651
0.00015575139959557723,0.8795990260866651
0.00015582140724825852,0.8795990260866651
0.00015589144636821042,0.8795990260866651
0.0001559615169695769,0.8795990260866651
0.0001560316190665085,0.8795990260866651
0.00015610175267316163,0.8795990260866651
0.00015617191780369956,0.8795990260866651
0.0001562421144722917,0.8795990260866651
0.00015631234269311396,0.8795990260866651
0.00015638260248034862,0.8795990260866651
0.00015645289384818399,0.8795990260866651
0.00015652321681081514,0.8795990260866651
0.00015659357138244343,0.8795990260866651
0.00015666395757727656,0.8795990260866651
0.00015673437540952883,0.8795990260866651
0.00015680482489342036,0.8795990260866651
0.00015687530604317822,0.8795990260866651
0.0001569458188730357,0.8795990260866651
0.00015701636339723245,0.8795990260866651
0.0001570869396300147,0.8795990260866651
0.00015715754758563466,0.8795990260866651
0.0001572281872783513,0.8795990260866651
0.00015729885872243,0.8795990260866651
0.0001573695619321424,0.8795990260866651
0.00015744029692176683,0.8795990260866651
0.00015751106370558745,0.8795990260866651
0.00015758186229789545,0.8795990260866651
0.00015765269271298817,0.8795990260866651
0.0001577235549651694,0.8795990260866651
0.0001577944490687496,0.8795990260866651
0.0001578653750380451,0.8795990260866651
0.00015793633288737913,0.8795990260866651
0.00015800732263108127,0.8795990260866651
0.0001580783442834875,0.8795990260866651
0.0001581493978589404,0.8795990260866651
0.00015822048337178855,0.8795990260866651
0.00015829160083638742,0.8795990260866651
0.00015836275026709877,0.8795990260866651
0.00015843393167829086,0.8795990260866651
0.00015850514508433853,0.8795990260866651
0.00015857639049962264,0.8795990260866651
0.00015864766793853092,0.8795990260866651
0.00015871897741545748,0.8795990260866651
0.00015879031894480288,0.8795990260866651
0.0001588616925409743,0.8795990260866651
0.0001589330982183849,0.8795990260866651
0.00015900453599145488,0.8795990260866651
0.00015907600587461066,0.8795990260866651
0.0001591475078822852,0.8795990260866651
0.00015921904202891805,0.8795990260866651
0.00015929060832895487,0.8795990260866651
0.00015936220679684822,0.8795990260866651
0.00015943383744705702,0.8795990260866651
0.00015950550029404667,0.8795990260866651
0.00015957719535228927,0.8795990260866651
0.00015964892263626288,0.8795990260866651
0.00015972068216045263,0.8795990260866651
0.00015979247393934994,0.8795990260866651
0.00015986429798745292,0.8795990260866651
0.00015993615431926573,0.8795990260866651
0.0001600080429492995,0.8795990260866651
0.00016007996389207175,0.8795990260866651
0.00016015191716210652,0.8795990260866651
0.00016022390277393452,0.8795990260866651
0.00016029592074209254,0.8795990260866651
0.00016036797108112438,0.8795990260866651
0.0001604400538055802,0.8795990260866651
0.00016051216893001667,0.8795990260866651
0.00016058431646899727,0.8795990260866651
0.0001606564964370914,0.8795990260866651
0.00016072870884887563,0.8795990260866651
0.00016080095371893283,0.8795990260866651
0.00016087323106185245,0.8795990260866651
0.00016094554089223065,0.8795990260866651
0.00016101788322466968,0.8795990260866651
0.00016109025807377886,0.8795990260866651
0.00016116266545417387,0.8795990260866651
0.000161235105380477,0.8795990260866651
0.00016130757786731722,0.8795990260866651
0.00016138008292932964,0.8795990260866651
0.00016145262058115642,0.8795990260866651
0.00016152519083744614,0.8795990260866651
0.00016159779371285396,0.8795990260866651
0.0001616704292220418,0.8795990260866651
0.00016174309737967764,0.8795990260866651
0.0001618157982004366,0.8795990260866651
0.0001618885316990002,0.8795990260866651
0.0001619612978900566,0.8795990260866651
0.00016203409678830066,0.8795990260866651
0.00016210692840843338,0.8795990260866651
0.0001621797927651629,0.8795990260866651
0.00016225268987320375,0.8795990260866651
0.00016232561974727707,0.8795990260866651
0.00016239858240211087,0.8795990260866651
0.00016247157785243918,0.8795990260866651
0.00016254460611300322,0.8795990260866651
0.00016261766719855063,0.8795990260866651
0.00016269076112383567,0.8795990260866651
0.00016276388790361946,0.8795990260866651
0.0001628370475526692,0.8795990260866651
0.0001629102400857592,0.8795990260866651
0.00016298346551767037,0.8795990260866651
0.00016305672386319014,0.8795990260866651
0.00016313001513711277,0.8795990260866651
0.00016320333935423872,0.8795990260866651
0.00016327669652937556,0.8795990260866651
0.00016335008667733739,0.8795990260866651
0.00016342350981294492,0.8795990260866651
0.00016349696595102574,0.8795990260866651
0.00016357045510641355,0.8795990260866651
0.00016364397729394924,0.8795990260866651
0.00016371753252848023,0.8795990260866651
0.0001637911208248606,0.8795990260866651
0.00016386474219795124,0.8795990260866651
0.00016393839666261928,0.8795990260866651
0.00016401208423373894,0.8795990260866651
0.0001640858049261911,0.8795990260866651
0.00016415955875486314,0.8795990260866651
0.0001642333457346495,0.8795990260866651
0.00016430716588045066,0.8795990260866651
0.00016438101920717438,0.8795990260866651
0.00016445490572973494,0.8795990260866651
0.0001645288254630533,0.8795990260866651
0.0001646027784220573,0.8795990260866651
0.00016467676462168101,0.8795990260866651
0.00016475078407686568,0.8795990260866651
0.00016482483680255918,0.8795990260866651
0.000164898922813716,0.8795990260866651
0.00016497304212529756,0.8795990260866651
0.00016504719475227155,0.8795990260866651
0.00016512138070961285,0.8795990260866651
0.00016519560001230287,0.8795990260866651
0.0001652698526753298,0.8795990260866651
0.0001653441387136887,0.8795990260866651
0.00016541845814238093,0.8795990260866651
0.00016549281097641506,0.8795990260866651
0.00016556719723080619,0.8795990260866651
0.0001656416169205762,0.8795990260866651
0.000165716070060754,0.8795990260866651
0.00016579055666637456,0.8795990260866651
0.00016586507675248022,0.8795990260866651
0.00016593963033411993,0.8795990260866651
0.00016601421742634952,0.8795990260866651
0.0001660888380442311,0.8795990260866651
0.0001661634922028341,0.8795990260866651
0.00016623817991723443,0.8795990260866651
0.00016631290120251493,0.8795990260866651
0.00016638765607376532,0.8795990260866651
0.00016646244454608157,0.8795990260866651
0.00016653726663456696,0.8795990260866651
0.0001666121223543314,0.8795990260866651
0.00016668701172049163,0.8795990260866651
0.00016676193474817125,0.8795990260866651
0.00016683689145250026,0.8795990260866651
0.0001669118818486159,0.8795990260866651
0.00016698690595166207,0.8795990260866651
0.00016706196377678945,0.8795990260866651
0.00016713705533915574,0.8795990260866651
0.00016721218065392495,0.8795990260866651
0.00016728733973626835,0.8795990260866651
0.00016736253260136395,0.8795990260866651
0.00016743775926439646,0.8795990260866651
0.00016751301974055773,0.8795990260866651
0.0001675883140450458,0.8795990260866651
0.00016766364219306616,0.8795990260866651
0.0001677390041998309,0.8795990260866651
0.0001678144000805589,0.8795990260866651
0.00016788982985047618,0.8795990260866651
0.00016796529352481503,0.8795990260866651
0.00016804079111881504,0.8795990260866651
0.00016811632264772253,0.8795990260866651
0.00016819188812679074,0.8795990260866651
0.0001682674875712798,0.8795990260866651
0.00016834312099645631,0.8795990260866651
0.00016841878841759416,0.8795990260866651
0.000168494489849974,0.8795990260866651
0.00016857022530888325,0.8795990260866651
0.0001686459948096165,0.8795990260866651
0.00016872179836747463,0.8795990260866651
0.0001687976359977659,0.8795990260866651
0.0001688735077158053,0.8795990260866651
0.00016894941353691473,0.8795990260866651
0.00016902535347642307,0.8795990260866651
0.0001691013275496657,0.8795990260866651
0.00016917733577198526,0.8795990260866651
0.00016925337815873126,0.8795990260866651
0.00016932945472526,0.8795990260866651
0.00016940556548693486,0.8795990260866651
0.00016948171045912572,0.8795990260866651
0.00016955788965720975,0.8795990260866651
0.00016963410309657094,0.8795990260866651
0.00016971035079260018,0.8795990260866651
0.00016978663276069543,0.8795990260866651
0.00016986294901626104,0.8795990260866651
0.0001699392995747089,0.8795990260866651
0.00017001568445145748,0.8795990260866651
0.0001700921036619324,0.8795990260866651
0.00017016855722156617,0.8795990260866651
0.00017024504514579787,0.8795990260866651
0.000170321567450074,0.8795990260866651
0.00017039812414984773,0.8795990260866651
0.00017047471526057936,0.8795990260866651
0.00017055134079773616,0.8795990260866651
0.0001706280007767919,0.8795990260866651
0.00017070469521322784,0.8795990260866651
0.00017078142412253194,0.8795990260866651
0.00017085818752019923,0.8795990260866651
0.0001709349854217318,0.8795990260866651
0.0001710118178426382,0.8795990260866651
0.00017108868479843452,0.8795990260866651
0.0001711655863046436,0.8795990260866651
0.00017124252237679525,0.8795990260866651
0.0001713194930304265,0.8795990260866651
0.0001713964982810808,0.8795990260866651
0.00017147353814430907,0.8795990260866651
0.0001715506126356691,0.8795990260866651
0.00017162772177072567,0.8795990260866651
0.0001717048655650507,0.8795990260866651
0.00017178204403422263,0.8795990260866651
0.00017185925719382736,0.8795990260866651
0.0001719365050594577,0.8795990260866651
0.00017201378764671336,0.8795990260866651
0.0001720911049712014,0.8795990260866651
0.00017216845704853522,0.8795990260866651
0.00017224584389433583,0.8795990260866651
0.00017232326552423107,0.8795990260866651
0.00017240072195385582,0.8795990260866651
0.00017247821319885212,0.8795990260866651
0.0001725557392748686,0.8795990260866651
0.00017263330019756136,0.8795990260866651
0.00017271089598259342,0.8795990260866651
0.0001727885266456348,0.8795990260866651
0.00017286619220236278,0.8795990260866651
0.0001729438926684611,0.8795990260866651
0.00017302162805962117,0.8795990260866651
0.00017309939839154116,0.8795990260866651
0.0001731772036799264,0.8795990260866651
0.0001732550439404894,0.8795990260866651
0.00017333291918894924,0.8795990260866651
0.00017341082944103255,0.8795990260866651
0.00017348877471247287,0.8795990260866651
0.00017356675501901082,0.8795990260866651
0.00017364477037639425,0.8795990260866651
0.00017372282080037763,0.8795990260866651
0.00017380090630672294,0.8795990260866651
0.00017387902691119912,0.8795990260866651
0.0001739571826295822,0.8795990260866651
0.0001740353734776555,0.8795990260866651
0.00017411359947120883,0.8795990260866651
0.0001741918606260397,0.8795990260866651
0.0001742701569579525,0.8795990260866651
0.00017434848848275875,0.8795990260866651
0.00017442685521627726,0.8795990260866651
0.00017450525717433338,0.8795990260866651
0.00017458369437276016,0.8795990260866651
0.0001746621668273975,0.8795990260866651
0.00017474067455409254,0.8795990260866651
0.00017481921756869962,0.8795990260866651
0.00017489779588707974,0.8795990260866651
0.0001749764095251015,0.8795990260866651
0.0001750550584986405,0.8795990260866651
0.00017513374282357948,0.8795990260866651
0.00017521246251580848,0.8795990260866651
0.00017529121759122414,0.8795990260866651
0.0001753700080657308,0.8795990260866651
0.00017544883395523975,0.8795990260866651
0.00017552769527566945,0.8795990260866651
0.00017560659204294567,0.8795990260866651
0.00017568552427300082,0.8795990260866651
0.00017576449198177506,0.8795990260866651
0.00017584349518521539,0.8795990260866651
0.00017592253389927612,0.8795990260866651
0.00017600160813991886,0.8795990260866651
0.00017608071792311186,0.8795990260866651
0.00017615986326483107,0.8795990260866651
0.00017623904418105946,0.8795990260866651
0.00017631826068778718,0.8795990260866651
0.00017639751280101176,0.8795990260866651
0.0001764768005367373,0.8795990260866651
0.0001765561239109758,0.8795990260866651
0.00017663548293974607,0.8795990260866651
0.0001767148776390743,0.8795990260866651
0.00017679430802499397,0.8795990260866651
0.00017687377411354524,0.8795990260866651
0.00017695327592077604,0.8795990260866651
0.00017703281346274132,0.8795990260866651
0.00017711238675550321,0.8795990260866651
0.00017719199581513133,0.8795990260866651
0.0001772716406577019,0.8795990260866651
0.00017735132129929892,0.8795990260866651
0.0001774310377560135,0.8795990260866651
0.00017751079004394387,0.8795990260866651
0.0001775905781791958,0.8795990260866651
0.0001776704021778817,0.8795990260866651
0.00017775026205612174,0.8795990260866651
0.0001778301578300432,0.8795990260866651
0.00017791008951578057,0.8795990260866651
0.0001779900571294758,0.8795990260866651
0.00017807006068727753,0.8795990260866651
0.00017815010020534225,0.8795990260866651
0.00017823017569983349,0.8795990260866651
0.00017831028718692202,0.8795990260866651
0.00017839043468278614,0.8795990260866651
0.0001784706182036108,0.8795990260866651
0.00017855083776558878,0.8795990260866651
0.00017863109338492003,0.8795990260866651
0.0001787113850778117,0.8795990260866651
0.00017879171286047844,0.8795990260866651
0.0001788720767491416,0.8795990260866651
0.00017895247676003048,0.8795990260866651
0.00017903291290938134,0.8795990260866651
0.00017911338521343787,0.8795990260866651
0.00017919389368845114,0.8795990260866651
0.00017927443835067907,0.8795990260866651
0.00017935501921638737,0.8795990260866651
0.00017943563630184892,0.8795990260866651
0.00017951628962334387,0.8795990260866651
0.0001795969791971599,0.8795990260866651
0.00017967770503959148,0.8795990260866651
0.0001797584671669409,0.8795990260866651
0.0001798392655955176,0.8795990260866651
0.00017992010034163864,0.8795990260866651
0.00018000097142162772,0.8795990260866651
0.0001800818788518165,0.8795990260866651
0.00018016282264854378,0.8795990260866651
0.00018024380282815575,0.8795990260866651
0.00018032481940700605,0.8795990260866651
0.0001804058724014552,0.8795990260866651
0.00018048696182787157,0.8795990260866651
0.0001805680877026307,0.8795990260866651
0.00018064925004211555,0.8795990260866651
0.00018073044886271654,0.8795990260866651
0.000180811684180831,0.8795990260866651
0.00018089295601286413,0.8795990260866651
0.0001809742643752283,0.8795990260866651
0.0001810556092843433,0.8795990260866651
0.0001811369907566365,0.8795990260866651
0.000181218408808542,0.8795990260866651
0.00018129986345650196,0.8795990260866651
0.00018138135471696567,0.8795990260866651
0.00018146288260638987,0.8795990260866651
0.00018154444714123884,0.8795990260866651
0.00018162604833798368,0.8795990260866651
0.00018170768621310354,0.8795990260866651
0.00018178936078308469,0.8795990260866651
0.00018187107206442087,0.8795990260866651
0.00018195282007361344,0.8795990260866651
0.00018203460482717055,0.8795990260866651
0.00018211642634160838,0.8795990260866651
0.0001821982846334503,0.8795990260866651
0.0001822801797192272,0.8795990260866651
0.00018236211161547748,0.8795990260866651
0.00018244408033874646,0.8795990260866651
0.0001825260859055875,0.8795990260866651
0.0001826081283325611,0.8795990260866651
0.0001826902076362353,0.8795990260866651
0.0001827723238331858,0.8795990260866651
0.00018285447693999507,0.8795990260866651
0.0001829366669732537,0.8795990260866651
0.0001830188939495595,0.8795990260866651
0.00018310115788551775,0.8795990260866651
0.0001831834587977414,0.8795990260866651
0.00018326579670285026,0.8795990260866651
0.00018334817161747222,0.8795990260866651
0.00018343058355824244,0.8795990260866651
0.00018351303254180375,0.8795990260866651
0.00018359551858480587,0.8795990260866651
0.0001836780417039066,0.8795990260866651
0.000183760601915771,0.8795990260866651
0.00018384319923707171,0.8795990260866651
0.00018392583368448894,0.8795990260866651
0.0001840085052747099,0.8795990260866651
0.00018409121402442982,0.8795990260866651
0.00018417395995035132,0.8795990260866651
0.00018425674306918444,0.8795990260866651
0.00018433956339764697,0.8795990260866651
0.00018442242095246367,0.8795990260866651
0.00018450531575036732,0.8795990260866651
0.0001845882478080981,0.8795990260866651
0.00018467121714240363,0.8795990260866651
0.00018475422377003936,0.8795990260866651
0.00018483726770776758,0.8795990260866651
0.00018492034897235875,0.8795990260866651
0.00018500346758059072,0.8795990260866651
0.0001850866235492488,0.8795990260866651
0.00018516981689512606,0.8795990260866651
0.00018525304763502258,0.8795990260866651
0.00018533631578574649,0.8795990260866651
0.00018541962136411338,0.8795990260866651
0.00018550296438694635,0.8795990260866651
0.00018558634487107623,0.8795990260866651
0.00018566976283334086,0.8795990260866651
0.00018575321829058624,0.8795990260866651
0.00018583671125966576,0.8795990260866651
0.00018592024175744033,0.8795990260866651
0.00018600380980077867,0.8795990260866651
0.00018608741540655652,0.8795990260866651
0.00018617105859165773,0.8795990260866651
0.00018625473937297358,0.8795990260866651
0.00018633845776740298,0.8795990260866651
0.00018642221379185255,0.8795990260866651
0.00018650600746323597,0.8795990260866651
0.00018658983879847512,0.8795990260866651
0.00018667370781449928,0.8795990260866651
0.00018675761452824534,0.8795990260866651
0.00018684155895665793,0.8795990260866651
0.00018692554111668884,0.8795990260866651
0.00018700956102529797,0.8795990260866651
0.00018709361869945267,0.8795990260866651
0.0001871777141561279,0.8795990260866651
0.00018726184741230654,0.8795990260866651
0.0001873460184849784,0.8795990260866651
0.00018743022739114155,0.8795990260866651
0.00018751447414780151,0.8795990260866651
0.0001875987587719715,0.8795990260866651
0.00018768308128067244,0.8795990260866651
0.00018776744169093245,0.8795990260866651
0.00018785184001978786,0.8795990260866651
0.00018793627628428244,0.8795990260866651
0.0001880207505014676,0.8795990260866651
0.00018810526268840265,0.8795990260866651
0.00018818981286215395,0.8795990260866651
0.00018827440103979617,0.8795990260866651
0.00018835902723841143,0.8795990260866651
0.00018844369147508948,0.8795990260866651
0.00018852839376692798,0.8795990260866651
0.00018861313413103177,0.8795990260866651
0.00018869791258451383,0.8795990260866651
0.0001887827291444947,0.8795990260866651
0.00018886758382810265,0.8795990260866651
0.0001889524766524738,0.8795990260866651
0.0001890374076347514,0.8795990260866651
0.00018912237679208693,0.8795990260866651
0.00018920738414163952,0.8795990260866651
0.00018929242970057588,0.8795990260866651
0.00018937751348607073,0.8795990260866651
0.00018946263551530582,0.8795990260866651
0.00018954779580547133,0.8795990260866651
0.00018963299437376488,0.8795990260866651
0.00018971823123739183,0.8795990260866651
0.0001898035064135655,0.8795990260866651
0.00018988881991950638,0.8795990260866651
0.00018997417177244323,0.8795990260866651
0.0001900595619896124,0.8795990260866651
0.0001901449905882579,0.8795990260866651
0.00019023045758563187,0.8795990260866651
0.00019031596299899344,0.8795990260866651
0.00019040150684561017,0.8795990260866651
0.00019048708914275712,0.8795990260866651
0.00019057270990771724,0.8795990260866651
0.00019065836915778132,0.8795990260866651
0.00019074406691024738,0.8795990260866651
0.0001908298031824218,0.8795990260866651
0.00019091557799161854,0.8795990260866651
0.00019100139135515938,0.8795990260866651
0.00019108724329037403,0.8795990260866651
0.00019117313381459942,0.8795990260866651
0.00019125906294518085,0.8795990260866651
0.00019134503069947128,0.8795990260866651
0.00019143103709483135,0.8795990260866651
0.00019151708214862985,0.8795990260866651
0.00019160316587824263,0.8795990260866651
0.00019168928830105408,0.8795990260866651
0.0001917754494344561,0.8795990260866651
0.0001918616492958485,0.8795990260866651
0.00019194788790263904,0.8795990260866651
0.00019203416527224272,0.8795990260866651
0.000192120481422083,0.8795990260866651
0.00019220683636959096,0.8795990260866651
0.00019229323013220546,0.8795990260866651
0.00019237966272737345,0.8795990260866651
0.00019246613417254915,0.8795990260866651
0.00019255264448519516,0.8795990260866651
0.00019263919368278176,0.8795990260866651
0.0001927257817827871,0.8795990260866651
0.00019281240880269734,0.8795990260866651
0.00019289907476000595,0.8795990260866651
0.00019298577967221482,0.8795990260866651
0.00019307252355683357,0.8795990260866651
0.0001931593064313796,0.8795990260866651
0.00019324612831337845,0.8795990260866651
0.0001933329892203629,0.8795990260866651
0.00019341988916987427,0.8795990260866651
0.00019350682817946148,0.8795990260866651
0.00019359380626668142,0.8795990260866651
0.000193680823449099,0.8795990260866651
0.00019376787974428647,0.8795990260866651
0.0001938549751698246,0.8795990260866651
0.00019394210974330175,0.8795990260866651
0.00019402928348231436,0.8795990260866651
0.0001941164964044668,0.8795990260866651
0.0001942037485273709,0.8795990260866651
0.0001942910398686469,0.8795990260866651
0.00019437837044592284,0.8795990260866651
0.0001944657402768346,0.8795990260866651
0.00019455314937902627,0.8795990260866651
0.00019464059777014924,0.8795990260866651
0.00019472808546786341,0.8795990260866651
0.00019481561248983642,0.8795990260866651
0.00019490317885374392,0.8795990260866651
0.00019499078457726958,0.8795990260866651
0.00019507842967810457,0.8795990260866651
0.00019516611417394846,0.8795990260866651
0.00019525383808250872,0.8795990260866651
0.00019534160142150063,0.8795990260866651
0.00019542940420864778,0.8795990260866651
0.000195517246461681,0.8795990260866651
0.0001956051281983398,0.8795990260866651
0.00019569304943637138,0.8795990260866651
0.00019578101019353093,0.8795990260866651
0.00019586901048758188,0.8795990260866651
0.00019595705033629497,0.8795990260866651
0.00019604512975744957,0.8795990260866651
0.00019613324876883285,0.8795990260866651
0.00019622140738823993,0.8795990260866651
0.00019630960563347415,0.8795990260866651
0.0001963978435223463,0.8795990260866651
0.00019648612107267568,0.8795990260866651
0.0001965744383022895,0.8795990260866651
0.00019666279522902289,0.8795990260866651
0.00019675119187071926,0.8795990260866651
0.00019683962824522947,0.8795990260866651
0.0001969281043704129,0.8795990260866651
0.0001970166202641368,0.8795990260866651
0.0001971051759442765,0.8795990260866651
0.00019719377142871552,0.8795990260866651
0.00019728240673534485,0.8795990260866651
0.00019737108188206407,0.8795990260866651
0.00019745979688678066,0.8795990260866651
0.00019754855176741008,0.8795990260866651
0.00019763734654187613,0.8795990260866651
0.00019772618122811,0.8795990260866651
0.00019781505584405158,0.8795990260866651
0.0001979039704076486,0.8795990260866651
0.00019799292493685687,0.8795990260866651
0.00019808191944964044,0.8795990260866651
0.00019817095396397087,0.8795990260866651
0.0001982600284978284,0.8795990260866651
0.00019834914306920113,0.8795990260866651
0.00019843829769608528,0.8795990260866651
0.00019852749239648528,0.8795990260866651
0.00019861672718841315,0.8795990260866651
0.00019870600208988956,0.8795990260866651
0.00019879531711894304,0.8795990260866651
0.00019888467229361032,0.8795990260866651
0.00019897406763193636,0.8795990260866651
0.00019906350315197362,0.8795990260866651
0.00019915297887178337,0.8795990260866651
0.0001992424948094347,0.8795990260866651
0.00019933205098300485,0.8795990260866651
0.00019942164741057944,0.8795990260866651
0.00019951128411025153,0.8795990260866651
0.00019960096110012296,0.8795990260866651
0.0001996906783983035,0.8795990260866651
0.00019978043602291107,0.8795990260866651
0.00019987023399207194,0.8795990260866651
0.0001999600723239199,0.8795990260866651
0.00020004995103659748,0.8795990260866651
0.0002001398701482552,0.8795990260866651
0.00020022982967705198,0.8795990260866651
0.0002003198296411542,0.8795990260866651
0.00020040987005873702,0.8795990260866651
0.00020049995094798367,0.8795990260866651
0.00020059007232708546,0.8795990260866651
0.0002006802342142421,0.8795990260866651
0.00020077043662766088,0.8795990260866651
0.0002008606795855579,0.8795990260866651
0.00020095096310615722,0.8795990260866651
0.00020104128720769106,0.8795990260866651
0.00020113165190840013,0.8795990260866651
0.00020122205722653265,0.8795990260866651
0.00020131250318034566,0.8795990260866651
0.00020140298978810425,0.8795990260866651
0.00020149351706808167,0.8795990260866651
0.00020158408503855962,0.8795990260866651
0.00020167469371782737,0.8795990260866651
0.00020176534312418308,0.8795990260866651
0.00020185603327593286,0.8795990260866651
0.0002019467641913911,0.8795990260866651
0.00020203753588888062,0.8795990260866651
0.00020212834838673183,0.8795990260866651
0.00020221920170328402,0.8795990260866651
0.00020231009585688456,0.8795990260866651
0.00020240103086588895,0.8795990260866651
0.00020249200674866128,0.8795990260866651
0.00020258302352357317,0.8795990260866651
0.00020267408120900517,0.8795990260866651
0.00020276517982334587,0.8795990260866651
0.00020285631938499218,0.8795990260866651
0.00020294749991234937,0.8795990260866651
0.00020303872142383045,0.8795990260866651
0.00020312998393785735,0.8795990260866651
0.00020322128747285998,0.8795990260866651
0.00020331263204727658,0.8795990260866651
0.0002034040176795539,0.8795990260866651
0.0002034954443881464,0.8795990260866651
0.00020358691219151732,0.8795990260866651
0.0002036784211081381,0.8795990260866651
0.0002037699711564885,0.8795990260866651
0.00020386156235505673,0.8795990260866651
0.0002039531947223387,0.8795990260866651
0.00020404486827683928,0.8795990260866651
0.00020413658303707142,0.8795990260866651
0.00020422833902155663,0.8795990260866651
0.00020432013624882412,0.8795990260866651
0.000204411974737412,0.8795990260866651
0.0002045038545058666,0.8795990260866651
0.00020459577557274246,0.8795990260866651
0.0002046877379566028,0.8795990260866651
0.00020477974167601846,0.8795990260866651
0.00020487178674956933,0.8795990260866651
0.00020496387319584336,0.8795990260866651
0.00020505600103343694,0.8795990260866651
0.00020514817028095494,0.8795990260866651
0.00020524038095701003,0.8795990260866651
0.00020533263308022387,0.8795990260866651
0.00020542492666922625,0.8795990260866651
0.00020551726174265536,0.8795990260866651
0.00020560963831915796,0.8795990260866651
0.00020570205641738857,0.8795990260866651
0.0002057945160560107,0.8795990260866651
0.00020588701725369611,0.8795990260866651
0.00020597956002912487,0.8795990260866651
0.0002060721444009857,0.8795990260866651
0.00020616477038797507,0.8795990260866651
0.00020625743800879853,0.8795990260866651
0.00020635014728216975,0.8795990260866651
0.00020644289822681087,0.8795990260866651
0.00020653569086145267,0.8795990260866651
0.00020662852520483366,0.8795990260866651
0.0002067214012757014,0.8795990260866651
0.00020681431909281176,0.8795990260866651
0.00020690727867492896,0.8795990260866651
0.00020700028004082586,0.8795990260866651
0.00020709332320928317,0.8795990260866651
0.00020718640819909065,0.8795990260866651
0.0002072795350290463,0.8795990260866651
0.00020737270371795654,0.8795990260866651
0.00020746591428463655,0.8795990260866651
0.0002075591667479092,0.8795990260866651
0.00020765246112660653,0.8795990260866651
0.00020774579743956884,0.8795990260866651
0.00020783917570564489,0.8670540409018225
0.0002079325959436921,0.8670540409018225
0.00020802605817257574,0.8670540409018225
0.0002081195624111702,0.8670540409018225
0.00020821310867835818,0.8670540409018225
0.0002083066969930308,0.8670540409018225
0.0002084003273740879,0.8670540409018225
0.00020849399984043725,0.8670540409018225
0.00020858771441099563,0.8670540409018225
0.00020868147110468822,0.8670540409018225
0.00020877526994044865,0.8670540409018225
0.00020886911093721927,0.8670540409018225
0.00020896299411395038,0.8670540409018225
0.00020905691948960135,0.8670540409018225
0.00020915088708313987,0.8670540409018225
0.0002092448969135422,0.8670540409018225
0.0002093389489997933,0.8670540409018225
0.00020943304336088606,0.8670540409018225
0.00020952718001582252,0.8670540409018225
0.00020962135898361305,0.8670540409018225
0.00020971558028327658,0.8670540409018225
0.00020980984393384082,0.8670540409018225
0.0002099041499543413,0.8670540409018225
0.00020999849836382287,0.8670540409018225
0.00021009288918133863,0.8670540409018225
0.0002101873224259503,0.8670540409018225
0.0002102817981167284,0.8670540409018225
0.00021037631627275128,0.8670540409018225
0.00021047087691310662,0.8670540409018225
0.00021056548005689039,0.8670540409018225
0.00021066012572320717,0.8670540409018225
0.00021075481393117038,0.8670540409018225
0.00021084954469990133,0.8670540409018225
0.00021094431804853056,0.8670540409018225
0.00021103913399619706,0.8670540409018225
0.00021113399256204838,0.8670540409018225
0.00021122889376524087,0.8670540409018225
0.00021132383762493892,0.8670540409018225
0.00021141882416031608,0.8670540409018225
0.00021151385339055438,0.8670540409018225
0.00021160892533484446,0.8670540409018225
0.00021170404001238577,0.8670540409018225
0.00021179919744238577,0.8670540409018225
0.0002118943976440612,0.8670540409018225
0.00021198964063663718,0.8670540409018225
0.00021208492643934754,0.8670540409018225
0.00021218025507143494,0.8670540409018225
0.00021227562655215,0.8670540409018225
0.0002123710409007527,0.8670540409018225
0.00021246649813651145,0.8670540409018225
0.00021256199827870327,0.8670540409018225
0.00021265754134661415,0.8670540409018225
0.00021275312735953805,0.8670540409018225
0.00021284875633677822,0.8670540409018225
0.0002129444282976464,0.8670540409018225
0.00021304014326146306,0.8670540409018225
0.00021313590124755747,0.8670540409018225
0.00021323170227526702,0.8670540409018225
0.0002133275463639384,0.8670540409018225
0.00021342343353292684,0.8670540409018225
0.00021351936380159618,0.8670540409018225
0.0002136153371893192,0.8670540409018225
0.0002137113537154768,0.8670540409018225
0.0002138074133994592,0.8670540409018225
0.0002139035162606651,0.8670540409018225
0.00021399966231850195,0.8670540409018225
0.00021409585159238616,0.8670540409018225
0.00021419208410174216,0.8670540409018225
0.00021428835986600376,0.8670540409018225
0.00021438467890461338,0.8670540409018225
0.00021448104123702208,0.8670540409018225
0.00021457744688268993,0.8670540409018225
0.00021467389586108507,0.8670540409018225
0.00021477038819168505,0.8670540409018225
0.00021486692389397597,0.8670540409018225
0.0002149635029874527,0.8670540409018225
0.00021506012549161907,0.8670540409018225
0.00021515679142598696,0.8670540409018225
0.0002152535008100778,0.8670540409018225
0.00021535025366342154,0.8670540409018225
0.0002154470500055568,0.8670540409018225
0.00021554388985603137,0.8670540409018225
0.000215640773234401,0.8670540409018225
0.00021573770016023103,0.8670540409018225
0.0002158346706530953,0.8670540409018225
0.00021593168473257646,0.8670540409018225
0.0002160287424182662,0.8670540409018225
0.0002161258437297643,0.8670540409018225
0.00021622298868668012,0.8670540409018225
0.00021632017730863152,0.8670540409018225
0.00021641740961524518,0.8670540409018225
0.00021651468562615685,0.8670540409018225
0.00021661200536101044,0.8670540409018225
0.0002167093688394594,0.8670540409018225
0.0002168067760811657,0.8670540409018225
0.00021690422710580017,0.8670540409018225
0.00021700172193304278,0.8670540409018225
0.00021709926058258164,0.8670540409018225
0.00021719684307411428,0.8670540409018225
0.00021729446942734702,0.8670540409018225
0.00021739213966199492,0.8670540409018225
0.0002174898537977822,0.8670540409018225
0.0002175876118544412,0.8670540409018225
0.00021768541385171387,0.8670540409018225
0.0002177832598093508,0.8670540409018225
0.0002178811497471114,0.8670540409018225
0.00021797908368476423,0.8670540409018225
0.00021807706164208608,0.8670540409018225
0.00021817508363886328,0.8670540409018225
0.00021827314969489082,0.8670540409018225
0.0002183712598299726,0.8670540409018225
0.0002184694140639216,0.8670540409018225
0.00021856761241655914,0.8670540409018225
0.00021866585490771604,0.8670540409018225
0.00021876414155723182,0.8670540409018225
0.00021886247238495492,0.8670540409018225
0.00021896084741074293,0.8670540409018225
0.0002190592666544617,0.8670540409018225
0.00021915773013598668,0.8670540409018225
0.00021925623787520201,0.8670540409018225
0.00021935478989200082,0.8670540409018225
0.0002194533862062853,0.8670540409018225
0.00021955202683796607,0.8670540409018225
0.0002196507118069632,0.8670540409018225
0.00021974944113320563,0.8670540409018225
0.00021984821483663118,0.8670540409018225
0.00021994703293718685,0.8670540409018225
0.000220045895454828,0.8670540409018225
0.00022014480240951958,0.8670540409018225
0.00022024375382123532,0.8670540409018225
0.00022034274970995788,0.8670540409018225
0.00022044179009567916,0.8670540409018225
0.00022054087499839936,0.8670540409018225
0.0002206400044381284,0.8670540409018225
0.00022073917843488486,0.8670540409018225
0.00022083839700869643,0.8670540409018225
0.00022093766017959994,0.8670540409018225
0.00022103696796764061,0.8670540409018225
0.00022113632039287332,0.8670540409018225
0.00022123571747536175,0.8670540409018225
0.00022133515923517856,0.8670540409018225
0.00022143464569240572,0.8670540409018225
0.0002215341768671335,0.8670540409018225
0.0002216337527794619,0.8670540409018225
0.00022173337344949973,0.8670540409018225
0.00022183303889736482,0.8670540409018225
0.0002219327491431843,0.8670540409018225
0.00022203250420709363,0.8670540409018225
0.00022213230410923803,0.8670540409018225
0.00022223214886977154,0.8670540409018225
0.00022233203850885726,0.8670540409018225
0.00022243197304666756,0.8670540409018225
0.00022253195250338323,0.8670540409018225
0.00022263197689919477,0.8670540409018225
0.0002227320462543016,0.8670540409018225
0.00022283216058891213,0.8670540409018225
0.00022293231992324413,0.8670540409018225
0.00022303252427752378,0.8670540409018225
0.000223132773671987,0.8670540409018225
0.00022323306812687863,0.8670540409018225
0.0002233334076624528,0.8670540409018225
0.00022343379229897205,0.8670540409018225
0.00022353422205670875,0.8670540409018225
0.00022363469695594414,0.8670540409018225
0.00022373521701696852,0.8670540409018225
0.00022383578226008164,0.8670540409018225
0.00022393639270559162,0.8670540409018225
0.0002240370483738164,0.8670540409018225
0.00022413774928508289,0.8670540409018225
0.000224238495459727,0.8670540409018225
0.00022433928691809412,0.8670540409018225
0.0002244401236805381,0.8670540409018225
0.00022454100576742257,0.8670540409018225
0.0002246419331991201,0.8670540409018225
0.00022474290599601245,0.8670540409018225
0.00022484392417849072,0.8670540409018225
0.00022494498776695455,0.8670540409018225
0.00022504609678181337,0.8670540409018225
0.0002251472512434856,0.8670540409018225
0.0002252484511723988,0.8670540409018225
0.00022534969658899,0.8670540409018225
0.0002254509875137047,0.8670540409018225
0.00022555232396699823,0.8670540409018225
0.00022565370596933494,0.8670540409018225
0.00022575513354118837,0.8670540409018225
0.00022585660670304148,0.8670540409018225
0.00022595812547538576,0.8670540409018225
0.0002260596898787226,0.8670540409018225
0.00022616129993356234,0.8670540409018225
0.00022626295566042463,0.8670540409018225
0.00022636465707983843,0.8670540409018225
0.00022646640421234137,0.8670540409018225
0.00022656819707848094,0.8670540409018225
0.00022667003569881364,0.8670540409018225
0.00022677192009390524,0.8670540409018225
0.00022687385028433092,0.8670540409018225
0.0002269758262906745,0.8670540409018225
0.00022707784813352967,0.8670540409018225
0.00022717991583349917,0.8670540409018225
0.00022728202941119503,0.8670540409018225
0.00022738418888723874,0.8670540409018225
0.00022748639428226037,0.8670540409018225
0.0002275886456169,0.8670540409018225
0.0002276909429118067,0.8670540409018225
0.00022779328618763905,0.8670540409018225
0.0002278956754650643,0.8670540409018225
0.00022799811076475957,0.8670540409018225
0.00022810059210741113,0.8670540409018225
0.00022820311951371453,0.8670540409018225
0.00022830569300437482,0.8670540409018225
0.0002284083126001057,0.8670540409018225
0.00022851097832163087,0.8670540409018225
0.00022861369018968306,0.8670540409018225
0.00022871644822500443,0.8670540409018225
0.00022881925244834658,0.8670540409018225
0.0002289221028804698,0.8670540409018225
0.0002290249995421444,0.8670540409018225
0.0002291279424541498,0.8670540409018225
0.00022923093163727473,0.8670540409018225
0.00022933396711231755,0.8670540409018225
0.00022943704890008519,0.8670540409018225
0.00022954017702139472,0.8670540409018225
0.0002296433514970723,0.8670540409018225
0.00022974657234795342,0.8670540409018225
0.0002298498395948832,0.8670540409018225
0.0002299531532587154,0.8670540409018225
0.00023005651336031392,0.8670540409018225
0.00023015991992055172,0.8670540409018225
0.0002302633729603112,0.8670540409018225
0.00023036687250048437,0.8670540409018225
0.00023047041856197193,0.8670540409018225
0.00023057401116568463,0.8670540409018225
0.00023067765033254244,0.8670540409018225
0.00023078133608347474,0.8670540409018225
0.00023088506843942048,0.8670540409018225
0.00023098884742132742,0.8670540409018225
0.00023109267305015336,0.8670540409018225
0.0002311965453468653,0.8670540409018225
0.00023130046433243967,0.8670540409018225
0.0002314044300278626,0.8670540409018225
0.0002315084424541289,0.8670540409018225
0.00023161250163224355,0.8670540409018225
0.0002317166075832207,0.8670540409018225
0.00023182076032808398,0.8670540409018225
0.00023192495988786673,0.8670540409018225
0.00023202920628361093,0.8670540409018225
0.00023213349953636888,0.8670540409018225
0.00023223783966720197,0.8670540409018225
0.00023234222669718115,0.8670540409018225
0.00023244666064738698,0.8670540409018225
0.0002325511415389089,0.8670540409018225
0.00023265566939284648,0.8670540409018225
0.00023276024423030852,0.8670540409018225
0.00023286486607241336,0.8670540409018225
0.00023296953494028898,0.8670540409018225
0.00023307425085507228,0.8670540409018225
0.00023317901383791023,0.8670540409018225
0.00023328382390995917,0.8670540409018225
0.0002333886810923849,0.8670540409018225
0.00023349358540636302,0.8670540409018225
0.00023359853687307782,0.8670540409018225
0.000233703535513724,0.8670540409018225
0.0002338085813495054,0.8670540409018225
0.00023391367440163546,0.8670540409018225
0.00023401881469133735,0.8670540409018225
0.00023412400223984315,0.8670540409018225
0.0002342292370683951,0.8670540409018225
0.00023433451919824478,0.8670540409018225
0.00023443984865065338,0.8670540409018225
0.0002345452254468918,0.8670540409018225
0.00023465064960823982,0.8670540409018225
0.00023475612115598756,0.8670540409018225
0.00023486164011143434,0.8670540409018225
0.00023496720649588917,0.8670540409018225
0.00023507282033067084,0.8670540409018225
0.000235178481637107,0.8670540409018225
0.00023528419043653557,0.8670540409018225
0.00023538994675030388,0.8670540409018225
0.00023549575059976884,0.8670540409018225
0.00023560160200629718,0.8670540409018225
0.00023570750099126457,0.8670540409018225
0.0002358134475760569,0.8670540409018225
0.00023591944178206952,0.8670540409018225
0.00023602548363070737,0.8670540409018225
0.00023613157314338526,0.8670540409018225
0.00023623771034152693,0.8670540409018225
0.00023634389524656636,0.8670540409018225
0.00023645012787994708,0.8670540409018225
0.00023655640826312216,0.8670540409018225
0.00023666273641755457,0.8670540409018225
0.0002367691123647162,0.8670540409018225
0.00023687553612608932,0.8670540409018225
0.00023698200772316567,0.8670540409018225
0.00023708852717744654,0.8670540409018225
0.00023719509451044322,0.8670540409018225
0.0002373017097436759,0.8670540409018225
0.00023740837289867517,0.8670540409018225
0.00023751508399698107,0.8670540409018225
0.00023762184306014335,0.8670540409018225
0.00023772865010972157,0.8670540409018225
0.00023783550516728443,0.8670540409018225
0.0002379424082544109,0.8670540409018225
0.0002380493593926895,0.8670540409018225
0.0002381563586037184,0.8670540409018225
0.00023826340590910573,0.8670540409018225
0.00023837050133046863,0.8670540409018225
0.0002384776448894347,0.8670540409018225
0.00023858483660764093,0.8670540409018225
0.00023869207650673415,0.8670540409018225
0.00023879936460837107,0.8670540409018225
0.00023890670093421745,0.8670540409018225
0.00023901408550594953,0.8670540409018225
0.000239121518345253,0.8670540409018225
0.00023922899947382333,0.8670540409018225
0.000239336528913366,0.8670540409018225
0.0002394441066855955,0.8670540409018225
0.0002395517328122368,0.8670540409018225
0.0002396594073150244,0.8670540409018225
0.00023976713021570256,0.8670540409018225
0.00023987490153602558,0.8670540409018225
0.0002399827212977568,0.8670540409018225
0.00024009058952267006,0.8670540409018225
0.00024019850623254873,0.8670540409018225
0.00024030647144918603,0.8670540409018225
0.00024041448519438518,0.8670540409018225
0.0002405225474899584,0.8670540409018225
0.00024063065835772864,0.8670540409018225
0.0002407388178195282,0.8670540409018225
0.00024084702589719927,0.8670540409018225
0.0002409552826125942,0.8670540409018225
0.00024106358798757426,0.8670540409018225
0.00024117194204401141,0.8670540409018225
0.00024128034480378716,0.8670540409018225
0.0002413887962887928,0.8670540409018225
0.00024149729652092982,0.8670540409018225
0.00024160584552210872,0.8670540409018225
0.0002417144433142506,0.8670540409018225
0.0002418230899192862,0.8670540409018225
0.00024193178535915607,0.8670540409018225
0.00024204052965581094,0.8670540409018225
0.0002421493228312106,0.8670540409018225
0.0002422581649073255,0.8670540409018225
0.00024236705590613566,0.8670540409018225
0.00024247599584963106,0.8670540409018225
0.0002425849847598117,0.8670540409018225
0.0002426940226586869,0.8670540409018225
0.00024280310956827637,0.8670540409018225
0.0002429122455106097,0.8670540409018225
0.00024302143050772629,0.8670540409018225
0.00024313066458167565,0.8670540409018225
0.00024323994775451652,0.8670540409018225
0.00024334928004831827,0.8670540409018225
0.00024345866148515997,0.8670540409018225
0.0002435680920871306,0.8670540409018225
0.00024367757187632928,0.8670540409018225
0.00024378710087486437,0.8670540409018225
0.0002438966791048549,0.8670540409018225
0.0002440063065884296,0.8670540409018225
0.0002441159833477271,0.8670540409018225
0.0002442257094048963,0.8670540409018225
0.0002443354847820952,0.8670540409018225
0.00024444530950149267,0.8670540409018225
0.00024455518358526714,0.8670540409018225
0.00024466510705560714,0.8670540409018225
0.0002447750799347113,0.8670540409018225
0.0002448851022447875,0.8670540409018225
0.0002449951740080544,0.8670540409018225
0.0002451052952467405,0.8670540409018225
0.00024521546598308406,0.8670540409018225
0.0002453256862393337,0.8670540409018225
0.00024543595603774735,0.8670540409018225
0.00024554627540059363,0.8670540409018225
0.0002456566443501509,0.8670540409018225
0.0002457670629087075,0.8670540409018225
0.0002458775310985622,0.8670540409018225
0.0002459880489420229,0.8670540409018225
0.0002460986164614083,0.8670540409018225
0.0002462092336790469,0.8670540409018225
0.00024631990061727726,0.8670540409018225
0.0002464306172984482,0.8670540409018225
0.0002465413837449178,0.8670540409018225
0.00024665219997905505,0.8670540409018225
0.00024676306602323863,0.8670540409018225
0.0002468739818998573,0.8670540409018225
0.0002469849476313102,0.8670540409018225
0.00024709596324000573,0.8670540409018225
0.00024720702874836317,0.8670540409018225
0.00024731814417881153,0.8670540409018225
0.00024742930955378996,0.8670540409018225
0.00024754052489574794,0.8670540409018225
0.0002476517902271443,0.8670540409018225
0.0002477631055704487,0.8670540409018225
0.00024787447094814076,0.8670540409018225
0.00024798588638270995,0.8670540409018225
0.0002480973518966563,0.8670540409018225
0.0002482088675124892,0.8670540409018225
0.00024832043325272884,0.8670540409018225
0.00024843204913990523,0.8670540409018225
0.0002485437151965589,0.8670540409018225
0.00024865543144523975,0.8670540409018225
0.00024876719790850843,0.8670540409018225
0.0002488790146089355,0.8670540409018225
0.0002489908815691019,0.8670540409018225
0.0002491027988115986,0.8670540409018225
0.00024921476635902625,0.8670540409018225
0.0002493267842339964,0.8670540409018225
0.00024943885245913035,0.8670540409018225
0.00024955097105705965,0.8670540409018225
0.0002496631400504263,0.8670540409018225
0.00024977535946188174,0.8670540409018225
0.0002498876293140883,0.8670540409018225
0.0002499999496297182,0.8670540409018225
0.000250112320431454,0.8670540409018225
0.00025022474174198853,0.8670540409018225
0.00025033721358402416,0.8670540409018225
0.00025044973598027426,0.8670540409018225
0.00025056230895346206,0.8670540409018225
0.000250674932526321,0.8670540409018225
0.0002507876067215952,0.8670540409018225
0.0002509003315620379,0.8670540409018225
0.00025101310707041364,0.8670540409018225
0.0002511259332694967,0.8670540409018225
0.00025123881018207186,0.8670540409018225
0.0002513517378309341,0.8670540409018225
0.0002514647162388881,0.8670540409018225
0.00025157774542874944,0.8670540409018225
0.0002516908254233437,0.8670540409018225
0.00025180395624550687,0.8670540409018225
0.0002519171379180853,0.8670540409018225
0.00025203037046393485,0.8670540409018225
0.00025214365390592255,0.8670540409018225
0.00025225698826692524,0.8670540409018225
0.00025237037356983026,0.8670540409018225
0.00025248380983753537,0.8670540409018225
0.0002525972970929479,0.8670540409018225
0.0002527108353589862,0.8670540409018225
0.0002528244246585787,0.8670540409018225
0.0002529380650146642,0.8670540409018225
0.0002530517564501919,0.8670540409018225
0.0002531654989881207,0.8670540409018225
0.0002532792926514205,0.8670540409018225
0.0002533931374630713,0.8670540409018225
0.00025350703344606345,0.8670540409018225
0.0002536209806233979,0.8670540409018225
0.00025373497901808506,0.8670540409018225
0.0002538490286531466,0.8670540409018225
0.0002539631295516142,0.8670540409018225
0.0002540772817365301,0.8670540409018225
0.00025419148523094626,0.8670540409018225
0.0002543057400579257,0.8670540409018225
0.0002544200462405415,0.8670540409018225
0.0002545344038018772,0.8670540409018225
0.00025464881276502694,0.8670540409018225
0.0002547632731530944,0.8670540409018225
0.00025487778498919456,0.8670540409018225
0.0002549923482964524,0.8670540409018225
0.0002551069630980033,0.8670540409018225
0.0002552216294169935,0.8670540409018225
0.0002553363472765786,0.8670540409018225
0.00025545111669992546,0.8670540409018225
0.0002555659377102112,0.8670540409018225
0.0002556808103306233,0.8670540409018225
0.0002557957345843598,0.8670540409018225
0.0002559107104946286,0.8670540409018225
0.00025602573808464874,0.8670540409018225
0.00025614081737764926,0.8670540409018225
0.0002562559483968699,0.8670540409018225
0.000256371131165561,0.8670540409018225
0.00025648636570698254,0.8670540409018225
0.0002566016520444057,0.8670540409018225
0.00025671699020111196,0.8670540409018225
0.0002568323802003932,0.8670540409018225
0.0002569478220655522,0.8670540409018225
0.000257063315819901,0.8670540409018225
0.00025717886148676343,0.8670540409018225
0.00025729445908947323,0.8670540409018225
0.00025741010865137464,0.8670540409018225
0.0002575258101958228,0.8670540409018225
0.00025764156374618235,0.8670540409018225
0.0002577573693258295,0.8670540409018225
0.0002578732269581504,0.8670540409018225
0.00025798913666654193,0.8670540409018225
0.00025810509847441163,0.8670540409018225
0.0002582211124051769,0.8670540409018225
0.0002583371784822663,0.8670540409018225
0.0002584532967291188,0.8670540409018225
0.00025856946716918376,0.8670540409018225
0.00025868568982592146,0.8670540409018225
0.0002588019647228019,0.8670540409018225
0.0002589182918833064,0.8670540409018225
0.0002590346713309266,0.8670540409018225
0.00025915110308916465,0.8670540409018225
0.00025926758718153363,0.8670540409018225
0.00025938412363155625,0.8670540409018225
0.00025950071246276675,0.8670540409018225
0.00025961735369870955,0.8670540409018225
0.0002597340473629397,0.8670540409018225
0.0002598507934790231,0.8670540409018225
0.00025996759207053545,0.8670540409018225
0.0002600844431610639,0.8670540409018225
0.0002602013467742058,0.8670540409018225
0.00026031830293356923,0.8670540409018225
0.0002604353116627731,0.8670540409018225
0.0002605523729854462,0.8670540409018225
0.00026066948692522854,0.8670540409018225
0.00026078665350577076,0.8670540409018225
0.0002609038727507339,0.8670540409018225
0.0002610211446837902,0.8670540409018225
0.0002611384693286213,0.8670540409018225
0.00026125584670892065,0.8670540409018225
0.00026137327684839194,0.8670540409018225
0.0002614907597707496,0.8670540409018225
0.00026160829549971886,0.8670540409018225
0.00026172588405903483,0.8670540409018225
0.00026184352547244425,0.8670540409018225
0.00026196121976370404,0.8670540409018225
0.000262078966956582,0.8670540409018225
0.0002621967670748567,0.8670540409018225
0.0002623146201423168,0.8670540409018225
0.0002624325261827623,0.8670540409018225
0.0002625504852200036,0.8670540409018225
0.00026266849727786193,0.8670540409018225
0.0002627865623801695,0.8670540409018225
0.00026290468055076825,0.8670540409018225
0.00026302285181351183,0.8670540409018225
0.00026314107619226424,0.8670540409018225
0.0002632593537109003,0.8670540409018225
0.0002633776843933057,0.8670540409018225
0.0002634960682633762,0.8670540409018225
0.00026361450534501894,0.8670540409018225
0.00026373299566215166,0.8670540409018225
0.0002638515392387029,0.8670540409018225
0.00026397013609861207,0.8670540409018225
0.00026408878626582865,0.8670540409018225
0.00026420748976431366,0.8670540409018225
0.00026432624661803855,0.8670540409018225
0.0002644450568509857,0.8670540409018225
0.00026456392048714836,0.8670540409018225
0.0002646828375505299,0.8670540409018225
0.00026480180806514523,0.8670540409018225
0.00026492083205501975,0.8670540409018225
0.00026503990954418976,0.8670540409018225
0.0002651590405567025,0.8670540409018225
0.0002652782251166153,0.8670540409018225
0.0002653974632479971,0.8670540409018225
0.0002655167549749274,0.8670540409018225
0.00026563610032149653,0.8670540409018225
0.0002657554993118058,0.8670540409018225
0.00026587495196996665,0.8670540409018225
0.0002659944583201022,0.8670540409018225
0.0002661140183863461,0.8670540409018225
0.0002662336321928429,0.8670540409018225
0.00026635329976374805,0.8670540409018225
0.00026647302112322733,0.8670540409018225
0.000266592796295458,0.8670540409018225
0.0002667126253046281,0.8670540409018225
0.00026683250817493637,0.8670540409018225
0.0002669524449305928,0.8670540409018225
0.00026707243559581737,0.8670540409018225
0.00026719248019484176,0.8670540409018225
0.0002673125787519084,0.8670540409018225
0.0002674327312912705,0.8670540409018225
0.0002675529378371925,0.8670540409018225
0.00026767319841394886,0.8670540409018225
0.00026779351304582577,0.8670540409018225
0.00026791388175712017,0.8670540409018225
0.00026803430457213986,0.8670540409018225
0.00026815478151520384,0.8670540409018225
0.00026827531261064115,0.8670540409018225
0.0002683958978827927,0.8670540409018225
0.00026851653735601,0.8670540409018225
0.0002686372310546555,0.8670540409018225
0.000268757979003103,0.8670540409018225
0.0002688787812257362,0.8670540409018225
0.0002689996377469508,0.8670540409018225
0.00026912054859115305,0.8670540409018225
0.0002692415137827603,0.8670540409018225
0.000269362533346201,0.8670540409018225
0.00026948360730591394,0.8670540409018225
0.00026960473568634946,0.8670540409018225
0.00026972591851196886,0.8670540409018225
0.0002698471558072443,0.8670540409018225
0.00026996844759665927,0.8670540409018225
0.0002700897939047075,0.8670540409018225
0.0002702111947558943,0.8670540409018225
0.0002703326501747361,0.8670540409018225
0.00027045416018576005,0.8670540409018225
0.0002705757248135047,0.8670540409018225
0.0002706973440825188,0.8670540409018225
0.000270819018017363,0.8670540409018225
0.00027094074664260864,0.8670540409018225
0.00027106252998283813,0.8670540409018225
0.0002711843680626453,0.8670540409018225
0.00027130626090663405,0.8670540409018225
0.0002714282085394202,0.8670540409018225
0.0002715502109856305,0.8670540409018225
0.00027167226826990264,0.8670540409018225
0.00027179438041688566,0.8670540409018225
0.00027191654745123894,0.8670540409018225
0.0002720387693976336,0.8670540409018225
0.0002721610462807518,0.8670540409018225
0.0002722833781252866,0.8670540409018225
0.0002724057649559426,0.8670540409018225
0.0002725282067974345,0.8670540409018225
0.00027265070367448905,0.8670540409018225
0.00027277325561184384,0.8670540409018225
0.00027289586263424756,0.8670540409018225
0.0002730185247664603,0.8670540409018225
0.0002731412420332524,0.8670540409018225
0.0002732640144594062,0.8670540409018225
0.00027338684206971504,0.8670540409018225
0.00027350972488898316,0.8670540409018225
0.00027363266294202636,0.8670540409018225
0.00027375565625367075,0.8670540409018225
0.0002738787048487544,0.8670540409018225
0.00027400180875212637,0.8670540409018225
0.00027412496798864675,0.8670540409018225
0.0002742481825831871,0.8670540409018225
0.0002743714525606295,0.8670540409018225
0.00027449477794586785,0.8670540409018225
0.00027461815876380697,0.8670540409018225
0.000274741595039363,0.8670540409018225
0.0002748650867974635,0.8670540409018225
0.00027498863406304636,0.8670540409018225
0.0002751122368610615,0.8670540409018225
0.00027523589521646994,0.8670540409018225
0.00027535960915424373,0.8670540409018225
0.0002754833786993665,0.8670540409018225
0.0002756072038768322,0.8670540409018225
0.0002757310847116471,0.8670540409018225
0.000275855021228828,0.8670540409018225
0.00027597901345340336,0.8670540409018225
0.00027610306141041303,0.8670540409018225
0.0002762271651249071,0.8670540409018225
0.00027635132462194807,0.8670540409018225
0.00027647553992660916,0.8670540409018225
0.000276599811063975,0.8670540409018225
0.00027672413805914165,0.8670540409018225
0.00027684852093721584,0.8670540409018225
0.00027697295972331623,0.8670540409018225
0.0002770974544425725,0.8670540409018225
0.00027722200512012604,0.8670540409018225
0.0002773466117811285,0.8670540409018225
0.00027747127445074387,0.8670540409018225
0.00027759599315414703,0.8670540409018225
0.0002777207679165243,0.8670540409018225
0.0002778455987630734,0.8670540409018225
0.00027797048571900283,0.8670540409018225
0.000278095428809533,0.8670540409018225
0.0002782204280598955,0.8670540409018225
0.0002783454834953333,0.8670540409018225
0.0002784705951411008,0.8670540409018225
0.0002785957630224631,0.8670540409018225
0.0002787209871646975,0.8670540409018225
0.0002788462675930923,0.8670540409018225
0.0002789716043329471,0.8670540409018225
0.0002790969974095734,0.8670540409018225
0.0002792224468482929,0.8670540409018225
0.0002793479526744398,0.8670540409018225
0.0002794735149133593,0.8670540409018225
0.00027959913359040805,0.8670540409018225
0.00027972480873095424,0.8670540409018225
0.0002798505403603767,0.8670540409018225
0.0002799763285040666,0.8670540409018225
0.00028010217318742605,0.8670540409018225
0.0002802280744358688,0.8670540409018225
0.00028035403227482015,0.8670540409018225
0.00028048004672971596,0.8670540409018225
0.0002806061178260045,0.8670540409018225
0.00028073224558914517,0.8670540409018225
0.0002808584300446087,0.8670540409018225
0.0002809846712178777,0.8670540409018225
0.00028111096913444516,0.8670540409018225
0.00028123732381981666,0.8670540409018225
0.0002813637352995088,0.8670540409018225
0.0002814902035990497,0.8670540409018225
0.00028161672874397916,0.8670540409018225
0.00028174331075984775,0.8670540409018225
0.00028186994967221816,0.8670540409018225
0.0002819966455066646,0.8670540409018225
0.00028212339828877236,0.8670540409018225
0.00028225020804413894,0.8670540409018225
0.00028237707479837225,0.8670540409018225
0.00028250399857709257,0.8670540409018225
0.0002826309794059315,0.8670540409018225
0.0002827580173105323,0.8670540409018225
0.0002828851123165492,0.8670540409018225
0.00028301226444964845,0.8670540409018225
0.00028313947373550776,0.8670540409018225
0.0002832667401998164,0.8670540409018225
0.0002833940638682753,0.8670540409018225
0.0002835214447665963,0.8670540409018225
0.00028364888292050353,0.8670540409018225
0.00028377637835573234,0.8670540409018225
0.00028390393109802985,0.8670540409018225
0.00028403154117315486,0.8670540409018225
0.0002841592086068769,0.8670540409018225
0.0002842869334249781,0.8670540409018225
0.0002844147156532517,0.8670540409018225
0.0002845425553175026,0.8670540409018225
0.00028467045244354763,0.8670540409018225
0.00028479840705721433,0.8670540409018225
0.0002849264191843427,0.8670540409018225
0.0002850544888507841,0.8670540409018225
0.0002851826160824015,0.8670540409018225
0.00028531080090506974,0.8670540409018225
0.0002854390433446745,0.8670540409018225
0.00028556734342711387,0.8670540409018225
0.00028569570117829737,0.8670540409018225
0.0002858241166241461,0.8670540409018225
0.0002859525897905932,0.8670540409018225
0.00028608112070358253,0.8670540409018225
0.00028620970938907043,0.8670540409018225
0.00028633835587302476,0.8603590220207602
0.00028646706018142483,0.8603590220207602
0.0002865958223402622,0.8603590220207602
0.00028672464237553897,0.8603590220207602
0.00028685352031327,0.8603590220207602
0.0002869824561794815,0.8603590220207602
0.00028711145000021124,0.8603590220207602
0.0002872405018015092,0.8603590220207602
0.0002873696116094361,0.8603590220207602
0.00028749877945006516,0.8603590220207602
0.00028762800534948117,0.8603590220207602
0.0002877572893337806,0.8603590220207602
0.0002878866314290719,0.8603590220207602
0.0002880160316614744,0.8603590220207602
0.00028814549005712,0.8603590220207602
0.0002882750066421522,0.8603590220207602
0.00028840458144272613,0.8603590220207602
0.00028853421448500903,0.8603590220207602
0.00028866390579517886,0.8603590220207602
0.00028879365539942654,0.8603590220207602
0.0002889234633239541,0.8603590220207602
0.00028905332959497566,0.8603590220207602
0.00028918325423871725,0.8603590220207602
0.00028931323728141584,0.8603590220207602
0.00028944327874932106,0.8603590220207602
0.0002895733786686941,0.8603590220207602
0.00028970353706580794,0.8603590220207602
0.00028983375396694755,0.8603590220207602
0.00028996402939840903,0.8603590220207602
0.000290094363386501,0.8603590220207602
0.0002902247559575437,0.8603590220207602
0.0002903552071378692,0.8603590220207602
0.0002904857169538217,0.8603590220207602
0.0002906162854317564,0.8603590220207602
0.00029074691259804107,0.8603590220207602
0.00029087759847905515,0.8603590220207602
0.00029100834310118997,0.8603590220207602
0.000291139146490849,0.8603590220207602
0.0002912700086744467,0.8603590220207602
0.0002914009296784101,0.8603590220207602
0.00029153190952917814,0.8603590220207602
0.00029166294825320137,0.8603590220207602
0.00029179404587694266,0.8603590220207602
0.0002919252024268759,0.8603590220207602
0.0002920564179294877,0.8603590220207602
0.0002921876924112763,0.8603590220207602
0.0002923190258987518,0.8603590220207602
0.0002924504184184367,0.8603590220207602
0.00029258186999686425,0.8603590220207602
0.00029271338066058075,0.8603590220207602
0.00029284495043614407,0.8603590220207602
0.00029297657935012394,0.8603590220207602
0.0002931082674291024,0.8603590220207602
0.00029324001469967253,0.8603590220207602
0.00029337182118844033,0.8603590220207602
0.0002935036869220233,0.8603590220207602
0.000293635611927051,0.8603590220207602
0.00029376759623016535,0.8603590220207602
0.00029389963985801913,0.8603590220207602
0.00029403174283727817,0.8603590220207602
0.00029416390519461995,0.8603590220207602
0.0002942961269567339,0.8603590220207602
0.0002944284081503218,0.8603590220207602
0.0002945607488020965,0.8603590220207602
0.0002946931489387838,0.8603590220207602
0.00029482560858712104,0.8603590220207602
0.00029495812777385785,0.8603590220207602
0.000295090706525756,0.8603590220207602
0.0002952233448695884,0.8603590220207602
0.000295356042832141,0.8603590220207602
0.00029548880044021135,0.8603590220207602
0.0002956216177206092,0.8603590220207602
0.0002957544947001564,0.8603590220207602
0.00029588743140568634,0.8603590220207602
0.00029602042786404495,0.8603590220207602
0.0002961534841020903,0.8603590220207602
0.0002962866001466922,0.8603590220207602
0.00029641977602473316,0.8603590220207602
0.00029655301176310657,0.8603590220207602
0.0002966863073887191,0.8603590220207602
0.0002968196629284889,0.8603590220207602
0.0002969530784093464,0.8603590220207602
0.00029708655385823457,0.8603590220207602
0.0002972200893021073,0.8603590220207602
0.0002973536847679317,0.8603590220207602
0.00029748734028268656,0.8603590220207602
0.000297621055873363,0.8603590220207602
0.00029775483156696433,0.8603590220207602
0.0002978886673905052,0.8603590220207602
0.0002980225633710134,0.8603590220207602
0.00029815651953552847,0.8603590220207602
0.00029829053591110205,0.8603590220207602
0.00029842461252479834,0.8603590220207602
0.0002985587494036928,0.8603590220207602
0.00029869294657487386,0.8603590220207602
0.00029882720406544194,0.8603590220207602
0.00029896152190250964,0.8603590220207602
0.00029909590011320195,0.8603590220207602
0.0002992303387246552,0.8603590220207602
0.00029936483776401884,0.8603590220207602
0.0002994993972584542,0.8603590220207602
0.0002996340172351348,0.8603590220207602
0.00029976869772124683,0.8603590220207602
0.0002999034387439875,0.8603590220207602
0.0003000382403305674,0.8603590220207602
0.0003001731025082089,0.8603590220207602
0.00030030802530414674,0.8603590220207602
0.0003004430087456281,0.8603590220207602
0.00030057805285991156,0.8603590220207602
0.0003007131576742688,0.8603590220207602
0.00030084832321598354,0.8603590220207602
0.00030098354951235164,0.8603590220207602
0.00030111883659068167,0.8603590220207602
0.00030125418447829347,0.8603590220207602
0.0003013895932025201,0.8603590220207602
0.0003015250627907066,0.8603590220207602
0.0003016605932702103,0.8603590220207602
0.0003017961846684012,0.8603590220207602
0.0003019318370126605,0.8603590220207602
0.0003020675503303828,0.8603590220207602
0.0003022033246489747,0.8603590220207602
0.00030233915999585505,0.8603590220207602
0.00030247505639845537,0.8603590220207602
0.0003026110138842185,0.8603590220207602
0.00030274703248060064,0.8603590220207602
0.00030288311221507,0.8603590220207602
0.0003030192531151072,0.8603590220207602
0.0003031554552082053,0.8603590220207602
0.0003032917185218691,0.8603590220207602
0.0003034280430836164,0.8603590220207602
0.0003035644289209772,0.8603590220207602
0.00030370087606149403,0.8603590220207602
0.00030383738453272174,0.8603590220207602
0.00030397395436222697,0.8603590220207602
0.00030411058557758947,0.8603590220207602
0.0003042472782064012,0.8603590220207602
0.0003043840322762665,0.8603590220207602
0.0003045208478148024,0.8603590220207602
0.0003046577248496373,0.8603590220207602
0.00030479466340841327,0.8603590220207602
0.0003049316635187841,0.8603590220207602
0.0003050687252084164,0.8603590220207602
0.00030520584850498916,0.8603590220207602
0.0003053430334361932,0.8603590220207602
0.0003054802800297324,0.8603590220207602
0.000305617588313323,0.8603590220207602
0.0003057549583146938,0.8603590220207602
0.00030589239006158605,0.8603590220207602
0.0003060298835817528,0.8603590220207602
0.0003061674389029603,0.8603590220207602
0.0003063050560529872,0.8603590220207602
0.00030644273505962453,0.8603590220207602
0.00030658047595067604,0.8603590220207602
0.00030671827875395713,0.8603590220207602
0.00030685614349729666,0.8603590220207602
0.00030699407020853565,0.8603590220207602
0.0003071320589155276,0.8603590220207602
0.0003072701096461389,0.8603590220207602
0.00030740822242824754,0.8603590220207602
0.0003075463972897449,0.8603590220207602
0.0003076846342585346,0.8603590220207602
0.0003078229333625329,0.8603590220207602
0.0003079612946296688,0.8603590220207602
0.00030809971808788304,0.8603590220207602
0.0003082382037651297,0.8603590220207602
0.0003083767516893752,0.8603590220207602
0.00030851536188859855,0.8603590220207602
0.00030865403439079165,0.8603590220207602
0.000308792769223958,0.8603590220207602
0.0003089315664161146,0.8603590220207602
0.0003090704259952909,0.8603590220207602
0.00030920934798952897,0.8603590220207602
0.0003093483324268828,0.8603590220207602
0.0003094873793354199,0.8603590220207602
0.0003096264887432199,0.8603590220207602
0.0003097656606783753,0.8603590220207602
0.00030990489516899124,0.8603590220207602
0.0003100441922431849,0.8603590220207602
0.0003101835519290868,0.8603590220207602
0.00031032297425483986,0.8603590220207602
0.0003104624592485996,0.8603590220207602
0.00031060200693853465,0.8603590220207602
0.00031074161735282523,0.8603590220207602
0.0003108812905196651,0.8603590220207602
0.0003110210264672607,0.8603590220207602
0.0003111608252238307,0.8603590220207602
0.00031130068681760716,0.8603590220207602
0.0003114406112768337,0.8603590220207602
0.0003115805986297675,0.8603590220207602
0.00031172064890467834,0.8603590220207602
0.00031186076212984856,0.8603590220207602
0.0003120009383335736,0.8603590220207602
0.00031214117754416057,0.8603590220207602
0.00031228147978993036,0.8603590220207602
0.0003124218450992162,0.8603590220207602
0.0003125622735003642,0.8603590220207602
0.00031270276502173323,0.8603590220207602
0.0003128433196916943,0.8603590220207602
0.0003129839375386319,0.8603590220207602
0.000313124618590943,0.8603590220207602
0.0003132653628770374,0.8603590220207602
0.0003134061704253379,0.8603590220207602
0.0003135470412642793,0.8603590220207602
0.0003136879754223098,0.8603590220207602
0.0003138289729278905,0.8603590220207602
0.00031397003380949487,0.8603590220207602
0.0003141111580956098,0.8603590220207602
0.0003142523458147339,0.8603590220207602
0.0003143935969953795,0.8603590220207602
0.0003145349116660716,0.8603590220207602
0.00031467628985534785,0.8603590220207602
0.00031481773159175913,0.8603590220207602
0.00031495923690386823,0.8603590220207602
0.0003151008058202516,0.8603590220207602
0.0003152424383694983,0.8603590220207602
0.0003153841345802106,0.8603590220207602
0.00031552589448100265,0.8603590220207602
0.0003156677181005023,0.8603590220207602
0.00031580960546735015,0.8603590220207602
0.0003159515566101995,0.8603590220207602
0.000316093571557717,0.8603590220207602
0.00031623565033858105,0.8603590220207602
0.00031637779298148404,0.8603590220207602
0.00031651999951513084,0.8603590220207602
0.00031666226996823933,0.8603590220207602
0.00031680460436954054,0.8603590220207602
0.0003169470027477775,0.8603590220207602
0.000317089465131707,0.8603590220207602
0.0003172319915500987,0.8603590220207602
0.00031737458203173486,0.8603590220207602
0.0003175172366054112,0.8603590220207602
0.0003176599552999355,0.8603590220207602
0.0003178027381441291,0.8603590220207602
0.00031794558516682643,0.8603590220207602
0.0003180884963968745,0.8603590220207602
0.0003182314718631339,0.8603590220207602
0.0003183745115944769,0.8603590220207602
0.0003185176156197901,0.8603590220207602
0.0003186607839679725,0.8603590220207602
0.0003188040166679361,0.8603590220207602
0.0003189473137486063,0.8603590220207602
0.00031909067523892056,0.8603590220207602
0.0003192341011678302,0.8603590220207602
0.0003193775915642993,0.8603590220207602
0.00031952114645730496,0.8603590220207602
0.0003196647658758377,0.8603590220207602
0.00031980844984889987,0.8603590220207602
0.00031995219840550804,0.8603590220207602
0.0003200960115746915,0.8603590220207602
0.00032023988938549244,0.8603590220207602
0.00032038383186696657,0.8603590220207602
0.00032052783904818155,0.8603590220207602
0.00032067191095821925,0.8603590220207602
0.00032081604762617414,0.8603590220207602
0.00032096024908115383,0.8603590220207602
0.0003211045153522793,0.8603590220207602
0.00032124884646868377,0.8603590220207602
0.00032139324245951433,0.8603590220207602
0.00032153770335393103,0.8603590220207602
0.0003216822291811069,0.8603590220207602
0.0003218268199702284,0.8603590220207602
0.0003219714757504944,0.8603590220207602
0.0003221161965511174,0.8603590220207602
0.0003222609824013231,0.8603590220207602
0.00032240583333035026,0.8603590220207602
0.0003225507493674509,0.8603590220207602
0.0003226957305418894,0.8603590220207602
0.00032284077688294433,0.8603590220207602
0.0003229858884199069,0.8603590220207602
0.0003231310651820816,0.8603590220207602
0.0003232763071987865,0.8603590220207602
0.0003234216144993516,0.8603590220207602
0.0003235669871131213,0.8603590220207602
0.0003237124250694528,0.8603590220207602
0.00032385792839771655,0.8603590220207602
0.00032400349712729637,0.8603590220207602
0.0003241491312875884,0.8603590220207602
0.00032429483090800314,0.8603590220207602
0.0003244405960179636,0.8603590220207602
0.0003245864266469064,0.8603590220207602
0.0003247323228242815,0.8603590220207602
0.0003248782845795512,0.8603590220207602
0.00032502431194219195,0.8603590220207602
0.0003251704049416932,0.8603590220207602
0.00032531656360755757,0.8603590220207602
0.00032546278796930135,0.8603590220207602
0.00032560907805645315,0.8603590220207602
0.00032575543389855565,0.8603590220207602
0.00032590185552516473,0.8603590220207602
0.0003260483429658493,0.8603590220207602
0.00032619489625019215,0.8603590220207602
0.00032634151540778813,0.8603590220207602
0.0003264882004682466,0.8603590220207602
0.0003266349514611897,0.8603590220207602
0.000326781768416253,0.8603590220207602
0.00032692865136308574,0.8603590220207602
0.00032707560033134943,0.8603590220207602
0.00032722261535071993,0.8603590220207602
0.00032736969645088615,0.8603590220207602
0.00032751684366155026,0.8603590220207602
0.00032766405701242817,0.8603590220207602
0.00032781133653324816,0.8603590220207602
0.0003279586822537528,0.8603590220207602
0.0003281060942036978,0.8603590220207602
0.0003282535724128521,0.8603590220207602
0.0003284011169109985,0.8603590220207602
0.0003285487277279321,0.8603590220207602
0.0003286964048934625,0.8603590220207602
0.0003288441484374122,0.8603590220207602
0.0003289919583896173,0.8603590220207602
0.00032913983477992736,0.8603590220207602
0.00032928777763820464,0.8603590220207602
0.0003294357869943257,0.8603590220207602
0.00032958386287818025,0.8603590220207602
0.0003297320053196713,0.8603590220207602
0.00032988021434871587,0.8603590220207602
0.0003300284899952431,0.8603590220207602
0.00033017683228919693,0.8603590220207602
0.0003303252412605342,0.8603590220207602
0.0003304737169392253,0.8603590220207602
0.0003306222593552544,0.8603590220207602
0.00033077086853861807,0.8603590220207602
0.00033091954451932757,0.8603590220207602
0.0003310682873274071,0.8603590220207602
0.00033121709699289453,0.8603590220207602
0.0003313659735458414,0.8603590220207602
0.00033151491701631194,0.8603590220207602
0.00033166392743438466,0.8603590220207602
0.0003318130048301515,0.8603590220207602
0.00033196214923371777,0.8603590220207602
0.00033211136067520265,0.8603590220207602
0.000332260639184738,0.8603590220207602
0.00033240998479247005,0.8603590220207602
0.0003325593975285583,0.8603590220207602
0.00033270887742317586,0.8603590220207602
0.0003328584245065097,0.8603590220207602
0.0003330080388087594,0.8603590220207602
0.000333157720360139,0.8603590220207602
0.00033330746919087585,0.8603590220207602
0.00033345728533121097,0.8603590220207602
0.00033360716881139925,0.8603590220207602
0.00033375711966170807,0.8603590220207602
0.00033390713791241954,0.8603590220207602
0.000334057223593829,0.8603590220207602
0.0003342073767362455,0.8603590220207602
0.0003343575973699919,0.8603590220207602
0.00033450788552540376,0.8603590220207602
0.00033465824123283134,0.8603590220207602
0.00033480866452263806,0.8603590220207602
0.0003349591554252011,0.8603590220207602
0.0003351097139709116,0.8603590220207602
0.0003352603401901734,0.8603590220207602
0.00033541103411340484,0.8603590220207602
0.0003355617957710379,0.8603590220207602
0.0003357126251935179,0.8603590220207602
0.0003358635224113044,0.8603590220207602
0.0003360144874548697,0.8603590220207602
0.0003361655203547005,0.8603590220207602
0.00033631662114129717,0.8603590220207602
0.00033646778984517366,0.8603590220207602
0.000336619026496858,0.8603590220207602
0.0003367703311268909,0.8603590220207602
0.00033692170376582785,0.8603590220207602
0.0003370731444442377,0.8603590220207602
0.000337224653192703,0.8603590220207602
0.0003373762300418205,0.8603590220207602
0.0003375278750221997,0.8603590220207602
0.0003376795881644647,0.8603590220207602
0.00033783136949925316,0.8603590220207602
0.00033798321905721646,0.8603590220207602
0.0003381351368690202,0.8603590220207602
0.00033828712296534255,0.8603590220207602
0.00033843917737687664,0.8603590220207602
0.000338591300134329,0.8603590220207602
0.00033874349126842006,0.8603590220207602
0.0003388957508098843,0.8603590220207602
0.0003390480787894689,0.8603590220207602
0.0003392004752379361,0.8603590220207602
0.00033935294018606145,0.8603590220207602
0.00033950547366463446,0.8603590220207602
0.00033965807570445877,0.8603590220207602
0.00033981074633635075,0.8603590220207602
0.0003399634855911418,0.8603590220207602
0.00034011629349967677,0.8603590220207602
0.0003402691700928144,0.8603590220207602
0.0003404221154014275,0.8537986904494824
0.0003405751294564019,0.8537986904494824
0.0003407282122886383,0.8537986904494824
0.000340881363929051,0.8537986904494824
0.00034103458440856797,0.8537986904494824
0.00034118787375813167,0.8537986904494824
0.0003413412320086974,0.8537986904494824
0.00034149465919123525,0.8537986904494824
0.000341648155336729,0.8537986904494824
0.0003418017204761764,0.8537986904494824
0.0003419553546405895,0.8537986904494824
0.00034210905786099296,0.8537986904494824
0.0003422628301684268,0.8537986904494824
0.0003424166715939445,0.8537986904494824
0.0003425705821686134,0.8537986904494824
0.00034272456192351524,0.8537986904494824
0.0003428786108897448,0.8537986904494824
0.0003430327290984116,0.8537986904494824
0.00034318691658063907,0.8537986904494824
0.00034334117336756444,0.8537986904494824
0.0003434954994903395,0.8537986904494824
0.00034364989498012865,0.8537986904494824
0.0003438043598681117,0.8537986904494824
0.000343958894185482,0.8537986904494824
0.00034411349796344685,0.8537986904494824
0.00034426817123322796,0.8537986904494824
0.00034442291402606007,0.8537986904494824
0.0003445777263731929,0.8537986904494824
0.0003447326083058901,0.8537986904494824
0.0003448875598554291,0.8537986904494824
0.0003450425810531019,0.8537986904494824
0.00034519767193021345,0.8537986904494824
0.0003453528325180838,0.8537986904494824
0.0003455080628480473,0.8537986904494824
0.0003456633629514506,0.8537986904494824
0.0003458187328596572,0.8537986904494824
0.00034597417260404215,0.8537986904494824
0.0003461296822159959,0.8537986904494824
0.0003462852617269233,0.8537986904494824
0.00034644091116824144,0.8537986904494824
0.0003465966305713845,0.8537986904494824
0.00034675241996779804,0.8537986904494824
0.0003469082793889432,0.8537986904494824
0.0003470642088662952,0.8537986904494824
0.0003472202084313422,0.8537986904494824
0.0003473762781155888,0.8537986904494824
0.0003475324179505514,0.8537986904494824
0.00034768862796776185,0.8537986904494824
0.00034784490819876634,0.8537986904494824
0.00034800125867512366,0.8537986904494824
0.00034815767942840935,0.8537986904494824
0.0003483141704902107,0.8537986904494824
0.00034847073189213054,0.8537986904494824
0.0003486273636657859,0.8537986904494824
0.00034878406584280667,0.8537986904494824
0.0003489408384548394,0.8537986904494824
0.0003490976815335425,0.8537986904494824
0.0003492545951105897,0.8537986904494824
0.00034941157921766926,0.8537986904494824
0.0003495686338864823,0.8537986904494824
0.0003497257591487464,0.8537986904494824
0.00034988295503619117,0.8537986904494824
0.0003500402215805618,0.8537986904494824
0.0003501975588136178,0.8537986904494824
0.00035035496676713167,0.8537986904494824
0.0003505124454728916,0.8537986904494824
0.0003506699949626995,0.8537986904494824
0.0003508276152683715,0.8537986904494824
0.0003509853064217387,0.8537986904494824
0.0003511430684546451,0.8537986904494824
0.0003513009013989503,0.8537986904494824
0.00035145880528652775,0.8537986904494824
0.00035161678014926525,0.8537986904494824
0.0003517748260190654,0.8537986904494824
0.00035193294292784383,0.8537986904494824
0.00035209113090753184,0.8537986904494824
0.00035224938999007464,0.8537986904494824
0.00035240772020743167,0.8537986904494824
0.0003525661215915772,0.8537986904494824
0.00035272459417449894,0.8537986904494824
0.00035288313798819977,0.8537986904494824
0.00035304175306469677,0.8537986904494824
0.00035320043943602145,0.8537986904494824
0.0003533591971342199,0.8537986904494824
0.00035351802619135164,0.8537986904494824
0.0003536769266394918,0.8537986904494824
0.0003538358985107293,0.8537986904494824
0.0003539949418371677,0.8537986904494824
0.0003541540566509253,0.8537986904494824
0.0003543132429841337,0.8537986904494824
0.00035447250086894006,0.8537986904494824
0.0003546318303375057,0.8537986904494824
0.00035479123142200615,0.8537986904494824
0.0003549507041546321,0.8537986904494824
0.0003551102485675874,0.8537986904494824
0.00035526986469309156,0.8537986904494824
0.0003554295525633782,0.8537986904494824
0.00035558931221069524,0.8537986904494824
0.0003557491436673058,0.8537986904494824
0.0003559090469654861,0.8537986904494824
0.0003560690221375282,0.8537986904494824
0.00035622906921573813,0.8537986904494824
0.0003563891882324365,0.8537986904494824
0.0003565493792199589,0.8537986904494824
0.0003567096422106542,0.8537986904494824
0.00035686997723688706,0.8537986904494824
0.0003570303843310362,0.8537986904494824
0.000357190863525495,0.8537986904494824
0.0003573514148526716,0.8537986904494824
0.0003575120383449878,0.8537986904494824
0.00035767273403488107,0.8537986904494824
0.00035783350195480286,0.8537986904494824
0.0003579943421372194,0.8537986904494824
0.0003581552546146119,0.8537986904494824
0.00035831623941947504,0.8537986904494824
0.00035847729658431906,0.8537986904494824
0.0003586384261416686,0.8537986904494824
0.00035879962812406294,0.8537986904494824
0.0003589609025640563,0.8537986904494824
0.0003591222494942163,0.8537986904494824
0.00035928366894712654,0.8537986904494824
0.0003594451609553848,0.8537986904494824
0.0003596067255516034,0.8537986904494824
0.0003597683627684098,0.8537986904494824
0.0003599300726384451,0.8537986904494824
0.00036009185519436605,0.8537986904494824
0.0003602537104688437,0.8537986904494824
0.0003604156384945638,0.8537986904494824
0.00036057763930422723,0.8537986904494824
0.0003607397129305485,0.8537986904494824
0.00036090185940625764,0.8537986904494824
0.00036106407876409943,0.8537986904494824
0.0003612263710368331,0.8537986904494824
0.00036138873625723305,0.8537986904494824
0.0003615511744580873,0.8537986904494824
0.0003617136856721997,0.8537986904494824
0.00036187626993238847,0.8537986904494824
0.00036203892727148666,0.8537986904494824
0.0003622016577223424,0.8537986904494824
0.0003623644613178174,0.8537986904494824
0.0003625273380907893,0.8537986904494824
0.00036269028807415024,0.8537986904494824
0.000362853311300807,0.8537986904494824
0.0003630164078036817,0.8537986904494824
0.00036317957761570986,0.8537986904494824
0.0003633428207698432,0.8537986904494824
0.00036350613729904777,0.8537986904494824
0.0003636695272363044,0.8537986904494824
0.00036383299061460924,0.8537986904494824
0.00036399652746697196,0.8537986904494824
0.0003641601378264184,0.8537986904494824
0.00036432382172598863,0.8537986904494824
0.00036448757919873784,0.8537986904494824
0.0003646514102777363,0.8537986904494824
0.0003648153149960679,0.8537986904494824
0.00036497929338683287,0.8537986904494824
0.0003651433454831456,0.8537986904494824
0.00036530747131813555,0.8537986904494824
0.00036547167092494735,0.8537986904494824
0.00036563594433673956,0.8537986904494824
0.00036580029158668655,0.8537986904494824
0.0003659647127079774,0.8537986904494824
0.000366129207733816,0.8537986904494824
0.00036629377669742167,0.8537986904494824
0.0003664584196320274,0.8537986904494824
0.0003666231365708822,0.8537986904494824
0.00036678792754724993,0.8537986904494824
0.00036695279259440903,0.8537986904494824
0.00036711773174565363,0.8537986904494824
0.0003672827450342914,0.8537986904494824
0.00036744783249364625,0.8537986904494824
0.0003676129941570567,0.8537986904494824
0.0003677782300578763,0.8537986904494824
0.0003679435402294738,0.8537986904494824
0.000368108924705232,0.8537986904494824
0.00036827438351854974,0.8537986904494824
0.00036843991670284045,0.8537986904494824
0.0003686055242915327,0.8537986904494824
0.00036877120631807037,0.8537986904494824
0.00036893696281591125,0.8537986904494824
0.0003691027938185294,0.8537986904494824
0.00036926869935941344,0.8537986904494824
0.00036943467947206707,0.8537986904494824
0.00036960073419000945,0.8537986904494824
0.00036976686354677364,0.8537986904494824
0.00036993306757590887,0.8537986904494824
0.0003700993463109792,0.8537986904494824
0.0003702656997855637,0.8537986904494824
0.00037043212803325687,0.8537986904494824
0.00037059863108766724,0.8537986904494824
0.00037076520898241954,0.8537986904494824
0.00037093186175115325,0.8537986904494824
0.000371098589427523,0.8537986904494824
0.0003712653920451989,0.8537986904494824
0.0003714322696378651,0.8537986904494824
0.00037159922223922183,0.8537986904494824
0.0003717662498829844,0.8537986904494824
0.00037193335260288305,0.8537986904494824
0.00037210053043266366,0.8537986904494824
0.00037226778340608606,0.8537986904494824
0.00037243511155692646,0.8537986904494824
0.0003726025149189759,0.8537986904494824
0.0003727699935260405,0.8537986904494824
0.00037293754741194205,0.8537986904494824
0.0003731051766105164,0.8537986904494824
0.00037327288115561566,0.8537986904494824
0.00037344066108110685,0.8537986904494824
0.0003736085164208722,0.8537986904494824
0.00037377644720880957,0.8537986904494824
0.0003739444534788309,0.8537986904494824
0.00037411253526486445,0.8537986904494824
0.0003742806926008534,0.8537986904494824
0.00037444892552075627,0.8537986904494824
0.0003746172340585471,0.8537986904494824
0.00037478561824821416,0.8537986904494824
0.000374954078123762,0.8537986904494824
0.0003751226137192102,0.8537986904494824
0.00037529122506859357,0.8537986904494824
0.00037545991220596265,0.8537986904494824
0.00037562867516538213,0.8537986904494824
0.00037579751398093304,0.8537986904494824
0.00037596642868671155,0.8537986904494824
0.000376135419316829,0.8537986904494824
0.0003763044859054126,0.8537986904494824
0.0003764736284866034,0.8537986904494824
0.00037664284709455943,0.8537986904494824
0.0003768121417634534,0.8537986904494824
0.0003769815125274733,0.8537986904494824
0.00037715095942082315,0.8537986904494824
0.00037732048247772097,0.8537986904494824
0.0003774900817324014,0.8537986904494824
0.0003776597572191141,0.8537986904494824
0.00037782950897212404,0.8537986904494824
0.0003779993370257121,0.8537986904494824
0.0003781692414141733,0.8537986904494824
0.0003783392221718193,0.8537986904494824
0.00037850927933297674,0.8537986904494824
0.00037867941293198774,0.8537986904494824
0.0003788496230032103,0.8537986904494824
0.00037901990958101643,0.8537986904494824
0.00037919027269979515,0.8537986904494824
0.0003793607123939503,0.8537986904494824
0.0003795312286979011,0.8537986904494824
0.00037970182164608296,0.8537986904494824
0.0003798724912729453,0.8537986904494824
0.00038004323761295426,0.8537986904494824
0.0003802140607005912,0.8537986904494824
0.00038038496057035286,0.8537986904494824
0.0003805559372567519,0.8537986904494824
0.0003807269907943153,0.8537986904494824
0.0003808981212175869,0.8537986904494824
0.00038106932856112546,0.8537986904494824
0.0003812406128595053,0.8537986904494824
0.00038141197414731675,0.8537986904494824
0.0003815834124591646,0.8537986904494824
0.00038175492782967013,0.8537986904494824
0.00038192652029346997,0.8537986904494824
0.00038209818988521626,0.8537986904494824
0.00038226993663957717,0.8537986904494824
0.00038244176059123514,0.8537986904494824
0.00038261366177488946,0.8537986904494824
0.0003827856402252547,0.8537986904494824
0.0003829576959770609,0.8537986904494824
0.00038312982906505414,0.8537986904494824
0.000383302039523995,0.8537986904494824
0.00038347432738866085,0.8537986904494824
0.0003836466926938442,0.8537986904494824
0.0003838191354743533,0.8537986904494824
0.0003839916557650124,0.8537986904494824
0.00038416425360066026,0.8537986904494824
0.0003843369290161524,0.8537986904494824
0.0003845096820463601,0.8537986904494824
0.0003846825127261687,0.8537986904494824
0.00038485542109048196,0.8537986904494824
0.00038502840717421653,0.8537986904494824
0.0003852014710123065,0.8537986904494824
0.00038537461263970146,0.8537986904494824
0.0003855478320913653,0.8537986904494824
0.0003857211294022802,0.8537986904494824
0.00038589450460744146,0.8537986904494824
0.00038606795774186165,0.8537986904494824
0.00038624148884056905,0.8537986904494824
0.00038641509793860615,0.8537986904494824
0.0003865887850710339,0.8537986904494824
0.00038676255027292626,0.8537986904494824
0.00038693639357937455,0.8537986904494824
0.0003871103150254859,0.8537986904494824
0.00038728431464638154,0.8537986904494824
0.0003874583924772014,0.8537986904494824
0.0003876325485530982,0.8537986904494824
0.0003878067829092423,0.8537986904494824
0.0003879810955808197,0.8537986904494824
0.00038815548660303076,0.8537986904494824
0.0003883299560110943,0.8537986904494824
0.0003885045038402424,0.8537986904494824
0.0003886791301257242,0.8537986904494824
0.0003888538349028051,0.8537986904494824
0.00038902861820676446,0.8537986904494824
0.0003892034800729004,0.8537986904494824
0.0003893784205365242,0.8537986904494824
0.0003895534396329644,0.8537986904494824
0.0003897285373975657,0.8537986904494824
0.0003899037138656871,0.8537986904494824
0.0003900789690727051,0.8537986904494824
0.00039025430305401145,0.8537986904494824
0.0003904297158450138,0.8537986904494824
0.00039060520748113636,0.8537986904494824
0.00039078077799781783,0.8537986904494824
0.000390956427430514,0.8537986904494824
0.00039113215581469647,0.8537986904494824
0.0003913079631858525,0.8537986904494824
0.00039148384957948584,0.8537986904494824
0.00039165981503111496,0.8537986904494824
0.0003918358595762755,0.8537986904494824
0.00039201198325051876,0.8537986904494824
0.00039218818608941186,0.8537986904494824
0.0003923644681285384,0.8537986904494824
0.0003925408294034968,0.8537986904494824
0.00039271726994990266,0.8537986904494824
0.0003928937898033871,0.8537986904494824
0.0003930703889995973,0.8537986904494824
0.00039324706757419705,0.8537986904494824
0.00039342382556286466,0.8537986904494824
0.00039360066300129587,0.8537986904494824
0.00039377757992520204,0.8537986904494824
0.00039395457637031054,0.8537986904494824
0.00039413165237236526,0.8537986904494824
0.00039430880796712485,0.8537986904494824
0.0003944860431903654,0.8537986904494824
0.00039466335807787845,0.8537986904494824
0.0003948407526654719,0.8537986904494824
0.0003950182269889699,0.8537986904494824
0.0003951957810842117,0.8537986904494824
0.0003953734149870537,0.8537986904494824
0.00039555112873336805,0.8537986904494824
0.0003957289223590432,0.8537986904494824
0.0003959067958999838,0.8537986904494824
0.0003960847493921097,0.8537986904494824
0.00039626278287135816,0.8537986904494824
0.00039644089637368184,0.8537986904494824
0.00039661908993504993,0.8537986904494824
0.00039679736359144797,0.8537986904494824
0.00039697571737887656,0.8537986904494824
0.0003971541513333536,0.8537986904494824
0.0003973326654909129,0.8537986904494824
0.0003975112598876044,0.8537986904494824
0.00039768993455949463,0.8537986904494824
0.00039786868954266516,0.8537986904494824
0.000398047524873215,0.8537986904494824
0.0003982264405872589,0.8537986904494824
0.0003984054367209279,0.8537986904494824
0.0003985845133103698,0.8537986904494824
0.00039876367039174716,0.8537986904494824
0.0003989429080012402,0.8537986904494824
0.000399122226175045,0.8537986904494824
0.00039930162494937395,0.8537986904494824
0.00039948110436045586,0.8537986904494824
0.00039966066444453496,0.8537986904494824
0.00039984030523787273,0.8537986904494824
0.00040002002677674663,0.8537986904494824
0.0004001998290974505,0.8537986904494824
0.00040037971223629476,0.8537986904494824
0.000400559676229605,0.8537986904494824
0.0004007397211137244,0.8537986904494824
0.000400919846925012,0.8537986904494824
0.0004011000536998433,0.8537986904494824
0.0004012803414746103,0.8537986904494824
0.00040146071028572045,0.8537986904494824
0.00040164116016959856,0.8537986904494824
0.00040182169116268553,0.8537986904494824
0.0004020023033014386,0.8537986904494824
0.0004021829966223317,0.8537986904494824
0.00040236377116185414,0.8537986904494824
0.0004025446269565127,0.8537986904494824
0.00040272556404283023,0.8537986904494824
0.000402906582457346,0.8537986904494824
0.000403087682236616,0.8537986904494824
0.0004032688634172115,0.8537986904494824
0.0004034501260357216,0.8537986904494824
0.00040363147012875114,0.8537986904494824
0.00040381289573292157,0.8537986904494824
0.00040399440288487127,0.8537986904494824
0.0004041759916212537,0.8537986904494824
0.0004043576619787402,0.8537986904494824
0.000404539413994018,0.8537986904494824
0.00040472124770379094,0.8537986904494824
0.0004049031631447798,0.8537986904494824
0.0004050851603537205,0.8537986904494824
0.00040526723936736686,0.8537986904494824
0.0004054494002224886,0.8537986904494824
0.00040563164295587224,0.8537986904494824
0.00040581396760432103,0.8537986904494824
0.00040599637420465364,0.8537986904494824
0.0004061788627937064,0.8537986904494824
0.00040636143340833195,0.8537986904494824
0.0004065440860853994,0.8537986904494824
0.0004067268208617948,0.8537986904494824
0.0004069096377744197,0.8537986904494824
0.0004070925368601933,0.8537986904494824
0.00040727551815605107,0.8537986904494824
0.0004074585816989451,0.8537986904494824
0.0004076417275258445,0.8537986904494824
0.0004078249556737336,0.8537986904494824
0.0004080082661796149,0.8537986904494824
0.0004081916590805068,0.8537986904494824
0.00040837513441344456,0.8537986904494824
0.00040855869221548036,0.8537986904494824
0.0004087423325236819,0.8537986904494824
0.0004089260553751347,0.8537986904494824
0.00040910986080694065,0.8537986904494824
0.00040929374885621816,0.8537986904494824
0.00040947771956010285,0.8537986904494824
0.00040966177295574576,0.8537986904494824
0.00040984590908031584,0.8537986904494824
0.0004100301279709984,0.8537986904494824
0.00041021442966499537,0.8537986904494824
0.00041039881419952597,0.8537986904494824
0.0004105832816118247,0.8537986904494824
0.0004107678319391442,0.8537986904494824
0.0004109524652187534,0.8537986904494824
0.0004111371814879379,0.8537986904494824
0.00041132198078400065,0.8537986904494824
0.0004115068631442599,0.8537986904494824
0.00041169182860605215,0.8537986904494824
0.00041187687720673004,0.8537986904494824
0.0004120620089836632,0.8537986904494824
0.0004122472239742383,0.8537986904494824
0.00041243252221585775,0.8537986904494824
0.00041261790374594185,0.8537986904494824
0.00041280336860192735,0.8537986904494824
0.0004129889168212679,0.8537986904494824
0.0004131745484414344,0.8537986904494824
0.00041336026349991317,0.8537986904494824
0.00041354606203420887,0.8537986904494824
0.0004137319440818424,0.8537986904494824
0.00041391790968035164,0.8537986904494824
0.0004141039588672918,0.8537986904494824
0.00041429009168023355,0.8537986904494824
0.00041447630815676583,0.8537986904494824
0.000414662608334494,0.8537986904494824
0.00041484899225104044,0.8537986904494824
0.00041503545994404467,0.8537986904494824
0.00041522201145116204,0.8537986904494824
0.00041540864681006593,0.8537986904494824
0.0004155953660584464,0.8537986904494824
0.0004157821692340104,0.8537986904494824
0.0004159690563744821,0.8537986904494824
0.0004161560275176015,0.8537986904494824
0.00041634308270112693,0.8537986904494824
0.000416530221962833,0.8537986904494824
0.0004167174453405116,0.8537986904494824
0.0004169047528719717,0.8537986904494824
0.0004170921445950383,0.8537986904494824
0.00041727962054755453,0.8537986904494824
0.00041746718076738005,0.8537986904494824
0.0004176548252923917,0.8537986904494824
0.00041784255416048364,0.8537986904494824
0.00041803036740956583,0.8537986904494824
0.0004182182650775665,0.8537986904494824
0.0004184062472024306,0.8537986904494824
0.00041859431382212003,0.8537986904494824
0.00041878246497461423,0.8537986904494824
0.0004189707006979085,0.8537986904494824
0.0004191590210300164,0.8537986904494824
0.00041934742600896815,0.8537986904494824
0.0004195359156728111,0.8537986904494824
0.0004197244900596101,0.8537986904494824
0.0004199131492074459,0.8537986904494824
0.0004201018931544176,0.8537986904494824
0.0004202907219386409,0.8537986904494824
0.00042047963559824886,0.8537986904494824
0.0004206686341713919,0.8537986904494824
0.0004208577176962364,0.8537986904494824
0.00042104688621096714,0.8537986904494824
0.00042123613975378566,0.8537986904494824
0.00042142547836291066,0.8537986904494824
0.0004216149020765785,0.8537986904494824
0.0004218044109330413,0.8537986904494824
0.0004219940049705698,0.8537986904494824
0.00042218368422745157,0.8537986904494824
0.00042237344874199113,0.8537986904494824
0.0004225632985525109,0.8537986904494824
0.00042275323369734907,0.8537986904494824
0.00042294325421486244,0.8537986904494824
0.00042313336014342465,0.8537986904494824
0.0004233235515214265,0.8537986904494824
0.0004235138283872765,0.8537986904494824
0.0004237041907793992,0.8537986904494824
0.0004238946387362376,0.8537986904494824
0.00042408517229625164,0.8537986904494824
0.00042427579149791853,0.8537986904494824
0.0004244664963797332,0.8537986904494824
0.0004246572869802066,0.8537986904494824
0.00042484816333786816,0.8537986904494824
0.0004250391254912644,0.8537986904494824
0.0004252301734789591,0.8537986904494824
0.00042542130733953364,0.8537986904494824
0.00042561252711158573,0.8537986904494824
0.0004258038328337315,0.8537986904494824
0.0004259952245446041,0.8537986904494824
0.00042618670228285394,0.8537986904494824
0.0004263782660871495,0.8537986904494824
0.000426569915996175,0.8537986904494824
0.00042676165204863357,0.8537986904494824
0.0004269534742832453,0.8537986904494824
0.0004271453827387476,0.8537986904494824
0.00042733737745389563,0.8537986904494824
0.00042752945846746094,0.8537986904494824
0.00042772162581823365,0.8537986904494824
0.00042791387954502083,0.8537986904494824
0.0004281062196866471,0.8537986904494824
0.0004282986462819549,0.8537986904494824
0.00042849115936980286,0.8537986904494824
0.00042868375898906833,0.8537986904494824
0.00042887644517864624,0.8537986904494824
0.0004290692179774471,0.8537986904494824
0.00042926207742440215,0.8537986904494824
0.0004294550235584569,0.8537986904494824
0.0004296480564185763,0.8537986904494824
0.00042984117604374255,0.8537986904494824
0.0004300343824729539,0.8537986904494824
0.000430227675745229,0.8537986904494824
0.0004304210558996011,0.8537986904494824
0.00043061452297512263,0.8537986904494824
0.0004308080770108637,0.8537986904494824
0.0004310017180459101,0.8537986904494824
0.00043119544611936833,0.8537986904494824
0.0004313892612703594,0.8537986904494824
0.00043158316353802365,0.8537986904494824
0.00043177715296151904,0.8537986904494824
0.00043197122958001924,0.8537986904494824
0.00043216539343271884,0.8537986904494824
0.0004323596445588267,0.8537986904494824
0.0004325539829975713,0.8537986904494824
0.0004327484087881986,0.8537986904494824
0.00043294292196997055,0.8537986904494824
0.0004331375225821697,0.8537986904494824
0.0004333322106640933,0.8537986904494824
0.0004335269862550579,0.8537986904494824
0.00043372184939439795,0.8537986904494824
0.00043391680012146345,0.8537986904494824
0.0004341118384756255,0.8537986904494824
0.0004343069644962697,0.8537986904494824
0.00043450217822280107,0.8537986904494824
0.0004346974796946424,0.8537986904494824
0.0004348928689512329,0.8537986904494824
0.0004350883460320307,0.8537986904494824
0.0004352839109765114,0.8537986904494824
0.0004354795638241682,0.8537986904494824
0.0004356753046145126,0.8537986904494824
0.00043587113338707244,0.8537986904494824
0.0004360670501813947,0.8537986904494824
0.0004362630550370437,0.8537986904494824
0.0004364591479936016,0.8537986904494824
0.0004366553290906686,0.8537986904494824
0.00043685159836786164,0.8537986904494824
0.0004370479558648166,0.8537986904494824
0.0004372444016211867,0.8537986904494824
0.0004374409356766432,0.8537986904494824
0.0004376375580708755,0.8537986904494824
0.00043783426884358944,0.8537986904494824
0.0004380310680345101,0.8537986904494824
0.00043822795568338016,0.8537986904494824
0.0004384249318299598,0.8537986904494824
0.0004386219965140278,0.8537986904494824
0.00043881914977537934,0.8537986904494824
0.00043901639165382897,0.8537986904494824
0.0004392137221892085,0.8537986904494824
0.00043941114142136774,0.8537986904494824
0.0004396086493901749,0.8537986904494824
0.00043980624613551474,0.8537986904494824
0.0004400039316972912,0.8537986904494824
0.0004402017061154259,0.8537986904494824
0.0004403995694298582,0.8537986904494824
0.00044059752168054597,0.8537986904494824
0.0004407955629074637,0.8537986904494824
0.00044099369315060515,0.8537986904494824
0.0004411919124499816,0.8537986904494824
0.00044139022084562233,0.8537986904494824
0.00044158861837757514,0.8537986904494824
0.0004417871050859044,0.8537986904494824
0.0004419856810106938,0.8537986904494824
0.0004421843461920447,0.8537986904494824
0.0004423831006700764,0.8537986904494824
0.00044258194448492673,0.8537986904494824
0.0004427808776767502,0.8537986904494824
0.00044297990028572073,0.8537986904494824
0.0004431790123520298,0.8537986904494824
0.00044337821391588703,0.8537986904494824
0.0004435775050175205,0.8537986904494824
0.000443776885697175,0.8537986904494824
0.0004439763559951149,0.8537986904494824
0.00044417591595162205,0.8537986904494824
0.0004443755656069965,0.8537986904494824
0.00044457530500155684,0.8537986904494824
0.00044477513417563844,0.8537986904494824
0.0004449750531695962,0.8537986904494824
0.0004451750620238025,0.8537986904494824
0.0004453751607786482,0.8537986904494824
0.00044557534947454243,0.8537986904494824
0.00044577562815191143,0.8537986904494824
0.00044597599685120075,0.834337769000946
0.0004461764556128737,0.834337769000946
0.0004463770044774119,0.834337769000946
0.00044657764348531546,0.834337769000946
0.00044677837267710147,0.834337769000946
0.0004469791920933065,0.834337769000946
0.00044718010177448493,0.834337769000946
0.0004473811017612094,0.834337769000946
0.0004475821920940711,0.834337769000946
0.00044778337281367825,0.834337769000946
0.0004479846439606587,0.834337769000946
0.00044818600557565793,0.834337769000946
0.00044838745769933987,0.834337769000946
0.0004485890003723872,0.834337769000946
0.00044879063363549923,0.834337769000946
0.0004489923575293953,0.834337769000946
0.00044919417209481234,0.834337769000946
0.0004493960773725058,0.834337769000946
0.0004495980734032497,0.834337769000946
0.00044980016022783505,0.834337769000946
0.0004500023378870728,0.834337769000946
0.0004502046064217914,0.834337769000946
0.000450406965872838,0.834337769000946
0.0004506094162810785,0.834337769000946
0.0004508119576873955,0.834337769000946
0.00045101459013269175,0.834337769000946
0.00045121731365788765,0.834337769000946
0.0004514201283039222,0.834337769000946
0.00045162303411175304,0.834337769000946
0.000451826031122355,0.834337769000946
0.0004520291193767227,0.834337769000946
0.0004522322989158686,0.834337769000946
0.0004524355697808238,0.834337769000946
0.0004526389320126382,0.834337769000946
0.00045284238565237853,0.834337769000946
0.00045304593074113185,0.834337769000946
0.0004532495673200028,0.834337769000946
0.0004534532954301147,0.834337769000946
0.00045365711511260987,0.834337769000946
0.00045386102640864747,0.834337769000946
0.00045406502935940686,0.834337769000946
0.0004542691240060853,0.834337769000946
0.00045447331038989846,0.834337769000946
0.0004546775885520812,0.834337769000946
0.0004548819585338854,0.834337769000946
0.000455086420376583,0.834337769000946
0.0004552909741214638,0.834337769000946
0.0004554956198098364,0.834337769000946
0.0004557003574830283,0.834337769000946
0.0004559051871823842,0.834337769000946
0.0004561101089492688,0.834337769000946
0.0004563151228250649,0.834337769000946
0.00045652022885117393,0.834337769000946
0.0004567254270690164,0.834337769000946
0.00045693071752002997,0.834337769000946
0.0004571361002456724,0.834337769000946
0.00045734157528741964,0.834337769000946
0.00045754714268676615,0.834337769000946
0.0004577528024852257,0.834337769000946
0.00045795855472432914,0.834337769000946
0.00045816439944562745,0.834337769000946
0.0004583703366906899,0.834337769000946
0.00045857636650110435,0.834337769000946
0.0004587824889184778,0.834337769000946
0.0004589887039844346,0.834337769000946
0.00045919501174061935,0.834337769000946
0.00045940141222869455,0.834337769000946
0.0004596079054903418,0.834337769000946
0.0004598144915672617,0.834337769000946
0.0004600211705011721,0.834337769000946
0.0004602279423338113,0.834337769000946
0.00046043480710693566,0.834337769000946
0.0004606417648623204,0.834337769000946
0.00046084881564175995,0.834337769000946
0.0004610559594870661,0.834337769000946
0.0004612631964400709,0.834337769000946
0.00046147052654262467,0.834337769000946
0.00046167794983659666,0.834337769000946
0.00046188546636387524,0.834337769000946
0.00046209307616636635,0.834337769000946
0.00046230077928599605,0.834337769000946
0.0004625085757647089,0.834337769000946
0.0004627164656444682,0.834337769000946
0.0004629244489672566,0.834337769000946
0.0004631325257750743,0.834337769000946
0.00046334069610994174,0.834337769000946
0.00046354896001389774,0.834337769000946
0.000463757317529,0.834337769000946
0.00046396576869732573,0.834337769000946
0.00046417431356096943,0.834337769000946
0.00046438295216204615,0.834337769000946
0.0004645916845426893,0.834337769000946
0.0004648005107450512,0.834337769000946
0.0004650094308113036,0.834337769000946
0.0004652184447836358,0.834337769000946
0.0004654275527042575,0.834337769000946
0.00046563675461539693,0.834337769000946
0.00046584605055930117,0.834337769000946
0.000466055440578237,0.834337769000946
0.00046626492471448845,0.834337769000946
0.0004664745030103603,0.834337769000946
0.00046668417550817557,0.834337769000946
0.0004668939422502766,0.834337769000946
0.0004671038032790251,0.834337769000946
0.0004673137586368003,0.834337769000946
0.00046752380836600203,0.834337769000946
0.0004677339525090487,0.834337769000946
0.00046794419110837774,0.834337769000946
0.0004681545242064462,0.834337769000946
0.00046836495184572857,0.834337769000946
0.0004685754740687202,0.834337769000946
0.0004687860909179348,0.834337769000946
0.00046899680243590533,0.834337769000946
0.0004692076086651842,0.834337769000946
0.0004694185096483417,0.834337769000946
0.0004696295054279685,0.834337769000946
0.00046984059604667416,0.834337769000946
0.00047005178154708717,0.834337769000946
0.00047026306197185577,0.834337769000946
0.0004704744373636459,0.834337769000946
0.0004706859077651441,0.834337769000946
0.00047089747321905575,0.834337769000946
0.00047110913376810525,0.834337769000946
0.0004713208894550368,0.834337769000946
0.0004715327403226123,0.834337769000946
0.0004717446864136143,0.834337769000946
0.0004719567277708441,0.834337769000946
0.0004721688644371225,0.834337769000946
0.00047238109645528957,0.834337769000946
0.00047259342386820355,0.834337769000946
0.00047280584671874327,0.834337769000946
0.00047301836504980626,0.834337769000946
0.0004732309789043095,0.834337769000946
0.00047344368832518964,0.834337769000946
0.0004736564933554012,0.834337769000946
0.00047386939403791945,0.834337769000946
0.00047408239041573855,0.834337769000946
0.0004742954825318719,0.834337769000946
0.00047450867042935277,0.834337769000946
0.0004747219541512323,0.834337769000946
0.00047493533374058243,0.834337769000946
0.000475148809240494,0.834337769000946
0.00047536238069407723,0.834337769000946
0.0004755760481444622,0.834337769000946
0.00047578981163479676,0.834337769000946
0.00047600367120824986,0.834337769000946
0.00047621762690800925,0.834337769000946
0.00047643167877728214,0.834337769000946
0.0004766458268592955,0.834337769000946
0.00047686007119729444,0.834337769000946
0.0004770744118345449,0.834337769000946
0.0004772888488143318,0.834337769000946
0.00047750338217995944,0.834337769000946
0.0004777180119747522,0.834337769000946
0.0004779327382420524,0.834337769000946
0.00047814756102522324,0.834337769000946
0.00047836248036764754,0.834337769000946
0.0004785774963127256,0.834337769000946
0.0004787926089038807,0.834337769000946
0.000479007818184552,0.834337769000946
0.00047922312419820053,0.834337769000946
0.0004794385269883065,0.834337769000946
0.00047965402659836786,0.834337769000946
0.0004798696230719056,0.834337769000946
0.0004800853164524567,0.834337769000946
0.0004803011067835797,0.834337769000946
0.0004805169941088528,0.834337769000946
0.00048073297847187177,0.834337769000946
0.00048094905991625543,0.834337769000946
0.0004811652384856387,0.834337769000946
0.00048138151422367825,0.834337769000946
0.0004815978871740502,0.834337769000946
0.0004818143573804484,0.834337769000946
0.0004820309248865897,0.834337769000946
0.00048224758973620734,0.834337769000946
0.00048246435197305606,0.834337769000946
0.00048268121164091025,0.834337769000946
0.00048289816878356205,0.834337769000946
0.0004831152234448267,0.834337769000946
0.00048333237566853583,0.834337769000946
0.00048354962549854245,0.834337769000946
0.00048376697297871957,0.834337769000946
0.0004839844181529583,0.834337769000946
0.000484201961065171,0.834337769000946
0.0004844196017592892,0.834337769000946
0.00048463734027926424,0.834337769000946
0.00048485517666906774,0.834337769000946
0.00048507311097268957,0.834337769000946
0.0004852911432341408,0.834337769000946
0.00048550927349745186,0.834337769000946
0.000485727501806673,0.834337769000946
0.00048594582820587465,0.834337769000946
0.00048616425273914567,0.834337769000946
0.00048638277545059614,0.834337769000946
0.00048660139638435554,0.834337769000946
0.00048682011558457317,0.834337769000946
0.0004870389330954186,0.834337769000946
0.0004872578489610799,0.834337769000946
0.00048747686322576635,0.834337769000946
0.0004876959759337067,0.834337769000946
0.00048791518712914953,0.834337769000946
0.00048813449685636387,0.834337769000946
0.000488353905159637,0.834337769000946
0.0004885734120832778,0.834337769000946
0.0004887930176716146,0.834337769000946
0.0004890127219689953,0.834337769000946
0.0004892325250197885,0.834337769000946
0.0004894524268683813,0.834337769000946
0.0004896724275591822,0.834337769000946
0.000489892527136619,0.834337769000946
0.0004901127256451397,0.834337769000946
0.0004903330231292125,0.834337769000946
0.0004905534196333245,0.834337769000946
0.0004907739152019839,0.834337769000946
0.0004909945098797185,0.834337769000946
0.0004912152037110764,0.834337769000946
0.0004914359967406257,0.834337769000946
0.0004916568890129536,0.834337769000946
0.0004918778805726684,0.834337769000946
0.0004920989714643982,0.834337769000946
0.0004923201617327911,0.834337769000946
0.0004925414514225157,0.834337769000946
0.0004927628405782592,0.834337769000946
0.0004929843292447306,0.834337769000946
0.000493205917466658,0.834337769000946
0.0004934276052887901,0.834337769000946
0.000493649392755896,0.834337769000946
0.0004938712799127635,0.834337769000946
0.000494093266804202,0.834337769000946
0.0004943153534750404,0.834337769000946
0.0004945375399701279,0.834337769000946
0.0004947598263343345,0.834337769000946
0.0004949822126125485,0.834337769000946
0.0004952046988496801,0.834337769000946
0.0004954272850906593,0.834337769000946
0.000495649971380436,0.834337769000946
0.0004958727577639811,0.834337769000946
0.0004960956442862839,0.834337769000946
0.0004963186309923558,0.834337769000946
0.0004965417179272277,0.834337769000946
0.0004967649051359507,0.834337769000946
0.0004969881926635967,0.834337769000946
0.0004972115805552564,0.834337769000946
0.0004974350688560424,0.834337769000946
0.0004976586576110866,0.834337769000946
0.0004978823468655418,0.834337769000946
0.0004981061366645812,0.834337769000946
0.0004983300270533969,0.834337769000946
0.0004985540180772028,0.834337769000946
0.0004987781097812328,0.834337769000946
0.0004990023022107408,0.834337769000946
0.0004992265954110018,0.834337769000946
0.0004994509894273096,0.834337769000946
0.0004996754843049798,0.834337769000946
0.0004999000800893479,0.834337769000946
0.0005001247768257696,0.834337769000946
0.000500349574559622,0.834337769000946
0.0005005744733363005,0.834337769000946
0.0005007994732012228,0.834337769000946
0.0005010245741998263,0.834337769000946
0.000501249776377569,0.834337769000946
0.0005014750797799294,0.834337769000946
0.0005017004844524058,0.834337769000946
0.0005019259904405175,0.834337769000946
0.0005021515977898045,0.834337769000946
0.0005023773065458267,0.834337769000946
0.0005026031167541654,0.834337769000946
0.0005028290284604205,0.834337769000946
0.0005030550417102144,0.834337769000946
0.000503281156549189,0.834337769000946
0.0005035073730230072,0.834337769000946
0.0005037336911773524,0.834337769000946
0.0005039601110579274,0.834337769000946
0.0005041866327104569,0.834337769000946
0.0005044132561806858,0.834337769000946
0.0005046399815143794,0.834337769000946
0.0005048668087573241,0.834337769000946
0.0005050937379553254,0.834337769000946
0.0005053207691542109,0.834337769000946
0.0005055479023998283,0.834337769000946
0.000505775137738046,0.834337769000946
0.0005060024752147534,0.834337769000946
0.0005062299148758587,0.834337769000946
0.0005064574567672931,0.834337769000946
0.0005066851009350071,0.834337769000946
0.0005069128474249723,0.834337769000946
0.0005071406962831813,0.834337769000946
0.0005073686475556458,0.834337769000946
0.0005075967012884001,0.834337769000946
0.000507824857527498,0.834337769000946
0.0005080531163190148,0.834337769000946
0.0005082814777090463,0.834337769000946
0.000508509941743708,0.834337769000946
0.0005087385084691372,0.834337769000946
0.000508967177931492,0.834337769000946
0.0005091959501769506,0.834337769000946
0.0005094248252517132,0.834337769000946
0.0005096538032019984,0.834337769000946
0.0005098828840740479,0.834337769000946
0.0005101120679141231,0.834337769000946
0.0005103413547685064,0.834337769000946
0.0005105707446835017,0.834337769000946
0.0005108002377054319,0.834337769000946
0.0005110298338806424,0.834337769000946
0.0005112595332554987,0.834337769000946
0.0005114893358763875,0.834337769000946
0.0005117192417897166,0.834337769000946
0.0005119492510419133,0.834337769000946
0.000512179363679427,0.834337769000946
0.0005124095797487279,0.834337769000946
0.0005126398992963068,0.834337769000946
0.0005128703223686759,0.834337769000946
0.0005131008490123669,0.834337769000946
0.0005133314792739338,0.834337769000946
0.0005135622131999513,0.834337769000946
0.0005137930508370145,0.834337769000946
0.0005140239922317407,0.834337769000946
0.000514255037430766,0.834337769000946
0.0005144861864807491,0.834337769000946
0.0005147174394283695,0.834337769000946
0.0005149487963203274,0.834337769000946
0.0005151802572033444,0.834337769000946
0.000515411822124162,0.834337769000946
0.0005156434911295436,0.834337769000946
0.0005158752642662737,0.834337769000946
0.0005161071415811576,0.834337769000946
0.0005163391231210222,0.834337769000946
0.0005165712089327138,0.834337769000946
0.0005168033990631012,0.834337769000946
0.0005170356935590741,0.834337769000946
0.000517268092467543,0.834337769000946
0.0005175005958354403,0.834337769000946
0.0005177332037097174,0.834337769000946
0.000517965916137349,0.834337769000946
0.0005181987331653299,0.834337769000946
0.0005184316548406761,0.834337769000946
0.0005186646812104257,0.834337769000946
0.0005188978123216358,0.834337769000946
0.0005191310482213866,0.834337769000946
0.0005193643889567785,0.834337769000946
0.0005195978345749338,0.834337769000946
0.0005198313851229958,0.834337769000946
0.0005200650406481277,0.834337769000946
0.0005202988011975155,0.834337769000946
0.0005205326668183659,0.834337769000946
0.0005207666375579067,0.834337769000946
0.0005210007134633876,0.834337769000946
0.0005212348945820779,0.834337769000946
0.0005214691809612695,0.834337769000946
0.0005217035726482755,0.834337769000946
0.0005219380696904299,0.834337769000946
0.0005221726721350885,0.834337769000946
0.000522407380029627,0.834337769000946
0.0005226421934214439,0.834337769000946
0.0005228771123579585,0.834337769000946
0.0005231121368866113,0.834337769000946
0.0005233472670548647,0.834337769000946
0.0005235825029102011,0.834337769000946
0.0005238178445001253,0.834337769000946
0.0005240532918721634,0.834337769000946
0.0005242888450738627,0.834337769000946
0.0005245245041527924,0.834337769000946
0.0005247602691565414,0.834337769000946
0.0005249961401327217,0.834337769000946
0.0005252321171289663,0.834337769000946
0.0005254682001929293,0.834337769000946
0.0005257043893722867,0.834337769000946
0.0005259406847147349,0.834337769000946
0.0005261770862679928,0.834337769000946
0.0005264135940798003,0.834337769000946
0.000526650208197919,0.834337769000946
0.0005268869286701323,0.834337769000946
0.0005271237555442435,0.834337769000946
0.000527360688868079,0.834337769000946
0.0005275977286894862,0.834337769000946
0.000527834875056334,0.834337769000946
0.0005280721280165132,0.834337769000946
0.0005283094876179348,0.834337769000946
0.0005285469539085327,0.834337769000946
0.000528784526936262,0.834337769000946
0.0005290222067490992,0.834337769000946
0.000529259993395043,0.834337769000946
0.0005294978869221119,0.834337769000946
0.0005297358873783478,0.834337769000946
0.0005299739948118136,0.834337769000946
0.0005302122092705938,0.834337769000946
0.000530450530802795,0.834337769000946
0.0005306889594565437,0.834337769000946
0.00053092749527999,0.834337769000946
0.0005311661383213048,0.834337769000946
0.0005314048886286807,0.834337769000946
0.0005316437462503326,0.834337769000946
0.0005318827112344954,0.834337769000946
0.0005321217836294272,0.834337769000946
0.000532360963483408,0.834337769000946
0.0005326002508447372,0.834337769000946
0.0005328396457617397,0.834337769000946
0.0005330791482827582,0.834337769000946
0.0005333187584561598,0.834337769000946
0.0005335584763303328,0.834337769000946
0.0005337983019536852,0.834337769000946
0.0005340382353746507,0.834337769000946
0.0005342782766416809,0.834337769000946
0.0005345184258032514,0.834337769000946
0.0005347586829078594,0.834337769000946
0.000534999048004022,0.834337769000946
0.0005352395211402816,0.834337769000946
0.0005354801023651991,0.834337769000946
0.0005357207917273587,0.834337769000946
0.0005359615892753672,0.834337769000946
0.0005362024950578503,0.834337769000946
0.0005364435091234601,0.834337769000946
0.0005366846315208664,0.834337769000946
0.0005369258622987629,0.834337769000946
0.0005371672015058654,0.834337769000946
0.0005374086491909095,0.834337769000946
0.0005376502054026564,0.834337769000946
0.0005378918701898853,0.834337769000946
0.0005381336436013997,0.834337769000946
0.0005383755256860248,0.834337769000946
0.0005386175164926059,0.834337769000946
0.0005388596160700137,0.834337769000946
0.0005391018244671374,0.834337769000946
0.0005393441417328902,0.834337769000946
0.000539586567916207,0.834337769000946
0.0005398291030660437,0.834337769000946
0.0005400717472313792,0.834337769000946
0.0005403145004612143,0.834337769000946
0.0005405573628045716,0.834337769000946
0.0005408003343104965,0.834337769000946
0.0005410434150280544,0.834337769000946
0.0005412866050063348,0.834337769000946
0.0005415299042944487,0.834337769000946
0.0005417733129415288,0.834337769000946
0.0005420168309967307,0.834337769000946
0.0005422604585092306,0.834337769000946
0.0005425041955282282,0.834337769000946
0.0005427480421029447,0.834337769000946
0.0005429919982826238,0.834337769000946
0.0005432360641165315,0.834337769000946
0.0005434802396539546,0.834337769000946
0.0005437245249442033,0.834337769000946
0.0005439689200366098,0.834337769000946
0.0005442134249805284,0.834337769000946
0.0005444580398253359,0.834337769000946
0.00054470276462043,0.834337769000946
0.0005449475994152319,0.834337769000946
0.0005451925442591848,0.834337769000946
0.0005454375992017538,0.834337769000946
0.000545682764292427,0.834337769000946
0.000545928039580713,0.834337769000946
0.0005461734251161445,0.834337769000946
0.0005464189209482757,0.834337769000946
0.0005466645271266828,0.834337769000946
0.0005469102437009656,0.834337769000946
0.0005471560707207437,0.834337769000946
0.0005474020082356615,0.834337769000946
0.0005476480562953843,0.834337769000946
0.0005478942149496005,0.834337769000946
0.0005481404842480208,0.834337769000946
0.0005483868642403768,0.834337769000946
0.0005486333549764243,0.834337769000946
0.0005488799565059406,0.834337769000946
0.0005491266688787256,0.834337769000946
0.0005493734921446019,0.834337769000946
0.0005496204263534132,0.834337769000946
0.0005498674715550269,0.834337769000946
0.0005501146277993325,0.834337769000946
0.0005503618951362417,0.834337769000946
0.0005506092736156894,0.834337769000946
0.0005508567632876313,0.834337769000946
0.0005511043642020471,0.834337769000946
0.0005513520764089383,0.834337769000946
0.000551599899958329,0.834337769000946
0.0005518478349002666,0.834337769000946
0.0005520958812848188,0.834337769000946
0.0005523440391620778,0.834337769000946
0.000552592308582158,0.834337769000946
0.0005528406895951956,0.834337769000946
0.0005530891822513506,0.834337769000946
0.0005533377866008036,0.834337769000946
0.0005535865026937593,0.834337769000946
0.0005538353305804447,0.834337769000946
0.0005540842703111089,0.834337769000946
0.0005543333219360249,0.834337769000946
0.0005545824855054858,0.834337769000946
0.0005548317610698096,0.834337769000946
0.0005550811486793361,0.834337769000946
0.0005553306483844276,0.834337769000946
0.0005555802602354699,0.834337769000946
0.0005558299842828695,0.834337769000946
0.0005560798205770573,0.834337769000946
0.0005563297691684865,0.834337769000946
0.0005565798301076329,0.834337769000946
0.0005568300034449953,0.834337769000946
0.0005570802892310937,0.834337769000946
0.0005573306875164726,0.834337769000946
0.0005575811983516985,0.834337769000946
0.0005578318217873607,0.834337769000946
0.0005580825578740717,0.834337769000946
0.0005583334066624653,0.834337769000946
0.0005585843682031994,0.834337769000946
0.0005588354425469543,0.834337769000946
0.0005590866297444333,0.834337769000946
0.0005593379298463626,0.834337769000946
0.0005595893429034899,0.834337769000946
0.0005598408689665871,0.834337769000946
0.0005600925080864484,0.834337769000946
0.0005603442603138913,0.834337769000946
0.0005605961256997561,0.834337769000946
0.0005608481042949044,0.834337769000946
0.0005611001961502225,0.834337769000946
0.0005613524013166191,0.834337769000946
0.0005616047198450255,0.834337769000946
0.0005618571517863966,0.834337769000946
0.0005621096971917086,0.834337769000946
0.0005623623561119621,0.834337769000946
0.0005626151285981803,0.834337769000946
0.0005628680147014091,0.834337769000946
0.000563121014472718,0.834337769000946
0.0005633741279631979,0.834337769000946
0.0005636273552239641,0.834337769000946
0.0005638806963061544,0.834337769000946
0.0005641341512609298,0.834337769000946
0.0005643877201394746,0.834337769000946
0.0005646414029929945,0.834337769000946
0.0005648951998727199,0.834337769000946
0.0005651491108299037,0.834337769000946
0.0005654031359158218,0.834337769000946
0.0005656572751817738,0.834337769000946
0.0005659115286790804,0.834337769000946
0.0005661658964590875,0.834337769000946
0.000566420378573163,0.834337769000946
0.0005666749750726984,0.834337769000946
0.0005669296860091085,0.834337769000946
0.0005671845114338296,0.834337769000946
0.000567439451398323,0.834337769000946
0.0005676945059540721,0.834337769000946
0.0005679496751525841,0.834337769000946
0.0005682049590453895,0.834337769000946
0.0005684603576840402,0.834337769000946
0.0005687158711201131,0.834337769000946
0.0005689714994052079,0.834337769000946
0.0005692272425909472,0.834337769000946
0.0005694831007289775,0.834337769000946
0.0005697390738709668,0.834337769000946
0.0005699951620686081,0.834337769000946
0.0005702513653736168,0.834337769000946
0.0005705076838377319,0.834337769000946
0.0005707641175127161,0.834337769000946
0.0005710206664503536,0.834337769000946
0.0005712773307024535,0.834337769000946
0.0005715341103208478,0.834337769000946
0.0005717910053573916,0.834337769000946
0.0005720480158639642,0.834337769000946
0.0005723051418924663,0.834337769000946
0.0005725623834948233,0.834337769000946
0.0005728197407229843,0.834337769000946
0.0005730772136289206,0.834337769000946
0.0005733348022646284,0.834337769000946
0.0005735925066821249,0.834337769000946
0.0005738503269334528,0.834337769000946
0.0005741082630706775,0.834337769000946
0.0005743663151458877,0.834337769000946
0.0005746244832111961,0.834337769000946
0.0005748827673187373,0.834337769000946
0.0005751411675206708,0.8265424703125447
0.0005753996838691792,0.8265424703125447
0.0005756583164164683,0.8265424703125447
0.0005759170652147682,0.8265424703125447
0.0005761759303163305,0.8265424703125447
0.0005764349117734325,0.8265424703125447
0.0005766940096383736,0.8265424703125447
0.0005769532239634776,0.8265424703125447
0.0005772125548010917,0.8265424703125447
0.0005774720022035852,0.8265424703125447
0.0005777315662233528,0.8265424703125447
0.0005779912469128118,0.8265424703125447
0.0005782510443244035,0.8265424703125447
0.000578510958510593,0.8265424703125447
0.0005787709895238674,0.8265424703125447
0.0005790311374167392,0.8265424703125447
0.0005792914022417436,0.8265424703125447
0.0005795517840514397,0.8265424703125447
0.0005798122828984109,0.8265424703125447
0.0005800728988352623,0.8265424703125447
0.0005803336319146244,0.8265424703125447
0.0005805944821891507,0.8265424703125447
0.0005808554497115186,0.8265424703125447
0.0005811165345344295,0.8265424703125447
0.000581377736710607,0.8265424703125447
0.0005816390562928,0.8265424703125447
0.0005819004933337804,0.8265424703125447
0.0005821620478863442,0.8265424703125447
0.0005824237200033113,0.8265424703125447
0.0005826855097375238,0.8265424703125447
0.0005829474171418493,0.8265424703125447
0.0005832094422691784,0.8265424703125447
0.0005834715851724259,0.8265424703125447
0.0005837338459045306,0.8265424703125447
0.0005839962245184533,0.8265424703125447
0.0005842587210671806,0.8265424703125447
0.0005845213356037223,0.8265424703125447
0.0005847840681811117,0.8265424703125447
0.000585046918852407,0.8265424703125447
0.0005853098876706883,0.8265424703125447
0.000585572974689061,0.8265424703125447
0.0005858361799606543,0.8265424703125447
0.000586099503538621,0.8265424703125447
0.0005863629454761386,0.8265424703125447
0.0005866265058264062,0.8265424703125447
0.0005868901846426491,0.8265424703125447
0.0005871539819781159,0.8265424703125447
0.0005874178978860789,0.8265424703125447
0.0005876819324198351,0.8265424703125447
0.0005879460856327035,0.8265424703125447
0.0005882103575780292,0.8265424703125447
0.0005884747483091802,0.8265424703125447
0.000588739257879549,0.8265424703125447
0.0005890038863425521,0.8265424703125447
0.000589268633751629,0.8265424703125447
0.0005895335001602442,0.8265424703125447
0.0005897984856218862,0.8265424703125447
0.0005900635901900672,0.8265424703125447
0.0005903288139183244,0.8265424703125447
0.0005905941568602169,0.8265424703125447
0.0005908596190693299,0.8265424703125447
0.0005911252005992721,0.8265424703125447
0.000591390901503676,0.8265424703125447
0.0005916567218361992,0.8265424703125447
0.0005919226616505214,0.8265424703125447
0.0005921887210003483,0.8265424703125447
0.0005924548999394091,0.8265424703125447
0.0005927211985214571,0.8265424703125447
0.0005929876168002706,0.8265424703125447
0.0005932541548296498,0.8265424703125447
0.0005935208126634215,0.8265424703125447
0.0005937875903554362,0.8265424703125447
0.0005940544879595664,0.8265424703125447
0.000594321505529713,0.8265424703125447
0.000594588643119797,0.8265424703125447
0.0005948559007837658,0.8265424703125447
0.0005951232785755912,0.8265424703125447
0.0005953907765492671,0.8265424703125447
0.0005956583947588154,0.8265424703125447
0.0005959261332582784,0.8265424703125447
0.0005961939921017251,0.8265424703125447
0.0005964619713432484,0.8265424703125447
0.0005967300710369638,0.8265424703125447
0.0005969982912370148,0.8265424703125447
0.0005972666319975651,0.8265424703125447
0.0005975350933728054,0.8265424703125447
0.0005978036754169505,0.8265424703125447
0.0005980723781842372,0.8265424703125447
0.000598341201728931,0.8265424703125447
0.0005986101461053175,0.8265424703125447
0.0005988792113677091,0.8265424703125447
0.0005991483975704428,0.8265424703125447
0.0005994177047678773,0.8265424703125447
0.0005996871330144002,0.8265424703125447
0.0005999566823644191,0.8265424703125447
0.0006002263528723686,0.8265424703125447
0.0006004961445927081,0.8265424703125447
0.0006007660575799182,0.8265424703125447
0.0006010360918885093,0.8265424703125447
0.0006013062475730112,0.8265424703125447
0.0006015765246879809,0.8265424703125447
0.0006018469232880002,0.8265424703125447
0.0006021174434276732,0.8265424703125447
0.0006023880851616306,0.8265424703125447
0.0006026588485445271,0.8265424703125447
0.0006029297336310418,0.8265424703125447
0.0006032007404758789,0.8265424703125447
0.0006034718691337658,0.8265424703125447
0.0006037431196594559,0.8265424703125447
0.0006040144921077266,0.8265424703125447
0.0006042859865333802,0.8265424703125447
0.0006045576029912443,0.8265424703125447
0.0006048293415361688,0.8265424703125447
0.0006051012022230306,0.8265424703125447
0.0006053731851067303,0.8265424703125447
0.0006056452902421935,0.8265424703125447
0.0006059175176843708,0.8265424703125447
0.0006061898674882359,0.8265424703125447
0.0006064623397087889,0.8265424703125447
0.0006067349344010541,0.8265424703125447
0.0006070076516200805,0.8265424703125447
0.0006072804914209423,0.8265424703125447
0.000607553453858737,0.8265424703125447
0.0006078265389885882,0.8265424703125447
0.0006080997468656442,0.8265424703125447
0.0006083730775450776,0.8265424703125447
0.0006086465310820867,0.8265424703125447
0.0006089201075318928,0.8265424703125447
0.0006091938069497436,0.8265424703125447
0.0006094676293909113,0.8265424703125447
0.0006097415749106927,0.8265424703125447
0.0006100156435644104,0.8265424703125447
0.0006102898354074097,0.8265424703125447
0.0006105641504950627,0.8265424703125447
0.0006108385888827658,0.8265424703125447
0.0006111131506259405,0.8265424703125447
0.0006113878357800334,0.8265424703125447
0.0006116626444005145,0.8265424703125447
0.0006119375765428806,0.8265424703125447
0.0006122126322626526,0.8265424703125447
0.0006124878116153766,0.8265424703125447
0.000612763114656624,0.8265424703125447
0.0006130385414419895,0.8265424703125447
0.0006133140920270948,0.8265424703125447
0.0006135897664675858,0.8265424703125447
0.0006138655648191333,0.8265424703125447
0.0006141414871374338,0.8265424703125447
0.0006144175334782073,0.8265424703125447
0.0006146937038972003,0.8265424703125447
0.0006149699984501839,0.8265424703125447
0.0006152464171929542,0.8265424703125447
0.0006155229601813332,0.8265424703125447
0.0006157996274711657,0.8265424703125447
0.0006160764191183242,0.8265424703125447
0.0006163533351787048,0.8265424703125447
0.0006166303757082295,0.8265424703125447
0.0006169075407628455,0.8265424703125447
0.0006171848303985235,0.8265424703125447
0.0006174622446712615,0.8265424703125447
0.0006177397836370814,0.8265424703125447
0.000618017447352031,0.8265424703125447
0.0006182952358721833,0.8265424703125447
0.000618573149253635,0.8265424703125447
0.0006188511875525099,0.8265424703125447
0.0006191293508249562,0.8265424703125447
0.0006194076391271475,0.8265424703125447
0.000619686052515283,0.8265424703125447
0.0006199645910455857,0.8265424703125447
0.0006202432547743055,0.8265424703125447
0.000620522043757717,0.8265424703125447
0.0006208009580521201,0.8265424703125447
0.0006210799977138405,0.8265424703125447
0.0006213591627992277,0.8265424703125447
0.0006216384533646579,0.8265424703125447
0.0006219178694665325,0.8265424703125447
0.0006221974111612779,0.8265424703125447
0.0006224770785053466,0.8265424703125447
0.0006227568715552149,0.8265424703125447
0.0006230367903673857,0.8265424703125447
0.0006233168349983872,0.8265424703125447
0.000623597005504773,0.8265424703125447
0.0006238773019431224,0.8265424703125447
0.0006241577243700386,0.8265424703125447
0.000624438272842152,0.8265424703125447
0.0006247189474161177,0.8265424703125447
0.0006249997481486165,0.8265424703125447
0.0006252806750963551,0.8265424703125447
0.0006255617283160638,0.8265424703125447
0.0006258429078645005,0.8265424703125447
0.0006261242137984478,0.8265424703125447
0.000626405646174714,0.8265424703125447
0.0006266872050501334,0.8265424703125447
0.0006269688904815638,0.8265424703125447
0.0006272507025258907,0.8265424703125447
0.0006275326412400247,0.8265424703125447
0.0006278147066809016,0.8265424703125447
0.0006280968989054837,0.8265424703125447
0.0006283792179707567,0.8265424703125447
0.000628661663933734,0.8265424703125447
0.0006289442368514542,0.8265424703125447
0.0006292269367809813,0.8265424703125447
0.0006295097637794056,0.8265424703125447
0.0006297927179038411,0.8265424703125447
0.0006300757992114294,0.8265424703125447
0.0006303590077593374,0.8265424703125447
0.0006306423436047573,0.8265424703125447
0.000630925806804908,0.8265424703125447
0.000631209397417032,0.8265424703125447
0.0006314931154983995,0.8265424703125447
0.0006317769611063057,0.8265424703125447
0.0006320609342980717,0.8265424703125447
0.0006323450351310451,0.8265424703125447
0.000632629263662597,0.8265424703125447
0.0006329136199501265,0.8265424703125447
0.0006331981040510578,0.8265424703125447
0.0006334827160228409,0.8265424703125447
0.0006337674559229522,0.8265424703125447
0.0006340523238088921,0.8265424703125447
0.0006343373197381887,0.8265424703125447
0.0006346224437683955,0.8265424703125447
0.0006349076959570915,0.8265424703125447
0.0006351930763618826,0.8265424703125447
0.0006354785850403984,0.8265424703125447
0.0006357642220502964,0.8265424703125447
0.0006360499874492596,0.8265424703125447
0.0006363358812949966,0.8265424703125447
0.0006366219036452428,0.8265424703125447
0.0006369080545577574,0.8265424703125447
0.0006371943340903279,0.8265424703125447
0.0006374807423007666,0.8265424703125447
0.0006377672792469122,0.8265424703125447
0.0006380539449866298,0.8265424703125447
0.0006383407395778089,0.8265424703125447
0.0006386276630783663,0.8265424703125447
0.0006389147155462451,0.8265424703125447
0.0006392018970394135,0.8265424703125447
0.0006394892076158672,0.8265424703125447
0.0006397766473336256,0.8265424703125447
0.000640064216250736,0.8265424703125447
0.0006403519144252718,0.8265424703125447
0.0006406397419153315,0.8265424703125447
0.0006409276987790414,0.8265424703125447
0.0006412157850745512,0.8265424703125447
0.000641504000860039,0.8265424703125447
0.0006417923461937085,0.8265424703125447
0.0006420808211337895,0.8265424703125447
0.0006423694257385384,0.8265424703125447
0.000642658160066236,0.8265424703125447
0.0006429470241751914,0.8265424703125447
0.000643236018123739,0.8265424703125447
0.0006435251419702396,0.8265424703125447
0.0006438143957730807,0.8265424703125447
0.0006441037795906743,0.8265424703125447
0.0006443932934814604,0.8265424703125447
0.000644682937503905,0.8265424703125447
0.0006449727117164997,0.8265424703125447
0.0006452626161777637,0.8265424703125447
0.0006455526509462404,0.8265424703125447
0.000645842816080501,0.8265424703125447
0.0006461331116391431,0.8265424703125447
0.0006464235376807902,0.8265424703125447
0.0006467140942640928,0.8265424703125447
0.0006470047814477258,0.8265424703125447
0.0006472955992903928,0.8265424703125447
0.0006475865478508227,0.8265424703125447
0.0006478776271877708,0.8265424703125447
0.0006481688373600198,0.8265424703125447
0.0006484601784263768,0.8265424703125447
0.0006487516504456768,0.8265424703125447
0.0006490432534767813,0.8265424703125447
0.0006493349875785777,0.8265424703125447
0.0006496268528099809,0.8265424703125447
0.00064991884922993,0.8265424703125447
0.0006502109768973929,0.8265424703125447
0.0006505032358713629,0.8265424703125447
0.0006507956262108604,0.8265424703125447
0.0006510881479749324,0.8265424703125447
0.000651380801222651,0.8265424703125447
0.0006516735860131163,0.8265424703125447
0.0006519665024054547,0.8265424703125447
0.000652259550458819,0.8265424703125447
0.0006525527302323894,0.8265424703125447
0.0006528460417853704,0.8265424703125447
0.0006531394851769954,0.8265424703125447
0.0006534330604665239,0.8265424703125447
0.0006537267677132415,0.8265424703125447
0.0006540206069764614,0.8265424703125447
0.0006543145783155218,0.8265424703125447
0.000654608681789789,0.8265424703125447
0.0006549029174586556,0.8265424703125447
0.0006551972853815408,0.8265424703125447
0.0006554917856178914,0.8265424703125447
0.0006557864182271787,0.8265424703125447
0.0006560811832689027,0.8265424703125447
0.0006563760808025897,0.8265424703125447
0.0006566711108877926,0.8265424703125447
0.0006569662735840917,0.8265424703125447
0.0006572615689510922,0.8265424703125447
0.000657556997048428,0.8265424703125447
0.0006578525579357591,0.8265424703125447
0.0006581482516727725,0.8265424703125447
0.0006584440783191825,0.8265424703125447
0.0006587400379347284,0.8265424703125447
0.0006590361305791782,0.8265424703125447
0.0006593323563123261,0.8265424703125447
0.0006596287151939934,0.8265424703125447
0.0006599252072840288,0.8265424703125447
0.0006602218326423059,0.8265424703125447
0.000660518591328727,0.8265424703125447
0.0006608154834032218,0.8265424703125447
0.0006611125089257439,0.8265424703125447
0.0006614096679562787,0.8265424703125447
0.0006617069605548337,0.8265424703125447
0.0006620043867814462,0.8265424703125447
0.0006623019466961804,0.8265424703125447
0.000662599640359125,0.8265424703125447
0.0006628974678304004,0.8265424703125447
0.0006631954291701487,0.8265424703125447
0.0006634935244385427,0.8265424703125447
0.0006637917536957815,0.8265424703125447
0.000664090117002089,0.8265424703125447
0.0006643886144177206,0.8265424703125447
0.0006646872460029542,0.8265424703125447
0.0006649860118180974,0.8265424703125447
0.0006652849119234851,0.8265424703125447
0.0006655839463794765,0.8265424703125447
0.0006658831152464625,0.8265424703125447
0.0006661824185848566,0.8265424703125447
0.0006664818564551024,0.8265424703125447
0.0006667814289176701,0.8265424703125447
0.0006670811360330548,0.8265424703125447
0.0006673809778617833,0.8265424703125447
0.000667680954464405,0.8265424703125447
0.0006679810659014992,0.8265424703125447
0.0006682813122336726,0.8265424703125447
0.000668581693521556,0.8265424703125447
0.0006688822098258125,0.8265424703125447
0.0006691828612071278,0.8265424703125447
0.0006694836477262173,0.8265424703125447
0.000669784569443824,0.8265424703125447
0.0006700856264207159,0.8265424703125447
0.0006703868187176905,0.8265424703125447
0.0006706881463955719,0.8265424703125447
0.0006709896095152116,0.8265424703125447
0.0006712912081374892,0.8265424703125447
0.0006715929423233093,0.8265424703125447
0.0006718948121336062,0.8265424703125447
0.0006721968176293408,0.8265424703125447
0.0006724989588715015,0.8265424703125447
0.0006728012359211047,0.8265424703125447
0.0006731036488391923,0.8265424703125447
0.0006734061976868355,0.8265424703125447
0.0006737088825251325,0.8265424703125447
0.0006740117034152085,0.8265424703125447
0.0006743146604182176,0.8265424703125447
0.0006746177535953387,0.8265424703125447
0.0006749209830077804,0.8265424703125447
0.0006752243487167784,0.8265424703125447
0.0006755278507835957,0.8265424703125447
0.0006758314892695233,0.8265424703125447
0.0006761352642358782,0.8265424703125447
0.0006764391757440067,0.8265424703125447
0.000676743223855282,0.8265424703125447
0.0006770474086311049,0.8265424703125447
0.0006773517301329047,0.8265424703125447
0.0006776561884221359,0.8265424703125447
0.0006779607835602829,0.8265424703125447
0.000678265515608857,0.8265424703125447
0.0006785703846293971,0.8265424703125447
0.0006788753906834706,0.8265424703125447
0.0006791805338326703,0.8265424703125447
0.0006794858141386189,0.8265424703125447
0.0006797912316629662,0.8265424703125447
0.0006800967864673893,0.8265424703125447
0.0006804024786135943,0.8265424703125447
0.0006807083081633124,0.8265424703125447
0.000681014275178305,0.8265424703125447
0.0006813203797203605,0.8265424703125447
0.0006816266218512949,0.8265424703125447
0.0006819330016329528,0.8265424703125447
0.0006822395191272046,0.8265424703125447
0.0006825461743959505,0.8265424703125447
0.0006828529675011177,0.8265424703125447
0.0006831598985046615,0.8265424703125447
0.0006834669674685656,0.8265424703125447
0.0006837741744548394,0.8265424703125447
0.0006840815195255224,0.8265424703125447
0.0006843890027426814,0.8265424703125447
0.0006846966241684107,0.8265424703125447
0.0006850043838648334,0.8265424703125447
0.0006853122818940988,0.8265424703125447
0.0006856203183183855,0.8265424703125447
0.0006859284931999,0.8265424703125447
0.0006862368066008765,0.8265424703125447
0.0006865452585835777,0.8265424703125447
0.0006868538492102927,0.8265424703125447
0.00068716257854334,0.8265424703125447
0.000687471446645066,0.8265424703125447
0.0006877804535778449,0.8265424703125447
0.0006880895994040797,0.8265424703125447
0.000688398884186199,0.8265424703125447
0.0006887083079866621,0.8265424703125447
0.0006890178708679553,0.8265424703125447
0.0006893275728925933,0.8265424703125447
0.0006896374141231193,0.8265424703125447
0.0006899473946221025,0.8265424703125447
0.0006902575144521425,0.8265424703125447
0.0006905677736758663,0.8265424703125447
0.0006908781723559292,0.8265424703125447
0.000691188710555015,0.8265424703125447
0.0006914993883358339,0.8265424703125447
0.0006918102057611261,0.8265424703125447
0.0006921211628936596,0.8265424703125447
0.0006924322597962303,0.8265424703125447
0.0006927434965316633,0.8265424703125447
0.0006930548731628099,0.8265424703125447
0.0006933663897525514,0.8265424703125447
0.0006936780463637968,0.8265424703125447
0.0006939898430594836,0.8265424703125447
0.000694301779902578,0.8265424703125447
0.0006946138569560725,0.8265424703125447
0.0006949260742829901,0.8265424703125447
0.0006952384319463814,0.8265424703125447
0.0006955509300093252,0.8265424703125447
0.0006958635685349295,0.8265424703125447
0.0006961763475863285,0.8265424703125447
0.000696489267226687,0.8265424703125447
0.0006968023275191971,0.8265424703125447
0.00069711552852708,0.8265424703125447
0.0006974288703135854,0.8265424703125447
0.0006977423529419894,0.8265424703125447
0.000698055976475599,0.8265424703125447
0.0006983697409777487,0.8265424703125447
0.0006986836465118014,0.8265424703125447
0.0006989976931411493,0.8265424703125447
0.0006993118809292112,0.8265424703125447
0.000699626209939436,0.8265424703125447
0.0006999406802353008,0.8265424703125447
0.0007002552918803113,0.8265424703125447
0.000700570044938002,0.8265424703125447
0.0007008849394719343,0.8265424703125447
0.0007011999755457,0.8265424703125447
0.000701515153222919,0.8265424703125447
0.0007018304725672398,0.8265424703125447
0.0007021459336423399,0.8265424703125447
0.0007024615365119235,0.8265424703125447
0.0007027772812397257,0.8265424703125447
0.0007030931678895092,0.8265424703125447
0.0007034091965250658,0.8265424703125447
0.0007037253672102162,0.8265424703125447
0.0007040416800088081,0.8265424703125447
0.0007043581349847198,0.8265424703125447
0.0007046747322018576,0.8265424703125447
0.0007049914717241565,0.8265424703125447
0.000705308353615581,0.8265424703125447
0.0007056253779401222,0.8265424703125447
0.0007059425447618024,0.8265424703125447
0.0007062598541446713,0.8265424703125447
0.000706577306152808,0.8265424703125447
0.0007068949008503208,0.8265424703125447
0.0007072126383013449,0.8265424703125447
0.000707530518570046,0.8265424703125447
0.0007078485417206186,0.8265424703125447
0.0007081667078172857,0.8265424703125447
0.0007084850169242998,0.8059576600937232
0.0007088034691059401,0.8059576600937232
0.0007091220644265171,0.8059576600937232
0.0007094408029503695,0.8059576600937232
0.0007097596847418646,0.8059576600937232
0.0007100787098653995,0.8059576600937232
0.0007103978783853983,0.8059576600937232
0.0007107171903663158,0.8059576600937232
0.0007110366458726355,0.8059576600937232
0.0007113562449688695,0.8059576600937232
0.00071167598771956,0.8059576600937232
0.0007119958741892756,0.8059576600937232
0.0007123159044426165,0.8059576600937232
0.0007126360785442111,0.8059576600937232
0.0007129563965587165,0.8059576600937232
0.0007132768585508201,0.8059576600937232
0.0007135974645852358,0.8059576600937232
0.0007139182147267091,0.8059576600937232
0.0007142391090400138,0.8059576600937232
0.0007145601475899523,0.8059576600937232
0.0007148813304413579,0.8059576600937232
0.0007152026576590898,0.8059576600937232
0.000715524129308039,0.8059576600937232
0.0007158457454531251,0.8059576600937232
0.0007161675061592967,0.8059576600937232
0.0007164894114915322,0.8059576600937232
0.0007168114615148371,0.8059576600937232
0.0007171336562942486,0.8059576600937232
0.0007174559958948319,0.8059576600937232
0.0007177784803816818,0.8059576600937232
0.000718101109819923,0.8059576600937232
0.0007184238842747071,0.8059576600937232
0.0007187468038112176,0.8059576600937232
0.0007190698684946662,0.8059576600937232
0.0007193930783902941,0.8059576600937232
0.0007197164335633723,0.8059576600937232
0.0007200399340791992,0.8059576600937232
0.0007203635800031048,0.8059576600937232
0.0007206873714004474,0.8059576600937232
0.0007210113083366151,0.8059576600937232
0.0007213353908770257,0.8059576600937232
0.0007216596190871245,0.8059576600937232
0.0007219839930323883,0.8059576600937232
0.0007223085127783227,0.8059576600937232
0.0007226331783904625,0.8059576600937232
0.0007229579899343731,0.8059576600937232
0.0007232829474756468,0.8059576600937232
0.0007236080510799076,0.8059576600937232
0.0007239333008128085,0.8059576600937232
0.0007242586967400319,0.8059576600937232
0.0007245842389272903,0.8059576600937232
0.0007249099274403239,0.8059576600937232
0.0007252357623449042,0.8059576600937232
0.0007255617437068319,0.8059576600937232
0.0007258878715919371,0.8059576600937232
0.0007262141460660802,0.8059576600937232
0.000726540567195149,0.8059576600937232
0.0007268671350450634,0.8059576600937232
0.0007271938496817719,0.8059576600937232
0.0007275207111712526,0.8059576600937232
0.0007278477195795141,0.8059576600937232
0.0007281748749725926,0.8059576600937232
0.0007285021774165559,0.8059576600937232
0.000728829626977501,0.8059576600937232
0.0007291572237215545,0.8059576600937232
0.0007294849677148736,0.8059576600937232
0.0007298128590236427,0.8059576600937232
0.0007301408977140785,0.8059576600937232
0.0007304690838524267,0.8059576600937232
0.0007307974175049625,0.8059576600937232
0.0007311258987379919,0.8059576600937232
0.0007314545276178483,0.8059576600937232
0.0007317833042108973,0.8059576600937232
0.0007321122285835334,0.8059576600937232
0.0007324413008021812,0.8059576600937232
0.0007327705209332957,0.8059576600937232
0.0007330998890433597,0.8059576600937232
0.0007334294051988877,0.8059576600937232
0.0007337590694664241,0.8059576600937232
0.0007340888819125424,0.8059576600937232
0.0007344188426038473,0.8059576600937232
0.0007347489516069711,0.8059576600937232
0.000735079208988578,0.8059576600937232
0.0007354096148153619,0.8059576600937232
0.0007357401691540464,0.8059576600937232
0.0007360708720713857,0.8059576600937232
0.0007364017236341622,0.8059576600937232
0.0007367327239091899,0.8059576600937232
0.0007370638729633135,0.8059576600937232
0.0007373951708634045,0.8059576600937232
0.0007377266176763695,0.8059576600937232
0.0007380582134691404,0.8059576600937232
0.0007383899583086814,0.8059576600937232
0.0007387218522619877,0.8059576600937232
0.000739053895396081,0.8059576600937232
0.0007393860877780187,0.8059576600937232
0.0007397184294748828,0.8059576600937232
0.0007400509205537888,0.8059576600937232
0.0007403835610818821,0.8059576600937232
0.0007407163511263352,0.8059576600937232
0.0007410492907543565,0.8059576600937232
0.0007413823800331788,0.8059576600937232
0.0007417156190300686,0.8059576600937232
0.0007420490078123223,0.8059576600937232
0.0007423825464472637,0.8059576600937232
0.0007427162350022521,0.8059576600937232
0.0007430500735446717,0.8059576600937232
0.0007433840621419403,0.8059576600937232
0.0007437182008615057,0.8059576600937232
0.000744052489770843,0.8059576600937232
0.0007443869289374631,0.8059576600937232
0.0007447215184289019,0.8059576600937232
0.0007450562583127285,0.8059576600937232
0.0007453911486565429,0.8059576600937232
0.0007457261895279716,0.8059576600937232
0.0007460613809946777,0.8059576600937232
0.0007463967231243486,0.8059576600937232
0.0007467322159847059,0.8059576600937232
0.0007470678596435009,0.8059576600937232
0.0007474036541685138,0.8059576600937232
0.0007477395996275572,0.8059576600937232
0.0007480756960884732,0.8059576600937232
0.0007484119436191348,0.8059576600937232
0.0007487483422874459,0.8059576600937232
0.0007490848921613391,0.8059576600937232
0.0007494215933087793,0.8059576600937232
0.0007497584457977616,0.8059576600937232
0.0007500954496963113,0.8059576600937232
0.0007504326050724854,0.8059576600937232
0.000750769911994369,0.8059576600937232
0.0007511073705300801,0.8059576600937232
0.0007514449807477667,0.8059576600937232
0.0007517827427156071,0.8059576600937232
0.0007521206565018115,0.8059576600937232
0.0007524587221746179,0.8059576600937232
0.0007527969398022976,0.8059576600937232
0.0007531353094531521,0.8059576600937232
0.0007534738311955129,0.8059576600937232
0.0007538125050977434,0.8059576600937232
0.0007541513312282357,0.8059576600937232
0.0007544903096554143,0.8059576600937232
0.0007548294404477341,0.8059576600937232
0.0007551687236736808,0.8059576600937232
0.0007555081594017714,0.8059576600937232
0.0007558477477005517,0.8059576600937232
0.0007561874886386001,0.8059576600937232
0.0007565273822845259,0.8059576600937232
0.0007568674287069683,0.8059576600937232
0.0007572076279745987,0.8059576600937232
0.0007575479801561171,0.8059576600937232
0.0007578884853202563,0.8059576600937232
0.0007582291435357794,0.8059576600937232
0.0007585699548714807,0.8059576600937232
0.0007589109193961856,0.8059576600937232
0.0007592520371787488,0.8059576600937232
0.0007595933082880577,0.8059576600937232
0.00075993473279303,0.8059576600937232
0.0007602763107626148,0.8059576600937232
0.0007606180422657924,0.8059576600937232
0.0007609599273715723,0.8059576600937232
0.0007613019661489968,0.8059576600937232
0.0007616441586671388,0.8059576600937232
0.0007619865049951024,0.8059576600937232
0.000762329005202023,0.8059576600937232
0.0007626716593570653,0.8059576600937232
0.0007630144675294271,0.8059576600937232
0.0007633574297883365,0.8059576600937232
0.0007637005462030531,0.8059576600937232
0.000764043816842868,0.8059576600937232
0.0007643872417771012,0.8059576600937232
0.0007647308210751063,0.8059576600937232
0.0007650745548062671,0.8059576600937232
0.000765418443039999,0.8059576600937232
0.000765762485845749,0.8059576600937232
0.000766106683292993,0.8059576600937232
0.0007664510354512404,0.8059576600937232
0.0007667955423900316,0.8059576600937232
0.0007671402041789376,0.8059576600937232
0.0007674850208875617,0.8059576600937232
0.0007678299925855363,0.8059576600937232
0.0007681751193425272,0.8059576600937232
0.0007685204012282309,0.8059576600937232
0.0007688658383123753,0.8059576600937232
0.00076921143066472,0.8059576600937232
0.0007695571783550542,0.8059576600937232
0.0007699030814532001,0.8059576600937232
0.0007702491400290114,0.8059576600937232
0.0007705953541523724,0.8059576600937232
0.0007709417238932,0.8059576600937232
0.0007712882493214401,0.8059576600937232
0.0007716349305070723,0.8059576600937232
0.0007719817675201071,0.8059576600937232
0.0007723287604305861,0.8059576600937232
0.0007726759093085835,0.8059576600937232
0.0007730232142242026,0.8059576600937232
0.0007733706752475804,0.8059576600937232
0.0007737182924488847,0.8059576600937232
0.0007740660658983149,0.8059576600937232
0.0007744139956661028,0.8059576600937232
0.0007747620818225092,0.8059576600937232
0.000775110324437829,0.8059576600937232
0.0007754587235823878,0.8059576600937232
0.000775807279326543,0.8059576600937232
0.0007761559917406843,0.8059576600937232
0.0007765048608952306,0.8059576600937232
0.0007768538868606347,0.8059576600937232
0.0007772030697073808,0.8059576600937232
0.0007775524095059843,0.8059576600937232
0.0007779019063269932,0.8059576600937232
0.0007782515602409848,0.8059576600937232
0.0007786013713185707,0.8059576600937232
0.0007789513396303933,0.8059576600937232
0.0007793014652471267,0.8059576600937232
0.0007796517482394776,0.8059576600937232
0.0007800021886781821,0.8059576600937232
0.0007803527866340107,0.8059576600937232
0.0007807035421777646,0.8059576600937232
0.0007810544553802769,0.8059576600937232
0.0007814055263124133,0.8059576600937232
0.0007817567550450692,0.8059576600937232
0.000782108141649174,0.8059576600937232
0.0007824596861956884,0.8059576600937232
0.0007828113887556048,0.8059576600937232
0.0007831632493999483,0.8059576600937232
0.0007835152681997737,0.8059576600937232
0.00078386744522617,0.8059576600937232
0.0007842197805502574,0.8059576600937232
0.0007845722742431883,0.8059576600937232
0.0007849249263761472,0.8059576600937232
0.0007852777370203491,0.8059576600937232
0.0007856307062470426,0.8059576600937232
0.000785983834127508,0.8059576600937232
0.0007863371207330577,0.8059576600937232
0.0007866905661350366,0.8059576600937232
0.0007870441704048194,0.8059576600937232
0.0007873979336138154,0.8059576600937232
0.0007877518558334651,0.8059576600937232
0.0007881059371352413,0.8059576600937232
0.0007884601775906493,0.8059576600937232
0.0007888145772712244,0.8059576600937232
0.0007891691362485367,0.8059576600937232
0.0007895238545941873,0.8059576600937232
0.0007898787323798095,0.8059576600937232
0.0007902337696770698,0.8059576600937232
0.0007905889665576645,0.8059576600937232
0.0007909443230933243,0.8059576600937232
0.0007912998393558115,0.8059576600937232
0.0007916555154169207,0.8059576600937232
0.0007920113513484795,0.8059576600937232
0.0007923673472223454,0.8059576600937232
0.0007927235031104105,0.8059576600937232
0.0007930798190845987,0.8059576600937232
0.0007934362952168659,0.8059576600937232
0.0007937929315792013,0.8059576600937232
0.0007941497282436241,0.8059576600937232
0.0007945066852821881,0.8059576600937232
0.0007948638027669789,0.8059576600937232
0.0007952210807701144,0.8059576600937232
0.0007955785193637456,0.8059576600937232
0.0007959361186200537,0.8059576600937232
0.0007962938786112548,0.8059576600937232
0.0007966517994095964,0.8059576600937232
0.0007970098810873587,0.8059576600937232
0.0007973681237168551,0.8059576600937232
0.0007977265273704291,0.8059576600937232
0.0007980850921204592,0.8059576600937232
0.0007984438180393555,0.8059576600937232
0.0007988027051995607,0.8059576600937232
0.0007991617536735508,0.8059576600937232
0.0007995209635338323,0.8059576600937232
0.0007998803348529463,0.8059576600937232
0.0008002398677034657,0.8059576600937232
0.0008005995621579964,0.8059576600937232
0.0008009594182891775,0.8059576600937232
0.0008013194361696782,0.8059576600937232
0.000801679615872203,0.8059576600937232
0.0008020399574694881,0.8059576600937232
0.0008024004610343026,0.8059576600937232
0.0008027611266394491,0.8059576600937232
0.0008031219543577602,0.8059576600937232
0.000803482944262104,0.8059576600937232
0.0008038440964253803,0.8059576600937232
0.0008042054109205219,0.8059576600937232
0.000804566887820495,0.8059576600937232
0.0008049285271982963,0.8059576600937232
0.0008052903291269576,0.8059576600937232
0.0008056522936795429,0.8059576600937232
0.0008060144209291488,0.8059576600937232
0.0008063767109489059,0.8059576600937232
0.0008067391638119748,0.8059576600937232
0.0008071017795915519,0.8059576600937232
0.0008074645583608652,0.8059576600937232
0.000807827500193176,0.8059576600937232
0.0008081906051617793,0.8059576600937232
0.0008085538733400004,0.8059576600937232
0.0008089173048012,0.8059576600937232
0.0008092808996187714,0.8059576600937232
0.0008096446578661402,0.8059576600937232
0.0008100085796167664,0.8059576600937232
0.0008103726649441403,0.8059576600937232
0.0008107369139217877,0.8059576600937232
0.0008111013266232667,0.8059576600937232
0.0008114659031221683,0.8059576600937232
0.0008118306434921178,0.8059576600937232
0.0008121955478067706,0.8059576600937232
0.0008125606161398181,0.8059576600937232
0.0008129258485649837,0.8059576600937232
0.0008132912451560241,0.8059576600937232
0.00081365680598673,0.8059576600937232
0.0008140225311309227,0.8059576600937232
0.0008143884206624592,0.8059576600937232
0.0008147544746552289,0.8059576600937232
0.0008151206931831542,0.8059576600937232
0.000815487076320192,0.8059576600937232
0.0008158536241403294,0.8059576600937232
0.0008162203367175899,0.8059576600937232
0.0008165872141260288,0.8059576600937232
0.000816954256439735,0.8059576600937232
0.0008173214637328314,0.8059576600937232
0.000817688836079472,0.8059576600937232
0.0008180563735538464,0.8059576600937232
0.0008184240762301768,0.8059576600937232
0.0008187919441827187,0.8059576600937232
0.0008191599774857617,0.8059576600937232
0.0008195281762136265,0.8059576600937232
0.0008198965404406696,0.8059576600937232
0.0008202650702412803,0.8059576600937232
0.0008206337656898808,0.8059576600937232
0.0008210026268609283,0.8059576600937232
0.0008213716538289105,0.8059576600937232
0.0008217408466683509,0.8059576600937232
0.0008221102054538073,0.8059576600937232
0.0008224797302598667,0.8059576600937232
0.0008228494211611561,0.8059576600937232
0.0008232192782323302,0.8059576600937232
0.0008235893015480801,0.8059576600937232
0.000823959491183131,0.8059576600937232
0.0008243298472122381,0.8059576600937232
0.0008247003697101961,0.8059576600937232
0.0008250710587518274,0.8059576600937232
0.0008254419144119915,0.8059576600937232
0.0008258129367655815,0.8059576600937232
0.0008261841258875208,0.8059576600937232
0.0008265554818527722,0.8059576600937232
0.0008269270047363267,0.8059576600937232
0.0008272986946132119,0.8059576600937232
0.0008276705515584894,0.8059576600937232
0.0008280425756472513,0.8059576600937232
0.000828414766954629,0.8059576600937232
0.000828787125555782,0.8059576600937232
0.0008291596515259069,0.8059576600937232
0.000829532344940234,0.8059576600937232
0.0008299052058740245,0.8059576600937232
0.0008302782344025785,0.8059576600937232
0.0008306514306012248,0.8059576600937232
0.000831024794545329,0.8059576600937232
0.000831398326310291,0.8059576600937232
0.0008317720259715415,0.8059576600937232
0.000832145893604548,0.8059576600937232
0.000832519929284811,0.8059576600937232
0.000832894133087865,0.8059576600937232
0.0008332685050892791,0.8059576600937232
0.0008336430453646541,0.8059576600937232
0.0008340177539896271,0.8059576600937232
0.0008343926310398685,0.8059576600937232
0.0008347676765910826,0.8059576600937232
0.0008351428907190085,0.8059576600937232
0.0008355182734994172,0.8059576600937232
0.0008358938250081158,0.8059576600937232
0.0008362695453209449,0.8059576600937232
0.0008366454345137792,0.8059576600937232
0.0008370214926625283,0.8059576600937232
0.0008373977198431332,0.8059576600937232
0.0008377741161315718,0.8059576600937232
0.0008381506816038554,0.8059576600937232
0.0008385274163360291,0.8059576600937232
0.0008389043204041735,0.8059576600937232
0.0008392813938844003,0.8059576600937232
0.0008396586368528585,0.8059576600937232
0.00084003604938573,0.8059576600937232
0.0008404136315592314,0.8059576600937232
0.0008407913834496141,0.8059576600937232
0.0008411693051331612,0.8059576600937232
0.0008415473966861929,0.8059576600937232
0.0008419256581850625,0.8059576600937232
0.000842304089706158,0.8059576600937232
0.0008426826913259023,0.8059576600937232
0.0008430614631207503,0.8059576600937232
0.0008434404051671936,0.8059576600937232
0.0008438195175417575,0.8059576600937232
0.0008441988003210016,0.8059576600937232
0.000844578253581521,0.8059576600937232
0.0008449578773999422,0.8059576600937232
0.0008453376718529292,0.8059576600937232
0.0008457176370171793,0.8059576600937232
0.0008460977729694243,0.8059576600937232
0.0008464780797864315,0.8059576600937232
0.000846858557545,0.8059576600937232
0.0008472392063219661,0.8059576600937232
0.0008476200261941996,0.8059576600937232
0.000848001017238605,0.8059576600937232
0.0008483821795321223,0.8059576600937232
0.0008487635131517233,0.8059576600937232
0.0008491450181744171,0.8059576600937232
0.0008495266946772465,0.8059576600937232
0.0008499085427372889,0.8059576600937232
0.0008502905624316574,0.8059576600937232
0.000850672753837497,0.8059576600937232
0.00085105511703199,0.8059576600937232
0.0008514376520923524,0.8059576600937232
0.0008518203590958352,0.8059576600937232
0.0008522032381197247,0.8059576600937232
0.0008525862892413397,0.8059576600937232
0.0008529695125380359,0.8059576600937232
0.000853352908087203,0.8059576600937232
0.000853736475966266,0.8059576600937232
0.0008541202162526849,0.8059576600937232
0.0008545041290239523,0.8059576600937232
0.000854888214357598,0.8059576600937232
0.000855272472331186,0.8059576600937232
0.0008556569030223151,0.8059576600937232
0.0008560415065086198,0.8059576600937232
0.0008564262828677668,0.8059576600937232
0.0008568112321774606,0.8059576600937232
0.0008571963545154394,0.8059576600937232
0.0008575816499594767,0.8059576600937232
0.0008579671185873816,0.8059576600937232
0.0008583527604769956,0.8059576600937232
0.0008587385757061976,0.8059576600937232
0.0008591245643529012,0.8059576600937232
0.0008595107264950545,0.8059576600937232
0.0008598970622106418,0.8059576600937232
0.0008602835715776795,0.8059576600937232
0.0008606702546742219,0.8059576600937232
0.0008610571115783578,0.8059576600937232
0.0008614441423682106,0.8059576600937232
0.0008618313471219399,0.8059576600937232
0.0008622187259177379,0.8059576600937232
0.0008626062788338344,0.8059576600937232
0.0008629940059484935,0.8059576600937232
0.0008633819073400147,0.8059576600937232
0.0008637699830867333,0.8059576600937232
0.0008641582332670174,0.8059576600937232
0.0008645466579592728,0.8059576600937232
0.0008649352572419397,0.8059576600937232
0.0008653240311934935,0.8059576600937232
0.0008657129798924461,0.8059576600937232
0.0008661021034173414,0.8059576600937232
0.0008664914018467619,0.8059576600937232
0.0008668808752593241,0.8059576600937232
0.0008672705237336801,0.8059576600937232
0.0008676603473485181,0.8059576600937232
0.0008680503461825591,0.8059576600937232
0.000868440520314562,0.8059576600937232
0.0008688308698233204,0.8059576600937232
0.0008692213947876631,0.8059576600937232
0.0008696120952864555,0.8059576600937232
0.0008700029713985954,0.8059576600937232
0.0008703940232030193,0.8059576600937232
0.0008707852507786976,0.8059576600937232
0.0008711766542046367,0.8059576600937232
0.0008715682335598793,0.8059576600937232
0.0008719599889235009,0.8059576600937232
0.000872351920374615,0.8059576600937232
0.0008727440279923702,0.8059576600937232
0.0008731363118559505,0.8059576600937232
0.0008735287720445762,0.8059576600937232
0.0008739214086375006,0.8059576600937232
0.0008743142217140157,0.8059576600937232
0.0008747072113534476,0.8059576600937232
0.0008751003776351586,0.8059576600937232
0.0008754937206385473,0.8059576600937232
0.0008758872404430452,0.8059576600937232
0.0008762809371281225,0.8059576600937232
0.000876674810773284,0.8059576600937232
0.0008770688614580704,0.8059576600937232
0.0008774630892620589,0.8059576600937232
0.0008778574942648597,0.8059576600937232
0.0008782520765461218,0.8059576600937232
0.0008786468361855288,0.8059576600937232
0.0008790417732628003,0.8059576600937232
0.0008794368878576924,0.8059576600937232
0.0008798321800499945,0.8059576600937232
0.0008802276499195349,0.8059576600937232
0.0008806232975461763,0.8059576600937232
0.0008810191230098174,0.8059576600937232
0.0008814151263903942,0.8059576600937232
0.0008818113077678753,0.8059576600937232
0.0008822076672222685,0.8059576600937232
0.0008826042048336162,0.8059576600937232
0.000883000920681997,0.8059576600937232
0.0008833978148475264,0.8059576600937232
0.0008837948874103532,0.8059576600937232
0.0008841921384506649,0.8059576600937232
0.0008845895680486841,0.8059576600937232
0.0008849871762846695,0.8059576600937232
0.000885384963238917,0.8059576600937232
0.0008857829289917554,0.8059576600937232
0.0008861810736235527,0.8059576600937232
0.0008865793972147119,0.8059576600937232
0.0008869778998456724,0.8059576600937232
0.0008873765815969104,0.8059576600937232
0.0008877754425489358,0.8059576600937232
0.000888174482782297,0.8059576600937232
0.0008885737023775782,0.8059576600937232
0.0008889731014153996,0.8059576600937232
0.0008893726799764183,0.8059576600937232
0.0008897724381413255,0.8059576600937232
0.0008901723759908507,0.8059576600937232
0.0008905724936057593,0.8059576600937232
0.0008909727910668529,0.8059576600937232
0.0008913732684549703,0.8059576600937232
0.0008917739258509837,0.8059576600937232
0.0008921747633358045,0.8059576600937232
0.0008925757809903798,0.8059576600937232
0.000892976978895693,0.8059576600937232
0.0008933783571327645,0.8059576600937232
0.0008937799157826484,0.8059576600937232
0.0008941816549264387,0.8059576600937232
0.0008945835746452639,0.8059576600937232
0.0008949856750202897,0.8059576600937232
0.0008953879561327189,0.8059576600937232
0.0008957904180637881,0.8059576600937232
0.0008961930608947733,0.8059576600937232
0.0008965958847069858,0.8059576600937232
0.0008969988895817737,0.8059576600937232
0.0008974020756005225,0.8059576600937232
0.0008978054428446518,0.8059576600937232
0.00089820899139562,0.8059576600937232
0.0008986127213349215,0.8059576600937232
0.0008990166327440875,0.8059576600937232
0.0008994207257046865,0.8059576600937232
0.000899825000298321,0.8059576600937232
0.000900229456606633,0.8059576600937232
0.0009006340947113001,0.8059576600937232
0.0009010389146940368,0.8059576600937232
0.0009014439166365951,0.8059576600937232
0.0009018491006207612,0.8059576600937232
0.0009022544667283606,0.8059576600937232
0.0009026600150412547,0.8059576600937232
0.0009030657456413418,0.8059576600937232
0.0009034716586105579,0.8059576600937232
0.0009038777540308729,0.8059576600937232
0.0009042840319842965,0.8059576600937232
0.0009046904925528743,0.8059576600937232
0.0009050971358186889,0.8059576600937232
0.0009055039618638604,0.8059576600937232
0.0009059109707705432,0.8059576600937232
0.0009063181626209315,0.8059576600937232
0.0009067255374972555,0.8059576600937232
0.0009071330954817822,0.8059576600937232
0.0009075408366568166,0.8059576600937232
0.000907948761104698,0.8059576600937232
0.0009083568689078054,0.8059576600937232
0.0009087651601485538,0.8059576600937232
0.0009091736349093954,0.8059576600937232
0.0009095822932728206,0.8059576600937232
0.0009099911353213534,0.8059576600937232
0.0009104001611375584,0.8059576600937232
0.0009108093708040361,0.8059576600937232
0.0009112187644034239,0.8059576600937232
0.0009116283420183978,0.8059576600937232
0.0009120381037316677,0.8059576600937232
0.0009124480496259836,0.8059576600937232
0.0009128581797841319,0.8059576600937232
0.0009132684942889361,0.8059576600937232
0.000913678993223258,0.8059576600937232
0.0009140896766699935,0.8059576600937232
0.0009145005447120788,0.8059576600937232
0.0009149115974324875,0.8059576600937232
0.0009153228349142265,0.8059576600937232
0.0009157342572403467,0.8059576600937232
0.0009161458644939298,0.8059576600937232
0.0009165576567580986,0.8059576600937232
0.0009169696341160131,0.8059576600937232
0.000917381796650867,0.8059576600937232
0.000917794144445898,0.8059576600937232
0.0009182066775843749,0.8059576600937232
0.000918619396149607,0.8059576600937232
0.0009190323002249418,0.8059576600937232
0.00091944538989376,0.8059576600937232
0.0009198586652394866,0.8059576600937232
0.0009202721263455774,0.8059576600937232
0.0009206857732955296,0.8059576600937232
0.0009210996061728778,0.8059576600937232
0.0009215136250611904,0.8059576600937232
0.0009219278300440801,0.8059576600937232
0.0009223422212051904,0.8059576600937232
0.0009227567986282063,0.8059576600937232
0.0009231715623968502,0.8059576600937232
0.0009235865125948787,0.8059576600937232
0.0009240016493060923,0.8059576600937232
0.000924416972614323,0.8059576600937232
0.0009248324826034436,0.8059576600937232
0.0009252481793573654,0.8059576600937232
0.000925664062960033,0.8059576600937232
0.0009260801334954355,0.8059576600937232
0.0009264963910475934,0.8059576600937232
0.0009269128357005683,0.8059576600937232
0.0009273294675384602,0.8059576600937232
0.0009277462866454033,0.8059576600937232
0.0009281632931055732,0.8059576600937232
0.0009285804870031818,0.8059576600937232
0.0009289978684224792,0.8059576600937232
0.0009294154374477543,0.8059576600937232
0.0009298331941633308,0.8059576600937232
0.0009302511386535734,0.8059576600937232
0.0009306692710028836,0.7834920312511788
0.000931087591295701,0.7834920312511788
0.000931506099616504,0.7834920312511788
0.0009319247960498061,0.7834920312511788
0.0009323436806801617,0.7834920312511788
0.0009327627535921623,0.7834920312511788
0.0009331820148704371,0.7834920312511788
0.0009336014645996548,0.7834920312511788
0.000934021102864519,0.7834920312511788
0.0009344409297497743,0.7834920312511788
0.0009348609453402023,0.7834920312511788
0.0009352811497206229,0.7834920312511788
0.000935701542975895,0.7834920312511788
0.0009361221251909128,0.7834920312511788
0.0009365428964506114,0.7834920312511788
0.0009369638568399634,0.7834920312511788
0.0009373850064439792,0.7834920312511788
0.0009378063453477089,0.7834920312511788
0.0009382278736362373,0.7834920312511788
0.0009386495913946909,0.7834920312511788
0.0009390714987082331,0.7834920312511788
0.0009394935956620659,0.7834920312511788
0.0009399158823414303,0.7834920312511788
0.000940338358831603,0.7834920312511788
0.0009407610252179015,0.7834920312511788
0.000941183881585681,0.7834920312511788
0.0009416069280203352,0.7834920312511788
0.0009420301646072967,0.7834920312511788
0.0009424535914320341,0.7834920312511788
0.0009428772085800568,0.7834920312511788
0.0009433010161369121,0.7834920312511788
0.0009437250141881856,0.7834920312511788
0.0009441492028195023,0.7834920312511788
0.0009445735821165228,0.7834920312511788
0.0009449981521649491,0.7834920312511788
0.0009454229130505208,0.7834920312511788
0.000945847864859016,0.7834920312511788
0.0009462730076762523,0.7834920312511788
0.0009466983415880831,0.7834920312511788
0.000947123866680403,0.7834920312511788
0.0009475495830391446,0.7834920312511788
0.000947975490750279,0.7834920312511788
0.0009484015898998168,0.7834920312511788
0.0009488278805738045,0.7834920312511788
0.0009492543628583299,0.7834920312511788
0.0009496810368395189,0.7834920312511788
0.000950107902603536,0.7834920312511788
0.0009505349602365852,0.7834920312511788
0.0009509622098249065,0.7834920312511788
0.0009513896514547818,0.7834920312511788
0.0009518172852125302,0.7834920312511788
0.0009522451111845103,0.7834920312511788
0.00095267312945712,0.7834920312511788
0.0009531013401167933,0.7834920312511788
0.0009535297432500059,0.7834920312511788
0.0009539583389432714,0.7834920312511788
0.0009543871272831425,0.7834920312511788
0.0009548161083562114,0.7834920312511788
0.0009552452822491068,0.7834920312511788
0.0009556746490484986,0.7834920312511788
0.0009561042088410953,0.7834920312511788
0.0009565339617136441,0.7834920312511788
0.0009569639077529321,0.7834920312511788
0.0009573940470457826,0.7834920312511788
0.0009578243796790609,0.7834920312511788
0.0009582549057396702,0.7834920312511788
0.0009586856253145529,0.7834920312511788
0.0009591165384906914,0.7834920312511788
0.0009595476453551041,0.7834920312511788
0.000959978945994852,0.7834920312511788
0.0009604104404970336,0.7834920312511788
0.0009608421289487869,0.7834920312511788
0.0009612740114372899,0.7834920312511788
0.0009617060880497572,0.7834920312511788
0.0009621383588734448,0.7834920312511788
0.0009625708239956478,0.7834920312511788
0.0009630034835036999,0.7834920312511788
0.0009634363374849754,0.7834920312511788
0.0009638693860268847,0.7834920312511788
0.0009643026292168806,0.7834920312511788
0.0009647360671424542,0.7834920312511788
0.0009651696998911359,0.7834920312511788
0.0009656035275504963,0.7834920312511788
0.0009660375502081427,0.7834920312511788
0.0009664717679517243,0.7834920312511788
0.0009669061808689292,0.7834920312511788
0.0009673407890474847,0.7834920312511788
0.0009677755925751583,0.7834920312511788
0.0009682105915397543,0.7834920312511788
0.0009686457860291193,0.7834920312511788
0.0009690811761311384,0.7834920312511788
0.0009695167619337364,0.7834920312511788
0.0009699525435248782,0.7834920312511788
0.0009703885209925656,0.7834920312511788
0.0009708246944248427,0.7834920312511788
0.0009712610639097926,0.7834920312511788
0.0009716976295355374,0.7834920312511788
0.0009721343913902404,0.7834920312511788
0.0009725713495621009,0.7834920312511788
0.0009730085041393615,0.7834920312511788
0.0009734458552103028,0.7834920312511788
0.0009738834028632458,0.7834920312511788
0.0009743211471865517,0.7834920312511788
0.0009747590882686184,0.7834920312511788
0.0009751972261978868,0.7834920312511788
0.0009756355610628365,0.7834920312511788
0.0009760740929519866,0.7834920312511788
0.0009765128219538973,0.7834920312511788
0.0009769517481571656,0.7834920312511788
0.000977390871650431,0.7834920312511788
0.0009778301925223722,0.7834920312511788
0.0009782697108617075,0.7834920312511788
0.0009787094267571963,0.7834920312511788
0.0009791493402976348,0.7834920312511788
0.0009795894515718623,0.7834920312511788
0.0009800297606687564,0.7834920312511788
0.0009804702676772352,0.7834920312511788
0.000980910972686258,0.7834920312511788
0.0009813518757848202,0.7834920312511788
0.000981792977061961,0.7834920312511788
0.0009822342766067586,0.7834920312511788
0.0009826757745083309,0.7834920312511788
0.0009831174708558365,0.7834920312511788
0.000983559365738472,0.7834920312511788
0.0009840014592454767,0.7834920312511788
0.0009844437514661285,0.7834920312511788
0.000984886242489746,0.7834920312511788
0.0009853289324056893,0.7834920312511788
0.0009857718213033544,0.7834920312511788
0.0009862149092721819,0.7834920312511788
0.0009866581964016507,0.7834920312511788
0.00098710168278128,0.7834920312511788
0.0009875453685006309,0.7834920312511788
0.0009879892536493007,0.7834920312511788
0.000988433338316931,0.7834920312511788
0.000988877622593202,0.7834920312511788
0.0009893221065678346,0.7834920312511788
0.000989766790330591,0.7834920312511788
0.00099021167397127,0.7834920312511788
0.000990656757579715,0.7834920312511788
0.000991102041245808,0.7834920312511788
0.0009915475250594716,0.7834920312511788
0.0009919932091106698,0.7834920312511788
0.0009924390934894038,0.7834920312511788
0.0009928851782857189,0.7834920312511788
0.000993331463589699,0.7834920312511788
0.0009937779494914693,0.7834920312511788
0.000994224636081196,0.7834920312511788
0.0009946715234490828,0.7834920312511788
0.0009951186116853776,0.7834920312511788
0.000995565900880367,0.7834920312511788
0.0009960133911243788,0.7834920312511788
0.000996461082507782,0.7834920312511788
0.0009969089751209834,0.7834920312511788
0.0009973570690544338,0.7834920312511788
0.0009978053643986227,0.7834920312511788
0.0009982538612440812,0.7834920312511788
0.0009987025596813817,0.7834920312511788
0.0009991514598011344,0.7834920312511788
0.0009996005616939934,0.7834920312511788
0.001000049865450653,0.7834920312511788
0.0010004993711618445,0.7834920312511788
0.0010009490789183477,0.7834920312511788
0.0010013989888109749,0.7834920312511788
0.0010018491009305844,0.7834920312511788
0.0010022994153680745,0.7834920312511788
0.001002749932214381,0.7834920312511788
0.001003200651560487,0.7834920312511788
0.00100365157349741,0.7834920312511788
0.0010041026981162124,0.7834920312511788
0.0010045540255079967,0.7834920312511788
0.0010050055557639034,0.7834920312511788
0.0010054572889751205,0.7834920312511788
0.00100590922523287,0.7834920312511788
0.001006361364628419,0.7834920312511788
0.0010068137072530752,0.7834920312511788
0.0010072662531981841,0.7834920312511788
0.0010077190025551386,0.7834920312511788
0.001008171955415366,0.7834920312511788
0.0010086251118703387,0.7834920312511788
0.00100907847201157,0.7834920312511788
0.0010095320359306105,0.7834920312511788
0.001009985803719059,0.7834920312511788
0.0010104397754685484,0.7834920312511788
0.0010108939512707567,0.7834920312511788
0.0010113483312174034,0.7834920312511788
0.0010118029154002446,0.7834920312511788
0.0010122577039110854,0.7834920312511788
0.0010127126968417647,0.7834920312511788
0.0010131678942841666,0.7834920312511788
0.0010136232963302173,0.7834920312511788
0.001014078903071879,0.7834920312511788
0.0010145347146011637,0.7834920312511788
0.0010149907310101163,0.7834920312511788
0.0010154469523908282,0.7834920312511788
0.0010159033788354318,0.7834920312511788
0.0010163600104360967,0.7834920312511788
0.0010168168472850412,0.7834920312511788
0.001017273889474518,0.7834920312511788
0.0010177311370968252,0.7834920312511788
0.0010181885902443026,0.7834920312511788
0.001018646249009327,0.7834920312511788
0.0010191041134843244,0.7834920312511788
0.0010195621837617546,0.7834920312511788
0.001020020459934124,0.7834920312511788
0.0010204789420939792,0.7834920312511788
0.0010209376303339055,0.7834920312511788
0.0010213965247465363,0.7834920312511788
0.0010218556254245402,0.7834920312511788
0.0010223149324606305,0.7834920312511788
0.001022774445947563,0.7834920312511788
0.0010232341659781308,0.7834920312511788
0.001023694092645176,0.7834920312511788
0.001024154226041575,0.7834920312511788
0.0010246145662602504,0.7834920312511788
0.001025075113394166,0.7834920312511788
0.0010255358675363244,0.7834920312511788
0.0010259968287797759,0.7834920312511788
0.001026457997217606,0.7834920312511788
0.0010269193729429461,0.7834920312511788
0.0010273809560489699,0.7834920312511788
0.001027842746628888,0.7834920312511788
0.0010283047447759608,0.7834920312511788
0.0010287669505834832,0.7834920312511788
0.0010292293641447963,0.7834920312511788
0.0010296919855532825,0.7834920312511788
0.001030154814902363,0.7834920312511788
0.0010306178522855075,0.7834920312511788
0.0010310810977962209,0.7834920312511788
0.0010315445515280538,0.7834920312511788
0.0010320082135745995,0.7834920312511788
0.0010324720840294887,0.7834920312511788
0.0010329361629864016,0.7834920312511788
0.0010334004505390534,0.7834920312511788
0.0010338649467812053,0.7834920312511788
0.001034329651806661,0.7834920312511788
0.0010347945657092617,0.7834920312511788
0.0010352596885828986,0.7834920312511788
0.0010357250205214972,0.7834920312511788
0.0010361905616190301,0.7834920312511788
0.0010366563119695118,0.7834920312511788
0.0010371222716669948,0.7834920312511788
0.001037588440805581,0.7834920312511788
0.0010380548194794078,0.7834920312511788
0.001038521407782659,0.7834920312511788
0.0010389882058095602,0.7834920312511788
0.0010394552136543758,0.7834920312511788
0.0010399224314114194,0.7834920312511788
0.0010403898591750402,0.7834920312511788
0.0010408574970396335,0.7834920312511788
0.001041325345099637,0.7834920312511788
0.0010417934034495275,0.7834920312511788
0.0010422616721838306,0.7834920312511788
0.0010427301513971073,0.7834920312511788
0.0010431988411839655,0.7834920312511788
0.001043667741639056,0.7834920312511788
0.0010441368528570668,0.7834920312511788
0.0010446061749327371,0.7834920312511788
0.0010450757079608405,0.7834920312511788
0.0010455454520361977,0.7834920312511788
0.0010460154072536717,0.7834920312511788
0.0010464855737081647,0.7834920312511788
0.001046955951494628,0.7834920312511788
0.0010474265407080488,0.7834920312511788
0.001047897341443461,0.7834920312511788
0.0010483683537959414,0.7834920312511788
0.0010488395778606048,0.7834920312511788
0.0010493110137326169,0.7834920312511788
0.0010497826615071782,0.7834920312511788
0.0010502545212795367,0.7834920312511788
0.0010507265931449824,0.7834920312511788
0.001051198877198845,0.7834920312511788
0.0010516713735365033,0.7834920312511788
0.0010521440822533726,0.7834920312511788
0.0010526170034449148,0.7834920312511788
0.0010530901372066345,0.7834920312511788
0.0010535634836340757,0.7834920312511788
0.001054037042822832,0.7834920312511788
0.001054510814868533,0.7834920312511788
0.0010549847998668552,0.7834920312511788
0.0010554589979135185,0.7834920312511788
0.0010559334091042815,0.7834920312511788
0.001056408033534953,0.7834920312511788
0.0010568828713013775,0.7834920312511788
0.0010573579224994471,0.7834920312511788
0.0010578331872250967,0.7834920312511788
0.0010583086655743005,0.7834920312511788
0.0010587843576430824,0.7834920312511788
0.001059260263527503,0.7834920312511788
0.00105973638332367,0.7834920312511788
0.001060212717127734,0.7834920312511788
0.0010606892650358846,0.7834920312511788
0.0010611660271443628,0.7834920312511788
0.0010616430035494443,0.7834920312511788
0.0010621201943474534,0.7834920312511788
0.001062597599634757,0.7834920312511788
0.001063075219507761,0.7834920312511788
0.0010635530540629228,0.7834920312511788
0.0010640311033967352,0.7834920312511788
0.0010645093676057383,0.7834920312511788
0.0010649878467865162,0.7834920312511788
0.001065466541035692,0.7834920312511788
0.0010659454504499397,0.7834920312511788
0.0010664245751259688,0.7834920312511788
0.0010669039151605373,0.7834920312511788
0.0010673834706504462,0.7834920312511788
0.001067863241692536,0.7834920312511788
0.001068343228383698,0.7834920312511788
0.0010688234308208595,0.7834920312511788
0.001069303849100996,0.7834920312511788
0.0010697844833211262,0.7834920312511788
0.0010702653335783097,0.7834920312511788
0.0010707463999696523,0.7834920312511788
0.0010712276825923027,0.7834920312511788
0.0010717091815434536,0.7834920312511788
0.0010721908969203416,0.7834920312511788
0.0010726728288202446,0.7834920312511788
0.0010731549773404874,0.7834920312511788
0.0010736373425784369,0.7834920312511788
0.001074119924631504,0.7834920312511788
0.001074602723597145,0.7834920312511788
0.0010750857395728556,0.7834920312511788
0.00107556897265618,0.7834920312511788
0.001076052422944704,0.7834920312511788
0.001076536090536058,0.7834920312511788
0.001077019975527917,0.7834920312511788
0.0010775040780179965,0.7834920312511788
0.0010779883981040595,0.7834920312511788
0.001078472935883912,0.7834920312511788
0.0010789576914554035,0.7834920312511788
0.001079442664916429,0.7834920312511788
0.0010799278563649237,0.7834920312511788
0.0010804132658988705,0.7834920312511788
0.0010808988936162956,0.7834920312511788
0.0010813847396152682,0.7834920312511788
0.0010818708039939038,0.7834920312511788
0.0010823570868503578,0.7834920312511788
0.0010828435882828337,0.7834920312511788
0.0010833303083895777,0.7834920312511788
0.0010838172472688802,0.7834920312511788
0.0010843044050190772,0.7834920312511788
0.0010847917817385449,0.7834920312511788
0.0010852793775257075,0.7834920312511788
0.0010857671924790323,0.7834920312511788
0.001086255226697031,0.7834920312511788
0.0010867434802782606,0.7834920312511788
0.0010872319533213187,0.7834920312511788
0.0010877206459248509,0.7834920312511788
0.001088209558187546,0.7834920312511788
0.001088698690208137,0.7834920312511788
0.001089188042085403,0.7834920312511788
0.0010896776139181629,0.7834920312511788
0.0010901674058052847,0.7834920312511788
0.0010906574178456791,0.7834920312511788
0.0010911476501383013,0.7834920312511788
0.001091638102782152,0.7834920312511788
0.001092128775876273,0.7834920312511788
0.0010926196695197545,0.7834920312511788
0.0010931107838117297,0.7834920312511788
0.0010936021188513762,0.7834920312511788
0.0010940936747379176,0.7834920312511788
0.0010945854515706187,0.7834920312511788
0.001095077449448792,0.7834920312511788
0.0010955696684717942,0.7834920312511788
0.0010960621087390259,0.7834920312511788
0.0010965547703499338,0.7834920312511788
0.0010970476534040061,0.7834920312511788
0.0010975407580007788,0.7834920312511788
0.001098034084239833,0.7834920312511788
0.0010985276322207891,0.7834920312511788
0.0010990214020433218,0.7834920312511788
0.0010995153938071413,0.7834920312511788
0.001100009607612008,0.7834920312511788
0.0011005040435577262,0.7834920312511788
0.0011009987017441415,0.7834920312511788
0.0011014935822711517,0.7834920312511788
0.001101988685238692,0.7834920312511788
0.001102484010746747,0.7834920312511788
0.0011029795588953456,0.7834920312511788
0.0011034753297845578,0.7834920312511788
0.0011039713235145064,0.7834920312511788
0.0011044675401853513,0.7834920312511788
0.0011049639798973016,0.7834920312511788
0.0011054606427506118,0.7834920312511788
0.0011059575288455766,0.7834920312511788
0.0011064546382825444,0.7834920312511788
0.0011069519711618997,0.7834920312511788
0.001107449527584078,0.7834920312511788
0.0011079473076495584,0.7834920312511788
0.001108445311458862,0.7834920312511788
0.001108943539112562,0.7834920312511788
0.0011094419907112698,0.7834920312511788
0.0011099406663556456,0.7834920312511788
0.0011104395661463958,0.7834920312511788
0.0011109386901842666,0.7834920312511788
0.0011114380385700584,0.7834920312511788
0.0011119376114046078,0.7834920312511788
0.0011124374087888023,0.7834920312511788
0.0011129374308235743,0.7834920312511788
0.001113437677609897,0.7834920312511788
0.001113938149248797,0.7834920312511788
0.0011144388458413385,0.7834920312511788
0.0011149397674886355,0.7834920312511788
0.0011154409142918474,0.7834920312511788
0.0011159422863521748,0.7834920312511788
0.0011164438837708713,0.7834920312511788
0.0011169457066492283,0.7834920312511788
0.0011174477550885877,0.7834920312511788
0.001117950029190336,0.7834920312511788
0.0011184525290559018,0.7834920312511788
0.0011189552547867664,0.7834920312511788
0.001119458206484449,0.7834920312511788
0.0011199613842505193,0.7834920312511788
0.001120464788186592,0.7834920312511788
0.001120968418394324,0.7834920312511788
0.0011214722749754245,0.7834920312511788
0.0011219763580316412,0.7834920312511788
0.0011224806676647726,0.7834920312511788
0.001122985203976662,0.7834920312511788
0.001123489967069194,0.7834920312511788
0.0011239949570443076,0.7834920312511788
0.0011245001740039795,0.7834920312511788
0.0011250056180502363,0.7834920312511788
0.0011255112892851508,0.7834920312511788
0.0011260171878108372,0.7834920312511788
0.0011265233137294633,0.7834920312511788
0.0011270296671432353,0.7834920312511788
0.0011275362481544095,0.7834920312511788
0.0011280430568652879,0.7834920312511788
0.0011285500933782147,0.7834920312511788
0.0011290573577955878,0.7834920312511788
0.0011295648502198424,0.7834920312511788
0.0011300725707534655,0.7834920312511788
0.0011305805194989896,0.7834920312511788
0.0011310886965589882,0.7834920312511788
0.00113159710203609,0.7834920312511788
0.0011321057360329607,0.7834920312511788
0.0011326145986523177,0.7834920312511788
0.001133123689996924,0.7834920312511788
0.0011336330101695841,0.7834920312511788
0.0011341425592731574,0.7834920312511788
0.0011346523374105408,0.7834920312511788
0.0011351623446846824,0.7834920312511788
0.0011356725811985766,0.7834920312511788
0.001136183047055259,0.7834920312511788
0.0011366937423578204,0.7834920312511788
0.0011372046672093892,0.7834920312511788
0.001137715821713145,0.7834920312511788
0.0011382272059723142,0.7834920312511788
0.0011387388200901638,0.7834920312511788
0.0011392506641700166,0.7834920312511788
0.001139762738315233,0.7834920312511788
0.0011402750426292249,0.7834920312511788
0.0011407875772154502,0.7834920312511788
0.001141300342177409,0.7834920312511788
0.0011418133376186563,0.7834920312511788
0.001142326563642785,0.7834920312511788
0.0011428400203534392,0.7834920312511788
0.00114335370785431,0.7834920312511788
0.0011438676262491303,0.7834920312511788
0.0011443817756416877,0.7834920312511788
0.0011448961561358083,0.7834920312511788
0.0011454107678353696,0.7834920312511788
0.0011459256108442958,0.7834920312511788
0.0011464406852665528,0.7834920312511788
0.0011469559912061621,0.7834920312511788
0.001147471528767183,0.7834920312511788
0.001147987298053727,0.7834920312511788
0.0011485032991699518,0.7834920312511788
0.0011490195322200573,0.7834920312511788
0.001149535997308299,0.7834920312511788
0.0011500526945389705,0.7834920312511788
0.0011505696240164168,0.7834920312511788
0.0011510867858450307,0.7834920312511788
0.001151604180129246,0.7834920312511788
0.0011521218069735527,0.7834920312511788
0.0011526396664824792,0.7834920312511788
0.0011531577587606055,0.7834920312511788
0.0011536760839125583,0.7834920312511788
0.0011541946420430074,0.7834920312511788
0.0011547134332566772,0.7834920312511788
0.0011552324576583313,0.7834920312511788
0.001155751715352785,0.7834920312511788
0.0011562712064449006,0.7834920312511788
0.0011567909310395829,0.7834920312511788
0.0011573108892417921,0.7834920312511788
0.0011578310811565275,0.7834920312511788
0.00115835150688884,0.7834920312511788
0.0011588721665438282,0.7834920312511788
0.0011593930602266324,0.7834920312511788
0.0011599141880424492,0.7834920312511788
0.001160435550096514,0.7834920312511788
0.001160957146494114,0.7834920312511788
0.0011614789773405838,0.7834920312511788
0.001162001042741301,0.7834920312511788
0.0011625233428016982,0.7834920312511788
0.001163045877627248,0.7834920312511788
0.001163568647323474,0.7834920312511788
0.001164091651995948,0.7834920312511788
0.0011646148917502847,0.7834920312511788
0.0011651383666921537,0.7834920312511788
0.0011656620769272647,0.7834920312511788
0.001166186022561379,0.7834920312511788
0.001166710203700306,0.7834920312511788
0.0011672346204498973,0.7834920312511788
0.0011677592729160608,0.7834920312511788
0.0011682841612047437,0.7834920312511788
0.0011688092854219454,0.7834920312511788
0.0011693346456737132,0.7834920312511788
0.0011698602420661367,0.7834920312511788
0.0011703860747053624,0.7834920312511788
0.0011709121436975754,0.7834920312511788
0.001171438449149014,0.7834920312511788
0.0011719649911659633,0.7834920312511788
0.0011724917698547523,0.7834920312511788
0.0011730187853217658,0.7834920312511788
0.001173546037673428,0.7834920312511788
0.0011740735270162161,0.7834920312511788
0.0011746012534566545,0.7834920312511788
0.0011751292171013111,0.7834920312511788
0.00117565741805681,0.7834920312511788
0.001176185856429815,0.7834920312511788
0.0011767145323270424,0.7834920312511788
0.0011772434458552565,0.7834920312511788
0.001177772597121265,0.7834920312511788
0.001178301986231932,0.7834920312511788
0.0011788316132941607,0.7834920312511788
0.0011793614784149078,0.7834920312511788
0.0011798915817011779,0.7834920312511788
0.0011804219232600186,0.7834920312511788
0.0011809525031985346,0.7834920312511788
0.0011814833216238696,0.7834920312511788
0.0011820143786432208,0.7834920312511788
0.0011825456743638336,0.7834920312511788
0.0011830772088929963,0.7834920312511788
0.0011836089823380543,0.7834920312511788
0.0011841409948063926,0.7834920312511788
0.0011846732464054497,0.7834920312511788
0.0011852057372427117,0.7834920312511788
0.0011857384674257088,0.7834920312511788
0.0011862714370620277,0.7834920312511788
0.0011868046462592948,0.7834920312511788
0.0011873380951251903,0.7834920312511788
0.0011878717837674423,0.7834920312511788
0.0011884057122938225,0.7834920312511788
0.00118893988081216,0.7834920312511788
0.001189474289430323,0.7834920312511788
0.0011900089382562342,0.7834920312511788
0.0011905438273978638,0.7834920312511788
0.0011910789569632273,0.7834920312511788
0.0011916143270603926,0.7834920312511788
0.0011921499377974746,0.7834920312511788
0.0011926857892826366,0.7834920312511788
0.0011932218816240927,0.7834920312511788
0.0011937582149301007,0.7834920312511788
0.0011942947893089717,0.7834920312511788
0.001194831604869064,0.7834920312511788
0.0011953686617187842,0.7834920312511788
0.0011959059599665897,0.7834920312511788
0.0011964434997209818,0.7834920312511788
0.0011969812810905154,0.7834920312511788
0.0011975193041837923,0.7834920312511788
0.0011980575691094633,0.7834920312511788
0.0011985960759762293,0.7834920312511788
0.0011991348248928362,0.7834920312511788
0.0011996738159680827,0.7834920312511788
0.0012002130493108149,0.7834920312511788
0.0012007525250299282,0.7834920312511788
0.001201292243234368,0.7834920312511788
0.0012018322040331247,0.7834920312511788
0.0012023724075352418,0.7834920312511788
0.0012029128538498103,0.7834920312511788
0.0012034535430859705,0.7834920312511788
0.0012039944753529127,0.7834920312511788
0.0012045356507598727,0.7834920312511788
0.0012050770694161392,0.7834920312511788
0.0012056187314310486,0.7834920312511788
0.0012061606369139866,0.7834920312511788
0.0012067027859743891,0.7834920312511788
0.001207245178721738,0.7834920312511788
0.0012077878152655674,0.7834920312511788
0.00120833069571546,0.7834920312511788
0.0012088738201810473,0.7834920312511788
0.0012094171887720114,0.7834920312511788
0.0012099608015980806,0.7834920312511788
0.0012105046587690352,0.7834920312511788
0.0012110487603947046,0.7834920312511788
0.0012115931065849667,0.7834920312511788
0.0012121376974497506,0.7834920312511788
0.001212682533099031,0.7834920312511788
0.0012132276136428356,0.7834920312511788
0.0012137729391912405,0.7834920312511788
0.0012143185098543712,0.7834920312511788
0.0012148643257424037,0.7834920312511788
0.0012154103869655602,0.7834920312511788
0.0012159566936341159,0.7834920312511788
0.0012165032458583945,0.7834920312511788
0.0012170500437487688,0.7834920312511788
0.0012175970874156636,0.7834920312511788
0.0012181443769695482,0.7834920312511788
0.0012186919125209462,0.7834920312511788
0.0012192396941804295,0.7834920312511788
0.0012197877220586192,0.7834920312511788
0.0012203359962661882,0.7834920312511788
0.0012208845169138544,0.7834920312511788
0.0012214332841123904,0.7834920312511788
0.0012219822979726161,0.7834920312511788
0.0012225315586054022,0.7834920312511788
0.0012230810661216698,0.7834920312511788
0.0012236308206323868,0.7834920312511788
0.001224180822248574,0.7834920312511788
0.0012247310710813025,0.7834920312511788
0.0012252815672416882,0.7834920312511788
0.001225832310840906,0.7834920312511788
0.0012263833019901715,0.7834920312511788
0.0012269345408007556,0.7834920312511788
0.0012274860273839795,0.7834920312511788
0.0012280377618512086,0.7834920312511788
0.0012285897443138681,0.7834920312511788
0.0012291419748834236,0.7834920312511788
0.0012296944536713966,0.7834920312511788
0.0012302471807893584,0.7834920312511788
0.0012308001563489251,0.7834920312511788
0.0012313533804617722,0.7834920312511788
0.0012319068532396168,0.7834920312511788
0.0012324605747942306,0.7834920312511788
0.0012330145452374359,0.7834920312511788
0.0012335687646811001,0.7834920312511788
0.00123412323323715,0.7834920312511788
0.0012346779510175535,0.7834920312511788
0.0012352329181343341,0.7834920312511788
0.0012357881346995658,0.7834920312511788
0.0012363436008253675,0.7834920312511788
0.0012368993166239175,0.7834920312511788
0.001237455282207436,0.7834920312511788
0.0012380114976881982,0.7834920312511788
0.0012385679631785299,0.7834920312511788
0.0012391246787908027,0.7834920312511788
0.0012396816446374474,0.7834920312511788
0.001240238860830936,0.7834920312511788
0.0012407963274837968,0.7834920312511788
0.0012413540447086082,0.7834920312511788
0.0012419120126179943,0.7834920312511788
0.0012424702313246388,0.7834920312511788
0.001243028700941267,0.7834920312511788
0.00124358742158066,0.7834920312511788
0.0012441463933556497,0.7834920312511788
0.0012447056163791134,0.7834920312511788
0.0012452650907639883,0.7834920312511788
0.0012458248166232534,0.7834920312511788
0.0012463847940699434,0.7834920312511788
0.0012469450232171439,0.7834920312511788
0.0012475055041779864,0.7834920312511788
0.0012480662370656617,0.7834920312511788
0.0012486272219934032,0.7834920312511788
0.0012491884590745,0.7834920312511788
0.001249749948422292,0.7834920312511788
0.0012503116901501647,0.7834920312511788
0.0012508736843715644,0.7834920312511788
0.0012514359311999786,0.7834920312511788
0.001251998430748951,0.7834920312511788
0.0012525611831320771,0.7834920312511788
0.0012531241884629976,0.7834920312511788
0.001253687446855413,0.7834920312511788
0.0012542509584230668,0.7834920312511788
0.0012548147232797583,0.7834920312511788
0.0012553787415393377,0.7834920312511788
0.0012559430133157019,0.7834920312511788
0.0012565075387228073,0.7834920312511788
0.0012570723178746527,0.7834920312511788
0.001257637350885294,0.7834920312511788
0.0012582026378688373,0.7834920312511788
0.0012587681789394353,0.7834920312511788
0.0012593339742113013,0.7834920312511788
0.0012599000237986904,0.7834920312511788
0.0012604663278159148,0.7834920312511788
0.0012610328863773375,0.7834920312511788
0.0012615996995973679,0.7834920312511788
0.001262166767590476,0.7834920312511788
0.0012627340904711743,0.7834920312511788
0.001263301668354032,0.7834920312511788
0.0012638695013536692,0.7834920312511788
0.001264437589584753,0.7834920312511788
0.0012650059331620108,0.7834920312511788
0.0012655745322002125,0.7834920312511788
0.0012661433868141848,0.7834920312511788
0.001266712497118806,0.7834920312511788
0.001267281863229001,0.7834920312511788
0.0012678514852597555,0.7834920312511788
0.0012684213633260971,0.7834920312511788
0.0012689914975431114,0.7834920312511788
0.001269561888025935,0.7834920312511788
0.0012701325348897508,0.7834920312511788
0.0012707034382498032,0.7834920312511788
0.0012712745982213793,0.7834920312511788
0.0012718460149198228,0.7834920312511788
0.0012724176884605296,0.7834920312511788
0.0012729896189589418,0.7834920312511788
0.001273561806530563,0.7834920312511788
0.0012741342512909393,0.7834920312511788
0.0012747069533556742,0.7834920312511788
0.001275279912840423,0.7834920312511788
0.0012758531298608876,0.7834920312511788
0.0012764266045328316,0.7834920312511788
0.0012770003369720609,0.7834920312511788
0.0012775743272944386,0.7423067008304355
0.0012781485756158805,0.7423067008304355
0.001278723082052349,0.7423067008304355
0.0012792978467198676,0.7423067008304355
0.0012798728697345028,0.7423067008304355
0.001280448151212379,0.7423067008304355
0.001281023691269672,0.7423067008304355
0.0012815994900226052,0.7423067008304355
0.0012821755475874632,0.7423067008304355
0.0012827518640805737,0.7423067008304355
0.001283328439618322,0.7423067008304355
0.0012839052743171455,0.7423067008304355
0.001284482368293529,0.7423067008304355
0.0012850597216640185,0.7423067008304355
0.0012856373345452035,0.7423067008304355
0.001286215207053731,0.7423067008304355
0.0012867933393063006,0.7423067008304355
0.0012873717314196586,0.7423067008304355
0.0012879503835106138,0.7423067008304355
0.0012885292956960176,0.7423067008304355
0.0012891084680927796,0.7423067008304355
0.0012896879008178614,0.7423067008304355
0.0012902675939882727,0.7423067008304355
0.0012908475477210843,0.7423067008304355
0.0012914277621334108,0.7423067008304355
0.0012920082373424247,0.7423067008304355
0.001292588973465351,0.7423067008304355
0.001293169970619462,0.7423067008304355
0.0012937512289220923,0.7423067008304355
0.00129433274849062,0.7423067008304355
0.001294914529442481,0.7423067008304355
0.001295496571895164,0.7423067008304355
0.001296078875966205,0.7423067008304355
0.0012966614417732028,0.7423067008304355
0.0012972442694337992,0.7423067008304355
0.0012978273590656944,0.7423067008304355
0.0012984107107866414,0.7423067008304355
0.001298994324714441,0.7423067008304355
0.0012995782009669558,0.7423067008304355
0.0013001623396620926,0.7423067008304355
0.0013007467409178164,0.7423067008304355
0.001301331404852145,0.7423067008304355
0.0013019163315831442,0.7423067008304355
0.0013025015212289417,0.7423067008304355
0.0013030869739077096,0.7423067008304355
0.001303672689737678,0.7423067008304355
0.0013042586688371304,0.7423067008304355
0.0013048449113243982,0.7423067008304355
0.0013054314173178748,0.7423067008304355
0.001306018186935998,0.7423067008304355
0.0013066052202972643,0.7423067008304355
0.0013071925175202226,0.7423067008304355
0.0013077800787234708,0.7423067008304355
0.0013083679040256687,0.7423067008304355
0.0013089559935455205,0.7423067008304355
0.001309544347401789,0.7423067008304355
0.0013101329657132902,0.7423067008304355
0.0013107218485988881,0.7423067008304355
0.0013113109961775103,0.7423067008304355
0.0013119004085681274,0.7423067008304355
0.0013124900858897694,0.7423067008304355
0.0013130800282615198,0.7423067008304355
0.00131367023580251,0.7423067008304355
0.0013142607086319346,0.7423067008304355
0.0013148514468690324,0.7423067008304355
0.001315442450633101,0.7423067008304355
0.0013160337200434915,0.7423067008304355
0.0013166252552196038,0.7423067008304355
0.0013172170562809002,0.7423067008304355
0.0013178091233468877,0.7423067008304355
0.0013184014565371326,0.7423067008304355
0.0013189940559712543,0.7423067008304355
0.001319586921768921,0.7423067008304355
0.0013201800540498642,0.7423067008304355
0.0013207734529338594,0.7423067008304355
0.0013213671185407418,0.7423067008304355
0.0013219610509904002,0.7423067008304355
0.0013225552504027719,0.7423067008304355
0.0013231497168978573,0.7423067008304355
0.001323744450595702,0.7423067008304355
0.0013243394516164104,0.7423067008304355
0.001324934720080141,0.7423067008304355
0.0013255302561071007,0.7423067008304355
0.0013261260598175604,0.7423067008304355
0.0013267221313318352,0.7423067008304355
0.0013273184707702996,0.7423067008304355
0.0013279150782533828,0.7423067008304355
0.0013285119539015633,0.7423067008304355
0.0013291090978353784,0.7423067008304355
0.0013297065101754181,0.7423067008304355
0.001330304191042326,0.7423067008304355
0.0013309021405568027,0.7423067008304355
0.0013315003588395971,0.7423067008304355
0.001332098846011518,0.7423067008304355
0.0013326976021934267,0.7423067008304355
0.0013332966275062383,0.7423067008304355
0.001333895922070924,0.7423067008304355
0.0013344954860085056,0.7423067008304355
0.0013350953194400628,0.7423067008304355
0.0013356954224867288,0.7423067008304355
0.0013362957952696912,0.7423067008304355
0.001336896437910193,0.7423067008304355
0.0013374973505295284,0.7423067008304355
0.001338098533249049,0.7423067008304355
0.0013386999861901613,0.7423067008304355
0.0013393017094743245,0.7423067008304355
0.001339903703223055,0.7423067008304355
0.0013405059675579195,0.7423067008304355
0.0013411085026005434,0.7423067008304355
0.0013417113084726049,0.7423067008304355
0.0013423143852958376,0.7423067008304355
0.0013429177331920306,0.7423067008304355
0.0013435213522830244,0.7423067008304355
0.0013441252426907176,0.7423067008304355
0.0013447294045370625,0.7423067008304355
0.0013453338379440666,0.7423067008304355
0.0013459385430337927,0.7423067008304355
0.0013465435199283553,0.7423067008304355
0.0013471487687499273,0.7423067008304355
0.0013477542896207354,0.7423067008304355
0.0013483600826630613,0.7423067008304355
0.001348966147999243,0.7423067008304355
0.0013495724857516688,0.7423067008304355
0.0013501790960427872,0.7423067008304355
0.0013507859789950994,0.7423067008304355
0.0013513931347311624,0.7423067008304355
0.001352000563373589,0.7423067008304355
0.0013526082650450434,0.7423067008304355
0.001353216239868249,0.7423067008304355
0.001353824487965983,0.7423067008304355
0.0013544330094610775,0.7423067008304355
0.0013550418044764219,0.7423067008304355
0.0013556508731349555,0.7423067008304355
0.0013562602155596786,0.7423067008304355
0.0013568698318736437,0.7423067008304355
0.00135747972219996,0.7423067008304355
0.0013580898866617926,0.7423067008304355
0.0013587003253823582,0.7423067008304355
0.0013593110384849329,0.7423067008304355
0.0013599220260928468,0.7423067008304355
0.0013605332883294852,0.7423067008304355
0.001361144825318291,0.7423067008304355
0.0013617566371827575,0.7423067008304355
0.0013623687240464383,0.7423067008304355
0.0013629810860329426,0.7423067008304355
0.0013635937232659289,0.7423067008304355
0.0013642066358691216,0.7423067008304355
0.001364819823966291,0.7423067008304355
0.001365433287681268,0.7423067008304355
0.0013660470271379403,0.7423067008304355
0.0013666610424602444,0.7423067008304355
0.0013672753337721831,0.7423067008304355
0.001367889901197805,0.7423067008304355
0.0013685047448612198,0.7423067008304355
0.0013691198648865934,0.7423067008304355
0.0013697352613981414,0.7423067008304355
0.0013703509345201455,0.7423067008304355
0.0013709668843769334,0.7423067008304355
0.001371583111092894,0.7423067008304355
0.001372199614792472,0.7423067008304355
0.0013728163956001635,0.7423067008304355
0.0013734334536405289,0.7423067008304355
0.0013740507890381754,0.7423067008304355
0.0013746684019177724,0.7423067008304355
0.0013752862924040444,0.7423067008304355
0.0013759044606217667,0.7423067008304355
0.001376522906695781,0.7423067008304355
0.0013771416307509744,0.7423067008304355
0.0013777606329122964,0.7423067008304355
0.0013783799133047525,0.7423067008304355
0.0013789994720533987,0.7423067008304355
0.0013796193092833569,0.7423067008304355
0.0013802394251197958,0.7423067008304355
0.0013808598196879457,0.7423067008304355
0.0013814804931130934,0.7423067008304355
0.0013821014455205759,0.7423067008304355
0.001382722677035797,0.7423067008304355
0.0013833441877842067,0.7423067008304355
0.001383965977891317,0.7423067008304355
0.0013845880474826963,0.7423067008304355
0.001385210396683964,0.7423067008304355
0.001385833025620806,0.7423067008304355
0.0013864559344189539,0.7423067008304355
0.0013870791232042027,0.7423067008304355
0.001387702592102403,0.7423067008304355
0.0013883263412394567,0.7423067008304355
0.001388950370741332,0.7423067008304355
0.0013895746807340442,0.7423067008304355
0.0013901992713436708,0.7423067008304355
0.0013908241426963455,0.7423067008304355
0.0013914492949182533,0.7423067008304355
0.0013920747281356463,0.7423067008304355
0.0013927004424748228,0.7423067008304355
0.0013933264380621437,0.7423067008304355
0.001393952715024027,0.7423067008304355
0.0013945792734869412,0.7423067008304355
0.0013952061135774224,0.7423067008304355
0.001395833235422053,0.7423067008304355
0.0013964606391474782,0.7423067008304355
0.0013970883248804002,0.7423067008304355
0.0013977162927475725,0.7423067008304355
0.0013983445428758152,0.7423067008304355
0.0013989730753919958,0.7423067008304355
0.0013996018904230444,0.7423067008304355
0.001400230988095948,0.7423067008304355
0.0014008603685377453,0.7423067008304355
0.001401490031875542,0.7423067008304355
0.0014021199782364904,0.7423067008304355
0.0014027502077478065,0.7423067008304355
0.001403380720536763,0.7423067008304355
0.001404011516730684,0.7423067008304355
0.001404642596456961,0.7423067008304355
0.0014052739598430332,0.7423067008304355
0.001405905607016402,0.7423067008304355
0.0014065375381046266,0.7423067008304355
0.0014071697532353179,0.7423067008304355
0.0014078022525361533,0.7423067008304355
0.001408435036134859,0.7423067008304355
0.0014090681041592232,0.7423067008304355
0.001409701456737092,0.7423067008304355
0.001410335093996363,0.7423067008304355
0.0014109690160650015,0.7423067008304355
0.0014116032230710204,0.7423067008304355
0.0014122377151424958,0.7423067008304355
0.001412872492407561,0.7423067008304355
0.0014135075549944018,0.7423067008304355
0.001414142903031271,0.7423067008304355
0.0014147785366464694,0.7423067008304355
0.0014154144559683614,0.7423067008304355
0.0014160506611253683,0.7423067008304355
0.0014166871522459643,0.7423067008304355
0.001417323929458691,0.7423067008304355
0.0014179609928921374,0.7423067008304355
0.0014185983426749569,0.7423067008304355
0.0014192359789358597,0.7423067008304355
0.0014198739018036087,0.7423067008304355
0.0014205121114070347,0.7423067008304355
0.0014211506078750165,0.7423067008304355
0.001421789391336496,0.7423067008304355
0.0014224284619204738,0.7423067008304355
0.0014230678197560019,0.7423067008304355
0.0014237074649722013,0.7423067008304355
0.00142434739769824,0.7423067008304355
0.0014249876180633509,0.7423067008304355
0.001425628126196824,0.7423067008304355
0.001426268922228002,0.7423067008304355
0.0014269100062862961,0.7423067008304355
0.0014275513785011653,0.7423067008304355
0.0014281930390021324,0.7423067008304355
0.001428834987918779,0.7423067008304355
0.0014294772253807383,0.7423067008304355
0.001430119751517713,0.7423067008304355
0.0014307625664594528,0.7423067008304355
0.0014314056703357725,0.7423067008304355
0.0014320490632765445,0.7423067008304355
0.0014326927454116943,0.7423067008304355
0.0014333367168712155,0.7423067008304355
0.0014339809777851504,0.7423067008304355
0.0014346255282836056,0.7423067008304355
0.0014352703684967455,0.7423067008304355
0.0014359154985547878,0.7423067008304355
0.001436560918588019,0.7423067008304355
0.0014372066287267732,0.7423067008304355
0.0014378526291014503,0.7423067008304355
0.0014384989198425071,0.7423067008304355
0.0014391455010804544,0.7423067008304355
0.0014397923729458717,0.7423067008304355
0.0014404395355693868,0.7423067008304355
0.0014410869890816918,0.7423067008304355
0.0014417347336135378,0.7423067008304355
0.0014423827692957292,0.7423067008304355
0.001443031096259139,0.7423067008304355
0.0014436797146346882,0.7423067008304355
0.001444328624553364,0.7423067008304355
0.0014449778261462114,0.7423067008304355
0.0014456273195443284,0.7423067008304355
0.0014462771048788826,0.7423067008304355
0.0014469271822810904,0.7423067008304355
0.0014475775518822324,0.7423067008304355
0.0014482282138136488,0.7423067008304355
0.0014488791682067328,0.7423067008304355
0.0014495304151929467,0.7423067008304355
0.0014501819549038021,0.7423067008304355
0.0014508337874708753,0.7423067008304355
0.0014514859130258016,0.7423067008304355
0.0014521383317002696,0.7423067008304355
0.0014527910436260378,0.7423067008304355
0.0014534440489349133,0.7423067008304355
0.0014540973477587683,0.7423067008304355
0.0014547509402295343,0.7423067008304355
0.0014554048264791965,0.7423067008304355
0.0014560590066398091,0.7423067008304355
0.0014567134808434763,0.7423067008304355
0.0014573682492223664,0.7423067008304355
0.0014580233119087082,0.7423067008304355
0.0014586786690347832,0.7423067008304355
0.0014593343207329435,0.7423067008304355
0.0014599902671355895,0.7423067008304355
0.0014606465083751873,0.7423067008304355
0.0014613030445842633,0.7423067008304355
0.0014619598758953962,0.7423067008304355
0.001462617002441236,0.7423067008304355
0.001463274424354481,0.7423067008304355
0.0014639321417678952,0.7423067008304355
0.0014645901548143026,0.7423067008304355
0.0014652484636265813,0.7423067008304355
0.0014659070683376784,0.7423067008304355
0.0014665659690805916,0.7423067008304355
0.0014672251659883831,0.7423067008304355
0.001467884659194176,0.7423067008304355
0.001468544448831147,0.7423067008304355
0.0014692045350325424,0.7423067008304355
0.0014698649179316588,0.7423067008304355
0.0014705255976618585,0.7423067008304355
0.0014711865743565632,0.7423067008304355
0.0014718478481492493,0.7423067008304355
0.0014725094191734632,0.7423067008304355
0.0014731712875628012,0.7423067008304355
0.0014738334534509254,0.7423067008304355
0.0014744959169715579,0.7423067008304355
0.001475158678258475,0.7423067008304355
0.0014758217374455241,0.7423067008304355
0.0014764850946666012,0.7423067008304355
0.0014771487500556697,0.7423067008304355
0.0014778127037467523,0.7423067008304355
0.001478476955873928,0.7423067008304355
0.00147914150657134,0.7423067008304355
0.001479806355973191,0.7423067008304355
0.0014804715042137434,0.7423067008304355
0.0014811369514273218,0.7423067008304355
0.0014818026977483066,0.7423067008304355
0.001482468743311143,0.7423067008304355
0.0014831350882503352,0.7423067008304355
0.0014838017327004481,0.7423067008304355
0.0014844686767961082,0.7423067008304355
0.0014851359206719981,0.7423067008304355
0.0014858034644628655,0.7423067008304355
0.0014864713083035173,0.7423067008304355
0.0014871394523288208,0.7423067008304355
0.0014878078966737056,0.7423067008304355
0.0014884766414731572,0.7423067008304355
0.0014891456868622265,0.7423067008304355
0.0014898150329760234,0.7423067008304355
0.0014904846799497187,0.7423067008304355
0.0014911546279185455,0.7423067008304355
0.001491824877017793,0.7423067008304355
0.0014924954273828155,0.7423067008304355
0.0014931662791490274,0.7423067008304355
0.0014938374324519033,0.7423067008304355
0.0014945088874269805,0.7423067008304355
0.0014951806442098524,0.7423067008304355
0.0014958527029361782,0.7423067008304355
0.0014965250637416765,0.7423067008304355
0.0014971977267621266,0.7423067008304355
0.001497870692133371,0.7423067008304355
0.0014985439599913078,0.7423067008304355
0.0014992175304719016,0.7423067008304355
0.0014998914037111762,0.7423067008304355
0.0015005655798452165,0.7423067008304355
0.00150124005901017,0.7423067008304355
0.0015019148413422411,0.7423067008304355
0.0015025899269777,0.7423067008304355
0.0015032653160528765,0.7423067008304355
0.0015039410087041617,0.7423067008304355
0.0015046170050680094,0.7423067008304355
0.00150529330528093,0.7423067008304355
0.0015059699094795006,0.7423067008304355
0.0015066468178003575,0.7423067008304355
0.0015073240303801986,0.7423067008304355
0.0015080015473557847,0.7423067008304355
0.0015086793688639335,0.7423067008304355
0.001509357495041529,0.7423067008304355
0.0015100359260255148,0.7423067008304355
0.0015107146619528966,0.7423067008304355
0.0015113937029607425,0.7423067008304355
0.0015120730491861784,0.7423067008304355
0.0015127527007663957,0.7423067008304355
0.0015134326578386465,0.7423067008304355
0.0015141129205402443,0.7423067008304355
0.001514793489008566,0.7423067008304355
0.0015154743633810455,0.7423067008304355
0.0015161555437951829,0.7423067008304355
0.0015168370303885392,0.7423067008304355
0.0015175188232987367,0.7423067008304355
0.0015182009226634612,0.7423067008304355
0.0015188833286204557,0.7423067008304355
0.0015195660413075303,0.7423067008304355
0.001520249060862556,0.7423067008304355
0.0015209323874234605,0.7423067008304355
0.001521616021128244,0.7423067008304355
0.001522299962114958,0.7423067008304355
0.0015229842105217218,0.7423067008304355
0.0015236687664867176,0.7423067008304355
0.0015243536301481825,0.7423067008304355
0.0015250388016444275,0.7423067008304355
0.0015257242811138145,0.7423067008304355
0.0015264100686947738,0.7423067008304355
0.0015270961645257979,0.7423067008304355
0.0015277825687454352,0.7423067008304355
0.001528469281492308,0.7423067008304355
0.0015291563029050889,0.7423067008304355
0.00152984363312252,0.7423067008304355
0.0015305312722834051,0.7423067008304355
0.001531219220526605,0.7423067008304355
0.0015319074779910524,0.7423067008304355
0.0015325960448157332,0.7423067008304355
0.0015332849211397007,0.7423067008304355
0.0015339741071020718,0.7423067008304355
0.0015346636028420184,0.7423067008304355
0.001535353408498787,0.7423067008304355
0.0015360435242116753,0.7423067008304355
0.0015367339501200499,0.7423067008304355
0.0015374246863633402,0.7423067008304355
0.0015381157330810315,0.7423067008304355
0.0015388070904126833,0.7423067008304355
0.0015394987584979069,0.7423067008304355
0.0015401907374763821,0.7423067008304355
0.0015408830274878519,0.7423067008304355
0.0015415756286721158,0.7423067008304355
0.0015422685411690471,0.7423067008304355
0.0015429617651185707,0.7423067008304355
0.0015436553006606811,0.7423067008304355
0.0015443491479354354,0.7423067008304355
0.0015450433070829477,0.7423067008304355
0.0015457377782434056,0.7423067008304355
0.0015464325615570493,0.7423067008304355
0.0015471276571641878,0.7423067008304355
0.0015478230652051935,0.7423067008304355
0.0015485187858204953,0.7423067008304355
0.0015492148191505967,0.7423067008304355
0.001549911165336053,0.7423067008304355
0.0015506078245174886,0.7423067008304355
0.0015513047968355922,0.7423067008304355
0.0015520020824311084,0.7423067008304355
0.0015526996814448565,0.7423067008304355
0.001553397594017708,0.7423067008304355
0.0015540958202906042,0.7423067008304355
0.0015547943604045495,0.7423067008304355
0.0015554932145006055,0.7423067008304355
0.0015561923827199081,0.7423067008304355
0.001556891865203646,0.7423067008304355
0.0015575916620930773,0.7423067008304355
0.0015582917735295235,0.7423067008304355
0.0015589921996543635,0.7423067008304355
0.001559692940609051,0.7423067008304355
0.001560393996535092,0.7423067008304355
0.0015610953675740625,0.7423067008304355
0.0015617970538676018,0.7423067008304355
0.001562499055557407,0.7423067008304355
0.0015632013727852497,0.7423067008304355
0.0015639040056929542,0.7423067008304355
0.001564606954422415,0.7423067008304355
0.0015653102191155906,0.7423067008304355
0.001566013799914496,0.7423067008304355
0.0015667176969612223,0.7423067008304355
0.0015674219103979127,0.7423067008304355
0.0015681264403667806,0.7423067008304355
0.0015688312870101037,0.7423067008304355
0.0015695364504702174,0.7423067008304355
0.0015702419308895313,0.7423067008304355
0.0015709477284105088,0.7423067008304355
0.0015716538431756837,0.7423067008304355
0.001572360275327653,0.7423067008304355
0.0015730670250090723,0.7423067008304355
0.0015737740923626722,0.7423067008304355
0.0015744814775312359,0.7423067008304355
0.001575189180657618,0.7423067008304355
0.0015758972018847365,0.7423067008304355
0.0015766055413555678,0.7423067008304355
0.0015773141992131633,0.7423067008304355
0.0015780231756006278,0.7423067008304355
0.0015787324706611368,0.7423067008304355
0.0015794420845379302,0.7423067008304355
0.0015801520173743056,0.7423067008304355
0.0015808622693136366,0.7423067008304355
0.0015815728404993496,0.7423067008304355
0.0015822837310749424,0.7423067008304355
0.001582994941183977,0.7423067008304355
0.001583706470970073,0.7423067008304355
0.0015844183205769272,0.7423067008304355
0.0015851304901482882,0.7423067008304355
0.0015858429798279766,0.7423067008304355
0.0015865557897598772,0.7423067008304355
0.0015872689200879333,0.7423067008304355
0.001587982370956164,0.7423067008304355
0.001588696142508642,0.7423067008304355
0.001589410234889511,0.7423067008304355
0.0015901246482429795,0.7423067008304355
0.001590839382713315,0.7423067008304355
0.0015915544384448603,0.7423067008304355
0.001592269815582012,0.7423067008304355
0.0015929855142692382,0.7423067008304355
0.001593701534651072,0.7423067008304355
0.0015944178768721048,0.7423067008304355
0.0015951345410770046,0.7423067008304355
0.0015958515274104928,0.7423067008304355
0.0015965688360173624,0.7423067008304355
0.0015972864670424716,0.7423067008304355
0.0015980044206307371,0.7423067008304355
0.0015987226969271522,0.7423067008304355
0.0015994412960767639,0.7423067008304355
0.001600160218224691,0.7423067008304355
0.0016008794635161173,0.7423067008304355
0.0016015990320962857,0.7423067008304355
0.0016023189241105155,0.7423067008304355
0.0016030391397041802,0.7423067008304355
0.0016037596790227247,0.7423067008304355
0.0016044805422116598,0.7423067008304355
0.0016052017294165548,0.7423067008304355
0.0016059232407830562,0.7423067008304355
0.0016066450764568641,0.7423067008304355
0.0016073672365837508,0.7423067008304355
0.0016080897213095544,0.7423067008304355
0.0016088125307801716,0.7423067008304355
0.0016095356651415764,0.7423067008304355
0.001610259124539797,0.7423067008304355
0.0016109829091209334,0.7423067008304355
0.0016117070190311516,0.7423067008304355
0.001612431454416677,0.7423067008304355
0.0016131562154238113,0.7423067008304355
0.0016138813021989115,0.7423067008304355
0.0016146067148884063,0.7423067008304355
0.0016153324536387905,0.7423067008304355
0.001616058518596618,0.7423067008304355
0.0016167849099085203,0.7423067008304355
0.001617511627721183,0.7423067008304355
0.0016182386721813647,0.7423067008304355
0.0016189660434358893,0.7423067008304355
0.0016196937416316406,0.7423067008304355
0.0016204217669155798,0.7423067008304355
0.0016211501194347228,0.7423067008304355
0.0016218787993361576,0.7423067008304355
0.0016226078067670391,0.7423067008304355
0.0016233371418745814,0.7423067008304355
0.001624066804806076,0.7423067008304355
0.0016247967957088692,0.7423067008304355
0.0016255271147303809,0.7423067008304355
0.001626257762018096,0.7423067008304355
0.0016269887377195601,0.7423067008304355
0.0016277200419823963,0.7423067008304355
0.0016284516749542823,0.7423067008304355
0.0016291836367829692,0.7423067008304355
0.001629915927616274,0.7423067008304355
0.0016306485476020739,0.7423067008304355
0.0016313814968883244,0.7423067008304355
0.001632114775623035,0.7423067008304355
0.0016328483839542897,0.7423067008304355
0.0016335823220302375,0.7423067008304355
0.0016343165899990887,0.7423067008304355
0.001635051188009131,0.7423067008304355
0.0016357861162087076,0.7423067008304355
0.0016365213747462349,0.7423067008304355
0.0016372569637701957,0.7423067008304355
0.0016379928834291332,0.7423067008304355
0.0016387291338716692,0.7423067008304355
0.00163946571524648,0.7423067008304355
0.0016402026277023162,0.7423067008304355
0.0016409398713879946,0.7423067008304355
0.0016416774464523927,0.7423067008304355
0.0016424153530444662,0.7423067008304355
0.0016431535913132263,0.7423067008304355
0.0016438921614077577,0.7423067008304355
0.0016446310634772123,0.7423067008304355
0.0016453702976708025,0.7423067008304355
0.0016461098641378186,0.7423067008304355
0.0016468497630276076,0.7423067008304355
0.0016475899944895895,0.7423067008304355
0.0016483305586732513,0.7423067008304355
0.0016490714557281427,0.7423067008304355
0.0016498126858038858,0.7423067008304355
0.0016505542490501672,0.7423067008304355
0.001651296145616742,0.7423067008304355
0.0016520383756534335,0.7423067008304355
0.001652780939310128,0.7423067008304355
0.0016535238367367832,0.7423067008304355
0.0016542670680834235,0.7423067008304355
0.0016550106335001403,0.7423067008304355
0.0016557545331370943,0.7423067008304355
0.0016564987671445085,0.7423067008304355
0.0016572433356726783,0.7423067008304355
0.0016579882388719654,0.7423067008304355
0.001658733476892799,0.7423067008304355
0.0016594790498856771,0.7423067008304355
0.0016602249580011611,0.7423067008304355
0.0016609712013898844,0.7423067008304355
0.0016617177802025467,0.7423067008304355
0.0016624646945899155,0.7423067008304355
0.001663211944702828,0.7423067008304355
0.0016639595306921836,0.7423067008304355
0.0016647074527089548,0.7423067008304355
0.0016654557109041803,0.7423067008304355
0.0016662043054289667,0.7423067008304355
0.0016669532364344906,0.7423067008304355
0.0016677025040719906,0.7423067008304355
0.001668452108492779,0.7423067008304355
0.0016692020498482343,0.7423067008304355
0.001669952328289803,0.7423067008304355
0.0016707029439690013,0.7423067008304355
0.0016714538970374086,0.7423067008304355
0.0016722051876466775,0.7423067008304355
0.0016729568159485266,0.7423067008304355
0.0016737087820947434,0.7423067008304355
0.001674461086237185,0.7423067008304355
0.0016752137285277716,0.7423067008304355
0.0016759667091184966,0.7423067008304355
0.0016767200281614207,0.7423067008304355
0.001677473685808672,0.7423067008304355
0.0016782276822124497,0.7423067008304355
0.0016789820175250156,0.7423067008304355
0.0016797366918987052,0.7423067008304355
0.0016804917054859207,0.7423067008304355
0.0016812470584391332,0.7423067008304355
0.0016820027509108835,0.7423067008304355
0.0016827587830537762,0.7423067008304355
0.0016835151550204895,0.7423067008304355
0.0016842718669637686,0.7423067008304355
0.0016850289190364271,0.7423067008304355
0.0016857863113913494,0.7423067008304355
0.0016865440441814832,0.7423067008304355
0.0016873021175598502,0.7423067008304355
0.001688060531679539,0.7423067008304355
0.0016888192866937072,0.7423067008304355
0.0016895783827555828,0.7423067008304355
0.0016903378200184577,0.7423067008304355
0.001691097598635698,0.7423067008304355
0.0016918577187607362,0.7423067008304355
0.001692618180547075,0.7423067008304355
0.0016933789841482867,0.7423067008304355
0.001694140129718008,0.7423067008304355
0.0016949016174099502,0.7423067008304355
0.0016956634473778928,0.7423067008304355
0.001696425619775678,0.7423067008304355
0.0016971881347572291,0.7423067008304355
0.0016979509924765271,0.7423067008304355
0.0016987141930876282,0.7423067008304355
0.0016994777367446581,0.7423067008304355
0.0017002416236018055,0.7423067008304355
0.00170100585381334,0.7423067008304355
0.0017017704275335882,0.7423067008304355
0.0017025353449169533,0.7423067008304355
0.0017033006061179079,0.7423067008304355
0.001704066211290987,0.7423067008304355
0.0017048321605908077,0.7423067008304355
0.0017055984541720433,0.7423067008304355
0.001706365092189445,0.7423067008304355
0.001707132074797832,0.7423067008304355
0.0017078994021520878,0.7423067008304355
0.0017086670744071767,0.7423067008304355
0.0017094350917181201,0.7423067008304355
0.0017102034542400173,0.7423067008304355
0.001710972162128036,0.7423067008304355
0.0017117412155374077,0.7423067008304355
0.0017125106146234452,0.7423067008304355
0.0017132803595415194,0.7423067008304355
0.0017140504504470774,0.7423067008304355
0.0017148208874956368,0.7423067008304355
0.0017155916708427778,0.7423067008304355
0.001716362800644163,0.7423067008304355
0.0017171342770555124,0.7423067008304355
0.001717906100232623,0.7423067008304355
0.001718678270331362,0.7423067008304355
0.0017194507875076597,0.7423067008304355
0.001720223651917529,0.7423067008304355
0.0017209968637170398,0.7423067008304355
0.0017217704230623398,0.7423067008304355
0.001722544330109647,0.7423067008304355
0.0017233185850152424,0.7423067008304355
0.0017240931879354893,0.7423067008304355
0.0017248681390268092,0.7423067008304355
0.0017256434384457012,0.7423067008304355
0.0017264190863487342,0.7423067008304355
0.0017271950828925409,0.7423067008304355
0.0017279714282338364,0.7423067008304355
0.0017287481225293942,0.7423067008304355
0.0017295251659360652,0.7423067008304355
0.0017303025586107707,0.7423067008304355
0.0017310803007104954,0.7423067008304355
0.0017318583923923072,0.7423067008304355
0.0017326368338133323,0.7109001385232238
0.001733415625130774,0.7109001385232238
0.0017341947665019072,0.7109001385232238
0.0017349742580840695,0.7109001385232238
0.001735754100034682,0.7109001385232238
0.0017365342925112243,0.7109001385232238
0.0017373148356712536,0.7109001385232238
0.001738095729672398,0.7109001385232238
0.0017388769746723497,0.7109001385232238
0.0017396585708288836,0.7109001385232238
0.0017404405182998334,0.7109001385232238
0.0017412228172431108,0.7109001385232238
0.0017420054678166988,0.7109001385232238
0.001742788470178644,0.7109001385232238
0.001743571824487076,0.7109001385232238
0.0017443555309001842,0.7109001385232238
0.0017451395895762352,0.7109001385232238
0.001745924000673567,0.7109001385232238
0.001746708764350582,0.7109001385232238
0.0017474938807657658,0.7109001385232238
0.001748279350077663,0.7109001385232238
0.0017490651724448966,0.7109001385232238
0.001749851348026161,0.7109001385232238
0.0017506378769802143,0.7109001385232238
0.0017514247594658994,0.7109001385232238
0.0017522119956421168,0.7109001385232238
0.0017529995856678466,0.7109001385232238
0.0017537875297021401,0.7109001385232238
0.0017545758279041129,0.7109001385232238
0.0017553644804329644,0.7109001385232238
0.0017561534874479534,0.7109001385232238
0.0017569428491084173,0.7109001385232238
0.001757732565573765,0.7109001385232238
0.0017585226370034701,0.7109001385232238
0.0017593130635570901,0.7109001385232238
0.0017601038453942423,0.7109001385232238
0.0017608949826746223,0.7109001385232238
0.0017616864755579974,0.7109001385232238
0.0017624783242042002,0.7109001385232238
0.0017632705287731474,0.7109001385232238
0.0017640630894248145,0.7109001385232238
0.001764856006319257,0.7109001385232238
0.0017656492796166014,0.7109001385232238
0.00176644290947704,0.7109001385232238
0.0017672368960608485,0.7109001385232238
0.0017680312395283633,0.7109001385232238
0.0017688259400399993,0.7109001385232238
0.0017696209977562435,0.7109001385232238
0.001770416412837648,0.7109001385232238
0.0017712121854448499,0.7109001385232238
0.0017720083157385456,0.7109001385232238
0.001772804803879511,0.7109001385232238
0.001773601650028594,0.7109001385232238
0.0017743988543467083,0.7109001385232238
0.0017751964169948518,0.7109001385232238
0.0017759943381340825,0.7109001385232238
0.0017767926179255381,0.7109001385232238
0.0017775912565304284,0.7109001385232238
0.001778390254110029,0.7109001385232238
0.0017791896108256997,0.7109001385232238
0.0017799893268388611,0.7109001385232238
0.0017807894023110131,0.7109001385232238
0.0017815898374037287,0.7109001385232238
0.0017823906322786453,0.7109001385232238
0.0017831917870974865,0.7109001385232238
0.0017839933020220358,0.7109001385232238
0.0017847951772141564,0.7109001385232238
0.0017855974128357843,0.7109001385232238
0.0017864000090489212,0.7109001385232238
0.001787202966015654,0.7109001385232238
0.0017880062838981305,0.7109001385232238
0.0017888099628585775,0.7109001385232238
0.0017896140030592956,0.7109001385232238
0.0017904184046626508,0.7109001385232238
0.001791223167831095,0.7109001385232238
0.0017920282927271398,0.7109001385232238
0.001792833779513378,0.7109001385232238
0.0017936396283524747,0.7109001385232238
0.0017944458394071614,0.7109001385232238
0.0017952524128402548,0.7109001385232238
0.001796059348814633,0.7109001385232238
0.0017968666474932537,0.7109001385232238
0.0017976743090391484,0.7109001385232238
0.0017984823336154145,0.7109001385232238
0.001799290721385235,0.7109001385232238
0.0018000994725118544,0.7109001385232238
0.0018009085871585969,0.7109001385232238
0.0018017180654888605,0.7109001385232238
0.00180252790766611,0.7109001385232238
0.001803338113853895,0.7109001385232238
0.0018041486842158277,0.7109001385232238
0.001804959618915599,0.7109001385232238
0.0018057709181169754,0.7109001385232238
0.0018065825819837881,0.7109001385232238
0.0018073946106799562,0.7109001385232238
0.0018082070043694582,0.7109001385232238
0.0018090197632163547,0.7109001385232238
0.0018098328873847795,0.7109001385232238
0.0018106463770389332,0.7109001385232238
0.0018114602323431029,0.7109001385232238
0.0018122744534616365,0.7109001385232238
0.0018130890405589635,0.7109001385232238
0.0018139039937995869,0.7109001385232238
0.0018147193133480762,0.7109001385232238
0.0018155349993690887,0.7109001385232238
0.0018163510520273418,0.7109001385232238
0.0018171674714876347,0.7109001385232238
0.0018179842579148404,0.7109001385232238
0.001818801411473899,0.7109001385232238
0.001819618932329838,0.7109001385232238
0.001820436820647745,0.7109001385232238
0.0018212550765927902,0.7109001385232238
0.0018220737003302174,0.7109001385232238
0.001822892692025338,0.7109001385232238
0.0018237120518435502,0.7109001385232238
0.0018245317799503132,0.7109001385232238
0.0018253518765111688,0.7109001385232238
0.0018261723416917329,0.7109001385232238
0.001826993175657688,0.7109001385232238
0.0018278143785748044,0.7109001385232238
0.001828635950608914,0.7109001385232238
0.0018294578919259307,0.7109001385232238
0.001830280202691843,0.7109001385232238
0.0018311028830727061,0.7109001385232238
0.0018319259332346632,0.7109001385232238
0.0018327493533439193,0.7109001385232238
0.0018335731435667614,0.7109001385232238
0.0018343973040695512,0.7109001385232238
0.0018352218350187177,0.7109001385232238
0.0018360467365807777,0.7109001385232238
0.0018368720089223104,0.7109001385232238
0.0018376976522099762,0.7109001385232238
0.0018385236666105115,0.7109001385232238
0.0018393500522907215,0.7109001385232238
0.001840176809417492,0.7109001385232238
0.001841003938157782,0.7109001385232238
0.001841831438678626,0.7109001385232238
0.0018426593111471343,0.7109001385232238
0.0018434875557304879,0.7109001385232238
0.0018443161725959479,0.7109001385232238
0.001845145161910849,0.7109001385232238
0.001845974523842601,0.7109001385232238
0.0018468042585586908,0.7109001385232238
0.001847634366226675,0.7109001385232238
0.001848464847014191,0.7109001385232238
0.0018492957010889498,0.7109001385232238
0.001850126928618738,0.7109001385232238
0.001850958529771419,0.7109001385232238
0.0018517905047149266,0.7109001385232238
0.0018526228536172753,0.7109001385232238
0.0018534555766465532,0.7109001385232238
0.0018542886739709242,0.7109001385232238
0.0018551221457586296,0.7109001385232238
0.0018559559921779807,0.7109001385232238
0.0018567902133973697,0.7109001385232238
0.0018576248095852636,0.7109001385232238
0.001858459780910204,0.7109001385232238
0.0018592951275408108,0.7109001385232238
0.0018601308496457736,0.7109001385232238
0.001860966947393864,0.7109001385232238
0.0018618034209539273,0.7109001385232238
0.0018626402704948848,0.7109001385232238
0.0018634774961857352,0.7109001385232238
0.001864315098195548,0.7109001385232238
0.001865153076693474,0.7109001385232238
0.0018659914318487388,0.7109001385232238
0.0018668301638306432,0.7109001385232238
0.0018676692728085665,0.7109001385232238
0.001868508758951958,0.7109001385232238
0.0018693486224303497,0.7109001385232238
0.001870188863413347,0.7109001385232238
0.001871029482070632,0.7109001385232238
0.0018718704785719651,0.7109001385232238
0.0018727118530871768,0.7109001385232238
0.00187355360578618,0.7109001385232238
0.001874395736838962,0.7109001385232238
0.0018752382464155867,0.7109001385232238
0.0018760811346861957,0.7109001385232238
0.0018769244018210023,0.7109001385232238
0.0018777680479903013,0.7109001385232238
0.0018786120733644625,0.7109001385232238
0.001879456478113932,0.7109001385232238
0.0018803012624092346,0.7109001385232238
0.001881146426420966,0.7109001385232238
0.0018819919703198043,0.7109001385232238
0.0018828378942765025,0.7109001385232238
0.0018836841984618902,0.7109001385232238
0.0018845308830468758,0.7109001385232238
0.0018853779482024386,0.7109001385232238
0.0018862253940996408,0.7109001385232238
0.001887073220909621,0.7109001385232238
0.001887921428803588,0.7109001385232238
0.0018887700179528399,0.7109001385232238
0.0018896189885287387,0.7109001385232238
0.0018904683407027316,0.7109001385232238
0.0018913180746463424,0.7109001385232238
0.001892168190531164,0.7109001385232238
0.001893018688528881,0.7109001385232238
0.0018938695688112404,0.7109001385232238
0.001894720831550075,0.7109001385232238
0.0018955724769172944,0.7109001385232238
0.0018964245050848779,0.7109001385232238
0.0018972769162248955,0.7109001385232238
0.0018981297105094815,0.7109001385232238
0.0018989828881108544,0.7109001385232238
0.0018998364492013107,0.7109001385232238
0.0019006903939532169,0.7109001385232238
0.00190154472253903,0.7109001385232238
0.001902399435131271,0.7109001385232238
0.0019032545319025464,0.7109001385232238
0.0019041100130255402,0.7109001385232238
0.001904965878673006,0.7109001385232238
0.0019058221290177894,0.7109001385232238
0.0019066787642327992,0.7109001385232238
0.0019075357844910302,0.7109001385232238
0.001908393189965555,0.7109001385232238
0.0019092509808295156,0.7109001385232238
0.0019101091572561466,0.7109001385232238
0.0019109677194187455,0.7109001385232238
0.0019118266674906963,0.7109001385232238
0.001912686001645461,0.7109001385232238
0.001913545722056571,0.7109001385232238
0.0019144058288976505,0.7109001385232238
0.0019152663223423873,0.7109001385232238
0.0019161272025645549,0.7109001385232238
0.0019169884697380053,0.7109001385232238
0.0019178501240366614,0.7109001385232238
0.0019187121656345366,0.7109001385232238
0.0019195745947057099,0.7109001385232238
0.0019204374114243459,0.7109001385232238
0.0019213006159646878,0.7109001385232238
0.001922164208501049,0.7109001385232238
0.001923028189207835,0.7109001385232238
0.001923892558259516,0.7109001385232238
0.0019247573158306488,0.7109001385232238
0.0019256224620958682,0.7109001385232238
0.0019264879972298798,0.7109001385232238
0.0019273539214074813,0.7109001385232238
0.0019282202348035356,0.7109001385232238
0.001929086937592992,0.7109001385232238
0.001929954029950878,0.7109001385232238
0.0019308215120522924,0.7109001385232238
0.001931689384072426,0.7109001385232238
0.0019325576461865352,0.7109001385232238
0.0019334262985699626,0.7109001385232238
0.0019342953413981295,0.7109001385232238
0.0019351647748465288,0.7109001385232238
0.0019360345990907452,0.7109001385232238
0.0019369048143064293,0.7109001385232238
0.0019377754206693178,0.7109001385232238
0.0019386464183552274,0.7109001385232238
0.001939517807540045,0.7109001385232238
0.0019403895883997506,0.7109001385232238
0.0019412617611103899,0.7109001385232238
0.0019421343258480951,0.7109001385232238
0.0019430072827890778,0.7109001385232238
0.001943880632109621,0.7109001385232238
0.0019447543739861007,0.7109001385232238
0.001945628508594958,0.7109001385232238
0.001946503036112722,0.7109001385232238
0.0019473779567160004,0.7109001385232238
0.0019482532705814726,0.7109001385232238
0.0019491289778859114,0.7109001385232238
0.001950005078806155,0.7109001385232238
0.0019508815735191293,0.7109001385232238
0.0019517584622018394,0.7109001385232238
0.001952635745031362,0.7109001385232238
0.001953513422184868,0.7109001385232238
0.0019543914938395927,0.7109001385232238
0.0019552699601728604,0.7109001385232238
0.0019561488213620743,0.7109001385232238
0.0019570280775847095,0.7109001385232238
0.0019579077290183353,0.7109001385232238
0.001958787775840586,0.7109001385232238
0.001959668218229184,0.7109001385232238
0.0019605490563619323,0.7109001385232238
0.001961430290416705,0.7109001385232238
0.001962311920571471,0.7109001385232238
0.001963193947004264,0.7109001385232238
0.001964076369893206,0.7109001385232238
0.0019649591894165003,0.7109001385232238
0.0019658424057524206,0.7109001385232238
0.0019667260190793364,0.7109001385232238
0.001967610029575682,0.7109001385232238
0.0019684944374199808,0.7109001385232238
0.0019693792427908354,0.7109001385232238
0.0019702644458669217,0.7109001385232238
0.00197115004682701,0.7109001385232238
0.0019720360458499358,0.7109001385232238
0.001972922443114624,0.7109001385232238
0.00197380923880008,0.7109001385232238
0.0019746964330853807,0.7109001385232238
0.001975584026149698,0.7109001385232238
0.001976472018172271,0.7109001385232238
0.0019773604093324265,0.7109001385232238
0.0019782491998095717,0.7109001385232238
0.001979138389783188,0.7109001385232238
0.001980027979432849,0.7109001385232238
0.001980917968938198,0.7109001385232238
0.0019818083584789642,0.7109001385232238
0.001982699148234959,0.7109001385232238
0.001983590338386067,0.7109001385232238
0.001984481929112267,0.7109001385232238
0.0019853739205936043,0.7109001385232238
0.001986266313010214,0.7109001385232238
0.001987159106542312,0.7109001385232238
0.0019880523013701868,0.7109001385232238
0.001988945897674222,0.7109001385232238
0.0019898398956348685,0.7109001385232238
0.0019907342954326667,0.7109001385232238
0.0019916290972482368,0.7109001385232238
0.0019925243012622737,0.7109001385232238
0.001993419907655567,0.7109001385232238
0.001994315916608973,0.7109001385232238
0.0019952123283034384,0.7109001385232238
0.0019961091429199895,0.7109001385232238
0.001997006360639728,0.7109001385232238
0.00199790398164385,0.7109001385232238
0.0019988020061136183,0.7109001385232238
0.001999700434230387,0.7109001385232238
0.0020005992661755903,0.7109001385232238
0.002001498502130736,0.7109001385232238
0.002002398142277428,0.7109001385232238
0.0020032981867973373,0.7109001385232238
0.002004198635872226,0.7109001385232238
0.002005099489683936,0.7109001385232238
0.0020060007484143834,0.7109001385232238
0.002006902412245581,0.7109001385232238
0.002007804481359609,0.7109001385232238
0.0020087069559386367,0.7109001385232238
0.0020096098361649163,0.7109001385232238
0.0020105131222207732,0.7109001385232238
0.002011416814288629,0.7109001385232238
0.0020123209125509738,0.7109001385232238
0.0020132254171903864,0.7109001385232238
0.002014130328389529,0.7109001385232238
0.002015035646331137,0.7109001385232238
0.002015941371198043,0.7109001385232238
0.002016847503173147,0.7109001385232238
0.0020177540424394388,0.7109001385232238
0.0020186609891799916,0.7109001385232238
0.002019568343577952,0.7109001385232238
0.002020476105816563,0.7109001385232238
0.0020213842760791367,0.7109001385232238
0.0020222928545490745,0.7109001385232238
0.002023201841409861,0.7109001385232238
0.0020241112368450547,0.7109001385232238
0.002025021041038312,0.7109001385232238
0.002025931254173356,0.7109001385232238
0.002026841876434001,0.7109001385232238
0.002027752908004145,0.7109001385232238
0.002028664349067759,0.7109001385232238
0.002029576199808912,0.7109001385232238
0.0020304884604117404,0.7109001385232238
0.002031401131060473,0.7109001385232238
0.0020323142119394208,0.7109001385232238
0.0020332277032329682,0.7109001385232238
0.002034141605125599,0.7109001385232238
0.002035055917801864,0.7109001385232238
0.0020359706414464058,0.7109001385232238
0.0020368857762439493,0.7109001385232238
0.0020378013223792957,0.7109001385232238
0.0020387172800373416,0.7109001385232238
0.0020396336494030542,0.7109001385232238
0.002040550430661491,0.7109001385232238
0.002041467623997793,0.7109001385232238
0.002042385229597176,0.7109001385232238
0.0020433032476449542,0.696517374612322
0.0020442216783265093,0.696517374612322
0.0020451405218273157,0.696517374612322
0.002046059778332931,0.696517374612322
0.0020469794480289893,0.696517374612322
0.0020478995311012153,0.696517374612322
0.0020488200277354145,0.696517374612322
0.0020497409381174765,0.696517374612322
0.0020506622624333753,0.696517374612322
0.002051584000869164,0.696517374612322
0.002052506153610984,0.696517374612322
0.00205342872084506,0.696517374612322
0.0020543517027576974,0.696517374612322
0.002055275099535291,0.696517374612322
0.0020561989113643112,0.696517374612322
0.002057123138431318,0.696517374612322
0.002058047780922955,0.696517374612322
0.0020589728390259486,0.696517374612322
0.00205989831292711,0.696517374612322
0.0020608242028133305,0.696517374612322
0.00206175050887159,0.696517374612322
0.0020626772312889513,0.696517374612322
0.0020636043702525605,0.696517374612322
0.002064531925949651,0.696517374612322
0.002065459898567532,0.696517374612322
0.0020663882882936053,0.696517374612322
0.002067317095315354,0.696517374612322
0.002068246319820346,0.696517374612322
0.0020691759619962343,0.696517374612322
0.0020701060220307517,0.696517374612322
0.00207103650011172,0.696517374612322
0.0020719673964270445,0.696517374612322
0.0020728987111647145,0.696517374612322
0.0020738304445128055,0.696517374612322
0.0020747625966594727,0.696517374612322
0.00207569516779296,0.696517374612322
0.0020766281581015957,0.696517374612322
0.002077561567773792,0.696517374612322
0.002078495396998048,0.696517374612322
0.0020794296459629405,0.696517374612322
0.0020803643148571385,0.696517374612322
0.0020812994038693932,0.696517374612322
0.0020822349131885405,0.696517374612322
0.002083170843003504,0.696517374612322
0.002084107193503284,0.696517374612322
0.002085043964876975,0.696517374612322
0.0020859811573137516,0.696517374612322
0.0020869187710028754,0.696517374612322
0.002087856806133694,0.696517374612322
0.002088795262895634,0.696517374612322
0.0020897341414782143,0.696517374612322
0.002090673442071036,0.696517374612322
0.002091613164863785,0.696517374612322
0.002092553310046236,0.696517374612322
0.0020934938778082415,0.696517374612322
0.0020944348683397465,0.696517374612322
0.0020953762818307783,0.696517374612322
0.0020963181184714503,0.696517374612322
0.0020972603784519634,0.696517374612322
0.0020982030619625977,0.696517374612322
0.0020991461691937247,0.696517374612322
0.0021000897003358,0.696517374612322
0.002101033655579364,0.696517374612322
0.0021019780351150463,0.696517374612322
0.0021029228391335536,0.696517374612322
0.002103868067825687,0.696517374612322
0.002104813721382332,0.696517374612322
0.0021057597999944518,0.696517374612322
0.0021067063038531096,0.696517374612322
0.0021076532331494413,0.696517374612322
0.0021086005880746753,0.696517374612322
0.0021095483688201274,0.696517374612322
0.0021104965755771895,0.696517374612322
0.002111445208537356,0.696517374612322
0.002112394267892192,0.696517374612322
0.0021133437538333557,0.696517374612322
0.0021142936665525937,0.696517374612322
0.002115244006241728,0.696517374612322
0.0021161947730926845,0.696517374612322
0.0021171459672974582,0.696517374612322
0.0021180975890481395,0.696517374612322
0.0021190496385369057,0.696517374612322
0.0021200021159560106,0.696517374612322
0.0021209550214978112,0.696517374612322
0.002121908355354735,0.696517374612322
0.0021228621177193045,0.696517374612322
0.0021238163087841286,0.696517374612322
0.0021247709287418944,0.696517374612322
0.0021257259777853915,0.696517374612322
0.0021266814561074795,0.696517374612322
0.0021276373639011145,0.696517374612322
0.0021285937013593385,0.696517374612322
0.0021295504686752727,0.696517374612322
0.0021305076660421396,0.696517374612322
0.0021314652936532327,0.696517374612322
0.002132423351701943,0.696517374612322
0.0021333818403817453,0.696517374612322
0.0021343407598861963,0.696517374612322
0.0021353001104089525,0.696517374612322
0.002136259892143743,0.696517374612322
0.0021372201052843923,0.696517374612322
0.002138180750024813,0.696517374612322
0.0021391418265589946,0.696517374612322
0.0021401033350810306,0.696517374612322
0.002141065275785085,0.696517374612322
0.0021420276488654196,0.696517374612322
0.0021429904545163816,0.696517374612322
0.002143953692932398,0.696517374612322
0.002144917364307999,0.696517374612322
0.0021458814688377847,0.696517374612322
0.0021468460067164538,0.696517374612322
0.0021478109781387913,0.696517374612322
0.0021487763832996614,0.696517374612322
0.002149742222394031,0.696517374612322
0.0021507084956169397,0.696517374612322
0.0021516752031635225,0.696517374612322
0.0021526423452290036,0.696517374612322
0.0021536099220086846,0.696517374612322
0.0021545779336979718,0.696517374612322
0.002155546380492343,0.696517374612322
0.0021565152625873728,0.696517374612322
0.0021574845801787235,0.696517374612322
0.0021584543334621374,0.696517374612322
0.002159424522633459,0.696517374612322
0.0021603951478886066,0.696517374612322
0.0021613662094235944,0.696517374612322
0.0021623377074345253,0.696517374612322
0.0021633096421175813,0.696517374612322
0.0021642820136690477,0.696517374612322
0.0021652548222852834,0.696517374612322
0.0021662280681627438,0.696517374612322
0.002167201751497973,0.696517374612322
0.0021681758724875935,0.696517374612322
0.002169150431328333,0.696517374612322
0.0021701254282169924,0.696517374612322
0.0021711008633504675,0.696517374612322
0.002172076736925746,0.696517374612322
0.0021730530491398917,0.696517374612322
0.0021740298001900757,0.696517374612322
0.0021750069902735404,0.696517374612322
0.002175984619587626,0.696517374612322
0.002176962688329762,0.696517374612322
0.002177941196697456,0.696517374612322
0.002178920144888323,0.696517374612322
0.002179899533100049,0.696517374612322
0.0021808793615304173,0.696517374612322
0.0021818596303773015,0.696517374612322
0.0021828403398386556,0.696517374612322
0.0021838214901125363,0.696517374612322
0.0021848030813970756,0.696517374612322
0.002185785113890502,0.696517374612322
0.0021867675877911344,0.696517374612322
0.0021877505032973704,0.696517374612322
0.002188733860607714,0.696517374612322
0.002189717659920742,0.696517374612322
0.002190701901435129,0.696517374612322
0.00219168658534964,0.696517374612322
0.002192671711863119,0.696517374612322
0.0021936572811745167,0.696517374612322
0.0021946432934828557,0.696517374612322
0.0021956297489872587,0.696517374612322
0.002196616647886937,0.696517374612322
0.0021976039903811822,0.696517374612322
0.0021985917766693926,0.696517374612322
0.0021995800069510383,0.696517374612322
0.0022005686814256897,0.696517374612322
0.0022015578002930066,0.696517374612322
0.002202547363752729,0.696517374612322
0.0022035373720047024,0.696517374612322
0.002204527825248848,0.696517374612322
0.0022055187236851835,0.696517374612322
0.0022065100675138175,0.696517374612322
0.0022075018569349407,0.696517374612322
0.0022084940921488472,0.696517374612322
0.0022094867733559076,0.696517374612322
0.0022104799007565904,0.696517374612322
0.0022114734745514544,0.696517374612322
0.0022124674949411394,0.696517374612322
0.0022134619621263915,0.696517374612322
0.002214456876308031,0.696517374612322
0.002215452237686978,0.696517374612322
0.0022164480464642415,0.696517374612322
0.0022174443028409136,0.696517374612322
0.0022184410070181914,0.696517374612322
0.0022194381591973474,0.696517374612322
0.002220435759579753,0.696517374612322
0.00222143380836687,0.696517374612322
0.002222432305760243,0.696517374612322
0.0022234312519615208,0.696517374612322
0.0022244306471724293,0.696517374612322
0.0022254304915947927,0.696517374612322
0.0022264307854305263,0.696517374612322
0.002227431528881627,0.696517374612322
0.0022284327221501984,0.696517374612322
0.0022294343654384197,0.696517374612322
0.002230436458948569,0.696517374612322
0.002231439002883016,0.696517374612322
0.002232441997444212,0.696517374612322
0.002233445442834715,0.696517374612322
0.002234449339257159,0.696517374612322
0.0022354536869142773,0.696517374612322
0.002236458486008895,0.696517374612322
0.002237463736743918,0.696517374612322
0.0022384694393223605,0.696517374612322
0.0022394755939473127,0.696517374612322
0.002240482200821963,0.696517374612322
0.002241489260149593,0.696517374612322
0.002242496772133566,0.696517374612322
0.0022435047369773523,0.696517374612322
0.002244513154884498,0.696517374612322
0.00224552202605865,0.696517374612322
0.002246531350703546,0.696517374612322
0.0022475411290230076,0.696517374612322
0.0022485513612209625,0.696517374612322
0.0022495620475014143,0.696517374612322
0.0022505731880684684,0.696517374612322
0.0022515847831263212,0.696517374612322
0.0022525968328792516,0.696517374612322
0.002253609337531647,0.696517374612322
0.00225462229728797,0.696517374612322
0.002255635712352784,0.696517374612322
0.002256649582930746,0.696517374612322
0.002257663909226594,0.696517374612322
0.002258678691445174,0.696517374612322
0.0022596939297914106,0.696517374612322
0.002260709624470326,0.696517374612322
0.002261725775687038,0.696517374612322
0.0022627423836467445,0.696517374612322
0.002263759448554754,0.696517374612322
0.0022647769706164492,0.696517374612322
0.0022657949500373164,0.696517374612322
0.0022668133870229327,0.696517374612322
0.002267832281778959,0.696517374612322
0.002268851634511165,0.696517374612322
0.0022698714454253955,0.696517374612322
0.002270891714727599,0.696517374612322
0.002271912442623815,0.696517374612322
0.002272933629320167,0.696517374612322
0.002273955275022887,0.696517374612322
0.0022749773799382845,0.696517374612322
0.0022759999442727697,0.696517374612322
0.002277022968232846,0.696517374612322
0.0022780464520251007,0.696517374612322
0.00227907039585623,0.696517374612322
0.0022800947999330064,0.696517374612322
0.0022811196644623053,0.696517374612322
0.002282144989651095,0.696517374612322
0.002283170775706429,0.696517374612322
0.0022841970228354613,0.696517374612322
0.0022852237312454378,0.696517374612322
0.0022862509011436958,0.696517374612322
0.002287278532737669,0.696517374612322
0.0022883066262348773,0.696517374612322
0.0022893351818429413,0.696517374612322
0.002290364199769571,0.696517374612322
0.0022913936802225724,0.696517374612322
0.002292423623409844,0.696517374612322
0.002293454029539374,0.696517374612322
0.0022944848988192485,0.696517374612322
0.002295516231457646,0.696517374612322
0.0022965480276628393,0.696517374612322
0.0022975802876431953,0.696517374612322
0.0022986130116071685,0.696517374612322
0.0022996461997633146,0.696517374612322
0.0023006798523202802,0.696517374612322
0.002301713969486806,0.696517374612322
0.0023027485514717275,0.696517374612322
0.0023037835984839688,0.696517374612322
0.0023048191107325547,0.696517374612322
0.0023058550884266,0.696517374612322
0.002306891531775316,0.696517374612322
0.002307928440988008,0.696517374612322
0.00230896581627407,0.696517374612322
0.0023100036578429964,0.696517374612322
0.0023110419659043736,0.696517374612322
0.002312080740667882,0.696517374612322
0.0023131199823432985,0.696517374612322
0.002314159691140488,0.696517374612322
0.002315199867269416,0.696517374612322
0.0023162405109401407,0.696517374612322
0.0023172816223628137,0.696517374612322
0.0023183232017476847,0.696517374612322
0.0023193652493050895,0.696517374612322
0.002320407765245467,0.696517374612322
0.0023214507497793468,0.696517374612322
0.002322494203117354,0.696517374612322
0.002323538125470211,0.696517374612322
0.002324582517048727,0.696517374612322
0.0023256273780638136,0.696517374612322
0.0023266727087264748,0.696517374612322
0.002327718509247809,0.696517374612322
0.002328764779839013,0.696517374612322
0.0023298115207113696,0.696517374612322
0.002330858732076265,0.696517374612322
0.002331906414145178,0.696517374612322
0.0023329545671296826,0.696517374612322
0.0023340031912414488,0.696517374612322
0.002335052286692236,0.696517374612322
0.0023361018536939065,0.696517374612322
0.002337151892458413,0.696517374612322
0.002338202403197807,0.696517374612322
0.0023392533861242336,0.696517374612322
0.0023403048414499298,0.696517374612322
0.0023413567693872325,0.696517374612322
0.002342409170148576,0.696517374612322
0.002343462043946479,0.696517374612322
0.0023445153909935736,0.696517374612322
0.0023455692115025694,0.696517374612322
0.002346623505686283,0.696517374612322
0.0023476782737576253,0.696517374612322
0.0023487335159295933,0.696517374612322
0.0023497892324152976,0.696517374612322
0.0023508454234279262,0.696517374612322
0.0023519020891807746,0.696517374612322
0.002352959229887232,0.696517374612322
0.0023540168457607752,0.696517374612322
0.0023550749370149933,0.696517374612322
0.0023561335038635558,0.696517374612322
0.0023571925465202355,0.696517374612322
0.002358252065198903,0.696517374612322
0.0023593120601135154,0.696517374612322
0.0023603725314781418,0.696517374612322
0.002361433479506932,0.696517374612322
0.0023624949044141405,0.696517374612322
0.0023635568064141192,0.696517374612322
0.002364619185721305,0.696517374612322
0.0023656820425502502,0.696517374612322
0.0023667453771155852,0.696517374612322
0.0023678091896320473,0.696517374612322
0.0023688734803144693,0.696517374612322
0.0023699382493777717,0.696517374612322
0.002371003497036989,0.696517374612322
0.002372069223507234,0.696517374612322
0.0023731354290037272,0.696517374612322
0.0023742021137417857,0.696517374612322
0.002375269277936812,0.696517374612322
0.0023763369218043253,0.696517374612322
0.0023774050455599217,0.696517374612322
0.0023784736494193064,0.696517374612322
0.0023795427335982795,0.696517374612322
0.0023806122983127303,0.696517374612322
0.00238168234377866,0.696517374612322
0.0023827528702121525,0.696517374612322
0.002383823877829396,0.696517374612322
0.0023848953668466773,0.696517374612322
0.002385967337480371,0.696517374612322
0.0023870397899469643,0.696517374612322
0.0023881127244630264,0.696517374612322
0.002389186141245233,0.696517374612322
0.0023902600405103567,0.696517374612322
0.0023913344224752585,0.696517374612322
0.0023924092873569133,0.696517374612322
0.0023934846353723775,0.696517374612322
0.0023945604667388134,0.696517374612322
0.0023956367816734816,0.696517374612322
0.0023967135803937313,0.696517374612322
0.0023977908631170252,0.696517374612322
0.0023988686300609077,0.696517374612322
0.0023999468814430297,0.696517374612322
0.0024010256174811415,0.696517374612322
0.0024021048383930793,0.696517374612322
0.002403184544396797,0.696517374612322
0.002404264735710326,0.696517374612322
0.0024053454125518097,0.696517374612322
0.0024064265751394857,0.696517374612322
0.0024075082236916815,0.696517374612322
0.0024085903584268407,0.696517374612322
0.002409672979563486,0.696517374612322
0.00241075608732025,0.696517374612322
0.0024118396819158626,0.696517374612322
0.0024129237635691424,0.696517374612322
0.002414008332499023,0.696517374612322
0.0024150933889245207,0.696517374612322
0.002416178933064758,0.696517374612322
0.0024172649651389576,0.696517374612322
0.0024183514853664306,0.696517374612322
0.0024194384939666027,0.696517374612322
0.0024205259911589823,0.696517374612322
0.0024216139771631863,0.696517374612322
0.0024227024521989294,0.696517374612322
0.002423791416486016,0.696517374612322
0.002424880870244366,0.696517374612322
0.0024259708136939815,0.696517374612322
0.0024270612470549727,0.696517374612322
0.0024281521705475494,0.696517374612322
0.00242924358439201,0.6552501390209511
0.0024303354888087687,0.6552501390209511
0.002431427884018323,0.6552501390209511
0.0024325207702412784,0.6552501390209511
0.0024336141476983394,0.6552501390209511
0.0024347080166103,0.6552501390209511
0.0024358023771980718,0.6552501390209511
0.0024368972296826465,0.6552501390209511
0.0024379925742851263,0.6552501390209511
0.0024390884112267123,0.6552501390209511
0.0024401847407286956,0.6552501390209511
0.0024412815630124834,0.6552501390209511
0.0024423788782995653,0.6552501390209511
0.002443476686811541,0.6552501390209511
0.0024445749887701098,0.6552501390209511
0.002445673784397059,0.6552501390209511
0.002446773073914295,0.6552501390209511
0.0024478728575438053,0.6552501390209511
0.0024489731355076885,0.6552501390209511
0.0024500739080281415,0.6552501390209511
0.0024511751753274512,0.6552501390209511
0.0024522769376280236,0.6552501390209511
0.0024533791951523456,0.6552501390209511
0.002454481948123014,0.6552501390209511
0.0024555851967627265,0.6552501390209511
0.0024566889412942702,0.6552501390209511
0.002457793181940551,0.6552501390209511
0.002458897918924556,0.6552501390209511
0.0024600031524693836,0.6552501390209511
0.002461108882798232,0.6552501390209511
0.0024622151101343897,0.6552501390209511
0.0024633218347012635,0.6552501390209511
0.0024644290567223423,0.6552501390209511
0.002465536776421226,0.6552501390209511
0.0024666449940216155,0.6552501390209511
0.002467753709747301,0.6552501390209511
0.002468862923822192,0.6552501390209511
0.002469972636470281,0.6552501390209511
0.00247108284791567,0.6552501390209511
0.0024721935583825625,0.6552501390209511
0.0024733047680952536,0.6552501390209511
0.002474416477278156,0.6552501390209511
0.0024755286861557644,0.6552501390209511
0.0024766413949526872,0.6552501390209511
0.0024777546038936317,0.6552501390209511
0.0024788683132033968,0.6552501390209511
0.0024799825231068997,0.6552501390209511
0.0024810972338291416,0.6552501390209511
0.002482212445595235,0.6552501390209511
0.002483328158630393,0.6552501390209511
0.0024844443731599198,0.6552501390209511
0.002485561089409239,0.6552501390209511
0.002486678307603858,0.6552501390209511
0.0024877960279693955,0.6552501390209511
0.0024889142507315705,0.6552501390209511
0.0024900329761161953,0.6552501390209511
0.0024911522043492,0.6552501390209511
0.002492271935656599,0.6552501390209511
0.0024933921702645183,0.6552501390209511
0.0024945129083991857,0.6552501390209511
0.00249563415028692,0.6552501390209511
0.002496755896154161,0.6552501390209511
0.0024978781462274306,0.6552501390209511
0.0024990009007333637,0.6552501390209511
0.002500124159898697,0.6552501390209511
0.002501247923950259,0.6552501390209511
0.0025023721931149976,0.6552501390209511
0.0025034969676199447,0.6552501390209511
0.002504622247692246,0.6552501390209511
0.0025057480335591463,0.6552501390209511
0.002506874325447986,0.6552501390209511
0.0025080011235862226,0.6552501390209511
0.0025091284282013995,0.6552501390209511
0.002510256239521172,0.6552501390209511
0.0025113845577732987,0.6552501390209511
0.0025125133831856283,0.6552501390209511
0.002513642715986132,0.6552501390209511
0.002514772556402864,0.6552501390209511
0.002515902904663992,0.6552501390209511
0.0025170337609977866,0.6552501390209511
0.00251816512563261,0.6552501390209511
0.002519296998796945,0.6552501390209511
0.0025204293807193604,0.6552501390209511
0.002521562271628536,0.6552501390209511
0.002522695671753255,0.6552501390209511
0.002523829581322395,0.6552501390209511
0.0025249640005649524,0.6552501390209511
0.002526098929710009,0.6552501390209511
0.00252723436898676,0.6552501390209511
0.002528370318624504,0.6552501390209511
0.0025295067788526316,0.6552501390209511
0.0025306437499006554,0.6552501390209511
0.0025317812319981723,0.6552501390209511
0.0025329192253748935,0.6552501390209511
0.0025340577302606325,0.6552501390209511
0.0025351967468852966,0.6552501390209511
0.0025363362754789146,0.6552501390209511
0.0025374763162715995,0.6552501390209511
0.0025386168694935796,0.6552501390209511
0.002539757935375185,0.6552501390209511
0.0025408995141468433,0.6552501390209511
0.002542041606039092,0.6552501390209511
0.0025431842112825704,0.6552501390209511
0.002544327330108022,0.6552501390209511
0.0025454709627462948,0.6552501390209511
0.0025466151094283344,0.6552501390209511
0.0025477597703851976,0.6552501390209511
0.002548904945848042,0.6552501390209511
0.00255005063604813,0.6552501390209511
0.002551196841216829,0.6552501390209511
0.0025523435615856047,0.6552501390209511
0.0025534907973860333,0.6552501390209511
0.002554638548849792,0.6552501390209511
0.002555786816208664,0.6552501390209511
0.002556935599694537,0.6552501390209511
0.002558084899539397,0.6552501390209511
0.0025592347159753407,0.6552501390209511
0.002560385049234568,0.6552501390209511
0.002561535899549382,0.6552501390209511
0.0025626872671521924,0.6552501390209511
0.0025638391522755074,0.6552501390209511
0.0025649915551519457,0.6552501390209511
0.002566144476014229,0.6552501390209511
0.0025672979150951833,0.6552501390209511
0.002568451872627742,0.6552501390209511
0.002569606348844935,0.6552501390209511
0.002570761343979905,0.6552501390209511
0.0025719168582658963,0.6552501390209511
0.0025730728919362597,0.6552501390209511
0.002574229445224452,0.6552501390209511
0.002575386518364027,0.6552501390209511
0.0025765441115886524,0.6552501390209511
0.0025777022251320977,0.6552501390209511
0.0025788608592282373,0.6552501390209511
0.0025800200141110536,0.6552501390209511
0.0025811796900146265,0.6552501390209511
0.002582339887173148,0.6552501390209511
0.002583500605820915,0.6552501390209511
0.0025846618461923265,0.6552501390209511
0.0025858236085218923,0.6552501390209511
0.0025869858930442184,0.6552501390209511
0.002588148699994024,0.6552501390209511
0.0025893120296061316,0.6552501390209511
0.0025904758821154697,0.6552501390209511
0.002591640257757074,0.6552501390209511
0.002592805156766079,0.6552501390209511
0.0025939705793777313,0.6552501390209511
0.002595136525827382,0.6552501390209511
0.0025963029963504878,0.6552501390209511
0.0025974699911826137,0.6552501390209511
0.002598637510559422,0.6552501390209511
0.0025998055547166894,0.6552501390209511
0.0026009741238902967,0.6552501390209511
0.002602143218316229,0.6552501390209511
0.002603312838230582,0.6552501390209511
0.0026044829838695483,0.6552501390209511
0.002605653655469435,0.6552501390209511
0.002606824853266653,0.6552501390209511
0.002607996577497718,0.6552501390209511
0.0026091688283992574,0.6552501390209511
0.002610341606207995,0.6552501390209511
0.002611514911160769,0.6552501390209511
0.0026126887434945252,0.6552501390209511
0.0026138631034463037,0.6552501390209511
0.0026150379912532715,0.6552501390209511
0.002616213407152682,0.6552501390209511
0.002617389351381907,0.6552501390209511
0.0026185658241784245,0.6552501390209511
0.0026197428257798087,0.6552501390209511
0.0026209203564237595,0.6552501390209511
0.002622098416348064,0.6552501390209511
0.0026232770057906278,0.6552501390209511
0.0026244561249894635,0.6552501390209511
0.0026256357741826796,0.6552501390209511
0.0026268159536085105,0.6552501390209511
0.0026279966635052786,0.6552501390209511
0.002629177904111424,0.6552501390209511
0.0026303596756654954,0.6552501390209511
0.0026315419784061363,0.6552501390209511
0.002632724812572117,0.6552501390209511
0.0026339081784022963,0.6552501390209511
0.0026350920761356515,0.6552501390209511
0.002636276506011266,0.6552501390209511
0.0026374614682683215,0.6552501390209511
0.002638646963146125,0.6552501390209511
0.002639832990884073,0.6552501390209511
0.0026410195517216793,0.6552501390209511
0.002642206645898566,0.6552501390209511
0.002643394273654453,0.6552501390209511
0.002644582435229185,0.6552501390209511
0.002645771130862697,0.6552501390209511
0.0026469603607950417,0.6552501390209511
0.0026481501252663808,0.6552501390209511
0.0026493404245169724,0.6552501390209511
0.0026505312587872015,0.6552501390209511
0.0026517226283175425,0.6552501390209511
0.002652914533348589,0.6552501390209511
0.002654106974121041,0.6552501390209511
0.0026552999508756988,0.6552501390209511
0.002656493463853487,0.6552501390209511
0.002657687513295422,0.6552501390209511
0.002658882099442637,0.6552501390209511
0.0026600772225363755,0.6552501390209511
0.0026612728828179777,0.6552501390209511
0.0026624690805289114,0.6552501390209511
0.002663665815910734,0.6552501390209511
0.002664863089205122,0.6552501390209511
0.0026660609006538614,0.6552501390209511
0.0026672592504988347,0.6552501390209511
0.002668458138982054,0.6552501390209511
0.002669657566345619,0.6552501390209511
0.0026708575328317505,0.6552501390209511
0.0026720580386827776,0.6552501390209511
0.002673259084141128,0.6552501390209511
0.002674460669449357,0.6552501390209511
0.00267566279485011,0.6552501390209511
0.0026768654605861517,0.6552501390209511
0.0026780686669003574,0.6552501390209511
0.0026792724140356993,0.6552501390209511
0.002680476702235278,0.6552501390209511
0.002681681531742285,0.6552501390209511
0.0026828869028000324,0.6552501390209511
0.00268409281565194,0.6552501390209511
0.0026852992705415275,0.6552501390209511
0.002686506267712442,0.6552501390209511
0.0026877138074084227,0.6552501390209511
0.0026889218898733277,0.6552501390209511
0.0026901305153511253,0.6552501390209511
0.0026913396840858826,0.6552501390209511
0.0026925493963217955,0.6552501390209511
0.0026937596523031507,0.6552501390209511
0.002694970452274355,0.6552501390209511
0.002696181796479926,0.6552501390209511
0.0026973936851644796,0.6552501390209511
0.00269860611857276,0.6552501390209511
0.002699819096949605,0.6552501390209511
0.00270103262053997,0.6552501390209511
0.002702246689588923,0.6552501390209511
0.00270346130434163,0.6552501390209511
0.0027046764650433867,0.6552501390209511
0.00270589217193958,0.6552501390209511
0.0027071084252757176,0.6552501390209511
0.002708325225297418,0.6552501390209511
0.002709542572250399,0.6552501390209511
0.002710760466380509,0.6552501390209511
0.0027119789079336847,0.6552501390209511
0.002713197897155988,0.6552501390209511
0.0027144174342935896,0.6552501390209511
0.0027156375195927594,0.6552501390209511
0.0027168581532998983,0.6552501390209511
0.002718079335661498,0.6552501390209511
0.0027193010669241727,0.6552501390209511
0.002720523347334647,0.6552501390209511
0.002721746177139745,0.6552501390209511
0.0027229695565864215,0.6552501390209511
0.0027241934859217228,0.6552501390209511
0.0027254179653928177,0.6552501390209511
0.002726642995246986,0.6552501390209511
0.002727868575731607,0.6552501390209511
0.0027290947070941914,0.6552501390209511
0.0027303213895823407,0.6552501390209511
0.00273154862344378,0.6552501390209511
0.0027327764089263447,0.6552501390209511
0.0027340047462779717,0.6552501390209511
0.002735233635746727,0.6552501390209511
0.00273646307758077,0.6552501390209511
0.002737693072028383,0.6552501390209511
0.0027389236193379593,0.6552501390209511
0.002740154719757992,0.6552501390209511
0.002741386373537107,0.6552501390209511
0.002742618580924021,0.6552501390209511
0.0027438513421675745,0.6552501390209511
0.0027450846575167195,0.6552501390209511
0.002746318527220509,0.6552501390209511
0.0027475529515281275,0.6552501390209511
0.0027487879306888514,0.6552501390209511
0.0027500234649520806,0.6552501390209511
0.0027512595545673276,0.6552501390209511
0.002752496199784205,0.6552501390209511
0.0027537334008524584,0.6552501390209511
0.0027549711580219243,0.6552501390209511
0.0027562094715425645,0.6552501390209511
0.002757448341664452,0.6552501390209511
0.0027586877686377616,0.6552501390209511
0.0027599277527127998,0.6552501390209511
0.002761168294139966,0.6552501390209511
0.0027624093931697836,0.6552501390209511
0.0027636510500528887,0.6552501390209511
0.002764893265040018,0.6552501390209511
0.0027661360383820417,0.6552501390209511
0.0027673793703299225,0.6552501390209511
0.002768623261134747,0.6552501390209511
0.002769867711047715,0.6552501390209511
0.002771112720320128,0.6552501390209511
0.0027723582892034194,0.6552501390209511
0.0027736044179491174,0.6552501390209511
0.002774851106808873,0.6552501390209511
0.002776098356034451,0.6552501390209511
0.0027773461658777182,0.6552501390209511
0.002778594536590674,0.6552501390209511
0.0027798434684254115,0.6552501390209511
0.0027810929616341484,0.6552501390209511
0.002782343016469216,0.6552501390209511
0.002783593633183047,0.6552501390209511
0.002784844812028208,0.6552501390209511
0.0027860965532573593,0.6552501390209511
0.0027873488571232862,0.6552501390209511
0.002788601723878887,0.6552501390209511
0.002789855153777163,0.6552501390209511
0.002791109147071248,0.6552501390209511
0.002792363704014371,0.6552501390209511
0.0027936188248598864,0.6552501390209511
0.0027948745098612606,0.6552501390209511
0.002796130759272064,0.6552501390209511
0.002797387573346001,0.6552501390209511
0.0027986449523368694,0.6552501390209511
0.0027999028964985928,0.6552501390209511
0.0028011614060852092,0.6552501390209511
0.0028024204813508584,0.6552501390209511
0.002803680122549816,0.6552501390209511
0.0028049403299364502,0.6552501390209511
0.0028062011037652563,0.6552501390209511
0.002807462444290843,0.6552501390209511
0.002808724351767923,0.6552501390209511
0.0028099868264513423,0.6552501390209511
0.0028112498685960424,0.6552501390209511
0.0028125134784570908,0.6552501390209511
0.0028137776562896693,0.6552501390209511
0.0028150424023490627,0.6552501390209511
0.002816307716890691,0.6552501390209511
0.0028175736001700693,0.6552501390209511
0.0028188400524428382,0.6552501390209511
0.0028201070739647537,0.6552501390209511
0.0028213746649916748,0.6552501390209511
0.002822642825779597,0.6552501390209511
0.0028239115565846084,0.6552501390209511
0.002825180857662926,0.6552501390209511
0.0028264507292708805,0.6552501390209511
0.0028277211716649067,0.6552501390209511
0.002828992185101576,0.6552501390209511
0.0028302637698375526,0.6552501390209511
0.002831535926129629,0.6552501390209511
0.002832808654234714,0.6552501390209511
0.0028340819544098216,0.6552501390209511
0.002835355826912091,0.6552501390209511
0.0028366302719987726,0.6552501390209511
0.0028379052899272345,0.6552501390209511
0.002839180880954962,0.6552501390209511
0.0028404570453395483,0.6552501390209511
0.0028417337833387102,0.6552501390209511
0.002843011095210278,0.6552501390209511
0.002844288981212198,0.6552501390209511
0.0028455674416025343,0.6552501390209511
0.00284684647663946,0.6552501390209511
0.002848126086581272,0.6552501390209511
0.0028494062716863796,0.6552501390209511
0.0028506870322133103,0.6552501390209511
0.0028519683684207083,0.6552501390209511
0.0028532502805673275,0.6552501390209511
0.0028545327689120455,0.6552501390209511
0.0028558158337138534,0.6552501390209511
0.0028570994752318596,0.6552501390209511
0.0028583836937252907,0.6552501390209511
0.002859668489453482,0.6552501390209511
0.0028609538626758945,0.6552501390209511
0.002862239813652101,0.6552501390209511
0.002863526342641793,0.6552501390209511
0.00286481344990478,0.6552501390209511
0.0028661011357009815,0.6552501390209511
0.0028673894002904407,0.6552501390209511
0.0028686782439333153,0.6552501390209511
0.0028699676668898807,0.6552501390209511
0.0028712576694205315,0.6552501390209511
0.0028725482517857706,0.6552501390209511
0.0028738394142462267,0.6552501390209511
0.0028751311570626432,0.6552501390209511
0.0028764234804958804,0.6552501390209511
0.002877716384806919,0.6552501390209511
0.0028790098702568476,0.6552501390209511
0.0028803039371068815,0.6552501390209511
0.0028815985856183502,0.6552501390209511
0.002882893816052701,0.6552501390209511
0.0028841896286715017,0.6552501390209511
0.002885486023736428,0.6552501390209511
0.002886783001509283,0.6552501390209511
0.002888080562251984,0.6552501390209511
0.0028893787062265665,0.6552501390209511
0.0028906774336951865,0.6552501390209511
0.0028919767449201083,0.6552501390209511
0.0028932766401637243,0.6552501390209511
0.002894577119688541,0.6552501390209511
0.0028958781837571824,0.6552501390209511
0.0028971798326323946,0.6552501390209511
0.0028984820665770325,0.6552501390209511
0.002899784885854078,0.6552501390209511
0.0029010882907266286,0.6552501390209511
0.002902392281457899,0.6552501390209511
0.002903696858311226,0.6552501390209511
0.002905002021550056,0.6552501390209511
0.0029063077714379625,0.6552501390209511
0.002907614108238634,0.6552501390209511
0.0029089210322158785,0.6552501390209511
0.002910228543633625,0.6552501390209511
0.002911536642755912,0.6552501390209511
0.002912845329846906,0.6552501390209511
0.002914154605170892,0.6552501390209511
0.002915464468992262,0.6552501390209511
0.0029167749215755477,0.6552501390209511
0.0029180859631853786,0.6552501390209511
0.002919397594086516,0.6552501390209511
0.0029207098145438383,0.6552501390209511
0.002922022624822333,0.6552501390209511
0.002923336025187127,0.6552501390209511
0.0029246500159034444,0.6552501390209511
0.002925964597236642,0.6552501390209511
0.0029272797694521956,0.6552501390209511
0.002928595532815687,0.6552501390209511
0.00292991188759284,0.6552501390209511
0.0029312288340494754,0.6552501390209511
0.0029325463724515473,0.6552501390209511
0.0029338645030651273,0.6552501390209511
0.0029351832261563966,0.6552501390209511
0.002936502541991675,0.6552501390209511
0.0029378224508373827,0.6552501390209511
0.0029391429529600707,0.6552501390209511
0.00294046404862641,0.6552501390209511
0.0029417857381031803,0.6552501390209511
0.0029431080216573004,0.6552501390209511
0.0029444308995557897,0.6552501390209511
0.0029457543720657993,0.6552501390209511
0.0029470784394545996,0.6552501390209511
0.0029484031019895696,0.6552501390209511
0.0029497283599382302,0.6552501390209511
0.0029510542135682007,0.6552501390209511
0.002952380663147233,0.6552501390209511
0.0029537077089431987,0.6552501390209511
0.002955035351224079,0.6552501390209511
0.0029563635902579953,0.6552501390209511
0.0029576924263131697,0.6552501390209511
0.002959021859657956,0.6552501390209511
0.002960351890560829,0.6552501390209511
0.0029616825192903718,0.6552501390209511
0.0029630137461153097,0.6552501390209511
0.002964345571304468,0.6552501390209511
0.0029656779951268033,0.6552501390209511
0.0029670110178513956,0.6552501390209511
0.002968344639747431,0.6552501390209511
0.0029696788610842407,0.6552501390209511
0.002971013682131253,0.6552501390209511
0.0029723491031580316,0.6552501390209511
0.0029736851244342596,0.6552501390209511
0.0029750217462297304,0.6552501390209511
0.002976358968814379,0.6552501390209511
0.0029776967924582416,0.6552501390209511
0.0029790352174314874,0.6552501390209511
0.0029803742440044066,0.6552501390209511
0.002981713872447399,0.6552501390209511
0.0029830541030310075,0.6552501390209511
0.0029843949360258753,0.6552501390209511
0.0029857363717027785,0.6552501390209511
0.0029870784103326166,0.6552501390209511
0.0029884210521863974,0.6552501390209511
0.0029897642975352723,0.6552501390209511
0.0029911081466504922,0.6552501390209511
0.0029924525998034444,0.6552501390209511
0.002993797657265636,0.6552501390209511
0.0029951433193086846,0.6552501390209511
0.002996489586204352,0.6552501390209511
0.0029978364582245003,0.6552501390209511
0.0029991839356411252,0.6552501390209511
0.0030005320187263458,0.6552501390209511
0.0030018807077523903,0.6552501390209511
0.003003230002991632,0.6552501390209511
0.003004579904716544,0.6552501390209511
0.003005930413199735,0.6552501390209511
0.003007281528713935,0.6552501390209511
0.0030086332515319855,0.6552501390209511
0.003009985581926872,0.6552501390209511
0.00301133852017168,0.6552501390209511
0.0030126920665396323,0.6552501390209511
0.003014046221304072,0.6552501390209511
0.003015400984738455,0.6552501390209511
0.0030167563571163796,0.6552501390209511
0.003018112338711547,0.6552501390209511
0.003019468929797793,0.6552501390209511
0.003020826130649077,0.6552501390209511
0.0030221839415394687,0.6552501390209511
0.003023542362743183,0.6552501390209511
0.003024901394534536,0.6552501390209511
0.0030262610371879807,0.6552501390209511
0.0030276212909780913,0.6552501390209511
0.003028982156179555,0.6552501390209511
0.003030343633067203,0.6552501390209511
0.0030317057219159684,0.6552501390209511
0.0030330684230009215,0.6552501390209511
0.0030344317365972547,0.6552501390209511
0.0030357956629802727,0.6552501390209511
0.003037160202425425,0.6552501390209511
0.0030385253552082637,0.6552501390209511
0.0030398911216044768,0.6552501390209511
0.0030412575018898763,0.6552501390209511
0.0030426244963403857,0.6552501390209511
0.003043992105232075,0.6552501390209511
0.0030453603288411154,0.6552501390209511
0.003046729167443815,0.6552501390209511
0.003048098621316607,0.6552501390209511
0.0030494686907360353,0.6552501390209511
0.0030508393759787903,0.6552501390209511
0.0030522106773216645,0.6552501390209511
0.003053582595041589,0.6552501390209511
0.0030549551294156165,0.6552501390209511
0.0030563282807209145,0.6552501390209511
0.0030577020492347953,0.6552501390209511
0.0030590764352346747,0.6552501390209511
0.0030604514389981053,0.6552501390209511
0.0030618270608027643,0.6552501390209511
0.0030632033009264426,0.6552501390209511
0.003064580159647076,0.6552501390209511
0.0030659576372427037,0.6552501390209511
0.003067335733991504,0.6552501390209511
0.0030687144501717776,0.6552501390209511
0.0030700937860619407,0.6552501390209511
0.003071473741940554,0.6552501390209511
0.003072854318086283,0.6552501390209511
0.00307423551477793,0.6552501390209511
0.0030756173322944243,0.6552501390209511
0.003076999770914806,0.6552501390209511
0.003078382830918263,0.6552501390209511
0.0030797665125840887,0.6552501390209511
0.003081150816191712,0.6552501390209511
0.0030825357420206888,0.6552501390209511
0.0030839212903506874,0.6552501390209511
0.0030853074614615246,0.6552501390209511
0.0030866942556331206,0.6552501390209511
0.003088081673145534,0.6552501390209511
0.003089469714278949,0.6552501390209511
0.003090858379313663,0.6552501390209511
0.0030922476685301225,0.6552501390209511
0.0030936375822088772,0.6552501390209511
0.0030950281206306154,0.6552501390209511
0.003096419284076152,0.6552501390209511
0.003097811072826415,0.6552501390209511
0.003099203487162481,0.6552501390209511
0.003100596527365531,0.6552501390209511
0.0031019901937168856,0.6552501390209511
0.00310338448649799,0.6552501390209511
0.0031047794059904056,0.6552501390209511
0.00310617495247584,0.6552501390209511
0.003107571126236108,0.6552501390209511
0.0031089679275531617,0.6552501390209511
0.00311036535670908,0.6552501390209511
0.0031117634139860573,0.6552501390209511
0.0031131620996664357,0.6552501390209511
0.003114561414032663,0.6552501390209511
0.003115961357367326,0.6552501390209511
0.003117361929953138,0.6552501390209511
0.003118763132072928,0.6552501390209511
0.003120164964009674,0.6552501390209511
0.003121567426046458,0.6552501390209511
0.0031229705184665033,0.6552501390209511
0.003124374241553159,0.6552501390209511
0.0031257785955898904,0.6552501390209511
0.0031271835808603116,0.6552501390209511
0.0031285891976481415,0.6552501390209511
0.0031299954462372403,0.6552501390209511
0.0031314023269115956,0.6552501390209511
0.0031328098399553087,0.6552501390209511
0.0031342179856526328,0.6552501390209511
0.003135626764287925,0.6552501390209511
0.0031370361761456837,0.6552501390209511
0.0031384462215105348,0.6552501390209511
0.0031398569006672195,0.6552501390209511
0.0031412682139006303,0.6552501390209511
0.0031426801614957635,0.6552501390209511
0.0031440927437377574,0.6552501390209511
0.003145505960911879,0.6552501390209511
0.00314691981330351,0.6552501390209511
0.003148334301198182,0.6552501390209511
0.003149749424881534,0.6552501390209511
0.003151165184639346,0.6552501390209511
0.003152581580757525,0.6552501390209511
0.003153998613522099,0.6552501390209511
0.0031554162832192327,0.6552501390209511
0.0031568345901352166,0.6552501390209511
0.00315825353455647,0.6552501390209511
0.003159673116769544,0.6552501390209511
0.003161093337061109,0.6552501390209511
0.003162514195717974,0.6552501390209511
0.003163935693027073,0.6552501390209511
0.00316535782927547,0.6552501390209511
0.003166780604750361,0.6552501390209511
0.0031682040197390606,0.6552501390209511
0.003169628074529023,0.6552501390209511
0.003171052769407828,0.6552501390209511
0.0031724781046631855,0.6552501390209511
0.0031739040805829366,0.6552501390209511
0.003175330697455043,0.6025837077379068
0.0031767579555676056,0.6025837077379068
0.003178185855208851,0.6025837077379068
0.0031796143966671356,0.6025837077379068
0.0031810435802309485,0.6025837077379068
0.0031824734061888993,0.6025837077379068
0.0031839038748297365,0.6025837077379068
0.0031853349864423355,0.6025837077379068
0.0031867667413157013,0.6025837077379068
0.003188199139738972,0.6025837077379068
0.003189632182001406,0.6025837077379068
0.0031910658683924017,0.6025837077379068
0.003192500199201484,0.6025837077379068
0.0031939351747183077,0.6025837077379068
0.003195370795232662,0.6025837077379068
0.003196807061034456,0.6025837077379068
0.003198243972413739,0.6025837077379068
0.003199681529660686,0.6025837077379068
0.0032011197330656053,0.6025837077379068
0.003202558582918937,0.6025837077379068
0.0032039980795112418,0.6025837077379068
0.0032054382231332217,0.6025837077379068
0.0032068790140757056,0.6025837077379068
0.0032083204526296536,0.6025837077379068
0.003209762539086159,0.6025837077379068
0.003211205273736437,0.6025837077379068
0.003212648656871843,0.6025837077379068
0.0032140926887838607,0.6025837077379068
0.0032155373697641035,0.6025837077379068
0.00321698270010432,0.6025837077379068
0.0032184286800963813,0.6025837077379068
0.0032198753100322972,0.6025837077379068
0.003221322590204207,0.6025837077379068
0.003222770520904381,0.6025837077379068
0.0032242191024252236,0.6025837077379068
0.003225668335059262,0.6025837077379068
0.0032271182190991635,0.6025837077379068
0.0032285687548377242,0.6025837077379068
0.003230019942567872,0.6025837077379068
0.003231471782582669,0.6025837077379068
0.0032329242751753004,0.6025837077379068
0.0032343774206390914,0.6025837077379068
0.0032358312192674976,0.6025837077379068
0.003237285671354105,0.6025837077379068
0.003238740777192636,0.6025837077379068
0.003240196537076934,0.6025837077379068
0.0032416529513009853,0.6025837077379068
0.0032431100201589075,0.6025837077379068
0.0032445677439449385,0.6025837077379068
0.00324602612295347,0.6025837077379068
0.0032474851574790043,0.6025837077379068
0.003248944847816188,0.6025837077379068
0.003250405194259801,0.6025837077379068
0.0032518661971047426,0.6025837077379068
0.0032533278566460673,0.6025837077379068
0.0032547901731789387,0.6025837077379068
0.0032562531469986678,0.6025837077379068
0.0032577167784006967,0.6025837077379068
0.0032591810676805876,0.6025837077379068
0.0032606460151340597,0.6025837077379068
0.00326211162105694,0.6025837077379068
0.003263577885745204,0.6025837077379068
0.003265044809494958,0.6025837077379068
0.0032665123926024294,0.6025837077379068
0.0032679806353640025,0.6025837077379068
0.00326944953807617,0.6025837077379068
0.003270919101035572,0.6025837077379068
0.0032723893245389826,0.6025837077379068
0.0032738602088832947,0.6025837077379068
0.003275331754365559,0.6025837077379068
0.0032768039612829356,0.6025837077379068
0.003278276829932732,0.6025837077379068
0.0032797503606123895,0.6025837077379068
0.003281224553619469,0.6025837077379068
0.003282699409251689,0.6025837077379068
0.0032841749278068786,0.6025837077379068
0.003285651109583014,0.6025837077379068
0.0032871279548782055,0.6025837077379068
0.003288605463990683,0.6025837077379068
0.0032900836372188355,0.6025837077379068
0.0032915624748611617,0.6025837077379068
0.0032930419772163075,0.6025837077379068
0.003294522144583054,0.6025837077379068
0.0032960029772603028,0.6025837077379068
0.003297484475547113,0.6025837077379068
0.003298966639742655,0.6025837077379068
0.003300449470146247,0.6025837077379068
0.003301932967057342,0.6025837077379068
0.0033034171307755136,0.6025837077379068
0.003304901961600494,0.6025837077379068
0.0033063874598321264,0.6025837077379068
0.0033078736257704027,0.6025837077379068
0.0033093604597154488,0.6025837077379068
0.0033108479619675126,0.6025837077379068
0.003312336132827,0.6025837077379068
0.00331382497259443,0.6025837077379068
0.0033153144815704677,0.6025837077379068
0.003316804660055915,0.6025837077379068
0.003318295508351695,0.6025837077379068
0.00331978702675889,0.6025837077379068
0.0033212792155786937,0.6025837077379068
0.0033227720751124483,0.6025837077379068
0.0033242656056616323,0.6025837077379068
0.003325759807527846,0.6025837077379068
0.003327254681012848,0.6025837077379068
0.0033287502264185104,0.6025837077379068
0.003330246444046853,0.6025837077379068
0.0033317433342000325,0.6025837077379068
0.0033332408971803273,0.6025837077379068
0.0033347391332901755,0.6025837077379068
0.0033362380428321272,0.6025837077379068
0.0033377376261088825,0.6025837077379068
0.0033392378834232778,0.6025837077379068
0.0033407388150782703,0.6025837077379068
0.00334224042137698,0.6025837077379068
0.0033437427026226365,0.6025837077379068
0.0033452456591186214,0.6025837077379068
0.0033467492911684513,0.6025837077379068
0.0033482535990757662,0.6025837077379068
0.003349758583144367,0.6025837077379068
0.003351264243678166,0.6025837077379068
0.0033527705809812264,0.6025837077379068
0.003354277595357749,0.6025837077379068
0.0033557852871120555,0.6025837077379068
0.0033572936565486305,0.6025837077379068
0.00335880270397207,0.6025837077379068
0.0033603124296871217,0.6025837077379068
0.0033618228339986696,0.6025837077379068
0.003363333917211721,0.6025837077379068
0.003364845679631445,0.6025837077379068
0.0033663581215631227,0.6025837077379068
0.0033678712433121874,0.6025837077379068
0.0033693850451842087,0.6025837077379068
0.00337089952748488,0.6025837077379068
0.003372414690520057,0.6025837077379068
0.0033739305345957082,0.6025837077379068
0.0033754470600179526,0.6025837077379068
0.0033769642670930483,0.6025837077379068
0.0033784821561273757,0.6025837077379068
0.0033800007274274787,0.6025837077379068
0.003381519981300014,0.6025837077379068
0.003383039918051789,0.6025837077379068
0.0033845605379897513,0.6025837077379068
0.0033860818414209706,0.6025837077379068
0.0033876038286526793,0.6025837077379068
0.0033891264999922244,0.6025837077379068
0.003390649855747104,0.6025837077379068
0.003392173896224955,0.6025837077379068
0.003393698621733539,0.6025837077379068
0.003395224032580779,0.6025837077379068
0.003396750129074713,0.6025837077379068
0.003398276911523532,0.6025837077379068
0.0033998043802355637,0.6025837077379068
0.003401332535519262,0.6025837077379068
0.0034028613776832433,0.6025837077379068
0.0034043909070362384,0.6025837077379068
0.0034059211238871307,0.6025837077379068
0.003407452028544943,0.6025837077379068
0.0034089836213188215,0.6025837077379068
0.0034105159025180774,0.6025837077379068
0.003412048872452136,0.6025837077379068
0.003413582531430576,0.6025837077379068
0.0034151168797631136,0.6025837077379068
0.003416651917759593,0.6025837077379068
0.0034181876457300194,0.6025837077379068
0.0034197240639845146,0.6025837077379068
0.003421261172833353,0.6025837077379068
0.0034227989725869492,0.6025837077379068
0.0034243374635558425,0.6025837077379068
0.003425876646050737,0.6025837077379068
0.0034274165203824506,0.6025837077379068
0.0034289570868619567,0.6025837077379068
0.0034304983458003676,0.6025837077379068
0.003432040297508922,0.6025837077379068
0.0034335829422990215,0.6025837077379068
0.0034351262804821845,0.6025837077379068
0.003436670312370083,0.6025837077379068
0.00343821503827453,0.6025837077379068
0.0034397604585074634,0.6025837077379068
0.003441306573380986,0.6025837077379068
0.003442853383207316,0.6025837077379068
0.003444400888298828,0.6025837077379068
0.003445949088968035,0.6025837077379068
0.003447497985527577,0.6025837077379068
0.003449047578290259,0.6025837077379068
0.003450597867569002,0.6025837077379068
0.003452148853676882,0.6025837077379068
0.003453700536927116,0.6025837077379068
0.003455252917633047,0.6025837077379068
0.0034568059961081836,0.6025837077379068
0.0034583597726661514,0.6025837077379068
0.0034599142476207296,0.6025837077379068
0.00346146942128584,0.6025837077379068
0.0034630252939755303,0.6025837077379068
0.003464581866004015,0.6025837077379068
0.003466139137685624,0.6025837077379068
0.0034676971093348437,0.6025837077379068
0.0034692557812663013,0.6025837077379068
0.003470815153794751,0.6025837077379068
0.0034723752272351146,0.6025837077379068
0.0034739360019024287,0.6025837077379068
0.0034754974781118866,0.6025837077379068
0.0034770596561788237,0.6025837077379068
0.003478622536418703,0.6025837077379068
0.0034801861191471528,0.6025837077379068
0.00348175040467992,0.6025837077379068
0.0034833153933329065,0.6025837077379068
0.0034848810854221568,0.6025837077379068
0.003486447481263843,0.6025837077379068
0.003488014581174305,0.6025837077379068
0.0034895823854699986,0.6025837077379068
0.0034911508944675367,0.6025837077379068
0.0034927201084836747,0.6025837077379068
0.003494290027835296,0.6025837077379068
0.0034958606528394517,0.6025837077379068
0.0034974319838133095,0.6025837077379068
0.003499004021074195,0.6025837077379068
0.003500576764939576,0.6025837077379068
0.0035021502157270485,0.6025837077379068
0.0035037243737543766,0.6025837077379068
0.003505299239339442,0.6025837077379068
0.0035068748128002838,0.6025837077379068
0.0035084510944550836,0.6025837077379068
0.0035100280846221527,0.6025837077379068
0.003511605783619969,0.6025837077379068
0.00351318419176713,0.6025837077379068
0.0035147633093823892,0.6025837077379068
0.0035163431367846456,0.6025837077379068
0.003517923674292928,0.6025837077379068
0.003519504922226422,0.6025837077379068
0.003521086880904451,0.6025837077379068
0.0035226695506464832,0.6025837077379068
0.0035242529317721337,0.6025837077379068
0.00352583702460115,0.6025837077379068
0.0035274218294534345,0.6025837077379068
0.00352900734664903,0.6025837077379068
0.0035305935765081228,0.6025837077379068
0.003532180519351047,0.6025837077379068
0.0035337681754982696,0.6025837077379068
0.0035353565452704125,0.6025837077379068
0.0035369456289882383,0.6025837077379068
0.0035385354269726536,0.6025837077379068
0.0035401259395447127,0.6025837077379068
0.003541717167025604,0.6025837077379068
0.0035433091097366704,0.6025837077379068
0.003544901767999396,0.6025837077379068
0.0035464951421354095,0.6025837077379068
0.0035480892324664874,0.6025837077379068
0.00354968403931454,0.6025837077379068
0.0035512795630016337,0.6025837077379068
0.0035528758038499753,0.6025837077379068
0.0035544727621819173,0.6025837077379068
0.00355607043831996,0.6025837077379068
0.0035576688325867378,0.6025837077379068
0.0035592679453050413,0.6025837077379068
0.003560867776797803,0.6025837077379068
0.003562468327388099,0.6025837077379068
0.0035640695973991558,0.6025837077379068
0.0035656715871543337,0.6025837077379068
0.0035672742969771495,0.6025837077379068
0.003568877727191261,0.6025837077379068
0.003570481878120473,0.6025837077379068
0.003572086750088738,0.6025837077379068
0.0035736923434201433,0.6025837077379068
0.0035752986584389338,0.6025837077379068
0.003576905695469496,0.6025837077379068
0.003578513454836362,0.6025837077379068
0.003580121936864213,0.6025837077379068
0.0035817311418778666,0.6025837077379068
0.0035833410702022957,0.6025837077379068
0.003584951722162617,0.6025837077379068
0.0035865630980840926,0.6025837077379068
0.0035881751982921348,0.6025837077379068
0.0035897880231122903,0.6025837077379068
0.0035914015728702644,0.6025837077379068
0.003593015847891905,0.6025837077379068
0.0035946308485032045,0.6025837077379068
0.0035962465750303085,0.6025837077379068
0.003597863027799496,0.6025837077379068
0.003599480207137204,0.6025837077379068
0.003601098113370014,0.6025837077379068
0.003602716746824652,0.6025837077379068
0.003604336107827997,0.6025837077379068
0.0036059561967070617,0.6025837077379068
0.003607577013789018,0.6025837077379068
0.0036091985594011804,0.6025837077379068
0.0036108208338710124,0.6025837077379068
0.0036124438375261256,0.6025837077379068
0.0036140675706942704,0.6025837077379068
0.0036156920337033537,0.6025837077379068
0.003617317226881431,0.6025837077379068
0.003618943150556689,0.6025837077379068
0.00362056980505749,0.6025837077379068
0.003622197190712316,0.6025837077379068
0.0036238253078498123,0.6025837077379068
0.003625454156798772,0.6025837077379068
0.0036270837378881214,0.6025837077379068
0.0036287140514469594,0.6025837077379068
0.0036303450978045085,0.6025837077379068
0.0036319768772901523,0.6025837077379068
0.003633609390233424,0.6025837077379068
0.0036352426369639893,0.6025837077379068
0.0036368766178116884,0.6025837077379068
0.0036385113331064826,0.6025837077379068
0.0036401467831784985,0.6025837077379068
0.0036417829683580093,0.6025837077379068
0.0036434198889754225,0.6025837077379068
0.00364505754536132,0.6025837077379068
0.003646695937846406,0.6025837077379068
0.0036483350667615494,0.6025837077379068
0.0036499749324377657,0.6025837077379068
0.0036516155352062066,0.6025837077379068
0.003653256875398197,0.6025837077379068
0.0036548989533451855,0.6025837077379068
0.0036565417693787843,0.6025837077379068
0.003658185323830755,0.6025837077379068
0.003659829617032993,0.6025837077379068
0.003661474649317569,0.6025837077379068
0.003663120421016677,0.6025837077379068
0.003664766932462675,0.6025837077379068
0.003666414183988071,0.6025837077379068
0.0036680621759255074,0.6025837077379068
0.003669710908607801,0.6025837077379068
0.003671360382367894,0.6025837077379068
0.0036730105975388916,0.6025837077379068
0.00367466155445405,0.6025837077379068
0.003676313253446759,0.6025837077379068
0.003677965694850585,0.6025837077379068
0.0036796188789992184,0.6025837077379068
0.0036812728062265146,0.6025837077379068
0.003682927476866478,0.6025837077379068
0.0036845828912532496,0.6025837077379068
0.0036862390497211465,0.6025837077379068
0.0036878959526046085,0.6025837077379068
0.0036895536002382423,0.6025837077379068
0.0036912119929568043,0.6025837077379068
0.0036928711310951867,0.6025837077379068
0.003694531014988458,0.6025837077379068
0.0036961916449718113,0.6025837077379068
0.0036978530213806053,0.6025837077379068
0.00369951514455035,0.6025837077379068
0.00370117801481669,0.6025837077379068
0.0037028416325154486,0.6025837077379068
0.003704505997982572,0.6025837077379068
0.003706171111554174,0.6025837077379068
0.0037078369735665186,0.6025837077379068
0.0037095035843560066,0.6025837077379068
0.003711170944259215,0.6025837077379068
0.003712839053612847,0.6025837077379068
0.003714507912753772,0.6025837077379068
0.0037161775220190107,0.6025837077379068
0.0037178478817457197,0.6025837077379068
0.0037195189922712346,0.6025837077379068
0.0037211908539330147,0.6025837077379068
0.003722863467068688,0.6025837077379068
0.003724536832016032,0.6025837077379068
0.0037262109491129638,0.6025837077379068
0.0037278858186975757,0.6025837077379068
0.0037295614411080877,0.6025837077379068
0.0037312378166828863,0.6025837077379068
0.00373291494576051,0.6025837077379068
0.003734592828679634,0.6025837077379068
0.0037362714657791134,0.6025837077379068
0.0037379508573979273,0.6025837077379068
0.003739631003875224,0.6025837077379068
0.0037413119055503033,0.6025837077379068
0.0037429935627626026,0.6025837077379068
0.003744675975851739,0.6025837077379068
0.0037463591451574545,0.6025837077379068
0.0037480430710196597,0.6025837077379068
0.0037497277537784177,0.6025837077379068
0.00375141319377393,0.6025837077379068
0.003753099391346577,0.6025837077379068
0.003754786346836865,0.6025837077379068
0.0037564740605854703,0.6025837077379068
0.00375816253293322,0.6025837077379068
0.0037598517642210803,0.6025837077379068
0.003761541754790198,0.6025837077379068
0.0037632325049818454,0.6025837077379068
0.003764924015137465,0.6025837077379068
0.00376661628559865,0.6025837077379068
0.003768309316707135,0.6025837077379068
0.003770003108804833,0.6025837077379068
0.0037716976622337844,0.6025837077379068
0.003773392977336199,0.6025837077379068
0.0037750890544544402,0.6025837077379068
0.003776785893931009,0.6025837077379068
0.0037784834961085896,0.6025837077379068
0.0037801818613299905,0.6025837077379068
0.0037818809899381914,0.6025837077379068
0.0037835808822763257,0.6025837077379068
0.0037852815386876662,0.6025837077379068
0.003786982959515666,0.6025837077379068
0.0037886851451039063,0.6025837077379068
0.0037903880957961375,0.6025837077379068
0.0037920918119362657,0.6025837077379068
0.003793796293868334,0.6025837077379068
0.00379550154193657,0.6025837077379068
0.003797207556485327,0.6025837077379068
0.0037989143378591287,0.6025837077379068
0.0038006218864026545,0.6025837077379068
0.0038023302024607223,0.6025837077379068
0.003804039286378333,0.6025837077379068
0.0038057491385006144,0.6025837077379068
0.0038074597591728665,0.6025837077379068
0.003809171148740543,0.6025837077379068
0.0038108833075492375,0.6025837077379068
0.0038125962359447274,0.6025837077379068
0.0038143099342729165,0.6025837077379068
0.0038160244028798817,0.6025837077379068
0.0038177396421118534,0.6025837077379068
0.0038194556523152034,0.6025837077379068
0.0038211724338364857,0.6025837077379068
0.0038228899870223834,0.6025837077379068
0.003824608312219751,0.6025837077379068
0.0038263274097755985,0.6025837077379068
0.003828047280037076,0.6025837077379068
0.003829767923351518,0.6025837077379068
0.0038314893400663865,0.6025837077379068
0.0038332115305293167,0.6025837077379068
0.003834934495088099,0.6025837077379068
0.003836658234090665,0.6025837077379068
0.0038383827478851293,0.6025837077379068
0.003840108036819737,0.6025837077379068
0.003841834101242904,0.6025837077379068
0.0038435609415032037,0.6025837077379068
0.00384528855794935,0.6025837077379068
0.0038470169509302408,0.6025837077379068
0.0038487461207949046,0.6025837077379068
0.003850476067892541,0.6025837077379068
0.003852206792572507,0.6025837077379068
0.003853938295184302,0.6025837077379068
0.0038556705760776078,0.6025837077379068
0.003857403635602238,0.6025837077379068
0.003859137474108178,0.6025837077379068
0.003860872091945571,0.6025837077379068
0.0038626074894647015,0.6025837077379068
0.0038643436670160397,0.6025837077379068
0.0038660806249501845,0.6025837077379068
0.003867818363617909,0.6025837077379068
0.003869556883370144,0.6025837077379068
0.0038712961845579624,0.6025837077379068
0.003873036267532622,0.6025837077379068
0.0038747771326455107,0.6025837077379068
0.0038765187802481914,0.6025837077379068
0.0038782612106923833,0.6025837077379068
0.0038800044243299486,0.6025837077379068
0.0038817484215129365,0.6025837077379068
0.003883493202593525,0.6025837077379068
0.0038852387679240664,0.6025837077379068
0.003886985117857073,0.6025837077379068
0.0038887322527451982,0.6025837077379068
0.003890480172941282,0.6025837077379068
0.0038922288787982956,0.6025837077379068
0.003893978370669384,0.6025837077379068
0.0038957286489078513,0.6025837077379068
0.003897479713867145,0.6025837077379068
0.0038992315659008986,0.6025837077379068
0.0039009842053628774,0.6025837077379068
0.0039027376326070205,0.6025837077379068
0.0039044918479874276,0.6025837077379068
0.0039062468518583403,0.6025837077379068
0.003908002644574188,0.6025837077379068
0.003909759226489532,0.6025837077379068
0.003911516597959106,0.6025837077379068
0.003913274759337808,0.6025837077379068
0.003915033710980676,0.6025837077379068
0.003916793453242937,0.6025837077379068
0.003918553986479949,0.6025837077379068
0.003920315311047245,0.6025837077379068
0.00392207742730052,0.6025837077379068
0.003923840335595614,0.6025837077379068
0.003925604036288543,0.6025837077379068
0.003927368529735475,0.6025837077379068
0.00392913381629274,0.6025837077379068
0.003930899896316831,0.6025837077379068
0.003932666770164392,0.6025837077379068
0.003934434438192236,0.6025837077379068
0.003936202900757333,0.6025837077379068
0.003937972158216816,0.5749714427514642
0.00393974221092798,0.5749714427514642
0.003941513059248269,0.5749714427514642
0.003943284703535301,0.5749714427514642
0.00394505714414685,0.5749714427514642
0.003946830381440848,0.5749714427514642
0.003948604415775397,0.5749714427514642
0.003950379247508745,0.5749714427514642
0.003952154876999312,0.5749714427514642
0.003953931304605678,0.5749714427514642
0.003955708530686582,0.5749714427514642
0.0039574865556009295,0.5749714427514642
0.003959265379707775,0.5749714427514642
0.003961045003366345,0.5749714427514642
0.003962825426936026,0.5749714427514642
0.003964606650776364,0.5749714427514642
0.003966388675247071,0.5749714427514642
0.003968171500708009,0.5749714427514642
0.003969955127519215,0.5749714427514642
0.003971739556040881,0.5749714427514642
0.0039735247866333635,0.5749714427514642
0.003975310819657183,0.5749714427514642
0.0039770976554730116,0.5749714427514642
0.0039788852944416956,0.5749714427514642
0.003980673736924237,0.5749714427514642
0.003982462983281803,0.5749714427514642
0.003984253033875726,0.5749714427514642
0.003986043889067489,0.5749714427514642
0.003987835549218748,0.5749714427514642
0.0039896280146913205,0.5749714427514642
0.003991421285847185,0.5749714427514642
0.003993215363048485,0.5749714427514642
0.0039950102466575176,0.5749714427514642
0.003996805937036753,0.5749714427514642
0.003998602434548822,0.5749714427514642
0.004000399739556517,0.5749714427514642
0.004002197852422796,0.5749714427514642
0.004003996773510773,0.5749714427514642
0.0040057965031837315,0.5749714427514642
0.004007597041805118,0.5749714427514642
0.004009398389738543,0.5749714427514642
0.0040112005473477794,0.5749714427514642
0.004013003514996757,0.5749714427514642
0.004014807293049579,0.5749714427514642
0.004016611881870508,0.5749714427514642
0.004018417281823971,0.5749714427514642
0.004020223493274562,0.5749714427514642
0.004022030516587028,0.5749714427514642
0.004023838352126292,0.5749714427514642
0.004025647000257438,0.5749714427514642
0.0040274564613457025,0.5749714427514642
0.004029266735756512,0.5749714427514642
0.004031077823855429,0.5749714427514642
0.004032889726008198,0.5749714427514642
0.004034702442580723,0.5749714427514642
0.004036515973939064,0.5749714427514642
0.004038330320449468,0.5749714427514642
0.00404014548247832,0.5749714427514642
0.004041961460392186,0.5749714427514642
0.004043778254557797,0.5749714427514642
0.004045595865342032,0.5749714427514642
0.004047414293111965,0.5749714427514642
0.004049233538234804,0.5749714427514642
0.00405105360107794,0.5749714427514642
0.004052874482008928,0.5749714427514642
0.004054696181395472,0.5749714427514642
0.004056518699605474,0.5749714427514642
0.004058342037006965,0.5749714427514642
0.004060166193968164,0.5749714427514642
0.004061991170857453,0.5749714427514642
0.004063816968043364,0.5749714427514642
0.004065643585894623,0.5749714427514642
0.004067471024780093,0.5749714427514642
0.004069299285068819,0.5749714427514642
0.004071128367130012,0.5749714427514642
0.004072958271333034,0.5749714427514642
0.004074788998047439,0.5749714427514642
0.004076620547642921,0.5749714427514642
0.004078452920489354,0.5749714427514642
0.004080286116956781,0.5749714427514642
0.004082120137415392,0.5749714427514642
0.004083954982235575,0.5749714427514642
0.004085790651787854,0.5749714427514642
0.004087627146442937,0.5749714427514642
0.004089464466571697,0.5749714427514642
0.004091302612545159,0.5749714427514642
0.004093141584734543,0.5749714427514642
0.0040949813835112064,0.5749714427514642
0.00409682200924669,0.5749714427514642
0.0040986634623127035,0.5749714427514642
0.004100505743081105,0.5749714427514642
0.004102348851923949,0.5749714427514642
0.00410419278921343,0.5749714427514642
0.004106037555321924,0.5749714427514642
0.0041078831506219755,0.5749714427514642
0.0041097295754862805,0.5749714427514642
0.00411157683028773,0.5749714427514642
0.0041134249153993545,0.5749714427514642
0.004115273831194369,0.5749714427514642
0.004117123578046157,0.5749714427514642
0.004118974156328251,0.5749714427514642
0.004120825566414381,0.5749714427514642
0.0041226778086784184,0.5749714427514642
0.004124530883494415,0.5749714427514642
0.004126384791236596,0.5749714427514642
0.004128239532279333,0.5749714427514642
0.004130095106997199,0.5749714427514642
0.004131951515764903,0.5749714427514642
0.004133808758957342,0.5749714427514642
0.00413566683694958,0.5749714427514642
0.004137525750116831,0.5749714427514642
0.004139385498834512,0.5749714427514642
0.004141246083478174,0.5749714427514642
0.004143107504423558,0.5749714427514642
0.00414496976204657,0.5749714427514642
0.004146832856723271,0.5749714427514642
0.004148696788829919,0.5749714427514642
0.004150561558742913,0.5749714427514642
0.004152427166838836,0.5749714427514642
0.004154293613494443,0.5749714427514642
0.0041561608990866375,0.5749714427514642
0.004158029023992526,0.5749714427514642
0.0041598979885893545,0.5749714427514642
0.004161767793254552,0.5749714427514642
0.00416363843836572,0.5749714427514642
0.004165509924300613,0.5749714427514642
0.004167382251437184,0.5749714427514642
0.004169255420153526,0.5749714427514642
0.004171129430827919,0.5749714427514642
0.004173004283838814,0.5749714427514642
0.004174879979564814,0.5749714427514642
0.0041767565183847225,0.5749714427514642
0.004178633900677484,0.5749714427514642
0.004180512126822229,0.5749714427514642
0.004182391197198258,0.5749714427514642
0.004184271112185029,0.5749714427514642
0.004186151872162195,0.5749714427514642
0.0041880334775095535,0.5749714427514642
0.004189915928607088,0.5749714427514642
0.004191799225834953,0.5749714427514642
0.004193683369573458,0.5749714427514642
0.004195568360203112,0.5749714427514642
0.0041974541981045655,0.5749714427514642
0.004199340883658658,0.5749714427514642
0.0042012284172463984,0.5749714427514642
0.004203116799248952,0.5749714427514642
0.004205006030047684,0.5749714427514642
0.0042068961100241,0.5749714427514642
0.0042087870395598964,0.5749714427514642
0.0042106788190369405,0.5749714427514642
0.004212571448837253,0.5749714427514642
0.0042144649293430585,0.5749714427514642
0.00421635926093672,0.5749714427514642
0.004218254444000795,0.5749714427514642
0.004220150478918006,0.5749714427514642
0.0042220473660712346,0.5749714427514642
0.004223945105843565,0.5749714427514642
0.004225843698618221,0.5749714427514642
0.004227743144778619,0.5749714427514642
0.004229643444708345,0.5749714427514642
0.00423154459879114,0.5749714427514642
0.004233446607410951,0.5749714427514642
0.004235349470951864,0.5749714427514642
0.0042372531897981545,0.5749714427514642
0.004239157764334275,0.5749714427514642
0.00424106319494483,0.5749714427514642
0.004242969482014627,0.5749714427514642
0.004244876625928618,0.5749714427514642
0.004246784627071945,0.5749714427514642
0.004248693485829921,0.5749714427514642
0.004250603202588017,0.5749714427514642
0.004252513777731909,0.5749714427514642
0.004254425211647411,0.5749714427514642
0.0042563375047205325,0.5749714427514642
0.004258250657337455,0.5749714427514642
0.004260164669884515,0.5749714427514642
0.004262079542748255,0.5749714427514642
0.004263995276315361,0.5749714427514642
0.004265911870972707,0.5749714427514642
0.004267829327107344,0.5749714427514642
0.004269747645106479,0.5749714427514642
0.004271666825357521,0.5749714427514642
0.0042735868682480275,0.5749714427514642
0.004275507774165744,0.5749714427514642
0.004277429543498591,0.5749714427514642
0.0042793521766346454,0.5749714427514642
0.004281275673962191,0.5749714427514642
0.004283200035869654,0.5749714427514642
0.0042851252627456515,0.5749714427514642
0.004287051354978979,0.5749714427514642
0.004288978312958586,0.5749714427514642
0.004290906137073628,0.5749714427514642
0.004292834827713407,0.5749714427514642
0.004294764385267414,0.5749714427514642
0.004296694810125318,0.5749714427514642
0.004298626102676943,0.5749714427514642
0.004300558263312322,0.5749714427514642
0.00430249129242163,0.5749714427514642
0.004304425190395236,0.5749714427514642
0.004306359957623685,0.5749714427514642
0.004308295594497679,0.5749714427514642
0.0043102321014081265,0.5749714427514642
0.004312169478746081,0.5749714427514642
0.004314107726902791,0.5749714427514642
0.004316046846269677,0.5749714427514642
0.004317986837238322,0.5749714427514642
0.004319927700200513,0.5749714427514642
0.004321869435548185,0.5749714427514642
0.004323812043673463,0.5749714427514642
0.004325755524968652,0.5749714427514642
0.004327699879826213,0.5749714427514642
0.004329645108638816,0.5749714427514642
0.004331591211799275,0.5749714427514642
0.0043335381897006,0.5749714427514642
0.0043354860427359775,0.5749714427514642
0.004337434771298751,0.5749714427514642
0.004339384375782474,0.5749714427514642
0.004341334856580844,0.5749714427514642
0.004343286214087755,0.5749714427514642
0.0043452384486972785,0.5749714427514642
0.0043471915608036425,0.5749714427514642
0.004349145550801284,0.5749714427514642
0.00435110041908479,0.5749714427514642
0.004353056166048938,0.5749714427514642
0.004355012792088685,0.5749714427514642
0.004356970297599147,0.5749714427514642
0.004358928682975649,0.5749714427514642
0.004360887948613664,0.5749714427514642
0.004362848094908859,0.5749714427514642
0.0043648091222570785,0.5749714427514642
0.004366771031054333,0.5749714427514642
0.004368733821696822,0.5749714427514642
0.004370697494580923,0.5749714427514642
0.004372662050103186,0.5749714427514642
0.004374627488660348,0.5749714427514642
0.004376593810649309,0.5749714427514642
0.004378561016467161,0.5749714427514642
0.0043805291065111725,0.5749714427514642
0.004382498081178785,0.5749714427514642
0.00438446794086763,0.5749714427514642
0.004386438685975498,0.5749714427514642
0.004388410316900376,0.5749714427514642
0.0043903828340404235,0.5749714427514642
0.004392356237793979,0.5749714427514642
0.004394330528559566,0.5749714427514642
0.004396305706735873,0.5749714427514642
0.004398281772721778,0.5749714427514642
0.004400258726916339,0.5749714427514642
0.004402236569718791,0.5749714427514642
0.004404215301528552,0.5749714427514642
0.004406194922745207,0.5749714427514642
0.004408175433768534,0.5749714427514642
0.004410156834998487,0.5749714427514642
0.004412139126835198,0.5749714427514642
0.004414122309678986,0.5749714427514642
0.004416106383930333,0.5749714427514642
0.004418091349989917,0.5749714427514642
0.004420077208258591,0.5749714427514642
0.004422063959137388,0.5749714427514642
0.0044240516030275255,0.5749714427514642
0.004426040140330389,0.5749714427514642
0.004428029571447556,0.5749714427514642
0.004430019896780782,0.5749714427514642
0.004432011116732002,0.5749714427514642
0.004434003231703336,0.5749714427514642
0.004435996242097073,0.5749714427514642
0.004437990148315692,0.5749714427514642
0.004439984950761854,0.5749714427514642
0.004441980649838397,0.5749714427514642
0.004443977245948347,0.5749714427514642
0.004445974739494894,0.5749714427514642
0.004447973130881429,0.5749714427514642
0.004449972420511514,0.5749714427514642
0.004451972608788893,0.5749714427514642
0.0044539736961175,0.5749714427514642
0.004455975682901434,0.5749714427514642
0.004457978569544989,0.5749714427514642
0.004459982356452636,0.5749714427514642
0.004461987044029031,0.5749714427514642
0.0044639926326790124,0.5749714427514642
0.00446599912280759,0.5749714427514642
0.004468006514819965,0.5749714427514642
0.004470014809121523,0.5749714427514642
0.004472024006117825,0.5749714427514642
0.004474034106214623,0.5749714427514642
0.004476045109817836,0.5749714427514642
0.0044780570173335804,0.5749714427514642
0.004480069829168149,0.5749714427514642
0.004482083545728019,0.5749714427514642
0.004484098167419852,0.5749714427514642
0.004486113694650482,0.5749714427514642
0.004488130127826938,0.5749714427514642
0.004490147467356432,0.5749714427514642
0.004492165713646341,0.5749714427514642
0.0044941848671042565,0.5749714427514642
0.004496204928137922,0.5749714427514642
0.004498225897155281,0.5749714427514642
0.0045002477745644635,0.5749714427514642
0.004502270560773762,0.5749714427514642
0.004504294256191685,0.5749714427514642
0.004506318861226893,0.5749714427514642
0.004508344376288249,0.5749714427514642
0.004510370801784798,0.5749714427514642
0.004512398138125751,0.5749714427514642
0.004514426385720538,0.5749714427514642
0.004516455544978738,0.5749714427514642
0.004518485616310132,0.5749714427514642
0.0045205166001246865,0.5749714427514642
0.004522548496832535,0.5749714427514642
0.004524581306844024,0.5749714427514642
0.004526615030569656,0.5749714427514642
0.004528649668420134,0.5749714427514642
0.004530685220806348,0.5749714427514642
0.00453272168813935,0.5749714427514642
0.004534759070830414,0.5749714427514642
0.004536797369290964,0.5749714427514642
0.004538836583932627,0.5749714427514642
0.004540876715167216,0.5749714427514642
0.004542917763406711,0.5749714427514642
0.0045449597290633074,0.5749714427514642
0.004547002612549356,0.5749714427514642
0.004549046414277411,0.5749714427514642
0.004551091134660211,0.5749714427514642
0.004553136774110661,0.5749714427514642
0.004555183333041887,0.5749714427514642
0.004557230811867164,0.5749714427514642
0.004559279210999976,0.5749714427514642
0.004561328530853989,0.5749714427514642
0.004563378771843038,0.5749714427514642
0.004565429934381178,0.5749714427514642
0.004567482018882614,0.5749714427514642
0.004569535025761758,0.5749714427514642
0.004571588955433209,0.5749714427514642
0.004573643808311732,0.5749714427514642
0.004575699584812312,0.5749714427514642
0.004577756285350088,0.5749714427514642
0.004579813910340403,0.5749714427514642
0.0045818724601987895,0.5749714427514642
0.004583931935340945,0.5749714427514642
0.004585992336182787,0.5749714427514642
0.004588053663140389,0.5749714427514642
0.004590115916630029,0.5749714427514642
0.004592179097068174,0.5749714427514642
0.0045942432048714545,0.5749714427514642
0.004596308240456727,0.5749714427514642
0.004598374204241,0.5749714427514642
0.004600441096641486,0.5749714427514642
0.004602508918075589,0.5749714427514642
0.004604577668960879,0.5749714427514642
0.0046066473497151485,0.5749714427514642
0.004608717960756343,0.5749714427514642
0.0046107895025026165,0.5749714427514642
0.00461286197537231,0.5749714427514642
0.004614935379783933,0.5749714427514642
0.004617009716156218,0.5749714427514642
0.004619084984908051,0.5749714427514642
0.004621161186458525,0.5749714427514642
0.0046232383212269235,0.5749714427514642
0.004625316389632698,0.5749714427514642
0.00462739539209552,0.5749714427514642
0.004629475329035221,0.5749714427514642
0.004631556200871837,0.5749714427514642
0.004633638008025591,0.5749714427514642
0.00463572075091688,0.5749714427514642
0.004637804429966322,0.5749714427514642
0.004639889045594689,0.5749714427514642
0.004641974598222962,0.5749714427514642
0.004644061088272313,0.5749714427514642
0.004646148516164081,0.5749714427514642
0.004648236882319832,0.5749714427514642
0.004650326187161284,0.5749714427514642
0.004652416431110365,0.5749714427514642
0.004654507614589194,0.5749714427514642
0.004656599738020059,0.5749714427514642
0.004658692801825472,0.5749714427514642
0.0046607868064281015,0.5749714427514642
0.004662881752250825,0.5749714427514642
0.00466497763971671,0.5749714427514642
0.004667074469248994,0.5749714427514642
0.00466917224127114,0.5749714427514642
0.004671270956206768,0.5749714427514642
0.0046733706144797054,0.5749714427514642
0.004675471216513972,0.5749714427514642
0.004677572762733758,0.5749714427514642
0.004679675253563478,0.5749714427514642
0.004681778689427704,0.5749714427514642
0.00468388307075122,0.5749714427514642
0.004685988397958996,0.5749714427514642
0.004688094671476178,0.5749714427514642
0.0046902018917281355,0.5749714427514642
0.004692310059140396,0.5749714427514642
0.0046944191741386965,0.5749714427514642
0.004696529237148966,0.5749714427514642
0.004698640248597306,0.5749714427514642
0.004700752208910042,0.5749714427514642
0.0047028651185136595,0.5749714427514642
0.0047049789778348524,0.5749714427514642
0.0047070937873005085,0.5749714427514642
0.004709209547337687,0.5749714427514642
0.004711326258373673,0.5749714427514642
0.004713443920835911,0.5749714427514642
0.004715562535152056,0.5749714427514642
0.004717682101749954,0.5749714427514642
0.004719802621057627,0.5749714427514642
0.004721924093503319,0.5749714427514642
0.004724046519515438,0.5749714427514642
0.0047261698995225985,0.5749714427514642
0.004728294233953613,0.5749714427514642
0.004730419523237461,0.5749714427514642
0.004732545767803355,0.5749714427514642
0.004734672968080663,0.5749714427514642
0.0047368011244989655,0.5749714427514642
0.004738930237488038,0.5749714427514642
0.004741060307477828,0.5749714427514642
0.00474319133489851,0.5749714427514642
0.00474532332018042,0.5749714427514642
0.004747456263754104,0.5749714427514642
0.004749590166050304,0.5749714427514642
0.0047517250274999355,0.5749714427514642
0.00475386084853414,0.5749714427514642
0.004755997629584221,0.5749714427514642
0.004758135371081695,0.5749714427514642
0.004760274073458272,0.5749714427514642
0.004762413737145834,0.5749714427514642
0.0047645543625764964,0.5749714427514642
0.004766695950182532,0.5749714427514642
0.004768838500396426,0.5749714427514642
0.00477098201365086,0.5749714427514642
0.004773126490378691,0.5749714427514642
0.004775271931013001,0.5749714427514642
0.004777418335987039,0.5749714427514642
0.004779565705734261,0.5749714427514642
0.004781714040688324,0.5749714427514642
0.004783863341283056,0.5749714427514642
0.004786013607952516,0.5749714427514642
0.004788164841130925,0.5749714427514642
0.004790317041252716,0.5749714427514642
0.00479247020875252,0.5749714427514642
0.004794624344065142,0.5749714427514642
0.004796779447625617,0.5749714427514642
0.004798935519869142,0.5749714427514642
0.004801092561231129,0.5749714427514642
0.004803250572147186,0.5749714427514642
0.004805409553053094,0.5749714427514642
0.00480756950438487,0.5749714427514642
0.004809730426578687,0.5749714427514642
0.004811892320070938,0.5749714427514642
0.00481405518529821,0.5749714427514642
0.004816219022697267,0.5749714427514642
0.004818383832705102,0.5749714427514642
0.004820549615758873,0.5749714427514642
0.004822716372295954,0.5749714427514642
0.004824884102753912,0.5749714427514642
0.004827052807570494,0.5749714427514642
0.004829222487183679,0.5749714427514642
0.004831393142031606,0.5749714427514642
0.0048335647725526315,0.5749714427514642
0.00483573737918531,0.5749714427514642
0.004837910962368372,0.5749714427514642
0.00484008552254078,0.5749714427514642
0.00484226106014166,0.5749714427514642
0.0048444375756103554,0.5749714427514642
0.004846615069386405,0.5749714427514642
0.004848793541909527,0.5749714427514642
0.004850972993619673,0.5749714427514642
0.004853153424956956,0.5749714427514642
0.004855334836361705,0.5749714427514642
0.004857517228274451,0.5749714427514642
0.0048597006011359,0.5749714427514642
0.004861884955386994,0.5749714427514642
0.004864070291468833,0.5749714427514642
0.004866256609822741,0.5749714427514642
0.0048684439108902374,0.5749714427514642
0.0048706321951130244,0.5749714427514642
0.00487282146293302,0.5749714427514642
0.004875011714792335,0.5749714427514642
0.004877202951133278,0.5749714427514642
0.004879395172398361,0.5749714427514642
0.004881588379030283,0.5749714427514642
0.0048837825714719545,0.5749714427514642
0.004885977750166479,0.5749714427514642
0.004888173915557162,0.5749714427514642
0.004890371068087512,0.5749714427514642
0.004892569208201222,0.5749714427514642
0.004894768336342198,0.5749714427514642
0.004896968452954543,0.5749714427514642
0.004899169558482556,0.5749714427514642
0.004901371653370747,0.5749714427514642
0.004903574738063804,0.5749714427514642
0.004905778813006634,0.5749714427514642
0.004907983878644336,0.5749714427514642
0.004910189935422213,0.5749714427514642
0.00491239698378577,0.5749714427514642
0.004914605024180698,0.5749714427514642
0.0049168140570529035,0.5749714427514642
0.004919024082848489,0.5749714427514642
0.004921235102013756,0.5749714427514642
0.004923447114995215,0.5749714427514642
0.004925660122239556,0.5749714427514642
0.004927874124193692,0.5749714427514642
0.004930089121304726,0.5749714427514642
0.004932305114019967,0.5749714427514642
0.004934522102786924,0.5749714427514642
0.004936740088053298,0.5749714427514642
0.004938959070267005,0.5749714427514642
0.004941179049876152,0.5749714427514642
0.004943400027329056,0.5749714427514642
0.004945622003074234,0.5749714427514642
0.004947844977560391,0.5749714427514642
0.004950068951236451,0.5749714427514642
0.004952293924551532,0.5749714427514642
0.004954519897954955,0.5749714427514642
0.00495674687189625,0.5749714427514642
0.00495897484682513,0.5749714427514642
0.004961203823191528,0.5749714427514642
0.004963433801445573,0.5749714427514642
0.004965664782037597,0.5749714427514642
0.004967896765418139,0.5749714427514642
0.004970129752037926,0.5749714427514642
0.0049723637423479015,0.5749714427514642
0.004974598736799209,0.5749714427514642
0.004976834735843192,0.5749714427514642
0.004979071739931404,0.5749714427514642
0.004981309749515585,0.5749714427514642
0.004983548765047693,0.514310431926348
0.004985788786979886,0.514310431926348
0.004988029815764523,0.514310431926348
0.004990271851854174,0.514310431926348
0.0049925148957015945,0.514310431926348
0.00499475894775976,0.514310431926348
0.004997004008481844,0.514310431926348
0.004999250078321224,0.514310431926348
0.005001497157731487,0.514310431926348
0.005003745247166409,0.514310431926348
0.0050059943470799825,0.514310431926348
0.005008244457926407,0.514310431926348
0.005010495580160064,0.514310431926348
0.005012747714235577,0.514310431926348
0.005015000860607734,0.514310431926348
0.005017255019731553,0.514310431926348
0.005019510192062253,0.514310431926348
0.005021766378055239,0.514310431926348
0.005024023578166154,0.514310431926348
0.005026281792850813,0.514310431926348
0.005028541022565255,0.514310431926348
0.005030801267765725,0.514310431926348
0.00503306252890865,0.514310431926348
0.0050353248064507,0.514310431926348
0.005037588100848715,0.514310431926348
0.005039852412559759,0.514310431926348
0.005042117742041103,0.514310431926348
0.0050443840897502,0.514310431926348
0.0050466514561447505,0.514310431926348
0.005048919841682619,0.514310431926348
0.0050511892468219,0.514310431926348
0.005053459672020891,0.514310431926348
0.005055731117738077,0.514310431926348
0.005058003584432184,0.514310431926348
0.005060277072562109,0.514310431926348
0.005062551582586975,0.514310431926348
0.005064827114966114,0.514310431926348
0.005067103670159038,0.514310431926348
0.005069381248625509,0.514310431926348
0.0050716598508254536,0.514310431926348
0.005073939477219029,0.514310431926348
0.005076220128266597,0.514310431926348
0.005078501804428709,0.514310431926348
0.005080784506166156,0.514310431926348
0.005083068233939903,0.514310431926348
0.005085352988211139,0.514310431926348
0.005087638769441265,0.514310431926348
0.0050899255780918655,0.514310431926348
0.0050922134146247685,0.514310431926348
0.005094502279501976,0.514310431926348
0.005096792173185716,0.514310431926348
0.005099083096138424,0.514310431926348
0.005101375048822726,0.514310431926348
0.005103668031701488,0.514310431926348
0.0051059620452377505,0.514310431926348
0.005108257089894782,0.514310431926348
0.005110553166136059,0.514310431926348
0.005112850274425246,0.514310431926348
0.005115148415226252,0.514310431926348
0.005117447589003157,0.514310431926348
0.005119747796220274,0.514310431926348
0.005122049037342121,0.514310431926348
0.005124351312833404,0.514310431926348
0.005126654623159079,0.514310431926348
0.005128958968784268,0.514310431926348
0.005131264350174328,0.514310431926348
0.005133570767794821,0.514310431926348
0.005135878222111502,0.514310431926348
0.0051381867135903685,0.514310431926348
0.0051404962426975925,0.514310431926348
0.005142806809899574,0.514310431926348
0.005145118415662927,0.514310431926348
0.0051474310604544505,0.514310431926348
0.005149744744741191,0.514310431926348
0.005152059468990369,0.514310431926348
0.005154375233669435,0.514310431926348
0.00515669203924605,0.514310431926348
0.005159009886188066,0.514310431926348
0.005161328774963578,0.514310431926348
0.0051636487060408584,0.514310431926348
0.00516596967988841,0.514310431926348
0.005168291696974944,0.514310431926348
0.005170614757769366,0.514310431926348
0.005172938862740823,0.514310431926348
0.0051752640123586425,0.514310431926348
0.005177590207092379,0.514310431926348
0.0051799174474118,0.514310431926348
0.005182245733786864,0.514310431926348
0.005184575066687775,0.514310431926348
0.005186905446584915,0.514310431926348
0.005189236873948895,0.514310431926348
0.00519156934925054,0.514310431926348
0.005193902872960864,0.514310431926348
0.005196237445551131,0.514310431926348
0.005198573067492779,0.514310431926348
0.005200909739257479,0.514310431926348
0.005203247461317114,0.514310431926348
0.005205586234143758,0.514310431926348
0.0052079260582097355,0.514310431926348
0.005210266933987544,0.514310431926348
0.005212608861949917,0.514310431926348
0.0052149518425697984,0.514310431926348
0.005217295876320323,0.514310431926348
0.005219640963674879,0.514310431926348
0.005221987105107026,0.514310431926348
0.005224334301090561,0.514310431926348
0.005226682552099491,0.514310431926348
0.005229031858608018,0.514310431926348
0.005231382221090592,0.514310431926348
0.005233733640021839,0.514310431926348
0.005236086115876622,0.514310431926348
0.005238439649130014,0.514310431926348
0.005240794240257283,0.514310431926348
0.005243149889733946,0.514310431926348
0.0052455065980356996,0.514310431926348
0.005247864365638471,0.514310431926348
0.005250223193018406,0.514310431926348
0.0052525830806518375,0.514310431926348
0.005254944029015356,0.514310431926348
0.005257306038585725,0.514310431926348
0.005259669109839943,0.514310431926348
0.005262033243255228,0.514310431926348
0.005264398439308984,0.514310431926348
0.005266764698478873,0.514310431926348
0.005269132021242731,0.514310431926348
0.00527150040807863,0.514310431926348
0.005273869859464861,0.514310431926348
0.0052762403758799025,0.514310431926348
0.00527861195780249,0.514310431926348
0.005280984605711535,0.514310431926348
0.005283358320086185,0.514310431926348
0.005285733101405806,0.514310431926348
0.005288108950149955,0.514310431926348
0.005290485866798441,0.514310431926348
0.005292863851831257,0.514310431926348
0.005295242905728625,0.514310431926348
0.00529762302897099,0.514310431926348
0.0053000042220389875,0.514310431926348
0.005302386485413508,0.514310431926348
0.00530476981957562,0.514310431926348
0.00530715422500663,0.514310431926348
0.0053095397021880614,0.514310431926348
0.0053119262516016326,0.514310431926348
0.005314313873729313,0.514310431926348
0.005316702569053256,0.514310431926348
0.005319092338055851,0.514310431926348
0.005321483181219702,0.514310431926348
0.00532387509902761,0.514310431926348
0.005326268091962634,0.514310431926348
0.0053286621605080076,0.514310431926348
0.005331057305147205,0.514310431926348
0.00533345352636392,0.514310431926348
0.005335850824642036,0.514310431926348
0.005338249200465699,0.514310431926348
0.005340648654319231,0.514310431926348
0.005343049186687192,0.514310431926348
0.005345450798054364,0.514310431926348
0.005347853488905721,0.514310431926348
0.005350257259726496,0.514310431926348
0.0053526621110021,0.514310431926348
0.005355068043218186,0.514310431926348
0.005357475056860623,0.514310431926348
0.005359883152415479,0.514310431926348
0.005362292330369076,0.514310431926348
0.005364702591207919,0.514310431926348
0.005367113935418752,0.514310431926348
0.0053695263634885365,0.514310431926348
0.005371939875904434,0.514310431926348
0.005374354473153863,0.514310431926348
0.005376770155724419,0.514310431926348
0.005379186924103944,0.514310431926348
0.005381604778780493,0.514310431926348
0.005384023720242326,0.514310431926348
0.005386443748977953,0.514310431926348
0.005388864865476071,0.514310431926348
0.005391287070225617,0.514310431926348
0.005393710363715746,0.514310431926348
0.005396134746435814,0.514310431926348
0.005398560218875431,0.514310431926348
0.005400986781524393,0.514310431926348
0.0054034144348727355,0.514310431926348
0.005405843179410717,0.514310431926348
0.00540827301562879,0.514310431926348
0.005410703944017671,0.514310431926348
0.005413135965068253,0.514310431926348
0.005415569079271678,0.514310431926348
0.005418003287119303,0.514310431926348
0.005420438589102693,0.514310431926348
0.005422874985713649,0.514310431926348
0.005425312477444187,0.514310431926348
0.0054277510647865465,0.514310431926348
0.005430190748233191,0.514310431926348
0.005432631528276791,0.514310431926348
0.0054350734054102534,0.514310431926348
0.005437516380126702,0.514310431926348
0.00543996045291948,0.514310431926348
0.005442405624282164,0.514310431926348
0.005444851894708528,0.514310431926348
0.005447299264692591,0.514310431926348
0.005449747734728584,0.514310431926348
0.005452197305310963,0.514310431926348
0.00545464797693441,0.514310431926348
0.005457099750093814,0.514310431926348
0.005459552625284303,0.514310431926348
0.00546200660300122,0.514310431926348
0.005464461683740134,0.514310431926348
0.005466917867996839,0.514310431926348
0.005469375156267339,0.514310431926348
0.005471833549047872,0.514310431926348
0.0054742930468348995,0.514310431926348
0.005476753650125102,0.514310431926348
0.005479215359415391,0.514310431926348
0.005481678175202884,0.514310431926348
0.005484142097984938,0.514310431926348
0.005486607128259128,0.514310431926348
0.005489073266523255,0.514310431926348
0.005491540513275347,0.514310431926348
0.00549400886901364,0.514310431926348
0.005496478334236608,0.514310431926348
0.005498948909442948,0.514310431926348
0.0055014205951315785,0.514310431926348
0.005503893391801649,0.514310431926348
0.005506367299952514,0.514310431926348
0.005508842320083773,0.514310431926348
0.005511318452695242,0.514310431926348
0.005513795698286962,0.514310431926348
0.005516274057359206,0.514310431926348
0.005518753530412451,0.514310431926348
0.005521234117947421,0.514310431926348
0.005523715820465056,0.514310431926348
0.005526198638466521,0.514310431926348
0.005528682572453216,0.514310431926348
0.005531167622926743,0.514310431926348
0.005533653790388952,0.514310431926348
0.005536141075341909,0.514310431926348
0.00553862947828791,0.514310431926348
0.005541118999729477,0.514310431926348
0.005543609640169346,0.514310431926348
0.005546101400110492,0.514310431926348
0.005548594280056114,0.514310431926348
0.005551088280509634,0.514310431926348
0.005553583401974707,0.514310431926348
0.005556079644955198,0.514310431926348
0.005558577009955216,0.514310431926348
0.005561075497479089,0.514310431926348
0.005563575108031372,0.514310431926348
0.005566075842116856,0.514310431926348
0.005568577700240536,0.514310431926348
0.005571080682907655,0.514310431926348
0.005573584790623683,0.514310431926348
0.005576090023894293,0.514310431926348
0.005578596383225427,0.514310431926348
0.0055811038691232105,0.514310431926348
0.005583612482094025,0.514310431926348
0.005586122222644475,0.514310431926348
0.005588633091281372,0.514310431926348
0.005591145088511796,0.514310431926348
0.005593658214843011,0.514310431926348
0.005596172470782538,0.514310431926348
0.00559868785683812,0.514310431926348
0.00560120437351771,0.514310431926348
0.005603722021329526,0.514310431926348
0.005606240800781977,0.514310431926348
0.005608760712383723,0.514310431926348
0.00561128175664365,0.514310431926348
0.0056138039340708525,0.514310431926348
0.005616327245174694,0.514310431926348
0.005618851690464725,0.514310431926348
0.005621377270450749,0.514310431926348
0.0056239039856427996,0.514310431926348
0.005626431836551115,0.514310431926348
0.005628960823686203,0.514310431926348
0.005631490947558763,0.514310431926348
0.005634022208679744,0.514310431926348
0.005636554607560326,0.514310431926348
0.0056390881447118965,0.514310431926348
0.005641622820646112,0.514310431926348
0.005644158635874818,0.514310431926348
0.005646695590910114,0.514310431926348
0.005649233686264332,0.514310431926348
0.005651772922450007,0.514310431926348
0.005654313299979948,0.514310431926348
0.0056568548193671525,0.514310431926348
0.005659397481124872,0.514310431926348
0.005661941285766588,0.514310431926348
0.00566448623380599,0.514310431926348
0.005667032325757042,0.514310431926348
0.005669579562133893,0.514310431926348
0.005672127943450951,0.514310431926348
0.005674677470222852,0.514310431926348
0.005677228142964442,0.514310431926348
0.0056797799621908385,0.514310431926348
0.005682332928417349,0.514310431926348
0.0056848870421595385,0.514310431926348
0.005687442303933201,0.514310431926348
0.005689998714254339,0.514310431926348
0.005692556273639229,0.514310431926348
0.00569511498260434,0.514310431926348
0.005697674841666394,0.514310431926348
0.005700235851342346,0.514310431926348
0.005702798012149361,0.514310431926348
0.005705361324604875,0.514310431926348
0.005707925789226518,0.514310431926348
0.005710491406532177,0.514310431926348
0.005713058177039968,0.514310431926348
0.005715626101268218,0.514310431926348
0.005718195179735531,0.514310431926348
0.005720765412960698,0.514310431926348
0.005723336801462771,0.514310431926348
0.005725909345761033,0.514310431926348
0.005728483046374977,0.514310431926348
0.005731057903824372,0.514310431926348
0.005733633918629177,0.514310431926348
0.005736211091309612,0.514310431926348
0.005738789422386127,0.514310431926348
0.005741368912379385,0.514310431926348
0.005743949561810323,0.514310431926348
0.005746531371200071,0.514310431926348
0.0057491143410700165,0.514310431926348
0.005751698471941782,0.514310431926348
0.005754283764337202,0.514310431926348
0.005756870218778384,0.514310431926348
0.005759457835787632,0.514310431926348
0.005762046615887506,0.514310431926348
0.005764636559600801,0.514310431926348
0.005767227667450525,0.514310431926348
0.005769819939959961,0.514310431926348
0.005772413377652588,0.514310431926348
0.00577500798105214,0.514310431926348
0.005777603750682589,0.514310431926348
0.00578020068706812,0.514310431926348
0.005782798790733193,0.514310431926348
0.0057853980622024626,0.514310431926348
0.005787998502000843,0.514310431926348
0.005790600110653485,0.514310431926348
0.005793202888685752,0.514310431926348
0.005795806836623282,0.514310431926348
0.005798411954991913,0.514310431926348
0.005801018244317737,0.514310431926348
0.005803625705127088,0.514310431926348
0.005806234337946511,0.514310431926348
0.005808844143302827,0.514310431926348
0.005811455121723054,0.514310431926348
0.005814067273734471,0.514310431926348
0.005816680599864593,0.514310431926348
0.005819295100641151,0.514310431926348
0.00582191077659215,0.514310431926348
0.005824527628245796,0.514310431926348
0.0058271456561305515,0.514310431926348
0.00582976486077512,0.514310431926348
0.0058323852427084166,0.514310431926348
0.005835006802459637,0.514310431926348
0.005837629540558174,0.514310431926348
0.0058402534575336795,0.514310431926348
0.005842878553916045,0.514310431926348
0.0058455048302353775,0.514310431926348
0.005848132287022062,0.514310431926348
0.005850760924806681,0.514310431926348
0.00585339074412008,0.514310431926348
0.005856021745493341,0.514310431926348
0.005858653929457763,0.514310431926348
0.005861287296544925,0.514310431926348
0.005863921847286603,0.514310431926348
0.005866557582214836,0.514310431926348
0.005869194501861901,0.514310431926348
0.0058718326067602935,0.514310431926348
0.005874471897442786,0.514310431926348
0.0058771123744423516,0.514310431926348
0.005879754038292226,0.514310431926348
0.005882396889525885,0.514310431926348
0.005885040928677019,0.514310431926348
0.005887686156279602,0.514310431926348
0.005890332572867804,0.514310431926348
0.0058929801789760605,0.514310431926348
0.005895628975139047,0.514310431926348
0.005898278961891656,0.514310431926348
0.00590093013976906,0.514310431926348
0.0059035825093066326,0.514310431926348
0.005906236071040011,0.514310431926348
0.005908890825505074,0.514310431926348
0.0059115467732379166,0.514310431926348
0.005914203914774915,0.514310431926348
0.005916862250652648,0.514310431926348
0.005919521781407957,0.514310431926348
0.005922182507577926,0.514310431926348
0.005924844429699855,0.514310431926348
0.00592750754831133,0.514310431926348
0.005930171863950133,0.514310431926348
0.005932837377154315,0.514310431926348
0.005935504088462169,0.514310431926348
0.005938171998412202,0.514310431926348
0.005940841107543209,0.514310431926348
0.005943511416394184,0.514310431926348
0.005946182925504386,0.514310431926348
0.005948855635413319,0.514310431926348
0.0059515295466607025,0.514310431926348
0.0059542046597865425,0.514310431926348
0.005956880975331046,0.514310431926348
0.005959558493834686,0.514310431926348
0.005962237215838178,0.514310431926348
0.0059649171418824564,0.514310431926348
0.005967598272508742,0.514310431926348
0.005970280608258458,0.514310431926348
0.005972964149673291,0.514310431926348
0.005975648897295174,0.514310431926348
0.005978334851666259,0.514310431926348
0.0059810220133289845,0.514310431926348
0.0059837103828259885,0.514310431926348
0.005986399960700178,0.514310431926348
0.005989090747494707,0.514310431926348
0.005991782743752944,0.514310431926348
0.005994475950018549,0.514310431926348
0.00599717036683538,0.514310431926348
0.005999865994747568,0.514310431926348
0.006002562834299484,0.514310431926348
0.006005260886035723,0.514310431926348
0.006007960150501165,0.514310431926348
0.0060106606282408935,0.514310431926348
0.006013362319800262,0.514310431926348
0.006016065225724867,0.514310431926348
0.006018769346560528,0.514310431926348
0.006021474682853351,0.514310431926348
0.006024181235149645,0.514310431926348
0.006026889003995992,0.514310431926348
0.006029597989939213,0.514310431926348
0.006032308193526357,0.514310431926348
0.0060350196153047585,0.514310431926348
0.006037732255821956,0.514310431926348
0.006040446115625759,0.514310431926348
0.006043161195264221,0.514310431926348
0.006045877495285625,0.514310431926348
0.00604859501623852,0.514310431926348
0.006051313758671694,0.514310431926348
0.006054033723134182,0.514310431926348
0.006056754910175272,0.514310431926348
0.00605947732034448,0.514310431926348
0.006062200954191588,0.514310431926348
0.006064925812266619,0.514310431926348
0.006067651895119843,0.514310431926348
0.006070379203301783,0.514310431926348
0.006073107737363192,0.514310431926348
0.006075837497855088,0.514310431926348
0.006078568485328731,0.514310431926348
0.006081300700335629,0.514310431926348
0.006084034143427545,0.514310431926348
0.006086768815156469,0.514310431926348
0.006089504716074659,0.514310431926348
0.0060922418467346156,0.514310431926348
0.006094980207689086,0.514310431926348
0.0060977197994910755,0.514310431926348
0.006100460622693815,0.514310431926348
0.006103202677850806,0.514310431926348
0.00610594596551579,0.514310431926348
0.00610869048624276,0.514310431926348
0.006111436240585964,0.514310431926348
0.006114183229099877,0.514310431926348
0.006116931452339245,0.514310431926348
0.006119680910859058,0.514310431926348
0.006122431605214552,0.514310431926348
0.006125183535961222,0.514310431926348
0.006127936703654792,0.514310431926348
0.006130691108851256,0.514310431926348
0.00613344675210685,0.514310431926348
0.006136203633978061,0.514310431926348
0.006138961755021633,0.514310431926348
0.00614172111579454,0.514310431926348
0.006144481716854026,0.514310431926348
0.00614724355875758,0.514310431926348
0.00615000664206294,0.514310431926348
0.006152770967328101,0.514310431926348
0.006155536535111292,0.514310431926348
0.006158303345971009,0.514310431926348
0.006161071400465995,0.514310431926348
0.0061638406991552435,0.514310431926348
0.006166611242598004,0.514310431926348
0.006169383031353762,0.514310431926348
0.006172156065982269,0.514310431926348
0.006174930347043525,0.514310431926348
0.006177705875097781,0.514310431926348
0.006180482650705545,0.514310431926348
0.00618326067442756,0.514310431926348
0.006186039946824837,0.514310431926348
0.006188820468458637,0.514310431926348
0.006191602239890469,0.514310431926348
0.006194385261682103,0.514310431926348
0.006197169534395544,0.514310431926348
0.0061999550585930645,0.514310431926348
0.006202741834837187,0.514310431926348
0.0062055298636906845,0.514310431926348
0.006208319145716591,0.514310431926348
0.0062111096814781745,0.514310431926348
0.006213901471538974,0.514310431926348
0.0062166945164627814,0.514310431926348
0.006219488816813619,0.514310431926348
0.006222284373155805,0.514310431926348
0.006225081186053868,0.514310431926348
0.006227879256072615,0.514310431926348
0.006230678583777106,0.514310431926348
0.006233479169732633,0.514310431926348
0.0062362810145047826,0.514310431926348
0.006239084118659353,0.514310431926348
0.006241888482762422,0.514310431926348
0.006244694107380322,0.514310431926348
0.006247500993079614,0.514310431926348
0.0062503091404271585,0.514310431926348
0.006253118549990027,0.514310431926348
0.006255929222335569,0.514310431926348
0.006258741158031392,0.514310431926348
0.00626155435764533,0.514310431926348
0.006264368821745521,0.514310431926348
0.00626718455090031,0.514310431926348
0.006270001545678324,0.514310431926348
0.006272819806648446,0.514310431926348
0.00627563933437979,0.514310431926348
0.0062784601294417685,0.514310431926348
0.006281282192404007,0.514310431926348
0.006284105523836411,0.514310431926348
0.006286930124309143,0.514310431926348
0.006289755994392598,0.514310431926348
0.006292583134657469,0.514310431926348
0.0062954115456746625,0.514310431926348
0.006298241228015366,0.514310431926348
0.0063010721822510255,0.514310431926348
0.006303904408953317,0.514310431926348
0.0063067379086942195,0.514310431926348
0.006309572682045923,0.514310431926348
0.0063124087295808986,0.514310431926348
0.00631524605187188,0.514310431926348
0.006318084649491827,0.514310431926348
0.006320924523014006,0.514310431926348
0.006323765673011894,0.514310431926348
0.006326608100059251,0.514310431926348
0.006329451804730097,0.514310431926348
0.006332296787598683,0.514310431926348
0.006335143049239563,0.514310431926348
0.006337990590227503,0.514310431926348
0.006340839411137557,0.514310431926348
0.006343689512545035,0.514310431926348
0.006346540895025478,0.514310431926348
0.006349393559154734,0.514310431926348
0.006352247505508863,0.514310431926348
0.00635510273466421,0.514310431926348
0.00635795924719738,0.514310431926348
0.006360817043685209,0.514310431926348
0.00636367612470484,0.514310431926348
0.006366536490833629,0.514310431926348
0.006369398142649218,0.514310431926348
0.006372261080729508,0.514310431926348
0.006375125305652633,0.514310431926348
0.006377990817997036,0.514310431926348
0.006380857618341369,0.514310431926348
0.006383725707264573,0.514310431926348
0.006386595085345852,0.514310431926348
0.006389465753164639,0.514310431926348
0.006392337711300676,0.514310431926348
0.00639521096033392,0.514310431926348
0.0063980855008446144,0.514310431926348
0.006400961333413262,0.514310431926348
0.0064038384586206035,0.514310431926348
0.006406716877047683,0.514310431926348
0.006409596589275763,0.514310431926348
0.00641247759588639,0.514310431926348
0.006415359897461376,0.514310431926348
0.006418243494582765,0.514310431926348
0.00642112838783291,0.514310431926348
0.006424014577794379,0.514310431926348
0.006426902065050029,0.514310431926348
0.006429790850182979,0.514310431926348
0.0064326809337765835,0.514310431926348
0.0064355723164145045,0.514310431926348
0.006438464998680621,0.514310431926348
0.006441358981159102,0.514310431926348
0.006444254264434376,0.514310431926348
0.006447150849091111,0.514310431926348
0.006450048735714283,0.514310431926348
0.0064529479248890825,0.514310431926348
0.006455848417200993,0.514310431926348
0.006458750213235759,0.514310431926348
0.006461653313579362,0.514310431926348
0.006464557718818093,0.514310431926348
0.006467463429538462,0.514310431926348
0.006470370446327267,0.514310431926348
0.006473278769771571,0.514310431926348
0.006476188400458673,0.514310431926348
0.006479099338976185,0.514310431926348
0.006482011585911934,0.514310431926348
0.006484925141854038,0.514310431926348
0.006487840007390881,0.514310431926348
0.006490756183111085,0.514310431926348
0.00649367366960358,0.514310431926348
0.006496592467457518,0.514310431926348
0.00649951257726234,0.514310431926348
0.006502433999607753,0.514310431926348
0.006505356735083702,0.514310431926348
0.0065082807842804435,0.514310431926348
0.006511206147788454,0.514310431926348
0.006514132826198499,0.514310431926348
0.006517060820101614,0.514310431926348
0.00651999013008907,0.514310431926348
0.006522920756752453,0.514310431926348
0.006525852700683565,0.514310431926348
0.006528785962474503,0.514310431926348
0.006531720542717631,0.514310431926348
0.006534656442005549,0.514310431926348
0.006537593660931174,0.514310431926348
0.00654053220008764,0.514310431926348
0.006543472060068376,0.514310431926348
0.006546413241467077,0.514310431926348
0.006549355744877678,0.514310431926348
0.00655229957089443,0.514310431926348
0.006555244720111799,0.514310431926348
0.00655819119312455,0.514310431926348
0.006561138990527714,0.514310431926348
0.0065640881129165616,0.514310431926348
0.006567038560886678,0.514310431926348
0.006569990335033872,0.514310431926348
0.006572943435954242,0.514310431926348
0.006575897864244158,0.514310431926348
0.006578853620500231,0.514310431926348
0.006581810705319386,0.514310431926348
0.0065847691192987695,0.514310431926348
0.006587728863035824,0.514310431926348
0.006590689937128261,0.514310431926348
0.006593652342174031,0.514310431926348
0.006596616078771402,0.514310431926348
0.006599581147518866,0.514310431926348
0.006602547549015208,0.514310431926348
0.006605515283859483,0.514310431926348
0.006608484352650988,0.514310431926348
0.006611454755989338,0.514310431926348
0.006614426494474368,0.514310431926348
0.006617399568706212,0.514310431926348
0.006620373979285272,0.514310431926348
0.006623349726812194,0.514310431926348
0.006626326811887941,0.514310431926348
0.006629305235113697,0.514310431926348
0.006632284997090946,0.514310431926348
0.006635266098421442,0.514310431926348
0.006638248539707179,0.514310431926348
0.006641232321550475,0.514310431926348
0.006644217444553865,0.514310431926348
0.006647203909320187,0.514310431926348
0.006650191716452546,0.514310431926348
0.006653180866554294,0.514310431926348
0.0066561713602291,0.514310431926348
0.006659163198080857,0.514310431926348
0.006662156380713758,0.514310431926348
0.0066651509087322655,0.514310431926348
0.006668146782741087,0.514310431926348
0.006671144003345251,0.514310431926348
0.0066741425711500085,0.514310431926348
0.006677142486760911,0.514310431926348
0.006680143750783781,0.514310431926348
0.006683146363824687,0.514310431926348
0.006686150326490017,0.514310431926348
0.006689155639386385,0.514310431926348
0.0066921623031207045,0.514310431926348
0.00669517031830016,0.514310431926348
0.006698179685532183,0.514310431926348
0.006701190405424527,0.514310431926348
0.006704202478585169,0.514310431926348
0.006707215905622389,0.514310431926348
0.006710230687144735,0.514310431926348
0.006713246823761009,0.514310431926348
0.006716264316080328,0.514310431926348
0.006719283164712039,0.514310431926348
0.006722303370265787,0.514310431926348
0.006725324933351492,0.514310431926348
0.006728347854579324,0.514310431926348
0.0067313721345597715,0.514310431926348
0.006734397773903549,0.514310431926348
0.006737424773221677,0.514310431926348
0.006740453133125447,0.514310431926348
0.006743482854226405,0.514310431926348
0.0067465139371363945,0.514310431926348
0.006749546382467526,0.514310431926348
0.006752580190832184,0.514310431926348
0.0067556153628430355,0.514310431926348
0.006758651899113005,0.514310431926348
0.00676168980025531,0.514310431926348
0.006764729066883438,0.514310431926348
0.006767769699611152,0.514310431926348
0.006770811699052498,0.514310431926348
0.0067738550658217765,0.514310431926348
0.006776899800533586,0.514310431926348
0.006779945903802795,0.514310431926348
0.006782993376244544,0.514310431926348
0.006786042218474264,0.514310431926348
0.006789092431107635,0.514310431926348
0.006792144014760639,0.514310431926348
0.006795196970049525,0.514310431926348
0.006798251297590823,0.514310431926348
0.006801306998001341,0.514310431926348
0.00680436407189815,0.514310431926348
0.006807422519898615,0.514310431926348
0.006810482342620372,0.514310431926348
0.006813543540681336,0.514310431926348
0.006816606114699706,0.514310431926348
0.006819670065293937,0.514310431926348
0.006822735393082784,0.514310431926348
0.006825802098685275,0.514310431926348
0.006828870182720712,0.514310431926348
0.006831939645808685,0.514310431926348
0.006835010488569041,0.514310431926348
0.006838082711621928,0.514310431926348
0.006841156315587763,0.514310431926348
0.006844231301087244,0.514310431926348
0.0068473076687413535,0.514310431926348
0.0068503854191713336,0.514310431926348
0.006853464552998727,0.514310431926348
0.0068565450708453456,0.514310431926348
0.0068596269733332835,0.514310431926348
0.006862710261084922,0.514310431926348
0.0068657949347228995,0.514310431926348
0.006868880994870155,0.514310431926348
0.006871968442149902,0.514310431926348
0.006875057277185633,0.514310431926348
0.0068781475006011285,0.514310431926348
0.006881239113020428,0.514310431926348
0.006884332115067872,0.514310431926348
0.006887426507368076,0.514310431926348
0.006890522290545934,0.514310431926348
0.006893619465226631,0.514310431926348
0.006896718032035609,0.514310431926348
0.006899817991598614,0.514310431926348
0.006902919344541665,0.514310431926348
0.006906022091491064,0.514310431926348
0.0069091262330734,0.514310431926348
0.006912231769915523,0.514310431926348
0.0069153387026445875,0.514310431926348
0.006918447031888026,0.514310431926348
0.00692155675827353,0.514310431926348
0.0069246678824291166,0.514310431926348
0.006927780404983042,0.514310431926348
0.006930894326563867,0.514310431926348
0.00693400964780044,0.514310431926348
0.006937126369321861,0.514310431926348
0.006940244491757563,0.514310431926348
0.006943364015737212,0.514310431926348
0.006946484941890787,0.514310431926348
0.006949607270848548,0.514310431926348
0.006952731003241009,0.514310431926348
0.006955856139699021,0.514310431926348
0.0069589826808536676,0.514310431926348
0.006962110627336341,0.514310431926348
0.0069652399797787215,0.514310431926348
0.006968370738812742,0.514310431926348
0.006971502905070671,0.514310431926348
0.006974636479185011,0.514310431926348
0.006977771461788578,0.514310431926348
0.006980907853514469,0.514310431926348
0.006984045654996042,0.514310431926348
0.006987184866866985,0.514310431926348
0.006990325489761225,0.514310431926348
0.006993467524313,0.514310431926348
0.006996610971156832,0.514310431926348
0.006999755830927504,0.514310431926348
0.007002902104260129,0.514310431926348
0.00700604979179006,0.514310431926348
0.007009198894152962,0.514310431926348
0.007012349411984785,0.514310431926348
0.007015501345921737,0.514310431926348
0.007018654696600363,0.514310431926348
0.007021809464657443,0.514310431926348
0.007024965650730073,0.514310431926348
0.007028123255455633,0.514310431926348
0.007031282279471763,0.514310431926348
0.007034442723416439,0.514310431926348
0.007037604587927873,0.514310431926348
0.007040767873644595,0.514310431926348
0.007043932581205419,0.514310431926348
0.007047098711249418,0.514310431926348
0.007050266264416004,0.514310431926348
0.0070534352413448255,0.514310431926348
0.007056605642675847,0.514310431926348
0.00705977746904932,0.514310431926348
0.007062950721105756,0.514310431926348
0.0070661253994860045,0.514310431926348
0.007069301504831153,0.514310431926348
0.007072479037782605,0.514310431926348
0.007075657998982052,0.514310431926348
0.007078838389071449,0.514310431926348
0.007082020208693084,0.514310431926348
0.007085203458489488,0.514310431926348
0.0070883881391035075,0.514310431926348
0.007091574251178278,0.514310431926348
0.007094761795357195,0.514310431926348
0.007097950772283995,0.514310431926348
0.007101141182602653,0.514310431926348
0.0071043330269574614,0.514310431926348
0.007107526305993002,0.514310431926348
0.00711072102035412,0.514310431926348
0.0071139171706859974,0.514310431926348
0.007117114757634058,0.514310431926348
0.007120313781844044,0.514310431926348
0.007123514243961989,0.514310431926348
0.007126716144634185,0.514310431926348
0.007129919484507268,0.514310431926348
0.007133124264228113,0.514310431926348
0.007136330484443914,0.514310431926348
0.0071395381458021585,0.514310431926348
0.007142747248950592,0.514310431926348
0.007145957794537306,0.514310431926348
0.0071491697832106295,0.514310431926348
0.0071523832156192135,0.514310431926348
0.007155598092412001,0.514310431926348
0.007158814414238194,0.514310431926348
0.007162032181747343,0.514310431926348
0.007165251395589235,0.514310431926348
0.007168472056413981,0.514310431926348
0.007171694164871981,0.514310431926348
0.007174917721613901,0.514310431926348
0.0071781427272907495,0.514310431926348
0.007181369182553778,0.514310431926348
0.007184597088054556,0.514310431926348
0.00718782644444495,0.514310431926348
0.0071910572523770895,0.514310431926348
0.0071942895125034455,0.514310431926348
0.0071975232254767344,0.514310431926348
0.007200758391949995,0.44231367370175456
0.007203995012576556,0.44231367370175456
0.007207233088010015,0.44231367370175456
0.007210472618904311,0.44231367370175456
0.007213713605913629,0.44231367370175456
0.007216956049692475,0.44231367370175456
0.0072201999508956505,0.44231367370175456
0.007223445310178221,0.44231367370175456
0.007226692128195597,0.44231367370175456
0.007229940405603436,0.44231367370175456
0.0072331901430577146,0.44231367370175456
0.007236441341214708,0.44231367370175456
0.007239694000730955,0.44231367370175456
0.007242948122263341,0.44231367370175456
0.007246203706468997,0.44231367370175456
0.007249460754005377,0.44231367370175456
0.007252719265530232,0.44231367370175456
0.007255979241701576,0.44231367370175456
0.007259240683177775,0.44231367370175456
0.007262503590617436,0.44231367370175456
0.007265767964679492,0.44231367370175456
0.007269033806023173,0.44231367370175456
0.007272301115307976,0.44231367370175456
0.007275569893193745,0.44231367370175456
0.007278840140340569,0.44231367370175456
0.007282111857408864,0.44231367370175456
0.0072853850450593435,0.44231367370175456
0.0072886597039529865,0.44231367370175456
0.007291935834751123,0.44231367370175456
0.0072952134381153244,0.44231367370175456
0.007298492514707495,0.44231367370175456
0.007301773065189832,0.44231367370175456
0.007305055090224803,0.44231367370175456
0.0073083385904752236,0.44231367370175456
0.007311623566604157,0.44231367370175456
0.007314910019274993,0.44231367370175456
0.00731819794915142,0.44231367370175456
0.007321487356897395,0.44231367370175456
0.007324778243177225,0.44231367370175456
0.007328070608655465,0.44231367370175456
0.007331364453996997,0.44231367370175456
0.007334659779867001,0.44231367370175456
0.00733795658693093,0.44231367370175456
0.007341254875854583,0.44231367370175456
0.00734455464730401,0.44231367370175456
0.00734785590194559,0.44231367370175456
0.007351158640445998,0.44231367370175456
0.007354462863472184,0.44231367370175456
0.007357768571691447,0.44231367370175456
0.007361075765771333,0.44231367370175456
0.0073643844463797195,0.44231367370175456
0.007367694614184784,0.44231367370175456
0.007371006269854974,0.44231367370175456
0.00737431941405909,0.44231367370175456
0.0073776340474661795,0.44231367370175456
0.007380950170745623,0.44231367370175456
0.007384267784567101,0.44231367370175456
0.007387586889600564,0.44231367370175456
0.007390907486516318,0.44231367370175456
0.007394229575984915,0.44231367370175456
0.007397553158677241,0.44231367370175456
0.007400878235264483,0.44231367370175456
0.007404204806418099,0.44231367370175456
0.007407532872809901,0.44231367370175456
0.007410862435111952,0.44231367370175456
0.007414193493996646,0.44231367370175456
0.0074175260501366785,0.44231367370175456
0.007420860104205019,0.44231367370175456
0.007424195656874992,0.44231367370175456
0.00742753270882017,0.44231367370175456
0.00743087126071446,0.44231367370175456
0.007434211313232073,0.44231367370175456
0.0074375528670474885,0.44231367370175456
0.007440895922835548,0.44231367370175456
0.007444240481271339,0.44231367370175456
0.007447586543030285,0.44231367370175456
0.0074509341087881115,0.44231367370175456
0.007454283179220818,0.44231367370175456
0.007457633755004761,0.44231367370175456
0.007460985836816549,0.44231367370175456
0.007464339425333123,0.44231367370175456
0.007467694521231729,0.44231367370175456
0.007471051125189889,0.44231367370175456
0.007474409237885479,0.44231367370175456
0.007477768859996629,0.44231367370175456
0.007481129992201804,0.44231367370175456
0.007484492635179774,0.44231367370175456
0.007487856789609582,0.44231367370175456
0.007491222456170632,0.44231367370175456
0.007494589635542579,0.44231367370175456
0.007497958328405413,0.44231367370175456
0.007501328535439431,0.44231367370175456
0.007504700257325213,0.44231367370175456
0.007508073494743665,0.44231367370175456
0.007511448248375996,0.44231367370175456
0.0075148245189037175,0.44231367370175456
0.007518202307008658,0.44231367370175456
0.007521581613372925,0.44231367370175456
0.007524962438678961,0.44231367370175456
0.007528344783609503,0.44231367370175456
0.007531728648847598,0.44231367370175456
0.007535114035076606,0.44231367370175456
0.007538500942980172,0.44231367370175456
0.007541889373242271,0.44231367370175456
0.0075452793265471775,0.44231367370175456
0.007548670803579474,0.44231367370175456
0.007552063805024058,0.44231367370175456
0.0075554583315661115,0.44231367370175456
0.007558854383891149,0.44231367370175456
0.0075622519626849845,0.44231367370175456
0.00756565106863374,0.44231367370175456
0.007569051702423853,0.44231367370175456
0.007572453864742048,0.44231367370175456
0.00757585755627538,0.44231367370175456
0.007579262777711207,0.44231367370175456
0.007582669529737193,0.44231367370175456
0.007586077813041321,0.44231367370175456
0.00758948762831186,0.44231367370175456
0.007592898976237411,0.44231367370175456
0.007596311857506876,0.44231367370175456
0.007599726272809468,0.44231367370175456
0.007603142222834717,0.44231367370175456
0.00760655970827244,0.44231367370175456
0.0076099787298127865,0.44231367370175456
0.00761339928814621,0.44231367370175456
0.0076168213839634714,0.44231367370175456
0.007620245017955654,0.44231367370175456
0.007623670190814124,0.44231367370175456
0.007627096903230585,0.44231367370175456
0.0076305251558970435,0.44231367370175456
0.007633954949505814,0.44231367370175456
0.007637386284749534,0.44231367370175456
0.007640819162321126,0.44231367370175456
0.00764425358291385,0.44231367370175456
0.007647689547221266,0.44231367370175456
0.007651127055937249,0.44231367370175456
0.007654566109755993,0.44231367370175456
0.00765800670937198,0.44231367370175456
0.0076614488554800275,0.44231367370175456
0.007664892548775258,0.44231367370175456
0.007668337789953107,0.44231367370175456
0.007671784579709329,0.44231367370175456
0.007675232918739968,0.44231367370175456
0.007678682807741406,0.44231367370175456
0.0076821342474103285,0.44231367370175456
0.007685587238443734,0.44231367370175456
0.0076890417815389436,0.44231367370175456
0.007692497877393567,0.44231367370175456
0.007695955526705552,0.44231367370175456
0.007699414730173151,0.44231367370175456
0.007702875488494932,0.44231367370175456
0.007706337802369782,0.44231367370175456
0.0077098016724968825,0.44231367370175456
0.00771326709957575,0.44231367370175456
0.007716734084306216,0.44231367370175456
0.0077202026273883945,0.44231367370175456
0.007723672729522771,0.44231367370175456
0.007727144391410091,0.44231367370175456
0.007730617613751442,0.44231367370175456
0.007734092397248233,0.44231367370175456
0.007737568742602153,0.44231367370175456
0.007741046650515261,0.44231367370175456
0.0077445261216898785,0.44231367370175456
0.007748007156828673,0.44231367370175456
0.0077514897566346285,0.44231367370175456
0.007754973921811012,0.44231367370175456
0.007758459653061465,0.44231367370175456
0.007761946951089886,0.44231367370175456
0.007765435816600524,0.44231367370175456
0.007768926250297945,0.44231367370175456
0.007772418252886998,0.44231367370175456
0.007775911825072906,0.44231367370175456
0.007779406967561151,0.44231367370175456
0.007782903681057568,0.44231367370175456
0.007786401966268305,0.44231367370175456
0.007789901823899798,0.44231367370175456
0.0077934032546588565,0.44231367370175456
0.007796906259252551,0.44231367370175456
0.0078004108383883,0.44231367370175456
0.007803916992773845,0.44231367370175456
0.007807424723117208,0.44231367370175456
0.0078109340301267885,0.44231367370175456
0.007814444914511248,0.44231367370175456
0.007817957376979597,0.44231367370175456
0.007821471418241167,0.44231367370175456
0.007824987039005575,0.44231367370175456
0.007828504239982813,0.44231367370175456
0.007832023021883136,0.44231367370175456
0.007835543385417152,0.44231367370175456
0.007839065331295783,0.44231367370175456
0.007842588860230247,0.44231367370175456
0.00784611397293213,0.44231367370175456
0.00784964067011329,0.44231367370175456
0.007853168952485924,0.44231367370175456
0.007856698820762564,0.44231367370175456
0.00786023027565602,0.44231367370175456
0.007863763317879482,0.44231367370175456
0.007867297948146406,0.44231367370175456
0.007870834167170595,0.44231367370175456
0.007874371975666183,0.44231367370175456
0.007877911374347582,0.44231367370175456
0.007881452363929587,0.44231367370175456
0.007884994945127259,0.44231367370175456
0.007888539118656009,0.44231367370175456
0.007892084885231571,0.44231367370175456
0.00789563224556997,0.44231367370175456
0.007899181200387607,0.44231367370175456
0.00790273175040115,0.44231367370175456
0.007906283896327623,0.44231367370175456
0.007909837638884367,0.44231367370175456
0.007913392978789017,0.44231367370175456
0.007916949916759588,0.44231367370175456
0.00792050845351436,0.44231367370175456
0.007924068589771965,0.44231367370175456
0.007927630326251362,0.44231367370175456
0.007931193663671803,0.44231367370175456
0.007934758602752914,0.44231367370175456
0.007938325144214588,0.44231367370175456
0.00794189328877708,0.44231367370175456
0.007945463037160965,0.44231367370175456
0.007949034390087107,0.44231367370175456
0.007952607348276757,0.44231367370175456
0.007956181912451427,0.44231367370175456
0.007959758083332989,0.44231367370175456
0.007963335861643639,0.44231367370175456
0.007966915248105865,0.44231367370175456
0.00797049624344254,0.44231367370175456
0.007974078848376797,0.44231367370175456
0.007977663063632134,0.44231367370175456
0.00798124888993237,0.44231367370175456
0.007984836328001623,0.44231367370175456
0.007988425378564382,0.44231367370175456
0.007992016042345415,0.44231367370175456
0.007995608320069845,0.44231367370175456
0.00799920221246312,0.44231367370175456
0.008002797720250985,0.44231367370175456
0.00800639484415956,0.44231367370175456
0.008009993584915243,0.44231367370175456
0.008013593943244789,0.44231367370175456
0.008017195919875276,0.44231367370175456
0.008020799515534081,0.44231367370175456
0.008024404730948963,0.44231367370175456
0.008028011566847949,0.44231367370175456
0.008031620023959428,0.44231367370175456
0.008035230103012115,0.44231367370175456
0.008038841804735025,0.44231367370175456
0.00804245512985755,0.44231367370175456
0.008046070079109359,0.44231367370175456
0.008049686653220476,0.44231367370175456
0.00805330485292126,0.44231367370175456
0.00805692467894236,0.44231367370175456
0.008060546132014812,0.44231367370175456
0.008064169212869926,0.44231367370175456
0.008067793922239368,0.44231367370175456
0.008071420260855139,0.44231367370175456
0.008075048229449534,0.44231367370175456
0.00807867782875523,0.44231367370175456
0.008082309059505183,0.44231367370175456
0.008085941922432708,0.44231367370175456
0.00808957641827145,0.44231367370175456
0.008093212547755349,0.44231367370175456
0.008096850311618735,0.44231367370175456
0.00810048971059621,0.44231367370175456
0.008104130745422737,0.44231367370175456
0.008107773416833613,0.44231367370175456
0.00811141772556443,0.44231367370175456
0.00811506367235117,0.44231367370175456
0.008118711257930086,0.44231367370175456
0.008122360483037794,0.44231367370175456
0.008126011348411247,0.44231367370175456
0.008129663854787689,0.44231367370175456
0.008133318002904759,0.44231367370175456
0.008136973793500365,0.44231367370175456
0.008140631227312784,0.44231367370175456
0.00814429030508062,0.44231367370175456
0.008147951027542783,0.44231367370175456
0.008151613395438564,0.44231367370175456
0.008155277409507534,0.44231367370175456
0.008158943070489632,0.44231367370175456
0.008162610379125124,0.44231367370175456
0.008166279336154577,0.44231367370175456
0.008169949942318951,0.44231367370175456
0.00817362219835948,0.44231367370175456
0.008177296105017762,0.44231367370175456
0.008180971663035733,0.44231367370175456
0.008184648873155625,0.44231367370175456
0.008188327736120063,0.44231367370175456
0.00819200825267195,0.44231367370175456
0.008195690423554553,0.44231367370175456
0.008199374249511475,0.44231367370175456
0.008203059731286618,0.44231367370175456
0.00820674686962428,0.44231367370175456
0.008210435665269031,0.44231367370175456
0.008214126118965813,0.44231367370175456
0.0082178182314599,0.44231367370175456
0.00822151200349687,0.44231367370175456
0.00822520743582269,0.44231367370175456
0.00822890452918361,0.44231367370175456
0.008232603284326246,0.44231367370175456
0.008236303701997547,0.44231367370175456
0.00824000578294477,0.44231367370175456
0.00824370952791556,0.44231367370175456
0.008247414937657845,0.44231367370175456
0.00825112201291992,0.44231367370175456
0.008254830754450415,0.44231367370175456
0.008258541162998267,0.44231367370175456
0.008262253239312805,0.44231367370175456
0.008265966984143636,0.44231367370175456
0.008269682398240741,0.44231367370175456
0.008273399482354433,0.44231367370175456
0.008277118237235334,0.44231367370175456
0.008280838663634457,0.44231367370175456
0.008284560762303099,0.44231367370175456
0.008288284533992923,0.44231367370175456
0.008292009979455934,0.44231367370175456
0.00829573709944444,0.44231367370175456
0.008299465894711146,0.44231367370175456
0.008303196366009034,0.44231367370175456
0.008306928514091464,0.44231367370175456
0.008310662339712128,0.44231367370175456
0.008314397843625029,0.44231367370175456
0.008318135026584562,0.44231367370175456
0.008321873889345407,0.44231367370175456
0.008325614432662614,0.44231367370175456
0.008329356657291575,0.44231367370175456
0.008333100563987986,0.44231367370175456
0.008336846153507941,0.44231367370175456
0.008340593426607815,0.44231367370175456
0.00834434238404436,0.44231367370175456
0.008348093026574663,0.44231367370175456
0.008351845354956122,0.44231367370175456
0.008355599369946532,0.44231367370175456
0.00835935507230397,0.44231367370175456
0.008363112462786888,0.44231367370175456
0.00836687154215408,0.44231367370175456
0.008370632311164652,0.44231367370175456
0.008374394770578079,0.44231367370175456
0.008378158921154172,0.44231367370175456
0.008381924763653077,0.44231367370175456
0.008385692298835295,0.44231367370175456
0.008389461527461643,0.44231367370175456
0.008393232450293301,0.44231367370175456
0.008397005068091788,0.44231367370175456
0.008400779381618964,0.44231367370175456
0.00840455539163704,0.44231367370175456
0.00840833309890854,0.44231367370175456
0.008412112504196363,0.44231367370175456
0.008415893608263735,0.44231367370175456
0.008419676411874234,0.44231367370175456
0.00842346091579178,0.44231367370175456
0.008427247120780619,0.44231367370175456
0.00843103502760536,0.44231367370175456
0.008434824637030953,0.44231367370175456
0.008438615949822686,0.44231367370175456
0.008442408966746204,0.44231367370175456
0.008446203688567466,0.44231367370175456
0.008450000116052807,0.44231367370175456
0.008453798249968891,0.44231367370175456
0.008457598091082734,0.44231367370175456
0.008461399640161698,0.44231367370175456
0.00846520289797347,0.44231367370175456
0.008469007865286104,0.44231367370175456
0.008472814542867992,0.44231367370175456
0.008476622931487874,0.44231367370175456
0.008480433031914838,0.44231367370175456
0.008484244844918297,0.44231367370175456
0.008488058371268035,0.44231367370175456
0.008491873611734172,0.44231367370175456
0.008495690567087174,0.44231367370175456
0.008499509238097863,0.44231367370175456
0.008503329625537381,0.44231367370175456
0.008507151730177244,0.44231367370175456
0.008510975552789304,0.44231367370175456
0.00851480109414576,0.44231367370175456
0.008518628355019169,0.44231367370175456
0.008522457336182405,0.44231367370175456
0.008526288038408724,0.44231367370175456
0.008530120462471709,0.44231367370175456
0.0085339546091453,0.44231367370175456
0.00853779047920379,0.44231367370175456
0.008541628073421792,0.44231367370175456
0.008545467392574299,0.44231367370175456
0.00854930843743664,0.44231367370175456
0.00855315120878449,0.44231367370175456
0.008556995707393886,0.44231367370175456
0.008560841934041186,0.44231367370175456
0.00856468988950312,0.44231367370175456
0.008568539574556767,0.44231367370175456
0.008572390989979545,0.44231367370175456
0.008576244136549236,0.44231367370175456
0.008580099015043944,0.44231367370175456
0.008583955626242151,0.44231367370175456
0.008587813970922682,0.44231367370175456
0.008591674049864688,0.44231367370175456
0.008595535863847722,0.44231367370175456
0.008599399413651631,0.44231367370175456
0.008603264700056646,0.44231367370175456
0.008607131723843349,0.44231367370175456
0.008611000485792638,0.44231367370175456
0.008614870986685822,0.44231367370175456
0.008618743227304502,0.44231367370175456
0.008622617208430662,0.44231367370175456
0.008626492930846644,0.44231367370175456
0.0086303703953351,0.44231367370175456
0.008634249602679098,0.44231367370175456
0.008638130553661996,0.44231367370175456
0.00864201324906754,0.44231367370175456
0.008645897689679825,0.44231367370175456
0.008649783876283268,0.44231367370175456
0.008653671809662698,0.44231367370175456
0.008657561490603236,0.44231367370175456
0.008661452919890388,0.44231367370175456
0.008665346098310019,0.44231367370175456
0.008669241026648304,0.44231367370175456
0.008673137705691841,0.44231367370175456
0.008677036136227514,0.44231367370175456
0.0086809363190426,0.44231367370175456
0.008684838254924727,0.44231367370175456
0.008688741944661843,0.44231367370175456
0.008692647389042314,0.44231367370175456
0.008696554588854792,0.44231367370175456
0.008700463544888327,0.44231367370175456
0.008704374257932319,0.44231367370175456
0.008708286728776488,0.44231367370175456
0.00871220095821097,0.44231367370175456
0.008716116947026196,0.44231367370175456
0.00872003469601299,0.44231367370175456
0.008723954205962524,0.44231367370175456
0.008727875477666298,0.44231367370175456
0.008731798511916225,0.44231367370175456
0.008735723309504517,0.44231367370175456
0.008739649871223767,0.44231367370175456
0.008743578197866936,0.44231367370175456
0.008747508290227303,0.44231367370175456
0.008751440149098559,0.44231367370175456
0.008755373775274699,0.44231367370175456
0.008759309169550101,0.44231367370175456
0.00876324633271951,0.44231367370175456
0.008767185265577985,0.44231367370175456
0.008771125968921007,0.44231367370175456
0.008775068443544353,0.44231367370175456
0.008779012690244194,0.44231367370175456
0.008782958709817056,0.44231367370175456
0.00878690650305979,0.44231367370175456
0.008790856070769668,0.44231367370175456
0.008794807413744252,0.44231367370175456
0.008798760532781509,0.44231367370175456
0.008802715428679752,0.44231367370175456
0.00880667210223763,0.44231367370175456
0.008810630554254201,0.44231367370175456
0.00881459078552883,0.44231367370175456
0.008818552796861272,0.44231367370175456
0.00882251658905164,0.44231367370175456
0.008826482162900374,0.44231367370175456
0.008830449519208337,0.44231367370175456
0.008834418658776686,0.44231367370175456
0.008838389582406977,0.44231367370175456
0.008842362290901126,0.44231367370175456
0.008846336785061368,0.44231367370175456
0.00885031306569037,0.44231367370175456
0.008854291133591093,0.44231367370175456
0.008858270989566893,0.44231367370175456
0.00886225263442149,0.44231367370175456
0.008866236068958927,0.44231367370175456
0.008870221293983674,0.44231367370175456
0.008874208310300497,0.44231367370175456
0.008878197118714562,0.44231367370175456
0.008882187720031394,0.44231367370175456
0.008886180115056848,0.44231367370175456
0.0088901743045972,0.44231367370175456
0.00889417028945903,0.44231367370175456
0.00889816807044931,0.44231367370175456
0.008902167648375382,0.44231367370175456
0.008906169024044912,0.44231367370175456
0.00891017219826599,0.44231367370175456
0.008914177171847008,0.44231367370175456
0.008918183945596759,0.44231367370175456
0.008922192520324395,0.44231367370175456
0.008926202896839399,0.44231367370175456
0.008930215075951682,0.44231367370175456
0.008934229058471455,0.44231367370175456
0.008938244845209326,0.44231367370175456
0.00894226243697627,0.44231367370175456
0.008946281834583594,0.44231367370175456
0.008950303038843024,0.44231367370175456
0.008954326050566598,0.44231367370175456
0.008958350870566746,0.44231367370175456
0.008962377499656268,0.44231367370175456
0.008966405938648293,0.44231367370175456
0.00897043618835638,0.44231367370175456
0.008974468249594383,0.44231367370175456
0.008978502123176569,0.44231367370175456
0.008982537809917564,0.44231367370175456
0.008986575310632324,0.44231367370175456
0.008990614626136238,0.44231367370175456
0.008994655757244995,0.44231367370175456
0.008998698704774688,0.44231367370175456
0.009002743469541778,0.44231367370175456
0.009006790052363054,0.44231367370175456
0.00901083845405574,0.44231367370175456
0.009014888675437358,0.44231367370175456
0.009018940717325837,0.44231367370175456
0.009022994580539477,0.44231367370175456
0.009027050265896902,0.44231367370175456
0.009031107774217175,0.44231367370175456
0.009035167106319656,0.44231367370175456
0.009039228263024118,0.44231367370175456
0.009043291245150697,0.44231367370175456
0.00904735605351986,0.44231367370175456
0.009051422688952511,0.44231367370175456
0.009055491152269859,0.44231367370175456
0.009059561444293512,0.44231367370175456
0.009063633565845455,0.44231367370175456
0.009067707517748004,0.44231367370175456
0.009071783300823906,0.44231367370175456
0.009075860915896216,0.44231367370175456
0.009079940363788393,0.44231367370175456
0.00908402164532427,0.44231367370175456
0.009088104761328014,0.44231367370175456
0.00909218971262422,0.44231367370175456
0.009096276500037796,0.44231367370175456
0.009100365124394055,0.44231367370175456
0.00910445558651868,0.44231367370175456
0.009108547887237691,0.44231367370175456
0.009112642027377544,0.44231367370175456
0.009116738007764996,0.44231367370175456
0.009120835829227219,0.44231367370175456
0.009124935492591756,0.44231367370175456
0.009129036998686483,0.44231367370175456
0.009133140348339711,0.44231367370175456
0.009137245542380061,0.44231367370175456
0.009141352581636569,0.44231367370175456
0.009145461466938632,0.44231367370175456
0.009149572199115991,0.44231367370175456
0.009153684778998824,0.44231367370175456
0.009157799207417614,0.44231367370175456
0.009161915485203257,0.44231367370175456
0.009166033613187023,0.44231367370175456
0.009170153592200515,0.44231367370175456
0.009174275423075778,0.44231367370175456
0.009178399106645165,0.44231367370175456
0.009182524643741441,0.44231367370175456
0.009186652035197746,0.44231367370175456
0.009190781281847553,0.44231367370175456
0.009194912384524778,0.44231367370175456
0.009199045344063649,0.44231367370175456
0.0092031801612988,0.44231367370175456
0.009207316837065247,0.44231367370175456
0.00921145537219834,0.44231367370175456
0.00921559576753387,0.44231367370175456
0.009219738023907938,0.44231367370175456
0.009223882142157061,0.44231367370175456
0.00922802812311813,0.44231367370175456
0.009232175967628372,0.44231367370175456
0.009236325676525462,0.44231367370175456
0.009240477250647382,0.44231367370175456
0.009244630690832527,0.44231367370175456
0.009248785997919671,0.44231367370175456
0.00925294317274793,0.44231367370175456
0.009257102216156856,0.44231367370175456
0.00926126312898632,0.44231367370175456
0.009265425912076602,0.44231367370175456
0.009269590566268365,0.44231367370175456
0.009273757092402609,0.44231367370175456
0.009277925491320775,0.44231367370175456
0.009282095763864625,0.44231367370175456
0.009286267910876328,0.44231367370175456
0.009290441933198437,0.44231367370175456
0.009294617831673846,0.44231367370175456
0.00929879560714589,0.44231367370175456
0.009302975260458217,0.44231367370175456
0.0093071567924549,0.44231367370175456
0.009311340203980384,0.44231367370175456
0.009315525495879464,0.44231367370175456
0.009319712668997348,0.44231367370175456
0.009323901724179613,0.44231367370175456
0.009328092662272214,0.44231367370175456
0.009332285484121499,0.44231367370175456
0.009336480190574164,0.44231367370175456
0.009340676782477318,0.44231367370175456
0.009344875260678438,0.44231367370175456
0.009349075626025386,0.44231367370175456
0.00935327787936641,0.44231367370175456
0.009357482021550113,0.44231367370175456
0.009361688053425507,0.44231367370175456
0.009365895975841977,0.44231367370175456
0.009370105789649292,0.44231367370175456
0.00937431749569761,0.44231367370175456
0.009378531094837439,0.44231367370175456
0.009382746587919703,0.44231367370175456
0.0093869639757957,0.44231367370175456
0.009391183259317107,0.44231367370175456
0.009395404439335992,0.44231367370175456
0.009399627516704782,0.44231367370175456
0.009403852492276314,0.44231367370175456
0.009408079366903797,0.44231367370175456
0.009412308141440827,0.44231367370175456
0.009416538816741388,0.44231367370175456
0.009420771393659827,0.44231367370175456
0.009425005873050894,0.44231367370175456
0.00942924225576972,0.44231367370175456
0.009433480542671822,0.44231367370175456
0.009437720734613107,0.44231367370175456
0.009441962832449836,0.44231367370175456
0.009446206837038689,0.44231367370175456
0.009450452749236721,0.44231367370175456
0.009454700569901367,0.44231367370175456
0.009458950299890462,0.44231367370175456
0.009463201940062197,0.44231367370175456
0.009467455491275178,0.44231367370175456
0.009471710954388382,0.44231367370175456
0.009475968330261179,0.44231367370175456
0.009480227619753333,0.44231367370175456
0.009484488823724962,0.44231367370175456
0.009488751943036604,0.44231367370175456
0.00949301697854917,0.44231367370175456
0.009497283931123965,0.44231367370175456
0.009501552801622681,0.44231367370175456
0.009505823590907379,0.44231367370175456
0.009510096299840525,0.44231367370175456
0.009514370929284971,0.44231367370175456
0.009518647480103956,0.44231367370175456
0.009522925953161116,0.44231367370175456
0.009527206349320444,0.44231367370175456
0.00953148866944635,0.44231367370175456
0.00953577291440363,0.44231367370175456
0.00954005908505746,0.44231367370175456
0.009544347182273418,0.44231367370175456
0.009548637206917444,0.44231367370175456
0.009552929159855892,0.44231367370175456
0.0095572230419555,0.44231367370175456
0.009561518854083394,0.44231367370175456
0.009565816597107098,0.44231367370175456
0.009570116271894498,0.44231367370175456
0.0095744178793139,0.44231367370175456
0.009578721420233999,0.44231367370175456
0.009583026895523842,0.44231367370175456
0.009587334306052936,0.44231367370175456
0.009591643652691108,0.44231367370175456
0.009595954936308618,0.44231367370175456
0.009600268157776114,0.44231367370175456
0.009604583317964597,0.44231367370175456
0.009608900417745533,0.44231367370175456
0.009613219457990702,0.44231367370175456
0.009617540439572324,0.44231367370175456
0.009621863363363006,0.44231367370175456
0.009626188230235706,0.44231367370175456
0.009630515041063851,0.44231367370175456
0.009634843796721184,0.44231367370175456
0.009639174498081885,0.44231367370175456
0.009643507146020525,0.44231367370175456
0.009647841741412025,0.44231367370175456
0.009652178285131777,0.44231367370175456
0.009656516778055488,0.44231367370175456
0.009660857221059305,0.44231367370175456
0.009665199615019767,0.44231367370175456
0.009669543960813765,0.44231367370175456
0.009673890259318654,0.44231367370175456
0.00967823851141212,0.44231367370175456
0.009682588717972274,0.44231367370175456
0.009686940879877627,0.44231367370175456
0.009691294998007045,0.44231367370175456
0.009695651073239858,0.44231367370175456
0.00970000910645572,0.44231367370175456
0.009704369098534723,0.44231367370175456
0.009708731050357352,0.44231367370175456
0.009713094962804451,0.44231367370175456
0.009717460836757326,0.44231367370175456
0.009721828673097612,0.44231367370175456
0.00972619847270738,0.44231367370175456
0.009730570236469095,0.44231367370175456
0.009734943965265582,0.44231367370175456
0.009739319659980131,0.44231367370175456
0.009743697321496358,0.44231367370175456
0.00974807695069832,0.44231367370175456
0.009752458548470467,0.44231367370175456
0.00975684211569761,0.44231367370175456
0.009761227653265023,0.44231367370175456
0.009765615162058315,0.44231367370175456
0.009770004642963525,0.44231367370175456
0.009774396096867099,0.44231367370175456
0.009778789524655834,0.44231367370175456
0.009783184927216998,0.44231367370175456
0.00978758230543819,0.44231367370175456
0.009791981660207444,0.44231367370175456
0.009796382992413198,0.44231367370175456
0.009800786302944243,0.44231367370175456
0.009805191592689848,0.44231367370175456
0.009809598862539603,0.44231367370175456
0.009814008113383543,0.44231367370175456
0.009818419346112103,0.44231367370175456
0.009822832561616075,0.44231367370175456
0.009827247760786724,0.44231367370175456
0.009831664944515645,0.44231367370175456
0.009836084113694875,0.44231367370175456
0.00984050526921685,0.44231367370175456
0.009844928411974367,0.44231367370175456
0.009849353542860697,0.44231367370175456
0.00985378066276944,0.44231367370175456
0.009858209772594637,0.44231367370175456
0.009862640873230733,0.44231367370175456
0.009867073965572536,0.44231367370175456
0.009871509050515322,0.40814812065884876
0.009875946128954703,0.40814812065884876
0.009880385201786732,0.40814812065884876
0.009884826269907866,0.40814812065884876
0.009889269334214922,0.40814812065884876
0.009893714395605196,0.40814812065884876
0.00989816145497631,0.40814812065884876
0.009902610513226334,0.40814812065884876
0.00990706157125374,0.40814812065884876
0.009911514629957367,0.40814812065884876
0.009915969690236526,0.40814812065884876
0.009920426752990857,0.40814812065884876
0.009924885819120453,0.40814812065884876
0.009929346889525808,0.40814812065884876
0.009933809965107777,0.40814812065884876
0.009938275046767696,0.40814812065884876
0.009942742135407233,0.40814812065884876
0.009947211231928503,0.40814812065884876
0.009951682337234024,0.40814812065884876
0.009956155452226681,0.40814812065884876
0.009960630577809835,0.40814812065884876
0.009965107714887183,0.40814812065884876
0.009969586864362869,0.40814812065884876
0.00997406802714144,0.40814812065884876
0.009978551204127812,0.40814812065884876
0.009983036396227381,0.40814812065884876
0.009987523604345875,0.40814812065884876
0.00999201282938947,0.40814812065884876
0.009996504072264751,0.40814812065884876
0.010000997333878681,0.40814812065884876
0.010005492615138655,0.40814812065884876
0.010009989916952474,0.40814812065884876
0.010014489240228344,0.40814812065884876
0.010018990585874875,0.40814812065884876
0.010023493954801099,0.40814812065884876
0.01002799934791643,0.40814812065884876
0.010032506766130714,0.40814812065884876
0.0100370162103542,0.40814812065884876
0.010041527681497547,0.40814812065884876
0.010046041180471829,0.40814812065884876
0.010050556708188503,0.40814812065884876
0.010055074265559466,0.40814812065884876
0.010059593853497011,0.40814812065884876
0.010064115472913847,0.40814812065884876
0.010068639124723099,0.40814812065884876
0.010073164809838272,0.40814812065884876
0.010077692529173315,0.40814812065884876
0.010082222283642575,0.40814812065884876
0.01008675407416081,0.40814812065884876
0.0100912879016432,0.40814812065884876
0.010095823767005307,0.40814812065884876
0.010100361671163136,0.40814812065884876
0.010104901615033088,0.40814812065884876
0.01010944359953198,0.40814812065884876
0.010113987625577055,0.40814812065884876
0.010118533694085928,0.40814812065884876
0.010123081805976666,0.40814812065884876
0.010127631962167736,0.40814812065884876
0.010132184163578013,0.40814812065884876
0.0101367384111268,0.40814812065884876
0.010141294705733784,0.40814812065884876
0.010145853048319092,0.40814812065884876
0.010150413439803257,0.40814812065884876
0.010154975881107224,0.40814812065884876
0.010159540373152363,0.40814812065884876
0.010164106916860427,0.40814812065884876
0.010168675513153615,0.40814812065884876
0.010173246162954532,0.40814812065884876
0.01017781886718619,0.40814812065884876
0.010182393626772038,0.40814812065884876
0.010186970442635898,0.40814812065884876
0.010191549315702046,0.40814812065884876
0.010196130246895157,0.40814812065884876
0.010200713237140327,0.40814812065884876
0.010205298287363074,0.40814812065884876
0.010209885398489306,0.40814812065884876
0.010214474571445371,0.40814812065884876
0.01021906580715803,0.40814812065884876
0.010223659106554457,0.40814812065884876
0.010228254470562253,0.40814812065884876
0.010232851900109408,0.40814812065884876
0.010237451396124354,0.40814812065884876
0.010242052959535937,0.40814812065884876
0.010246656591273424,0.40814812065884876
0.010251262292266477,0.40814812065884876
0.010255870063445197,0.40814812065884876
0.010260479905740102,0.40814812065884876
0.010265091820082124,0.40814812065884876
0.010269705807402621,0.40814812065884876
0.010274321868633344,0.40814812065884876
0.01027894000470649,0.40814812065884876
0.010283560216554667,0.40814812065884876
0.0102881825051109,0.40814812065884876
0.010292806871308645,0.40814812065884876
0.010297433316081748,0.40814812065884876
0.010302061840364503,0.40814812065884876
0.010306692445091616,0.40814812065884876
0.01031132513119821,0.40814812065884876
0.010315959899619843,0.40814812065884876
0.010320596751292458,0.40814812065884876
0.010325235687152453,0.40814812065884876
0.010329876708136636,0.40814812065884876
0.010334519815182235,0.40814812065884876
0.01033916500922691,0.40814812065884876
0.010343812291208709,0.40814812065884876
0.01034846166206614,0.40814812065884876
0.010353113122738115,0.40814812065884876
0.01035776667416397,0.40814812065884876
0.010362422317283477,0.40814812065884876
0.010367080053036793,0.40814812065884876
0.010371739882364535,0.40814812065884876
0.01037640180620773,0.40814812065884876
0.010381065825507825,0.40814812065884876
0.010385731941206707,0.40814812065884876
0.01039040015424665,0.40814812065884876
0.010395070465570382,0.40814812065884876
0.010399742876121047,0.40814812065884876
0.010404417386842215,0.40814812065884876
0.010409093998677888,0.40814812065884876
0.010413772712572458,0.40814812065884876
0.010418453529470777,0.40814812065884876
0.010423136450318112,0.40814812065884876
0.01042782147606015,0.40814812065884876
0.01043250860764302,0.40814812065884876
0.010437197846013237,0.40814812065884876
0.01044188919211778,0.40814812065884876
0.01044658264690404,0.40814812065884876
0.010451278211319833,0.40814812065884876
0.010455975886313416,0.40814812065884876
0.010460675672833434,0.40814812065884876
0.010465377571828994,0.40814812065884876
0.01047008158424962,0.40814812065884876
0.01047478771104526,0.40814812065884876
0.010479495953166301,0.40814812065884876
0.010484206311563526,0.40814812065884876
0.010488918787188174,0.40814812065884876
0.010493633380991907,0.40814812065884876
0.010498350093926809,0.40814812065884876
0.010503068926945405,0.40814812065884876
0.010507789881000616,0.40814812065884876
0.010512512957045823,0.40814812065884876
0.010517238156034824,0.40814812065884876
0.01052196547892185,0.40814812065884876
0.010526694926661565,0.40814812065884876
0.010531426500209036,0.40814812065884876
0.010536160200519786,0.40814812065884876
0.01054089602854976,0.40814812065884876
0.010545633985255336,0.40814812065884876
0.010550374071593326,0.40814812065884876
0.010555116288520941,0.40814812065884876
0.01055986063699586,0.40814812065884876
0.010564607117976176,0.40814812065884876
0.010569355732420413,0.40814812065884876
0.01057410648128754,0.40814812065884876
0.010578859365536923,0.40814812065884876
0.010583614386128391,0.40814812065884876
0.010588371544022195,0.40814812065884876
0.010593130840179016,0.40814812065884876
0.010597892275559977,0.40814812065884876
0.010602655851126604,0.40814812065884876
0.010607421567840884,0.40814812065884876
0.010612189426665228,0.40814812065884876
0.010616959428562478,0.40814812065884876
0.010621731574495922,0.40814812065884876
0.010626505865429244,0.40814812065884876
0.010631282302326598,0.40814812065884876
0.01063606088615256,0.40814812065884876
0.010640841617872137,0.40814812065884876
0.010645624498450782,0.40814812065884876
0.01065040952885435,0.40814812065884876
0.010655196710049164,0.40814812065884876
0.010659986043001966,0.40814812065884876
0.010664777528679937,0.40814812065884876
0.010669571168050701,0.40814812065884876
0.010674366962082286,0.40814812065884876
0.010679164911743188,0.40814812065884876
0.010683965018002322,0.40814812065884876
0.010688767281829046,0.40814812065884876
0.010693571704193163,0.40814812065884876
0.010698378286064875,0.40814812065884876
0.010703187028414857,0.40814812065884876
0.010707997932214207,0.40814812065884876
0.01071281099843446,0.40814812065884876
0.0107176262280476,0.40814812065884876
0.010722443622026014,0.40814812065884876
0.01072726318134256,0.40814812065884876
0.010732084906970519,0.40814812065884876
0.010736908799883612,0.40814812065884876
0.01074173486105601,0.40814812065884876
0.010746563091462288,0.40814812065884876
0.010751393492077488,0.40814812065884876
0.010756226063877087,0.40814812065884876
0.010761060807836993,0.40814812065884876
0.010765897724933566,0.40814812065884876
0.010770736816143578,0.40814812065884876
0.01077557808244426,0.40814812065884876
0.010780421524813285,0.40814812065884876
0.010785267144228759,0.40814812065884876
0.010790114941669234,0.40814812065884876
0.01079496491811368,0.40814812065884876
0.010799817074541529,0.40814812065884876
0.01080467141193265,0.40814812065884876
0.01080952793126736,0.40814812065884876
0.010814386633526383,0.40814812065884876
0.01081924751969092,0.40814812065884876
0.010824110590742599,0.40814812065884876
0.010828975847663489,0.40814812065884876
0.010833843291436116,0.40814812065884876
0.010838712923043408,0.40814812065884876
0.010843584743468773,0.40814812065884876
0.010848458753696047,0.40814812065884876
0.01085333495470951,0.40814812065884876
0.010858213347493897,0.40814812065884876
0.010863093933034345,0.40814812065884876
0.010867976712316478,0.40814812065884876
0.010872861686326342,0.40814812065884876
0.010877748856050433,0.40814812065884876
0.0108826382224757,0.40814812065884876
0.010887529786589497,0.40814812065884876
0.010892423549379662,0.40814812065884876
0.010897319511834463,0.40814812065884876
0.010902217674942613,0.40814812065884876
0.01090711803969328,0.40814812065884876
0.010912020607076044,0.40814812065884876
0.01091692537808096,0.40814812065884876
0.01092183235369852,0.40814812065884876
0.010926741534919663,0.40814812065884876
0.01093165292273578,0.40814812065884876
0.010936566518138676,0.40814812065884876
0.010941482322120638,0.40814812065884876
0.010946400335674383,0.40814812065884876
0.010951320559793077,0.40814812065884876
0.010956242995470343,0.40814812065884876
0.010961167643700219,0.40814812065884876
0.010966094505477218,0.40814812065884876
0.010971023581796297,0.40814812065884876
0.010975954873652854,0.40814812065884876
0.010980888382042746,0.40814812065884876
0.010985824107962247,0.40814812065884876
0.010990762052408109,0.40814812065884876
0.010995702216377523,0.40814812065884876
0.011000644600868128,0.40814812065884876
0.011005589206878023,0.40814812065884876
0.011010536035405721,0.40814812065884876
0.01101548508745022,0.40814812065884876
0.011020436364010948,0.40814812065884876
0.011025389866087794,0.40814812065884876
0.011030345594681098,0.40814812065884876
0.01103530355079162,0.40814812065884876
0.011040263735420603,0.40814812065884876
0.01104522614956973,0.40814812065884876
0.011050190794241133,0.40814812065884876
0.011055157670437405,0.40814812065884876
0.011060126779161556,0.40814812065884876
0.011065098121417082,0.40814812065884876
0.011070071698207918,0.40814812065884876
0.011075047510538451,0.40814812065884876
0.011080025559413528,0.40814812065884876
0.011085005845838419,0.40814812065884876
0.011089988370818874,0.40814812065884876
0.011094973135361086,0.40814812065884876
0.011099960140471704,0.40814812065884876
0.011104949387157835,0.40814812065884876
0.011109940876427004,0.40814812065884876
0.011114934609287232,0.40814812065884876
0.011119930586746972,0.40814812065884876
0.011124928809815136,0.40814812065884876
0.011129929279501096,0.40814812065884876
0.011134931996814649,0.40814812065884876
0.011139936962766077,0.40814812065884876
0.011144944178366104,0.40814812065884876
0.01114995364462591,0.40814812065884876
0.011154965362557142,0.40814812065884876
0.011159979333171864,0.40814812065884876
0.01116499555748263,0.40814812065884876
0.011170014036502442,0.40814812065884876
0.01117503477124475,0.40814812065884876
0.01118005776272348,0.40814812065884876
0.011185083011952972,0.40814812065884876
0.011190110519948056,0.40814812065884876
0.011195140287724014,0.40814812065884876
0.011200172316296575,0.40814812065884876
0.011205206606681947,0.40814812065884876
0.011210243159896749,0.40814812065884876
0.011215281976958097,0.40814812065884876
0.011220323058883553,0.40814812065884876
0.011225366406691138,0.40814812065884876
0.011230412021399336,0.40814812065884876
0.01123545990402706,0.40814812065884876
0.011240510055593712,0.40814812065884876
0.011245562477119143,0.40814812065884876
0.011250617169623663,0.40814812065884876
0.01125567413412805,0.40814812065884876
0.011260733371653503,0.40814812065884876
0.011265794883221724,0.40814812065884876
0.011270858669854856,0.40814812065884876
0.0112759247325755,0.40814812065884876
0.011280993072406733,0.40814812065884876
0.011286063690372055,0.40814812065884876
0.01129113658749546,0.40814812065884876
0.011296211764801393,0.40814812065884876
0.011301289223314756,0.40814812065884876
0.011306368964060926,0.40814812065884876
0.011311450988065706,0.40814812065884876
0.011316535296355392,0.40814812065884876
0.011321621889956736,0.40814812065884876
0.011326710769896943,0.40814812065884876
0.011331801937203699,0.40814812065884876
0.011336895392905113,0.40814812065884876
0.011341991138029792,0.40814812065884876
0.01134708917360679,0.40814812065884876
0.011352189500665633,0.40814812065884876
0.01135729212023631,0.40814812065884876
0.011362397033349247,0.40814812065884876
0.011367504241035362,0.40814812065884876
0.011372613744326032,0.40814812065884876
0.011377725544253087,0.40814812065884876
0.011382839641848842,0.40814812065884876
0.011387956038146036,0.40814812065884876
0.011393074734177909,0.40814812065884876
0.011398195730978155,0.40814812065884876
0.011403319029580927,0.40814812065884876
0.011408444631020863,0.40814812065884876
0.011413572536333022,0.40814812065884876
0.011418702746552972,0.40814812065884876
0.011423835262716727,0.40814812065884876
0.011428970085860784,0.40814812065884876
0.011434107217022068,0.40814812065884876
0.011439246657238005,0.40814812065884876
0.011444388407546479,0.40814812065884876
0.011449532468985836,0.40814812065884876
0.011454678842594905,0.40814812065884876
0.011459827529412941,0.40814812065884876
0.011464978530479706,0.40814812065884876
0.011470131846835414,0.40814812065884876
0.011475287479520754,0.40814812065884876
0.011480445429576883,0.40814812065884876
0.0114856056980454,0.40814812065884876
0.011490768285968405,0.40814812065884876
0.011495933194388455,0.40814812065884876
0.01150110042434857,0.40814812065884876
0.011506269976892261,0.40814812065884876
0.011511441853063463,0.40814812065884876
0.01151661605390662,0.40814812065884876
0.011521792580466634,0.40814812065884876
0.011526971433788877,0.40814812065884876
0.0115321526149192,0.40814812065884876
0.01153733612490389,0.40814812065884876
0.011542521964789741,0.40814812065884876
0.011547710135624004,0.40814812065884876
0.011552900638454402,0.40814812065884876
0.011558093474329139,0.40814812065884876
0.011563288644296857,0.40814812065884876
0.011568486149406703,0.40814812065884876
0.011573685990708285,0.40814812065884876
0.011578888169251681,0.40814812065884876
0.011584092686087457,0.40814812065884876
0.011589299542266607,0.40814812065884876
0.011594508738840645,0.40814812065884876
0.011599720276861535,0.40814812065884876
0.01160493415738172,0.40814812065884876
0.011610150381454125,0.40814812065884876
0.011615368950132116,0.40814812065884876
0.011620589864469564,0.40814812065884876
0.011625813125520804,0.40814812065884876
0.011631038734340647,0.40814812065884876
0.011636266691984384,0.40814812065884876
0.01164149699950775,0.40814812065884876
0.01164672965796699,0.40814812065884876
0.011651964668418807,0.40814812065884876
0.011657202031920385,0.40814812065884876
0.011662441749529392,0.40814812065884876
0.011667683822303937,0.40814812065884876
0.011672928251302638,0.40814812065884876
0.011678175037584577,0.40814812065884876
0.011683424182209317,0.40814812065884876
0.011688675686236903,0.40814812065884876
0.011693929550727825,0.40814812065884876
0.011699185776743084,0.40814812065884876
0.011704444365344143,0.40814812065884876
0.011709705317592948,0.40814812065884876
0.01171496863455193,0.40814812065884876
0.01172023431728396,0.40814812065884876
0.011725502366852431,0.40814812065884876
0.011730772784321192,0.40814812065884876
0.011736045570754576,0.40814812065884876
0.011741320727217406,0.40814812065884876
0.011746598254774945,0.40814812065884876
0.011751878154492973,0.40814812065884876
0.011757160427437737,0.40814812065884876
0.011762445074675961,0.40814812065884876
0.011767732097274866,0.40814812065884876
0.01177302149630211,0.40814812065884876
0.011778313272825872,0.40814812065884876
0.011783607427914794,0.40814812065884876
0.011788903962638004,0.40814812065884876
0.011794202878065117,0.40814812065884876
0.011799504175266198,0.40814812065884876
0.011804807855311827,0.40814812065884876
0.01181011391927305,0.40814812065884876
0.011815422368221402,0.40814812065884876
0.0118207332032289,0.40814812065884876
0.011826046425368022,0.40814812065884876
0.01183136203571175,0.40814812065884876
0.011836680035333542,0.40814812065884876
0.01184200042530734,0.40814812065884876
0.011847323206707581,0.40814812065884876
0.011852648380609145,0.40814812065884876
0.011857975948087435,0.40814812065884876
0.011863305910218322,0.40814812065884876
0.011868638268078163,0.40814812065884876
0.01187397302274381,0.40814812065884876
0.011879310175292564,0.40814812065884876
0.011884649726802246,0.40814812065884876
0.011889991678351145,0.40814812065884876
0.011895336031018043,0.40814812065884876
0.011900682785882214,0.40814812065884876
0.01190603194402338,0.40814812065884876
0.011911383506521784,0.40814812065884876
0.011916737474458148,0.40814812065884876
0.011922093848913675,0.40814812065884876
0.011927452630970066,0.40814812065884876
0.011932813821709475,0.40814812065884876
0.011938177422214575,0.40814812065884876
0.011943543433568519,0.40814812065884876
0.011948911856854939,0.40814812065884876
0.011954282693157972,0.40814812065884876
0.011959655943562205,0.40814812065884876
0.01196503160915275,0.40814812065884876
0.011970409691015189,0.40814812065884876
0.011975790190235598,0.40814812065884876
0.01198117310790055,0.40814812065884876
0.011986558445097073,0.40814812065884876
0.011991946202912718,0.40814812065884876
0.011997336382435511,0.40814812065884876
0.012002728984753972,0.40814812065884876
0.012008124010957116,0.40814812065884876
0.012013521462134415,0.40814812065884876
0.012018921339375868,0.40814812065884876
0.01202432364377195,0.40814812065884876
0.012029728376413626,0.39049514567204807
0.012035135538392364,0.39049514567204807
0.012040545130800086,0.39049514567204807
0.012045957154729241,0.39049514567204807
0.012051371611272758,0.39049514567204807
0.01205678850152407,0.39049514567204807
0.01206220782657706,0.39049514567204807
0.012067629587526147,0.39049514567204807
0.012073053785466224,0.39049514567204807
0.012078480421492677,0.39049514567204807
0.012083909496701396,0.39049514567204807
0.012089341012188731,0.39049514567204807
0.012094774969051559,0.39049514567204807
0.012100211368387234,0.39049514567204807
0.01210565021129361,0.39049514567204807
0.012111091498869042,0.39049514567204807
0.012116535232212344,0.39049514567204807
0.012121981412422862,0.39049514567204807
0.012127430040600417,0.39049514567204807
0.012132881117845334,0.39049514567204807
0.012138334645258436,0.39049514567204807
0.012143790623941013,0.39049514567204807
0.012149249054994878,0.39049514567204807
0.012154709939522333,0.39049514567204807
0.01216017327862617,0.39049514567204807
0.012165639073409699,0.39049514567204807
0.012171107324976676,0.39049514567204807
0.012176578034431399,0.39049514567204807
0.012182051202878649,0.39049514567204807
0.0121875268314237,0.39049514567204807
0.012193004921172337,0.39049514567204807
0.012198485473230805,0.39049514567204807
0.012203968488705886,0.39049514567204807
0.012209453968704842,0.39049514567204807
0.012214941914335437,0.39049514567204807
0.012220432326705943,0.39049514567204807
0.012225925206925094,0.39049514567204807
0.012231420556102159,0.39049514567204807
0.012236918375346892,0.39049514567204807
0.012242418665769547,0.39049514567204807
0.012247921428480893,0.39049514567204807
0.012253426664592155,0.39049514567204807
0.012258934375215098,0.39049514567204807
0.012264444561461972,0.39049514567204807
0.012269957224445531,0.39049514567204807
0.012275472365279039,0.39049514567204807
0.012280989985076221,0.39049514567204807
0.012286510084951345,0.39049514567204807
0.012292032666019163,0.39049514567204807
0.01229755772939493,0.39049514567204807
0.012303085276194416,0.39049514567204807
0.012308615307533851,0.39049514567204807
0.012314147824530008,0.39049514567204807
0.012319682828300147,0.39049514567204807
0.012325220319962034,0.39049514567204807
0.012330760300633944,0.39049514567204807
0.012336302771434623,0.39049514567204807
0.012341847733483353,0.39049514567204807
0.01234739518789991,0.39049514567204807
0.012352945135804571,0.39049514567204807
0.012358497578318129,0.39049514567204807
0.012364052516561844,0.39049514567204807
0.01236960995165752,0.39049514567204807
0.012375169884727448,0.39049514567204807
0.012380732316894426,0.39049514567204807
0.012386297249281768,0.39049514567204807
0.01239186468301326,0.39049514567204807
0.012397434619213221,0.39049514567204807
0.012403007059006474,0.39049514567204807
0.01240858200351834,0.39049514567204807
0.012414159453874661,0.39049514567204807
0.012419739411201747,0.39049514567204807
0.012425321876626453,0.39049514567204807
0.012430906851276126,0.39049514567204807
0.01243649433627862,0.39049514567204807
0.012442084332762313,0.39049514567204807
0.012447676841856044,0.39049514567204807
0.012453271864689204,0.39049514567204807
0.012458869402391676,0.39049514567204807
0.012464469456093854,0.39049514567204807
0.012470072026926649,0.39049514567204807
0.012475677116021442,0.39049514567204807
0.012481284724510166,0.39049514567204807
0.012486894853525242,0.39049514567204807
0.012492507504199609,0.39049514567204807
0.012498122677666722,0.39049514567204807
0.012503740375060508,0.39049514567204807
0.012509360597515442,0.39049514567204807
0.012514983346166499,0.39049514567204807
0.01252060862214916,0.39049514567204807
0.012526236426599432,0.39049514567204807
0.012531866760653793,0.39049514567204807
0.012537499625449271,0.39049514567204807
0.012543135022123392,0.39049514567204807
0.012548772951814191,0.39049514567204807
0.012554413415660234,0.39049514567204807
0.012560056414800552,0.39049514567204807
0.01256570195037473,0.39049514567204807
0.012571350023522858,0.39049514567204807
0.012577000635385525,0.39049514567204807
0.01258265378710386,0.39049514567204807
0.012588309479819457,0.39049514567204807
0.012593967714674466,0.39049514567204807
0.012599628492811536,0.39049514567204807
0.012605291815373829,0.39049514567204807
0.012610957683505035,0.39049514567204807
0.012616626098349319,0.39049514567204807
0.012622297061051398,0.39049514567204807
0.012627970572756494,0.39049514567204807
0.012633646634610338,0.39049514567204807
0.012639325247759195,0.39049514567204807
0.012645006413349801,0.39049514567204807
0.012650690132529452,0.39049514567204807
0.012656376406445942,0.39049514567204807
0.01266206523624758,0.39049514567204807
0.012667756623083212,0.39049514567204807
0.012673450568102153,0.39049514567204807
0.012679147072454275,0.39049514567204807
0.01268484613728996,0.39049514567204807
0.012690547763760099,0.39049514567204807
0.012696251953016118,0.39049514567204807
0.01270195870620992,0.39049514567204807
0.012707668024493964,0.39049514567204807
0.01271337990902122,0.39049514567204807
0.012719094360945178,0.39049514567204807
0.01272481138141982,0.39049514567204807
0.012730530971599676,0.39049514567204807
0.012736253132639786,0.39049514567204807
0.01274197786569571,0.39049514567204807
0.012747705171923538,0.39049514567204807
0.012753435052479842,0.39049514567204807
0.012759167508521753,0.39049514567204807
0.012764902541206907,0.39049514567204807
0.012770640151693465,0.39049514567204807
0.012776380341140117,0.39049514567204807
0.012782123110706037,0.39049514567204807
0.012787868461550958,0.39049514567204807
0.012793616394835122,0.39049514567204807
0.012799366911719293,0.39049514567204807
0.012805120013364769,0.39049514567204807
0.01281087570093333,0.39049514567204807
0.012816633975587317,0.39049514567204807
0.012822394838489586,0.39049514567204807
0.012828158290803507,0.39049514567204807
0.012833924333692992,0.39049514567204807
0.012839692968322436,0.39049514567204807
0.012845464195856797,0.39049514567204807
0.012851238017461538,0.39049514567204807
0.012857014434302655,0.39049514567204807
0.012862793447546674,0.39049514567204807
0.01286857505836061,0.39049514567204807
0.012874359267912038,0.39049514567204807
0.012880146077369049,0.39049514567204807
0.012885935487900258,0.39049514567204807
0.012891727500674815,0.39049514567204807
0.01289752211686236,0.39049514567204807
0.012903319337633097,0.39049514567204807
0.012909119164157743,0.39049514567204807
0.01291492159760754,0.39049514567204807
0.01292072663915427,0.39049514567204807
0.012926534289970204,0.39049514567204807
0.012932344551228178,0.39049514567204807
0.01293815742410154,0.39049514567204807
0.012943972909764172,0.39049514567204807
0.012949791009390487,0.39049514567204807
0.012955611724155394,0.39049514567204807
0.012961435055234368,0.39049514567204807
0.012967261003803398,0.39049514567204807
0.012973089571039003,0.39049514567204807
0.01297892075811824,0.39049514567204807
0.012984754566218662,0.39049514567204807
0.012990590996518385,0.39049514567204807
0.012996430050196045,0.39049514567204807
0.013002271728430806,0.39049514567204807
0.013008116032402376,0.39049514567204807
0.013013962963290954,0.39049514567204807
0.013019812522277309,0.39049514567204807
0.013025664710542726,0.39049514567204807
0.013031519529269021,0.39049514567204807
0.013037376979638558,0.39049514567204807
0.013043237062834187,0.39049514567204807
0.013049099780039335,0.39049514567204807
0.013054965132437946,0.39049514567204807
0.013060833121214492,0.39049514567204807
0.013066703747553999,0.39049514567204807
0.013072577012641976,0.39049514567204807
0.013078452917664513,0.39049514567204807
0.013084331463808215,0.39049514567204807
0.013090212652260222,0.39049514567204807
0.013096096484208222,0.39049514567204807
0.013101982960840393,0.39049514567204807
0.013107872083345493,0.39049514567204807
0.013113763852912795,0.39049514567204807
0.01311965827073211,0.39049514567204807
0.013125555337993797,0.39049514567204807
0.01313145505588871,0.39049514567204807
0.013137357425608275,0.39049514567204807
0.013143262448344446,0.39049514567204807
0.013149170125289707,0.39049514567204807
0.013155080457637098,0.39049514567204807
0.013160993446580145,0.39049514567204807
0.013166909093312962,0.39049514567204807
0.01317282739903018,0.39049514567204807
0.013178748364926966,0.39049514567204807
0.013184671992199042,0.39049514567204807
0.013190598282042625,0.39049514567204807
0.013196527235654508,0.39049514567204807
0.01320245885423201,0.39049514567204807
0.01320839313897299,0.39049514567204807
0.013214330091075858,0.39049514567204807
0.013220269711739521,0.39049514567204807
0.013226212002163465,0.39049514567204807
0.013232156963547704,0.39049514567204807
0.01323810459709279,0.39049514567204807
0.013244054903999828,0.39049514567204807
0.01325000788547042,0.39049514567204807
0.013255963542706755,0.39049514567204807
0.013261921876911545,0.39049514567204807
0.013267882889288037,0.39049514567204807
0.013273846581040045,0.39049514567204807
0.013279812953371873,0.39049514567204807
0.01328578200748841,0.39049514567204807
0.013291753744595075,0.39049514567204807
0.013297728165897827,0.39049514567204807
0.01330370527260318,0.39049514567204807
0.013309685065918151,0.39049514567204807
0.013315667547050339,0.39049514567204807
0.013321652717207874,0.39049514567204807
0.013327640577599427,0.39049514567204807
0.013333631129434228,0.39049514567204807
0.013339624373922008,0.39049514567204807
0.013345620312273083,0.39049514567204807
0.0133516189456983,0.39049514567204807
0.013357620275409049,0.39049514567204807
0.01336362430261728,0.39049514567204807
0.013369631028535445,0.39049514567204807
0.013375640454376583,0.39049514567204807
0.013381652581354262,0.39049514567204807
0.013387667410682603,0.39049514567204807
0.013393684943576277,0.39049514567204807
0.013399705181250464,0.39049514567204807
0.013405728124920935,0.39049514567204807
0.013411753775803986,0.39049514567204807
0.013417782135116466,0.39049514567204807
0.013423813204075782,0.39049514567204807
0.013429846983899848,0.39049514567204807
0.013435883475807165,0.39049514567204807
0.01344192268101677,0.39049514567204807
0.013447964600748262,0.39049514567204807
0.013454009236221743,0.39049514567204807
0.013460056588657909,0.39049514567204807
0.013466106659277988,0.39049514567204807
0.013472159449303762,0.39049514567204807
0.013478214959957569,0.39049514567204807
0.013484273192462258,0.39049514567204807
0.01349033414804127,0.39049514567204807
0.013496397827918583,0.39049514567204807
0.01350246423331872,0.39049514567204807
0.013508533365466776,0.39049514567204807
0.013514605225588349,0.39049514567204807
0.013520679814909632,0.39049514567204807
0.013526757134657353,0.39049514567204807
0.013532837186058796,0.39049514567204807
0.013538919970341803,0.39049514567204807
0.013545005488734736,0.39049514567204807
0.013551093742466542,0.39049514567204807
0.013557184732766712,0.39049514567204807
0.013563278460865287,0.39049514567204807
0.013569374927992876,0.39049514567204807
0.013575474135380598,0.39049514567204807
0.013581576084260168,0.39049514567204807
0.013587680775863843,0.39049514567204807
0.01359378821142443,0.39049514567204807
0.013599898392175307,0.39049514567204807
0.013606011319350362,0.39049514567204807
0.01361212699418408,0.39049514567204807
0.01361824541791149,0.39049514567204807
0.013624366591768172,0.39049514567204807
0.013630490516990276,0.39049514567204807
0.01363661719481447,0.39049514567204807
0.013642746626478016,0.39049514567204807
0.013648878813218716,0.39049514567204807
0.013655013756274934,0.39049514567204807
0.013661151456885602,0.39049514567204807
0.013667291916290165,0.39049514567204807
0.013673435135728669,0.39049514567204807
0.013679581116441703,0.39049514567204807
0.013685729859670415,0.39049514567204807
0.013691881366656522,0.39049514567204807
0.013698035638642261,0.39049514567204807
0.013704192676870466,0.39049514567204807
0.013710352482584516,0.39049514567204807
0.013716515057028351,0.39049514567204807
0.013722680401446481,0.39049514567204807
0.013728848517083938,0.39049514567204807
0.013735019405186349,0.39049514567204807
0.013741193066999894,0.39049514567204807
0.01374736950377131,0.39049514567204807
0.013753548716747905,0.39049514567204807
0.01375973070717751,0.39049514567204807
0.01376591547630856,0.39049514567204807
0.013772103025390033,0.39049514567204807
0.01377829335567147,0.39049514567204807
0.01378448646840299,0.39049514567204807
0.013790682364835228,0.39049514567204807
0.013796881046219425,0.39049514567204807
0.01380308251380737,0.39049514567204807
0.013809286768851417,0.39049514567204807
0.013815493812604492,0.39049514567204807
0.013821703646320049,0.39049514567204807
0.01382791627125214,0.39049514567204807
0.013834131688655372,0.39049514567204807
0.013840349899784913,0.39049514567204807
0.013846570905896513,0.39049514567204807
0.013852794708246439,0.39049514567204807
0.013859021308091569,0.39049514567204807
0.013865250706689328,0.39049514567204807
0.013871482905297711,0.39049514567204807
0.013877717905175288,0.39049514567204807
0.013883955707581159,0.39049514567204807
0.013890196313775022,0.39049514567204807
0.013896439725017137,0.39049514567204807
0.013902685942568323,0.39049514567204807
0.013908934967689985,0.39049514567204807
0.013915186801644053,0.39049514567204807
0.01392144144569306,0.39049514567204807
0.0139276989011001,0.39049514567204807
0.01393395916912883,0.39049514567204807
0.01394022225104349,0.39049514567204807
0.013946488148108848,0.39049514567204807
0.013952756861590282,0.39049514567204807
0.013959028392753722,0.39049514567204807
0.013965302742865669,0.39049514567204807
0.01397157991319321,0.39049514567204807
0.013977859905003952,0.39049514567204807
0.013984142719566123,0.39049514567204807
0.013990428358148501,0.39049514567204807
0.013996716822020435,0.39049514567204807
0.014003008112451863,0.39049514567204807
0.014009302230713243,0.39049514567204807
0.014015599178075655,0.39049514567204807
0.014021898955810732,0.39049514567204807
0.014028201565190678,0.39049514567204807
0.014034507007488286,0.39049514567204807
0.014040815283976877,0.39049514567204807
0.014047126395930382,0.39049514567204807
0.014053440344623302,0.39049514567204807
0.0140597571313307,0.39049514567204807
0.014066076757328232,0.39049514567204807
0.01407239922389208,0.39049514567204807
0.01407872453229905,0.39049514567204807
0.014085052683826498,0.39049514567204807
0.014091383679752363,0.39049514567204807
0.014097717521355167,0.39049514567204807
0.014104054209913966,0.39049514567204807
0.014110393746708435,0.39049514567204807
0.014116736133018806,0.39049514567204807
0.014123081370125891,0.39049514567204807
0.014129429459311086,0.39049514567204807
0.014135780401856328,0.39049514567204807
0.014142134199044169,0.39049514567204807
0.01414849085215772,0.39049514567204807
0.014154850362480674,0.39049514567204807
0.014161212731297314,0.39049514567204807
0.014167577959892453,0.39049514567204807
0.014173946049551531,0.39049514567204807
0.014180317001560548,0.39049514567204807
0.014186690817206098,0.39049514567204807
0.014193067497775307,0.39049514567204807
0.014199447044555924,0.39049514567204807
0.014205829458836266,0.39049514567204807
0.014212214741905224,0.39049514567204807
0.014218602895052286,0.39049514567204807
0.014224993919567476,0.39049514567204807
0.014231387816741438,0.39049514567204807
0.014237784587865386,0.39049514567204807
0.014244184234231112,0.39049514567204807
0.014250586757131005,0.39049514567204807
0.014256992157857988,0.39049514567204807
0.014263400437705612,0.39049514567204807
0.014269811597967993,0.39049514567204807
0.01427622563993983,0.39049514567204807
0.014282642564916417,0.39049514567204807
0.014289062374193588,0.39049514567204807
0.014295485069067802,0.39049514567204807
0.014301910650836086,0.39049514567204807
0.014308339120796053,0.39049514567204807
0.01431477048024591,0.39049514567204807
0.014321204730484404,0.39049514567204807
0.014327641872810914,0.39049514567204807
0.014334081908525382,0.39049514567204807
0.01434052483892834,0.39049514567204807
0.014346970665320915,0.39049514567204807
0.014353419389004779,0.39049514567204807
0.014359871011282228,0.39049514567204807
0.014366325533456133,0.39049514567204807
0.014372782956829947,0.39049514567204807
0.014379243282707729,0.39049514567204807
0.014385706512394073,0.39049514567204807
0.01439217264719421,0.39049514567204807
0.014398641688413939,0.39049514567204807
0.014405113637359648,0.39049514567204807
0.014411588495338324,0.39049514567204807
0.0144180662636575,0.39049514567204807
0.014424546943625343,0.39049514567204807
0.014431030536550584,0.39049514567204807
0.014437517043742557,0.39049514567204807
0.014444006466511184,0.39049514567204807
0.014450498806166941,0.39049514567204807
0.014456994064020937,0.39049514567204807
0.014463492241384851,0.39049514567204807
0.014469993339570953,0.39049514567204807
0.014476497359892121,0.39049514567204807
0.014483004303661774,0.39049514567204807
0.01448951417219397,0.39049514567204807
0.014496026966803341,0.39049514567204807
0.014502542688805107,0.39049514567204807
0.0145090613395151,0.39049514567204807
0.014515582920249695,0.39049514567204807
0.014522107432325904,0.39049514567204807
0.014528634877061313,0.39049514567204807
0.014535165255774108,0.39049514567204807
0.014541698569783075,0.39049514567204807
0.014548234820407553,0.39049514567204807
0.014554774008967514,0.39049514567204807
0.014561316136783511,0.39049514567204807
0.014567861205176693,0.39049514567204807
0.014574409215468813,0.39049514567204807
0.014580960168982176,0.39049514567204807
0.014587514067039726,0.39049514567204807
0.014594070910964986,0.39049514567204807
0.014600630702082076,0.39049514567204807
0.014607193441715722,0.39049514567204807
0.014613759131191204,0.39049514567204807
0.014620327771834444,0.39049514567204807
0.014626899364971939,0.39049514567204807
0.014633473911930787,0.39049514567204807
0.014640051414038697,0.39049514567204807
0.014646631872623928,0.39049514567204807
0.014653215289015385,0.39049514567204807
0.01465980166454255,0.39049514567204807
0.014666391000535505,0.39049514567204807
0.014672983298324945,0.39049514567204807
0.014679578559242118,0.39049514567204807
0.014686176784618917,0.39049514567204807
0.014692777975787816,0.39049514567204807
0.01469938213408189,0.39049514567204807
0.014705989260834825,0.39049514567204807
0.014712599357380864,0.39049514567204807
0.014719212425054898,0.39049514567204807
0.014725828465192395,0.39049514567204807
0.01473244747912943,0.39049514567204807
0.01473906946820269,0.39049514567204807
0.01474569443374942,0.39049514567204807
0.01475232237710751,0.39049514567204807
0.014758953299615437,0.39049514567204807
0.014765587202612276,0.39049514567204807
0.014772224087437728,0.39049514567204807
0.014778863955432039,0.38883222182173993
0.01478550680793611,0.38883222182173993
0.014792152646291431,0.38883222182173993
0.014798801471840092,0.38883222182173993
0.014805453285924797,0.38883222182173993
0.01481210808988882,0.38883222182173993
0.014818765885076069,0.38883222182173993
0.014825426672831056,0.38883222182173993
0.014832090454498886,0.38883222182173993
0.014838757231425288,0.38883222182173993
0.014845427004956552,0.38883222182173993
0.014852099776439618,0.38883222182173993
0.014858775547222012,0.38883222182173993
0.01486545431865187,0.38883222182173993
0.01487213609207795,0.38883222182173993
0.014878820868849568,0.38883222182173993
0.014885508650316692,0.38883222182173993
0.014892199437829884,0.38883222182173993
0.014898893232740308,0.38883222182173993
0.014905590036399758,0.38883222182173993
0.014912289850160583,0.38883222182173993
0.01491899267537579,0.38883222182173993
0.014925698513398979,0.38883222182173993
0.014932407365584354,0.38883222182173993
0.014939119233286747,0.38883222182173993
0.014945834117861552,0.38883222182173993
0.01495255202066482,0.38883222182173993
0.01495927294305319,0.38883222182173993
0.014965996886383934,0.38883222182173993
0.01497272385201488,0.38883222182173993
0.014979453841304525,0.38883222182173993
0.014986186855611944,0.38883222182173993
0.01499292289629684,0.38883222182173993
0.014999661964719527,0.38883222182173993
0.015006404062240897,0.38883222182173993
0.015013149190222492,0.38883222182173993
0.015019897350026455,0.38883222182173993
0.015026648543015539,0.38883222182173993
0.015033402770553124,0.38883222182173993
0.015040160034003162,0.38883222182173993
0.015046920334730256,0.38883222182173993
0.015053683674099611,0.38883222182173993
0.01506045005347705,0.38883222182173993
0.01506721947422902,0.38883222182173993
0.015073991937722535,0.38883222182173993
0.015080767445325273,0.38883222182173993
0.015087545998405512,0.38883222182173993
0.01509432759833214,0.38883222182173993
0.015101112246474683,0.38883222182173993
0.015107899944203229,0.38883222182173993
0.015114690692888531,0.38883222182173993
0.015121484493901946,0.38883222182173993
0.015128281348615444,0.38883222182173993
0.015135081258401625,0.38883222182173993
0.015141884224633665,0.38883222182173993
0.0151486902486854,0.38883222182173993
0.015155499331931268,0.38883222182173993
0.015162311475746326,0.38883222182173993
0.015169126681506266,0.38883222182173993
0.015175944950587347,0.38883222182173993
0.0151827662843665,0.38883222182173993
0.015189590684221252,0.38883222182173993
0.015196418151529754,0.38883222182173993
0.015203248687670791,0.38883222182173993
0.01521008229402372,0.38883222182173993
0.015216918971968568,0.38883222182173993
0.015223758722885962,0.38883222182173993
0.015230601548157153,0.38883222182173993
0.015237447449164027,0.38883222182173993
0.015244296427289044,0.38883222182173993
0.015251148483915332,0.38883222182173993
0.015258003620426628,0.38883222182173993
0.015264861838207288,0.38883222182173993
0.015271723138642307,0.38883222182173993
0.015278587523117254,0.38883222182173993
0.015285454993018371,0.38883222182173993
0.015292325549732505,0.38883222182173993
0.015299199194647126,0.38883222182173993
0.015306075929150344,0.38883222182173993
0.015312955754630849,0.38883222182173993
0.015319838672477996,0.38883222182173993
0.015326724684081753,0.38883222182173993
0.015333613790832713,0.38883222182173993
0.015340505994122107,0.38883222182173993
0.015347401295341748,0.38883222182173993
0.015354299695884118,0.38883222182173993
0.01536120119714231,0.38883222182173993
0.015368105800510047,0.38883222182173993
0.01537501350738169,0.38883222182173993
0.015381924319152179,0.38883222182173993
0.015388838237217132,0.38883222182173993
0.015395755262972774,0.38883222182173993
0.015402675397815964,0.38883222182173993
0.015409598643144196,0.38883222182173993
0.015416525000355551,0.38883222182173993
0.015423454470848787,0.38883222182173993
0.01543038705602327,0.38883222182173993
0.015437322757278998,0.38883222182173993
0.015444261576016612,0.38883222182173993
0.015451203513637336,0.38883222182173993
0.015458148571543075,0.38883222182173993
0.015465096751136342,0.38883222182173993
0.015472048053820284,0.38883222182173993
0.015479002480998693,0.38883222182173993
0.015485960034075949,0.38883222182173993
0.015492920714457103,0.38883222182173993
0.015499884523547829,0.38883222182173993
0.015506851462754427,0.38883222182173993
0.01551382153348385,0.38883222182173993
0.01552079473714363,0.38883222182173993
0.015527771075141987,0.38883222182173993
0.015534750548887753,0.38883222182173993
0.015541733159790391,0.38883222182173993
0.015548718909260021,0.38883222182173993
0.01555570779870734,0.38883222182173993
0.015562699829543735,0.38883222182173993
0.015569695003181207,0.38883222182173993
0.01557669332103239,0.38883222182173993
0.015583694784510577,0.38883222182173993
0.015590699395029637,0.38883222182173993
0.015597707154004131,0.38883222182173993
0.015604718062849238,0.38883222182173993
0.015611732122980771,0.38883222182173993
0.015618749335815196,0.38883222182173993
0.01562576970276957,0.38883222182173993
0.01563279322526163,0.38883222182173993
0.015639819904709744,0.38883222182173993
0.015646849742532904,0.38883222182173993
0.015653882740150768,0.38883222182173993
0.015660918898983574,0.38883222182173993
0.015667958220452256,0.38883222182173993
0.015675000705978364,0.38883222182173993
0.015682046356984086,0.38883222182173993
0.015689095174892274,0.38883222182173993
0.015696147161126363,0.38883222182173993
0.015703202317110476,0.38883222182173993
0.015710260644269367,0.38883222182173993
0.015717322144028423,0.38883222182173993
0.015724386817813695,0.38883222182173993
0.015731454667051815,0.38883222182173993
0.01573852569317012,0.38883222182173993
0.015745599897596562,0.38883222182173993
0.015752677281759737,0.38883222182173993
0.015759757847088895,0.38883222182173993
0.015766841595013893,0.38883222182173993
0.015773928526965266,0.38883222182173993
0.015781018644374183,0.38883222182173993
0.015788111948672467,0.38883222182173993
0.015795208441292542,0.38883222182173993
0.01580230812366752,0.38883222182173993
0.015809410997231144,0.38883222182173993
0.0158165170634178,0.38883222182173993
0.015823626323662535,0.38883222182173993
0.01583073877940099,0.38883222182173993
0.0158378544320695,0.38883222182173993
0.015844973283105038,0.38883222182173993
0.015852095333945215,0.38883222182173993
0.015859220586028306,0.38883222182173993
0.01586634904079318,0.38883222182173993
0.015873480699679407,0.38883222182173993
0.01588061556412719,0.38883222182173993
0.01588775363557737,0.38883222182173993
0.015894894915471462,0.38883222182173993
0.015902039405251568,0.38883222182173993
0.015909187106360505,0.38883222182173993
0.015916338020241703,0.38883222182173993
0.01592349214833925,0.38883222182173993
0.01593064949209791,0.38883222182173993
0.01593781005296302,0.38883222182173993
0.01594497383238064,0.38883222182173993
0.015952140831797457,0.38883222182173993
0.015959311052660807,0.38883222182173993
0.01596648449641869,0.38883222182173993
0.01597366116451971,0.38883222182173993
0.015980841058413173,0.38883222182173993
0.015988024179549018,0.38883222182173993
0.01599521052937784,0.38883222182173993
0.016002400109350896,0.38883222182173993
0.016009592920920048,0.38883222182173993
0.016016788965537865,0.38883222182173993
0.016023988244657544,0.38883222182173993
0.01603119075973294,0.38883222182173993
0.016038396512218583,0.38883222182173993
0.016045605503569593,0.38883222182173993
0.016052817735241812,0.38883222182173993
0.0160600332086917,0.38883222182173993
0.01606725192537639,0.38883222182173993
0.01607447388675368,0.38883222182173993
0.016081699094281962,0.38883222182173993
0.016088927549420352,0.38883222182173993
0.016096159253628593,0.38883222182173993
0.016103394208367084,0.38883222182173993
0.016110632415096908,0.38883222182173993
0.016117873875279746,0.38883222182173993
0.016125118590377983,0.38883222182173993
0.016132366561854655,0.38883222182173993
0.016139617791173445,0.38883222182173993
0.016146872279798715,0.38883222182173993
0.01615413002919544,0.38883222182173993
0.016161391040829295,0.38883222182173993
0.0161686553161666,0.38883222182173993
0.01617592285667434,0.38883222182173993
0.01618319366382017,0.38883222182173993
0.016190467739072355,0.38883222182173993
0.01619774508389987,0.38883222182173993
0.01620502569977233,0.38883222182173993
0.01621230958816003,0.38883222182173993
0.01621959675053391,0.38883222182173993
0.016226887188365548,0.38883222182173993
0.016234180903127227,0.38883222182173993
0.016241477896291864,0.38883222182173993
0.01624877816933305,0.38883222182173993
0.016256081723725054,0.38883222182173993
0.016263388560942754,0.38883222182173993
0.01627069868246174,0.38883222182173993
0.01627801208975825,0.38883222182173993
0.01628532878430919,0.38883222182173993
0.016292648767592136,0.38883222182173993
0.016299972041085294,0.38883222182173993
0.01630729860626757,0.38883222182173993
0.01631462846461852,0.38883222182173993
0.016321961617618373,0.38883222182173993
0.016329298066748033,0.38883222182173993
0.016336637813489027,0.38883222182173993
0.016343980859323586,0.38883222182173993
0.016351327205734602,0.38883222182173993
0.016358676854205625,0.38883222182173993
0.016366029806220896,0.38883222182173993
0.01637338606326527,0.38883222182173993
0.016380745626824317,0.38883222182173993
0.01638810849838426,0.38883222182173993
0.016395474679431993,0.38883222182173993
0.016402844171455086,0.38883222182173993
0.016410216975941742,0.38883222182173993
0.01641759309438087,0.38883222182173993
0.016424972528262034,0.38883222182173993
0.016432355279075474,0.38883222182173993
0.016439741348312113,0.38883222182173993
0.016447130737463487,0.38883222182173993
0.016454523448021865,0.38883222182173993
0.016461919481480163,0.38883222182173993
0.01646931883933197,0.38883222182173993
0.016476721523071558,0.38883222182173993
0.01648412753419383,0.38883222182173993
0.0164915368741944,0.38883222182173993
0.016498949544569545,0.38883222182173993
0.016506365546816216,0.38883222182173993
0.016513784882432044,0.38883222182173993
0.016521207552915296,0.38883222182173993
0.016528633559764954,0.38883222182173993
0.016536062904480658,0.38883222182173993
0.01654349558856272,0.38883222182173993
0.016550931613512152,0.38883222182173993
0.016558370980830583,0.38883222182173993
0.016565813692020363,0.38883222182173993
0.016573259748584514,0.38883222182173993
0.016580709152026724,0.38883222182173993
0.016588161903851373,0.38883222182173993
0.016595618005563473,0.38883222182173993
0.016603077458668753,0.38883222182173993
0.016610540264673613,0.38883222182173993
0.016618006425085128,0.38883222182173993
0.016625475941411057,0.38883222182173993
0.016632948815159802,0.38883222182173993
0.016640425047840482,0.38883222182173993
0.016647904640962878,0.38883222182173993
0.016655387596037453,0.38883222182173993
0.01666287391457537,0.38883222182173993
0.01667036359808841,0.38883222182173993
0.016677856648089094,0.38883222182173993
0.0166853530660906,0.38883222182173993
0.016692852853606808,0.38883222182173993
0.01670035601215222,0.38883222182173993
0.01670786254324208,0.38883222182173993
0.016715372448392284,0.38883222182173993
0.01672288572911942,0.38883222182173993
0.01673040238694077,0.38883222182173993
0.016737922423374244,0.38883222182173993
0.01674544583993849,0.38883222182173993
0.016752972638152827,0.38883222182173993
0.016760502819537244,0.38883222182173993
0.016768036385612438,0.38883222182173993
0.016775573337899734,0.38883222182173993
0.016783113677921197,0.38883222182173993
0.01679065740719956,0.38883222182173993
0.01679820452725823,0.38883222182173993
0.016805755039621333,0.38883222182173993
0.01681330894581361,0.38883222182173993
0.016820866247360552,0.38883222182173993
0.016828426945788316,0.38883222182173993
0.01683599104262374,0.38883222182173993
0.016843558539394368,0.38883222182173993
0.01685112943762838,0.38883222182173993
0.0168587037388547,0.38883222182173993
0.016866281444602907,0.38883222182173993
0.01687386255640328,0.38883222182173993
0.016881447075786805,0.38883222182173993
0.016889035004285093,0.38883222182173993
0.016896626343430508,0.38883222182173993
0.016904221094756068,0.38883222182173993
0.016911819259795503,0.38883222182173993
0.01691942084008323,0.38883222182173993
0.016927025837154313,0.38883222182173993
0.01693463425254456,0.38883222182173993
0.01694224608779044,0.38883222182173993
0.01694986134442913,0.38883222182173993
0.0169574800239985,0.38883222182173993
0.016965102128037073,0.38883222182173993
0.016972727658084098,0.38883222182173993
0.016980356615679516,0.38883222182173993
0.01698798900236395,0.38883222182173993
0.01699562481967874,0.38883222182173993
0.017003264069165854,0.38883222182173993
0.017010906752368018,0.38883222182173993
0.01701855287082863,0.38883222182173993
0.017026202426091784,0.38883222182173993
0.017033855419702277,0.38883222182173993
0.017041511853205557,0.38883222182173993
0.017049171728147815,0.38883222182173993
0.017056835046075917,0.38883222182173993
0.017064501808537434,0.38883222182173993
0.017072172017080642,0.38883222182173993
0.017079845673254462,0.38883222182173993
0.01708752277860856,0.38883222182173993
0.01709520333469329,0.38883222182173993
0.017102887343059692,0.38883222182173993
0.017110574805259536,0.38883222182173993
0.01711826572284522,0.38883222182173993
0.017125960097369896,0.38883222182173993
0.01713365793038741,0.38883222182173993
0.01714135922345229,0.38883222182173993
0.017149063978119793,0.38883222182173993
0.01715677219594581,0.38883222182173993
0.017164483878486993,0.38883222182173993
0.017172199027300675,0.38883222182173993
0.017179917643944886,0.38883222182173993
0.017187639729978377,0.38883222182173993
0.017195365286960543,0.38883222182173993
0.017203094316451537,0.38883222182173993
0.017210826820012196,0.38883222182173993
0.01721856279920405,0.38883222182173993
0.017226302255589358,0.38883222182173993
0.017234045190731028,0.38883222182173993
0.017241791606192717,0.38883222182173993
0.01724954150353877,0.38883222182173993
0.017257294884334237,0.38883222182173993
0.01726505175014489,0.38883222182173993
0.017272812102537147,0.38883222182173993
0.017280575943078188,0.38883222182173993
0.01728834327333588,0.38883222182173993
0.017296114094878783,0.38883222182173993
0.0173038884092762,0.38883222182173993
0.017311666218098067,0.38883222182173993
0.01731944752291509,0.38883222182173993
0.017327232325298664,0.38883222182173993
0.017335020626820883,0.38883222182173993
0.01734281242905457,0.38883222182173993
0.0173506077335732,0.38883222182173993
0.01735840654195101,0.38883222182173993
0.017366208855762927,0.38883222182173993
0.017374014676584587,0.38883222182173993
0.017381824005992343,0.38883222182173993
0.017389636845563217,0.38883222182173993
0.017397453196874982,0.38883222182173993
0.01740527306150611,0.38883222182173993
0.01741309644103578,0.38883222182173993
0.017420923337043898,0.38883222182173993
0.017428753751111022,0.38883222182173993
0.017436587684818483,0.38883222182173993
0.017444425139748296,0.38883222182173993
0.017452266117483198,0.38883222182173993
0.017460110619606645,0.38883222182173993
0.017467958647702758,0.38883222182173993
0.017475810203356416,0.38883222182173993
0.0174836652881532,0.38883222182173993
0.0174915239036794,0.38883222182173993
0.017499386051522042,0.38883222182173993
0.0175072517332688,0.38883222182173993
0.01751512095050813,0.38883222182173993
0.01752299370482917,0.38883222182173993
0.017530869997821785,0.38883222182173993
0.017538749831076565,0.38883222182173993
0.01754663320618476,0.38883222182173993
0.017554520124738394,0.38883222182173993
0.01756241058833019,0.38883222182173993
0.017570304598553577,0.38883222182173993
0.017578202157002728,0.38883222182173993
0.017586103265272476,0.38883222182173993
0.017594007924958424,0.38883222182173993
0.01760191613765687,0.38883222182173993
0.017609827904964858,0.38883222182173993
0.017617743228480084,0.38883222182173993
0.017625662109801026,0.38883222182173993
0.017633584550526857,0.38883222182173993
0.01764151055225747,0.38883222182173993
0.017649440116593494,0.38883222182173993
0.017657373245136228,0.38883222182173993
0.017665309939487735,0.38883222182173993
0.017673250201250792,0.38883222182173993
0.01768119403202889,0.38883222182173993
0.01768914143342626,0.38883222182173993
0.017697092407047796,0.38883222182173993
0.017705046954499176,0.38883222182173993
0.017713005077386774,0.38883222182173993
0.017720966777317687,0.38883222182173993
0.01772893205589976,0.38883222182173993
0.017736900914741498,0.38883222182173993
0.017744873355452183,0.38883222182173993
0.01775284937964181,0.38883222182173993
0.017760828988921087,0.38883222182173993
0.017768812184901478,0.38883222182173993
0.017776798969195103,0.38883222182173993
0.017784789343414868,0.38883222182173993
0.017792783309174387,0.38883222182173993
0.017800780868087996,0.38883222182173993
0.017808782021770775,0.38883222182173993
0.017816786771838476,0.38883222182173993
0.017824795119907633,0.38883222182173993
0.01783280706759549,0.38883222182173993
0.01784082261652001,0.38883222182173993
0.017848841768299914,0.38883222182173993
0.017856864524554584,0.38883222182173993
0.017864890886904187,0.38883222182173993
0.01787292085696961,0.38883222182173993
0.017880954436372453,0.38883222182173993
0.01788899162673508,0.38883222182173993
0.01789703242968051,0.38883222182173993
0.01790507684683257,0.38883222182173993
0.01791312487981577,0.38883222182173993
0.01792117653025538,0.38883222182173993
0.017929231799777394,0.38883222182173993
0.017937290690008496,0.38883222182173993
0.017945353202576154,0.38883222182173993
0.017953419339108552,0.38883222182173993
0.01796148910123459,0.38883222182173993
0.017969562490583943,0.38883222182173993
0.01797763950878694,0.38883222182173993
0.017985720157474714,0.38883222182173993
0.017993804438279106,0.38883222182173993
0.018001892352832692,0.38883222182173993
0.0180099839027688,0.38883222182173993
0.018018079089721438,0.38883222182173993
0.018026177915325403,0.38883222182173993
0.018034280381216204,0.38883222182173993
0.01804238648903009,0.38883222182173993
0.018050496240404067,0.38883222182173993
0.018058609636975812,0.38883222182173993
0.018066726680383807,0.38883222182173993
0.018074847372267236,0.38883222182173993
0.018082971714266028,0.38883222182173993
0.018091099708020874,0.38883222182173993
0.018099231355173138,0.38883222182173993
0.018107366657364975,0.38883222182173993
0.01811550561623927,0.38883222182173993
0.018123648233439635,0.38883222182173993
0.01813179451061045,0.38883222182173993
0.018139944449396768,0.38883222182173993
0.01814809805144445,0.38883222182173993
0.018156255318400066,0.38883222182173993
0.018164416251910932,0.38883222182173993
0.018172580853625123,0.38883222182173993
0.018180749125191395,0.38883222182173993
0.018188921068259305,0.38883222182173993
0.018197096684479133,0.38883222182173993
0.018205275975501898,0.38883222182173993
0.018213458942979384,0.38883222182173993
0.018221645588564053,0.38883222182173993
0.018229835913909177,0.38883222182173993
0.018238029920668745,0.38883222182173993
0.018246227610497493,0.38883222182173993
0.018254428985050912,0.38883222182173993
0.018262634045985195,0.38883222182173993
0.018270842794957318,0.38883222182173993
0.018279055233625,0.38883222182173993
0.018287271363646693,0.38883222182173993
0.018295491186681622,0.38883222182173993
0.018303714704389695,0.38883222182173993
0.018311941918431624,0.38883222182173993
0.01832017283046885,0.38883222182173993
0.018328407442163557,0.38883222182173993
0.018336645755178706,0.38883222182173993
0.01834488777117793,0.38883222182173993
0.01835313349182569,0.38883222182173993
0.018361382918787153,0.38883222182173993
0.01836963605372825,0.38883222182173993
0.018377892898315675,0.38883222182173993
0.018386153454216812,0.38883222182173993
0.018394417723099854,0.38883222182173993
0.01840268570663373,0.38883222182173993
0.018410957406488102,0.38883222182173993
0.01841923282433342,0.38883222182173993
0.018427511961840826,0.38883222182173993
0.018435794820682257,0.38883222182173993
0.01844408140253039,0.38883222182173993
0.018452371709058658,0.38883222182173993
0.018460665741941263,0.38883222182173993
0.018468963502853097,0.38883222182173993
0.018477264993469866,0.38883222182173993
0.018485570215468015,0.38883222182173993
0.01849387917052473,0.38883222182173993
0.018502191860317988,0.38883222182173993
0.01851050828652644,0.38883222182173993
0.018518828450829573,0.38883222182173993
0.018527152354907588,0.38883222182173993
0.01853548000044146,0.38883222182173993
0.018543811389112923,0.38883222182173993
0.018552146522604424,0.38883222182173993
0.018560485402599206,0.38883222182173993
0.01856882803078127,0.38883222182173993
0.018577174408835377,0.38883222182173993
0.018585524538446994,0.38883222182173993
0.018593878421302404,0.38883222182173993
0.018602236059088628,0.38883222182173993
0.01861059745349344,0.38883222182173993
0.018618962606205405,0.38883222182173993
0.018627331518913774,0.38883222182173993
0.018635704193308622,0.38883222182173993
0.018644080631080768,0.38883222182173993
0.01865246083392178,0.38883222182173993
0.018660844803524024,0.38883222182173993
0.018669232541580552,0.38883222182173993
0.01867762404978524,0.38883222182173993
0.0186860193298327,0.38883222182173993
0.018694418383418326,0.38883222182173993
0.018702821212238274,0.38883222182173993
0.018711227817989406,0.38883222182173993
0.01871963820236941,0.38883222182173993
0.01872805236707672,0.38883222182173993
0.01873647031381053,0.38883222182173993
0.018744892044270815,0.38883222182173993
0.01875331756015826,0.38883222182173993
0.018761746863174365,0.38883222182173993
0.018770179955021386,0.38883222182173993
0.018778616837402343,0.38883222182173993
0.01878705751202103,0.38883222182173993
0.01879550198058196,0.38883222182173993
0.01880395024479046,0.38883222182173993
0.018812402306352616,0.38883222182173993
0.018820858166975277,0.38883222182173993
0.018829317828366072,0.38883222182173993
0.018837781292233343,0.38883222182173993
0.018846248560286265,0.38883222182173993
0.01885471963423475,0.38883222182173993
0.018863194515789487,0.38883222182173993
0.01887167320666195,0.38883222182173993
0.018880155708564324,0.38883222182173993
0.01888864202320963,0.38883222182173993
0.018897132152311622,0.38883222182173993
0.018905626097584838,0.38883222182173993
0.018914123860744605,0.38883222182173993
0.018922625443506962,0.38883222182173993
0.01893113084758877,0.38883222182173993
0.01893964007470765,0.38883222182173993
0.018948153126581997,0.38883222182173993
0.01895667000493099,0.38883222182173993
0.018965190711474532,0.38883222182173993
0.018973715247933346,0.38883222182173993
0.018982243616028918,0.38883222182173993
0.018990775817483502,0.38883222182173993
0.01899931185402015,0.38883222182173993
0.01900785172736263,0.38883222182173993
0.019016395439235542,0.38883222182173993
0.019024942991364237,0.38883222182173993
0.019033494385474848,0.38883222182173993
0.019042049623294303,0.38883222182173993
0.019050608706550246,0.38883222182173993
0.019059171636971153,0.38883222182173993
0.01906773841628626,0.38883222182173993
0.019076309046225585,0.38883222182173993
0.019084883528519937,0.38883222182173993
0.019093461864900844,0.38883222182173993
0.019102044057100673,0.38883222182173993
0.019110630106852555,0.38883222182173993
0.01911922001589039,0.38883222182173993
0.019127813785948886,0.38883222182173993
0.019136411418763464,0.38883222182173993
0.019145012916070393,0.38883222182173993
0.019153618279606693,0.38883222182173993
0.019162227511110172,0.38883222182173993
0.019170840612319433,0.38883222182173993
0.019179457584973813,0.38883222182173993
0.019188078430813472,0.38883222182173993
0.01919670315157935,0.38883222182173993
0.019205331749013153,0.38883222182173993
0.019213964224857407,0.38883222182173993
0.01922260058085535,0.38883222182173993
0.01923124081875106,0.38883222182173993
0.019239884940289397,0.38883222182173993
0.01924853294721598,0.38883222182173993
0.01925718484127726,0.38883222182173993
0.01926584062422039,0.38883222182173993
0.01927450029779338,0.38883222182173993
0.019283163863745,0.38883222182173993
0.019291831323824817,0.38883222182173993
0.01930050267978319,0.38883222182173993
0.01930917793337121,0.38883222182173993
0.019317857086340824,0.38883222182173993
0.019326540140444732,0.38883222182173993
0.01933522709743643,0.38883222182173993
0.019343917959070225,0.38883222182173993
0.01935261272710114,0.38883222182173993
0.019361311403285064,0.38883222182173993
0.019370013989378643,0.38883222182173993
0.019378720487139317,0.38883222182173993
0.019387430898325335,0.38883222182173993
0.019396145224695672,0.38883222182173993
0.019404863468010163,0.38883222182173993
0.019413585630029408,0.38883222182173993
0.0194223117125148,0.38883222182173993
0.01943104171722854,0.38883222182173993
0.019439775645933566,0.38883222182173993
0.019448513500393668,0.38883222182173993
0.019457255282373406,0.38883222182173993
0.01946600099363813,0.38883222182173993
0.019474750635954018,0.38883222182173993
0.019483504211087962,0.38883222182173993
0.019492261720807723,0.38883222182173993
0.019501023166881834,0.38883222182173993
0.019509788551079613,0.38883222182173993
0.01951855787517121,0.38883222182173993
0.01952733114092749,0.38883222182173993
0.019536108350120197,0.38883222182173993
0.019544889504521833,0.38883222182173993
0.019553674605905704,0.38883222182173993
0.01956246365604594,0.38883222182173993
0.019571256656717387,0.38883222182173993
0.019580053609695777,0.38883222182173993
0.019588854516757594,0.38883222182173993
0.01959765937968014,0.38883222182173993
0.01960646820024153,0.38883222182173993
0.019615280980220612,0.38883222182173993
0.0196240977213971,0.38883222182173993
0.019632918425551482,0.38883222182173993
0.019641743094465074,0.38883222182173993
0.01965057172991993,0.38883222182173993
0.019659404333698963,0.38883222182173993
0.019668240907585868,0.38883222182173993
0.01967708145336514,0.38883222182173993
0.019685925972822104,0.38883222182173993
0.019694774467742815,0.38883222182173993
0.019703626939914204,0.38883222182173993
0.019712483391123976,0.38883222182173993
0.01972134382316064,0.38883222182173993
0.019730208237813532,0.38883222182173993
0.019739076636872736,0.38883222182173993
0.01974794902212919,0.38883222182173993
0.019756825395374628,0.38883222182173993
0.01976570575840158,0.38883222182173993
0.01977459011300341,0.38883222182173993
0.01978347846097422,0.38883222182173993
0.019792370804108988,0.38883222182173993
0.01980126714420347,0.38883222182173993
0.019810167483054236,0.38883222182173993
0.019819071822458675,0.38883222182173993
0.019827980164214932,0.38883222182173993
0.019836892510122016,0.38883222182173993
0.019845808861979727,0.38883222182173993
0.019854729221588673,0.38883222182173993
0.01986365359075029,0.38883222182173993
0.01987258197126677,0.38883222182173993
0.01988151436494116,0.38883222182173993
0.019890450773577317,0.38883222182173993
0.019899391198979894,0.38883222182173993
0.019908335642954383,0.38883222182173993
0.019917284107307025,0.38883222182173993
0.01992623659384493,0.38883222182173993
0.019935193104376008,0.38883222182173993
0.01994415364070897,0.38883222182173993
0.019953118204653373,0.38883222182173993
0.01996208679801952,0.38883222182173993
0.019971059422618582,0.38883222182173993
0.01998003608026254,0.38883222182173993
0.019989016772764174,0.38883222182173993
0.019998001501937108,0.38883222182173993
0.02000699026959572,0.38883222182173993
0.020015983077555255,0.38883222182173993
0.02002497992763177,0.38883222182173993
0.020033980821642122,0.38883222182173993
0.020042985761404015,0.38883222182173993
0.020051994748735907,0.38883222182173993
0.020061007785457132,0.38883222182173993
0.020070024873387823,0.38883222182173993
0.02007904601434893,0.38883222182173993
0.020088071210162244,0.38883222182173993
0.020097100462650314,0.38883222182173993
0.020106133773636563,0.38883222182173993
0.020115171144945224,0.38883222182173993
0.020124212578401343,0.38883222182173993
0.020133258075830805,0.38883222182173993
0.020142307639060258,0.38883222182173993
0.02015136126991723,0.38883222182173993
0.02016041897023006,0.38883222182173993
0.02016948074182789,0.38883222182173993
0.02017854658654072,0.38883222182173993
0.020187616506199307,0.38883222182173993
0.020196690502635287,0.38883222182173993
0.02020576857768111,0.38883222182173993
0.020214850733170038,0.38883222182173993
0.020223936970936187,0.38883222182173993
0.020233027292814426,0.38883222182173993
0.02024212170064052,0.38883222182173993
0.02025122019625103,0.38883222182173993
0.02026032278148335,0.38883222182173993
0.020269429458175718,0.38883222182173993
0.020278540228167132,0.38883222182173993
0.020287655093297486,0.38883222182173993
0.020296774055407477,0.38883222182173993
0.020305897116338626,0.38883222182173993
0.020315024277933306,0.38883222182173993
0.020324155542034653,0.38883222182173993
0.0203332909104867,0.38883222182173993
0.020342430385134287,0.38883222182173993
0.020351573967823073,0.38883222182173993
0.020360721660399577,0.38883222182173993
0.020369873464711082,0.38883222182173993
0.02037902938260577,0.38883222182173993
0.020388189415932626,0.38883222182173993
0.020397353566541467,0.38883222182173993
0.02040652183628296,0.38883222182173993
0.020415694227008552,0.38883222182173993
0.02042487074057057,0.38883222182173993
0.020434051378822166,0.38883222182173993
0.020443236143617316,0.38883222182173993
0.020452425036810853,0.38883222182173993
0.020461618060258382,0.38883222182173993
0.020470815215816403,0.38883222182173993
0.020480016505342234,0.38883222182173993
0.020489221930694024,0.38883222182173993
0.020498431493730773,0.38883222182173993
0.020507645196312266,0.38883222182173993
0.020516863040299177,0.38883222182173993
0.020526085027552998,0.38883222182173993
0.02053531115993606,0.38883222182173993
0.020544541439311552,0.38883222182173993
0.020553775867543433,0.38883222182173993
0.020563014446496563,0.38883222182173993
0.020572257178036627,0.38883222182173993
0.020581504064030143,0.38883222182173993
0.020590755106344484,0.38883222182173993
0.020600010306847813,0.38883222182173993
0.020609269667409183,0.38883222182173993
0.02061853318989847,0.38883222182173993
0.02062780087618639,0.38883222182173993
0.020637072728144527,0.38883222182173993
0.020646348747645232,0.38883222182173993
0.02065562893656177,0.38883222182173993
0.020664913296768228,0.38883222182173993
0.020674201830139526,0.38883222182173993
0.02068349453855145,0.38883222182173993
0.020692791423880575,0.38883222182173993
0.020702092488004375,0.38883222182173993
0.020711397732801146,0.38883222182173993
0.020720707160150054,0.38883222182173993
0.020730020771931045,0.38883222182173993
0.020739338570024968,0.38883222182173993
0.020748660556313508,0.38883222182173993
0.02075798673267918,0.38883222182173993
0.02076731710100538,0.38883222182173993
0.02077665166317628,0.38883222182173993
0.02078599042107697,0.38883222182173993
0.020795333376593353,0.38883222182173993
0.02080468053161219,0.38883222182173993
0.020814031888021108,0.38883222182173993
0.020823387447708522,0.38883222182173993
0.02083274721256375,0.38883222182173993
0.02084211118447695,0.38883222182173993
0.020851479365339126,0.38883222182173993
0.020860851757042147,0.38883222182173993
0.020870228361478674,0.38883222182173993
0.020879609180542286,0.38883222182173993
0.02088899421612738,0.38883222182173993
0.02089838347012922,0.38883222182173993
0.02090777694444393,0.38883222182173993
0.020917174640968428,0.38883222182173993
0.020926576561600546,0.38883222182173993
0.020935982708238956,0.38883222182173993
0.020945393082783172,0.38883222182173993
0.020954807687133592,0.38883222182173993
0.0209642265231914,0.38883222182173993
0.020973649592858693,0.38883222182173993
0.020983076898038418,0.38883222182173993
0.02099250844063436,0.38883222182173993
0.021001944222551187,0.38883222182173993
0.021011384245694365,0.38883222182173993
0.021020828511970277,0.38883222182173993
0.021030277023286133,0.38883222182173993
0.021039729781550012,0.38883222182173993
0.02104918678867087,0.38883222182173993
0.02105864804655845,0.38883222182173993
0.021068113557123427,0.38883222182173993
0.021077583322277302,0.38883222182173993
0.021087057343932444,0.38883222182173993
0.021096535624002107,0.38883222182173993
0.021106018164400324,0.38883222182173993
0.021115504967042068,0.38883222182173993
0.021124996033843147,0.38883222182173993
0.02113449136672023,0.38883222182173993
0.021143990967590866,0.38883222182173993
0.021153494838373404,0.38883222182173993
0.02116300298098712,0.38883222182173993
0.021172515397352133,0.38883222182173993
0.021182032089389423,0.38883222182173993
0.02119155305902085,0.38883222182173993
0.02120107830816908,0.38883222182173993
0.02121060783875771,0.38883222182173993
0.021220141652711168,0.38883222182173993
0.021229679751954764,0.38883222182173993
0.021239222138414678,0.38883222182173993
0.021248768814017903,0.38883222182173993
0.02125831978069236,0.38883222182173993
0.021267875040366813,0.38883222182173993
0.02127743459497089,0.38883222182173993
0.021286998446435116,0.38883222182173993
0.021296566596690814,0.38883222182173993
0.02130613904767024,0.38883222182173993
0.0213157158013065,0.38883222182173993
0.02132529685953356,0.38883222182173993
0.021334882224286287,0.38883222182173993
0.02134447189750035,0.38883222182173993
0.02135406588111235,0.38883222182173993
0.021363664177059743,0.38883222182173993
0.021373266787280847,0.38883222182173993
0.021382873713714882,0.38883222182173993
0.021392484958301865,0.38883222182173993
0.021402100522982758,0.38883222182173993
0.021411720409699374,0.38883222182173993
0.02142134462039439,0.38883222182173993
0.02143097315701139,0.38883222182173993
0.021440606021494755,0.38883222182173993
0.02145024321578981,0.38883222182173993
0.02145988474184274,0.38883222182173993
0.02146953060160059,0.38883222182173993
0.021479180797011315,0.38883222182173993
0.02148883533002367,0.38883222182173993
0.021498494202587363,0.38883222182173993
0.021508157416652945,0.38883222182173993
0.02151782497417185,0.38883222182173993
0.021527496877096406,0.38883222182173993
0.021537173127379763,0.38883222182173993
0.021546853726976005,0.38883222182173993
0.021556538677840072,0.38883222182173993
0.021566227981927793,0.38883222182173993
0.021575921641195886,0.38883222182173993
0.02158561965760189,0.38883222182173993
0.02159532203310429,0.38883222182173993
0.021605028769662422,0.38883222182173993
0.02161473986923651,0.38883222182173993
0.02162445533378768,0.38883222182173993
0.02163417516527787,0.38883222182173993
0.02164389936566997,0.38883222182173993
0.021653627936927728,0.38883222182173993
0.021663360881015777,0.38883222182173993
0.02167309819989965,0.38883222182173993
0.0216828398955457,0.38883222182173993
0.021692585969921234,0.38883222182173993
0.021702336424994414,0.38883222182173993
0.021712091262734295,0.38883222182173993
0.02172185048511083,0.38883222182173993
0.021731614094094798,0.38883222182173993
0.021741382091657928,0.38883222182173993
0.021751154479772813,0.38883222182173993
0.021760931260412935,0.38883222182173993
0.02177071243555268,0.38883222182173993
0.02178049800716725,0.38883222182173993
0.021790287977232824,0.38883222182173993
0.021800082347726426,0.38883222182173993
0.021809881120625974,0.38883222182173993
0.021819684297910296,0.38883222182173993
0.02182949188155905,0.38883222182173993
0.021839303873552842,0.38883222182173993
0.02184912027587315,0.38883222182173993
0.021858941090502366,0.38883222182173993
0.021868766319423704,0.38883222182173993
0.021878595964621335,0.38883222182173993
0.021888430028080302,0.38883222182173993
0.021898268511786542,0.38883222182173993
0.021908111417726903,0.38883222182173993
0.02191795874788906,0.38883222182173993
0.021927810504261652,0.38883222182173993
0.021937666688834182,0.38883222182173993
0.021947527303597055,0.38883222182173993
0.02195739235054159,0.38883222182173993
0.021967261831659934,0.38883222182173993
0.021977135748945196,0.38883222182173993
0.021987014104391356,0.38883222182173993
0.021996896899993297,0.38883222182173993
0.022006784137746815,0.38883222182173993
0.022016675819648543,0.38883222182173993
0.022026571947696066,0.38883222182173993
0.022036472523887858,0.38883222182173993
0.022046377550223286,0.38883222182173993
0.022056287028702635,0.38883222182173993
0.022066200961327023,0.38883222182173993
0.02207611935009854,0.38883222182173993
0.022086042197020143,0.38883222182173993
0.022095969504095706,0.38883222182173993
0.022105901273330012,0.38883222182173993
0.02211583750672868,0.38883222182173993
0.022125778206298297,0.38883222182173993
0.02213572337404634,0.38883222182173993
0.022145673011981174,0.38883222182173993
0.022155627122112102,0.38883222182173993
0.02216558570644925,0.38883222182173993
0.022175548767003724,0.38883222182173993
0.022185516305787512,0.38883222182173993
0.0221954883248135,0.38883222182173993
0.022205464826095502,0.38883222182173993
0.02221544581164818,0.38883222182173993
0.02222543128348715,0.38883222182173993
0.022235421243628935,0.38883222182173993
0.022245415694090945,0.38883222182173993
0.022255414636891527,0.38883222182173993
0.02226541807404987,0.38883222182173993
0.02227542600758613,0.38883222182173993
0.02228543843952136,0.38883222182173993
0.022295455371877514,0.38883222182173993
0.022305476806677473,0.38883222182173993
0.02231550274594497,0.38883222182173993
0.02232553319170471,0.38883222182173993
0.022335568145982285,0.38883222182173993
0.0223456076108042,0.38883222182173993
0.02235565158819789,0.38883222182173993
0.022365700080191637,0.38883222182173993
0.0223757530888147,0.38883222182173993
0.02238581061609723,0.38883222182173993
0.022395872664070286,0.38883222182173993
0.02240593923476587,0.38883222182173993
0.02241601033021682,0.38883222182173993
0.022426085952456962,0.38883222182173993
0.02243616610352101,0.38883222182173993
0.022446250785444606,0.38883222182173993
0.022456340000264304,0.38883222182173993
0.022466433750017528,0.38883222182173993
0.022476532036742672,0.38883222182173993
0.022486634862479035,0.38883222182173993
0.022496742229266824,0.38883222182173993
0.02250685413914719,0.38883222182173993
0.02251697059416213,0.38883222182173993
0.022527091596354628,0.38883222182173993
0.022537217147768563,0.38883222182173993
0.02254734725044874,0.38883222182173993
0.022557481906440895,0.38883222182173993
0.022567621117791623,0.38883222182173993
0.0225777648865485,0.38883222182173993
0.022587913214760013,0.38883222182173993
0.02259806610447555,0.38883222182173993
0.022608223557745458,0.38883222182173993
0.022618385576620936,0.38883222182173993
0.022628552163154167,0.38883222182173993
0.022638723319398237,0.38883222182173993
0.02264889904740715,0.38883222182173993
0.02265907934923587,0.38883222182173993
0.022669264226940204,0.38883222182173993
0.022679453682576955,0.38883222182173993
0.022689647718203823,0.38883222182173993
0.022699846335879438,0.38883222182173993
0.02271004953766338,0.38883222182173993
0.02272025732561608,0.38883222182173993
0.022730469701798973,0.38883222182173993
0.022740686668274387,0.38883222182173993
0.02275090822710558,0.38883222182173993
0.022761134380356766,0.38883222182173993
0.022771365130093014,0.38883222182173993
0.02278160047838039,0.38883222182173993
0.022791840427285867,0.38883222182173993
0.02280208497887734,0.38883222182173993
0.02281233413522367,0.38883222182173993
0.02282258789839457,0.38883222182173993
0.022832846270460748,0.38883222182173993
0.02284310925349383,0.38883222182173993
0.022853376849566367,0.38883222182173993
0.02286364906075187,0.38883222182173993
0.022873925889124704,0.38883222182173993
0.022884207336760245,0.38883222182173993
0.02289449340573477,0.38883222182173993
0.022904784098125498,0.38883222182173993
0.0229150794160106,0.38883222182173993
0.022925379361469107,0.38883222182173993
0.022935683936581065,0.38883222182173993
0.02294599314342742,0.38883222182173993
0.022956306984090066,0.38883222182173993
0.022966625460651847,0.38883222182173993
0.022976948575196474,0.38883222182173993
0.022987276329808667,0.38883222182173993
0.02299760872657406,0.38883222182173993
0.02300794576757922,0.38883222182173993
0.023018287454911683,0.38883222182173993
0.023028633790659846,0.38883222182173993
0.02303898477691312,0.38883222182173993
0.023049340415761822,0.38883222182173993
0.023059700709297228,0.38883222182173993
0.023070065659611554,0.38883222182173993
0.023080435268797904,0.38883222182173993
0.023090809538950385,0.38883222182173993
0.023101188472164025,0.38883222182173993
0.02311157207053481,0.38883222182173993
0.02312196033615961,0.38883222182173993
0.0231323532711363,0.38883222182173993
0.02314275087756367,0.38883222182173993
0.023153153157541465,0.38883222182173993
0.023163560113170393,0.38883222182173993
0.023173971746552027,0.38883222182173993
0.023184388059788966,0.38883222182173993
0.023194809054984725,0.38883222182173993
0.023205234734243768,0.38883222182173993
0.02321566509967153,0.38883222182173993
0.023226100153374313,0.38883222182173993
0.023236539897459444,0.38883222182173993
0.023246984334035173,0.38883222182173993
0.023257433465210694,0.38883222182173993
0.023267887293096173,0.38883222182173993
0.023278345819802662,0.38883222182173993
0.023288809047442217,0.38883222182173993
0.02329927697812784,0.38883222182173993
0.02330974961397346,0.38883222182173993
0.023320226957094,0.38883222182173993
0.023330709009605252,0.38883222182173993
0.023341195773624028,0.38883222182173993
0.02335168725126808,0.38883222182173993
0.023362183444656095,0.38883222182173993
0.023372684355907752,0.38883222182173993
0.023383189987143598,0.38883222182173993
0.02339370034048522,0.38883222182173993
0.023404215418055114,0.38883222182173993
0.023414735221976752,0.38883222182173993
0.023425259754374567,0.38883222182173993
0.023435789017373886,0.38883222182173993
0.023446323013101057,0.38883222182173993
0.023456861743683364,0.38883222182173993
0.023467405211249046,0.38883222182173993
0.02347795341792732,0.38883222182173993
0.02348850636584829,0.38883222182173993
0.02349906405714309,0.38883222182173993
0.023509626493943787,0.38883222182173993
0.023520193678383407,0.38883222182173993
0.02353076561259596,0.38883222182173993
0.023541342298716336,0.38883222182173993
0.02355192373888047,0.38883222182173993
0.02356250993522522,0.38883222182173993
0.02357310088988841,0.38883222182173993
0.02358369660500885,0.38883222182173993
0.023594297082726236,0.38883222182173993
0.023604902325181306,0.38883222182173993
0.023615512334515722,0.38883222182173993
0.02362612711287212,0.38883222182173993
0.023636746662394122,0.38883222182173993
0.02364737098522624,0.38883222182173993
0.023658000083514014,0.38883222182173993
0.023668633959403936,0.38883222182173993
0.02367927261504346,0.38883222182173993
0.023689916052581025,0.38883222182173993
0.023700564274165965,0.38883222182173993
0.02371121728194866,0.38883222182173993
0.023721875078080417,0.38883222182173993
0.023732537664713525,0.38883222182173993
0.02374320504400126,0.38883222182173993
0.023753877218097786,0.38883222182173993
0.023764554189158318,0.38883222182173993
0.023775235959339006,0.38883222182173993
0.02378592253079698,0.38883222182173993
0.023796613905690357,0.38883222182173993
0.023807310086178153,0.38883222182173993
0.023818011074420425,0.38883222182173993
0.023828716872578176,0.38883222182173993
0.023839427482813386,0.38883222182173993
0.02385014290728903,0.38883222182173993
0.023860863148168977,0.38883222182173993
0.02387158820761814,0.38883222182173993
0.023882318087802393,0.38883222182173993
0.023893052790888575,0.38883222182173993
0.02390379231904452,0.38883222182173993
0.02391453667443897,0.38883222182173993
0.023925285859241713,0.38883222182173993
0.023936039875623486,0.38883222182173993
0.023946798725756006,0.38883222182173993
0.023957562411811982,0.38883222182173993
0.023968330935965038,0.38883222182173993
0.023979104300389836,0.38883222182173993
0.023989882507262004,0.38883222182173993
0.024000665558758138,0.38883222182173993
0.024011453457055836,0.38883222182173993
0.024022246204333613,0.38883222182173993
0.024033043802771027,0.38883222182173993
0.02404384625454859,0.38883222182173993
0.0240546535618478,0.38883222182173993
0.024065465726851157,0.38883222182173993
0.024076282751742065,0.38883222182173993
0.024087104638704993,0.38883222182173993
0.02409793138992536,0.38883222182173993
0.024108763007589563,0.38883222182173993
0.024119599493885015,0.38883222182173993
0.02413044085100004,0.38883222182173993
0.024141287081124008,0.38883222182173993
0.024152138186447257,0.38883222182173993
0.02416299416916111,0.38883222182173993
0.024173855031457896,0.38883222182173993
0.024184720775530855,0.38883222182173993
0.02419559140357429,0.38883222182173993
0.024206466917783463,0.38883222182173993
0.024217347320354625,0.38883222182173993
0.02422823261348504,0.38883222182173993
0.02423912279937288,0.38883222182173993
0.02425001788021738,0.38883222182173993
0.024260917858218746,0.38883222182173993
0.02427182273557817,0.38883222182173993
0.024282732514497852,0.38883222182173993
0.024293647197180912,0.38883222182173993
0.024304566785831535,0.38883222182173993
0.024315491282654873,0.38883222182173993
0.024326420689857065,0.38883222182173993
0.024337355009645272,0.38883222182173993
0.024348294244227568,0.38883222182173993
0.0243592383958131,0.38883222182173993
0.024370187466611973,0.38883222182173993
0.024381141458835315,0.38883222182173993
0.02439210037469518,0.38883222182173993
0.024403064216404684,0.38883222182173993
0.024414032986177912,0.38883222182173993
0.024425006686229947,0.38883222182173993
0.02443598531877689,0.38883222182173993
0.02444696888603577,0.38883222182173993
0.024457957390224678,0.38883222182173993
0.024468950833562687,0.38883222182173993
0.024479949218269854,0.38883222182173993
0.024490952546567274,0.38883222182173993
0.024501960820676957,0.38883222182173993
0.024512974042821985,0.38883222182173993
0.024523992215226418,0.38883222182173993
0.024535015340115318,0.38883222182173993
0.024546043419714763,0.38883222182173993
0.02455707645625177,0.38883222182173993
0.02456811445195442,0.38883222182173993
0.024579157409051776,0.38883222182173993
0.024590205329773903,0.38883222182173993
0.024601258216351892,0.38883222182173993
0.024612316071017763,0.38883222182173993
0.024623378896004612,0.38883222182173993
0.024634446693546513,0.38883222182173993
0.024645519465878552,0.38883222182173993
0.024656597215236838,0.38883222182173993
0.024667679943858406,0.38883222182173993
0.02467876765398138,0.38883222182173993
0.024689860347844865,0.38883222182173993
0.024700958027688964,0.38883222182173993
0.02471206069575482,0.38883222182173993
0.0247231683542845,0.38883222182173993
0.024734281005521167,0.38883222182173993
0.024745398651708956,0.38883222182173993
0.024756521295093016,0.38883222182173993
0.024767648937919523,0.38883222182173993
0.0247787815824356,0.38883222182173993
0.02478991923088944,0.38883222182173993
0.024801061885530235,0.38883222182173993
0.024812209548608178,0.38883222182173993
0.02482336222237451,0.38883222182173993
0.024834519909081396,0.38883222182173993
0.024845682610982096,0.38883222182173993
0.024856850330330853,0.38883222182173993
0.024868023069382933,0.38883222182173993
0.024879200830394625,0.38883222182173993
0.024890383615623173,0.38883222182173993
0.0249015714273269,0.38883222182173993
0.024912764267765123,0.38883222182173993
0.024923962139198175,0.38883222182173993
0.024935165043887427,0.38883222182173993
0.0249463729840952,0.38883222182173993
0.024957585962084892,0.38883222182173993
0.024968803980120906,0.38883222182173993
0.024980027040468658,0.38883222182173993
0.02499125514539461,0.38883222182173993
0.025002488297166163,0.38883222182173993
0.025013726498051815,0.38883222182173993
0.02502496975032106,0.38883222182173993
0.025036218056244407,0.38883222182173993
0.025047471418093423,0.38883222182173993
0.0250587298381406,0.38883222182173993
0.025069993318659545,0.38883222182173993
0.02508126186192486,0.38883222182173993
0.025092535470212153,0.38883222182173993
0.025103814145798105,0.38883222182173993
0.025115097890960322,0.38883222182173993
0.025126386707977524,0.38883222182173993
0.025137680599129426,0.38883222182173993
0.02514897956669676,0.38883222182173993
0.025160283612961323,0.38883222182173993
0.02517159274020585,0.38883222182173993
0.025182906950714182,0.38883222182173993
0.025194226246771163,0.38883222182173993
0.02520555063066266,0.38883222182173993
0.0252168801046756,0.38883222182173993
0.02522821467109785,0.38883222182173993
0.02523955433221839,0.38883222182173993
0.025250899090327204,0.38883222182173993
0.025262248947715303,0.38883222182173993
0.02527360390667475,0.38883222182173993
0.025284963969498572,0.38883222182173993
0.02529632913848089,0.38883222182173993
0.02530769941591684,0.38883222182173993
0.02531907480410258,0.38883222182173993
0.025330455305335342,0.38883222182173993
0.0253418409219133,0.38883222182173993
0.02535323165613574,0.38883222182173993
0.02536462751030296,0.38883222182173993
0.02537602848671629,0.38883222182173993
0.02538743458767812,0.38883222182173993
0.025398845815491792,0.38883222182173993
0.025410262172461773,0.38883222182173993
0.02542168366089353,0.38883222182173993
0.02543311028309357,0.38883222182173993
0.02544454204136946,0.38883222182173993
0.025455978938029734,0.38883222182173993
0.025467420975384028,0.38883222182173993
0.025478868155743004,0.38883222182173993
0.025490320481418357,0.38883222182173993
0.025501777954722842,0.38883222182173993
0.02551324057797018,0.38883222182173993
0.025524708353475218,0.38883222182173993
0.025536181283553804,0.38883222182173993
0.025547659370522835,0.38883222182173993
0.02555914261670027,0.38883222182173993
0.025570631024405037,0.38883222182173993
0.025582124595957184,0.38883222182173993
0.02559362333367777,0.38883222182173993
0.025605127239888906,0.38883222182173993
0.025616636316913764,0.38883222182173993
0.02562815056707649,0.38883222182173993
0.025639669992702344,0.38883222182173993
0.025651194596117616,0.38883222182173993
0.025662724379649636,0.38883222182173993
0.0256742593456268,0.38883222182173993
0.025685799496378482,0.38883222182173993
0.02569734483423518,0.38883222182173993
0.025708895361528407,0.38883222182173993
0.025720451080590758,0.38883222182173993
0.02573201199375579,0.38883222182173993
0.025743578103358193,0.38883222182173993
0.02575514941173368,0.38883222182173993
0.02576672592121901,0.38883222182173993
0.02577830763415203,0.38883222182173993
0.025789894552871537,0.38883222182173993
0.025801486679717482,0.38883222182173993
0.025813084017030825,0.38883222182173993
0.025824686567153587,0.38883222182173993
0.02583629433242886,0.38883222182173993
0.025847907315200723,0.38883222182173993
0.025859525517814376,0.38883222182173993
0.02587114894261605,0.38883222182173993
0.025882777591953034,0.38883222182173993
0.025894411468173693,0.38883222182173993
0.02590605057362737,0.38883222182173993
0.02591769491066455,0.38883222182173993
0.025929344481636734,0.38883222182173993
0.025940999288896496,0.38883222182173993
0.025952659334797484,0.38883222182173993
0.025964324621694325,0.38883222182173993
0.025975995151942786,0.39074718256574364
0.025987670927899668,0.39074718256574364
0.02599935195192283,0.39074718256574364
0.02601103822637121,0.39074718256574364
0.026022729753604742,0.39074718256574364
0.026034426535984485,0.39074718256574364
0.026046128575872542,0.39074718256574364
0.02605783587563208,0.39074718256574364
0.026069548437627342,0.39074718256574364
0.026081266264223565,0.39074718256574364
0.026092989357787127,0.39074718256574364
0.02610471772068544,0.39074718256574364
0.026116451355286983,0.39074718256574364
0.026128190263961328,0.39074718256574364
0.02613993444907902,0.39074718256574364
0.026151683913011772,0.39074718256574364
0.026163438658132313,0.39074718256574364
0.026175198686814453,0.39074718256574364
0.02618696400143309,0.39074718256574364
0.026198734604364112,0.39074718256574364
0.026210510497984552,0.39074718256574364
0.026222291684672487,0.39074718256574364
0.026234078166807066,0.39074718256574364
0.026245869946768526,0.39074718256574364
0.0262576670269381,0.39074718256574364
0.026269469409698168,0.39074718256574364
0.02628127709743216,0.39074718256574364
0.026293090092524566,0.39074718256574364
0.02630490839736099,0.39074718256574364
0.026316732014328017,0.39074718256574364
0.026328560945813383,0.39074718256574364
0.026340395194205883,0.39074718256574364
0.026352234761895372,0.39074718256574364
0.026364079651272816,0.39074718256574364
0.026375929864730165,0.39074718256574364
0.026387785404660538,0.39074718256574364
0.026399646273458092,0.39074718256574364
0.026411512473518063,0.39074718256574364
0.026423384007236796,0.39074718256574364
0.02643526087701162,0.39074718256574364
0.02644714308524104,0.39074718256574364
0.02645903063432459,0.39074718256574364
0.026470923526662905,0.39074718256574364
0.026482821764657712,0.39074718256574364
0.02649472535071174,0.39074718256574364
0.02650663428722888,0.39074718256574364
0.026518548576614075,0.39074718256574364
0.026530468221273352,0.39074718256574364
0.02654239322361384,0.39074718256574364
0.02655432358604368,0.39074718256574364
0.026566259310972163,0.39074718256574364
0.026578200400809642,0.39074718256574364
0.02659014685796756,0.39074718256574364
0.026602098684858463,0.39074718256574364
0.0266140558838959,0.39074718256574364
0.026626018457494585,0.39074718256574364
0.026637986408070302,0.39074718256574364
0.026649959738039908,0.39074718256574364
0.026661938449821378,0.39074718256574364
0.026673922545833693,0.39074718256574364
0.026685912028497,0.39074718256574364
0.02669790690023251,0.39074718256574364
0.02670990716346252,0.39074718256574364
0.026721912820610445,0.39074718256574364
0.026733923874100708,0.39074718256574364
0.0267459403263589,0.39074718256574364
0.026757962179811676,0.39074718256574364
0.026769989436886785,0.39074718256574364
0.02678202210001309,0.39074718256574364
0.02679406017162047,0.39074718256574364
0.02680610365413997,0.39074718256574364
0.026818152550003707,0.39074718256574364
0.026830206861644886,0.39074718256574364
0.02684226659149784,0.39074718256574364
0.02685433174199791,0.39074718256574364
0.026866402315581607,0.39074718256574364
0.026878478314686524,0.39074718256574364
0.02689055974175134,0.39074718256574364
0.026902646599215856,0.39074718256574364
0.0269147388895209,0.39074718256574364
0.02692683661510846,0.39074718256574364
0.026938939778421607,0.39074718256574364
0.026951048381904517,0.39074718256574364
0.02696316242800247,0.39074718256574364
0.026975281919161785,0.39074718256574364
0.02698740685782995,0.39074718256574364
0.02699953724645553,0.39074718256574364
0.027011673087488187,0.39074718256574364
0.02702381438337872,0.39074718256574364
0.027035961136578936,0.39074718256574364
0.02704811334954184,0.39074718256574364
0.027060271024721493,0.39074718256574364
0.027072434164573073,0.39074718256574364
0.027084602771552894,0.39074718256574364
0.02709677684811828,0.39074718256574364
0.02710895639672774,0.39074718256574364
0.027121141419840875,0.39074718256574364
0.027133331919918405,0.39074718256574364
0.02714552789942208,0.39074718256574364
0.02715772936081484,0.39074718256574364
0.0271699363065607,0.39074718256574364
0.027182148739124785,0.39074718256574364
0.02719436666097336,0.39074718256574364
0.027206590074573708,0.39074718256574364
0.027218818982394307,0.39074718256574364
0.027231053386904718,0.39074718256574364
0.027243293290575614,0.39074718256574364
0.0272555386958788,0.39074718256574364
0.02726778960528711,0.39074718256574364
0.027280046021274578,0.39074718256574364
0.027292307946316322,0.39074718256574364
0.02730457538288857,0.39074718256574364
0.027316848333468684,0.39074718256574364
0.027329126800535068,0.39074718256574364
0.027341410786567318,0.39074718256574364
0.027353700294046115,0.39074718256574364
0.027365995325453262,0.39074718256574364
0.027378295883271692,0.39074718256574364
0.027390601969985388,0.39074718256574364
0.027402913588079517,0.39074718256574364
0.027415230740040344,0.39074718256574364
0.02742755342835525,0.39074718256574364
0.027439881655512765,0.39074718256574364
0.027452215424002443,0.39074718256574364
0.027464554736315056,0.39074718256574364
0.027476899594942455,0.39074718256574364
0.027489250002377615,0.39074718256574364
0.027501605961114665,0.39074718256574364
0.027513967473648763,0.39074718256574364
0.02752633454247628,0.39074718256574364
0.02753870717009467,0.39074718256574364
0.02755108535900252,0.39074718256574364
0.02756346911169957,0.39074718256574364
0.027575858430686585,0.39074718256574364
0.027588253318465556,0.39074718256574364
0.027600653777539556,0.39074718256574364
0.02761305981041279,0.39074718256574364
0.02762547141959062,0.39074718256574364
0.02763788860757944,0.39074718256574364
0.027650311376886866,0.39074718256574364
0.0276627397300216,0.39074718256574364
0.02767517366949349,0.39074718256574364
0.027687613197813515,0.39074718256574364
0.027700058317493725,0.39074718256574364
0.027712509031047366,0.39074718256574364
0.027724965340988793,0.39074718256574364
0.027737427249833486,0.39074718256574364
0.02774989476009809,0.39074718256574364
0.027762367874300288,0.39074718256574364
0.027774846594958987,0.39074718256574364
0.0277873309245942,0.39074718256574364
0.027799820865727062,0.39074718256574364
0.02781231642087988,0.39074718256574364
0.027824817592576,0.39074718256574364
0.027837324383340002,0.39074718256574364
0.027849836795697556,0.39074718256574364
0.027862354832175473,0.39074718256574364
0.027874878495301736,0.39074718256574364
0.02788740778760537,0.39074718256574364
0.027899942711616624,0.39074718256574364
0.027912483269866853,0.39074718256574364
0.02792502946488856,0.39074718256574364
0.027937581299215405,0.39074718256574364
0.0279501387753821,0.39074718256574364
0.027962701895924598,0.39074718256574364
0.02797527066337994,0.39074718256574364
0.027987845080286324,0.39074718256574364
0.028000425149183113,0.39074718256574364
0.028013010872610725,0.39074718256574364
0.0280256022531108,0.39074718256574364
0.028038199293226106,0.39074718256574364
0.028050801995500543,0.39074718256574364
0.028063410362479183,0.39074718256574364
0.028076024396708157,0.39074718256574364
0.028088644100734833,0.39074718256574364
0.028101269477107692,0.39074718256574364
0.02811390052837635,0.39074718256574364
0.028126537257091615,0.39074718256574364
0.028139179665805345,0.39074718256574364
0.02815182775707063,0.39074718256574364
0.028164481533441685,0.39074718256574364
0.028177140997473867,0.39074718256574364
0.028189806151723718,0.39074718256574364
0.028202476998748834,0.39074718256574364
0.028215153541108054,0.39074718256574364
0.028227835781361336,0.39074718256574364
0.028240523722069786,0.39074718256574364
0.028253217365795693,0.39074718256574364
0.02826591671510241,0.39074718256574364
0.028278621772554528,0.39074718256574364
0.028291332540717768,0.39074718256574364
0.02830404902215899,0.39074718256574364
0.028316771219446257,0.39074718256574364
0.02832949913514868,0.39074718256574364
0.028342232771836628,0.39074718256574364
0.02835497213208158,0.39074718256574364
0.028367717218456184,0.39074718256574364
0.028380468033534268,0.39074718256574364
0.02839322457989073,0.39074718256574364
0.028405986860101713,0.39074718256574364
0.02841875487674449,0.39074718256574364
0.02843152863239749,0.39074718256574364
0.02844430812964033,0.39074718256574364
0.0284570933710537,0.39074718256574364
0.028469884359219544,0.39074718256574364
0.028482681096720926,0.39074718256574364
0.028495483586142078,0.39074718256574364
0.02850829183006842,0.39074718256574364
0.028521105831086448,0.39074718256574364
0.028533925591783908,0.39074718256574364
0.028546751114749677,0.39074718256574364
0.028559582402573804,0.39074718256574364
0.028572419457847522,0.39074718256574364
0.028585262283163146,0.39074718256574364
0.02859811088111424,0.39074718256574364
0.02861096525429551,0.39074718256574364
0.028623825405302825,0.39074718256574364
0.02863669133673325,0.39074718256574364
0.028649563051184934,0.39074718256574364
0.02866244055125727,0.39074718256574364
0.028675323839550806,0.39074718256574364
0.028688212918667272,0.39074718256574364
0.028701107791209494,0.39074718256574364
0.02871400845978155,0.39074718256574364
0.02872691492698865,0.39074718256574364
0.028739827195437193,0.39074718256574364
0.028752745267734765,0.39074718256574364
0.028765669146490043,0.39074718256574364
0.028778598834312958,0.39074718256574364
0.02879153433381459,0.39074718256574364
0.028804475647607197,0.39074718256574364
0.02881742277830423,0.39074718256574364
0.028830375728520232,0.39074718256574364
0.02884333450087101,0.39074718256574364
0.028856299097973513,0.39074718256574364
0.028869269522445874,0.39074718256574364
0.028882245776907428,0.39074718256574364
0.028895227863978596,0.39074718256574364
0.02890821578628107,0.39074718256574364
0.028921209546437687,0.39074718256574364
0.028934209147072468,0.39074718256574364
0.028947214590810635,0.39074718256574364
0.028960225880278512,0.39074718256574364
0.028973243018103684,0.39074718256574364
0.02898626600691489,0.39074718256574364
0.028999294849342046,0.39074718256574364
0.029012329548016295,0.39074718256574364
0.029025370105569853,0.39074718256574364
0.02903841652463622,0.39074718256574364
0.02905146880785005,0.39074718256574364
0.02906452695784718,0.39074718256574364
0.029077590977264662,0.39074718256574364
0.02909066086874064,0.39074718256574364
0.029103736634914532,0.39074718256574364
0.029116818278426927,0.39074718256574364
0.02912990580191958,0.39074718256574364
0.02914299920803548,0.39074718256574364
0.02915609849941871,0.39074718256574364
0.029169203678714624,0.39074718256574364
0.02918231474856974,0.39074718256574364
0.029195431711631768,0.39074718256574364
0.02920855457054964,0.39074718256574364
0.02922168332797338,0.39074718256574364
0.029234817986554296,0.39074718256574364
0.029247958548944866,0.39074718256574364
0.02926110501779875,0.39074718256574364
0.029274257395770834,0.39074718256574364
0.02928741568551711,0.39074718256574364
0.02930057988969485,0.39074718256574364
0.029313750010962494,0.39074718256574364
0.02932692605197967,0.39074718256574364
0.029340108015407245,0.39074718256574364
0.029353295903907176,0.39074718256574364
0.02936648972014272,0.39074718256574364
0.02937968946677829,0.39074718256574364
0.029392895146479504,0.39074718256574364
0.029406106761913207,0.39074718256574364
0.02941932431574735,0.39074718256574364
0.029432547810651175,0.39074718256574364
0.029445777249295094,0.39074718256574364
0.02945901263435072,0.39074718256574364
0.029472253968490892,0.39074718256574364
0.02948550125438957,0.39074718256574364
0.029498754494721995,0.39074718256574364
0.029512013692164586,0.39074718256574364
0.029525278849394966,0.39074718256574364
0.02953854996909199,0.39074718256574364
0.02955182705393563,0.39074718256574364
0.029565110106607145,0.39074718256574364
0.029578399129788976,0.39074718256574364
0.029591694126164768,0.39074718256574364
0.0296049950984194,0.39074718256574364
0.02961830204923887,0.39074718256574364
0.029631614981310474,0.39074718256574364
0.029644933897322687,0.39074718256574364
0.029658258799965188,0.39074718256574364
0.029671589691928898,0.39074718256574364
0.029684926575905855,0.39074718256574364
0.029698269454589404,0.39074718256574364
0.029711618330674056,0.39074718256574364
0.029724973206855552,0.39074718256574364
0.02973833408583086,0.39074718256574364
0.02975170097029808,0.39074718256574364
0.02976507386295661,0.39074718256574364
0.029778452766507025,0.39074718256574364
0.029791837683651123,0.39074718256574364
0.02980522861709195,0.39074718256574364
0.029818625569533665,0.39074718256574364
0.029832028543681742,0.39074718256574364
0.029845437542242833,0.39074718256574364
0.029858852567924813,0.39074718256574364
0.029872273623436807,0.39074718256574364
0.029885700711489053,0.39074718256574364
0.029899133834793118,0.39074718256574364
0.02991257299606174,0.39074718256574364
0.02992601819800888,0.39074718256574364
0.02993946944334976,0.39074718256574364
0.02995292673480072,0.39074718256574364
0.02996639007507942,0.39074718256574364
0.029979859466904703,0.39074718256574364
0.029993334912996637,0.39074718256574364
0.03000681641607655,0.39074718256574364
0.03002030397886689,0.39074718256574364
0.030033797604091427,0.39074718256574364
0.030047297294475125,0.39074718256574364
0.030060803052744174,0.39074718256574364
0.030074314881626013,0.39074718256574364
0.030087832783849227,0.39074718256574364
0.030101356762143705,0.39074718256574364
0.03011488681924054,0.39074718256574364
0.030128422957872058,0.39074718256574364
0.030141965180771835,0.39074718256574364
0.030155513490674583,0.39074718256574364
0.030169067890316342,0.39074718256574364
0.030182628382434348,0.39074718256574364
0.030196194969767068,0.39074718256574364
0.030209767655054228,0.39074718256574364
0.030223346441036695,0.39074718256574364
0.030236931330456664,0.39074718256574364
0.030250522326057523,0.39074718256574364
0.030264119430583932,0.39074718256574364
0.03027772264678169,0.39074718256574364
0.030291331977397924,0.39074718256574364
0.03030494742518096,0.39074718256574364
0.03031856899288036,0.39074718256574364
0.030332196683246958,0.39074718256574364
0.03034583049903273,0.39074718256574364
0.030359470442990977,0.39074718256574364
0.03037311651787621,0.39074718256574364
0.030386768726444184,0.39074718256574364
0.030400427071451915,0.39074718256574364
0.030414091555657566,0.39074718256574364
0.030427762181820635,0.39074718256574364
0.030441438952701832,0.39074718256574364
0.030455121871063105,0.39074718256574364
0.030468810939667672,0.39074718256574364
0.030482506161279906,0.39074718256574364
0.03049620753866551,0.39074718256574364
0.0305099150745914,0.39074718256574364
0.03052362877182574,0.39074718256574364
0.030537348633137965,0.39074718256574364
0.030551074661298663,0.39074718256574364
0.03056480685907976,0.39074718256574364
0.030578545229254395,0.39074718256574364
0.03059228977459696,0.39074718256574364
0.03060604049788312,0.39074718256574364
0.030619797401889696,0.39074718256574364
0.030633560489394848,0.39074718256574364
0.030647329763177956,0.39074718256574364
0.030661105226019645,0.39074718256574364
0.03067488688070183,0.39074718256574364
0.030688674730007578,0.39074718256574364
0.03070246877672129,0.39074718256574364
0.030716269023628614,0.39074718256574364
0.03073007547351642,0.39074718256574364
0.030743888129172878,0.39074718256574364
0.03075770699338732,0.39074718256574364
0.030771532068950416,0.39074718256574364
0.03078536335865406,0.39074718256574364
0.030799200865291414,0.39074718256574364
0.03081304459165691,0.39074718256574364
0.03082689454054615,0.39074718256574364
0.03084075071475609,0.39074718256574364
0.030854613117084904,0.39074718256574364
0.030868481750332025,0.39074718256574364
0.030882356617298184,0.39074718256574364
0.03089623772078527,0.39074718256574364
0.03091012506359652,0.39074718256574364
0.030924018648536413,0.39074718256574364
0.030937918478410677,0.39074718256574364
0.030951824556026342,0.39074718256574364
0.030965736884191596,0.39074718256574364
0.03097965546571599,0.39074718256574364
0.030993580303410304,0.39074718256574364
0.03100751140008658,0.39074718256574364
0.03102144875855816,0.39074718256574364
0.031035392381639555,0.39074718256574364
0.031049342272146632,0.39074718256574364
0.031063298432896493,0.39074718256574364
0.031077260866707507,0.39074718256574364
0.031091229576399343,0.39074718256574364
0.031105204564792845,0.39074718256574364
0.03111918583471021,0.39074718256574364
0.03113317338897488,0.39074718256574364
0.031147167230411568,0.39074718256574364
0.03116116736184628,0.39074718256574364
0.0311751737861062,0.39074718256574364
0.031189186506019886,0.39074718256574364
0.03120320552441713,0.39074718256574364
0.031217230844128984,0.39074718256574364
0.031231262467987825,0.39074718256574364
0.031245300398827194,0.39074718256574364
0.03125934463948201,0.39074718256574364
0.03127339519278843,0.39074718256574364
0.03128745206158387,0.39074718256574364
0.031301515248707085,0.39074718256574364
0.03131558475699799,0.39074718256574364
0.031329660589297884,0.39074718256574364
0.03134374274844929,0.39074718256574364
0.031357831237296026,0.39074718256574364
0.03137192605868322,0.39074718256574364
0.03138602721545717,0.39074718256574364
0.03140013471046557,0.39074718256574364
0.03141424854655735,0.39074718256574364
0.03142836872658271,0.39074718256574364
0.03144249525339319,0.39074718256574364
0.031456628129841485,0.39074718256574364
0.03147076735878169,0.39074718256574364
0.03148491294306914,0.39074718256574364
0.031499064885560465,0.39074718256574364
0.0315132231891136,0.39074718256574364
0.031527387856587666,0.39074718256574364
0.03154155889084318,0.39074718256574364
0.0315557362947419,0.39074718256574364
0.031569920071146874,0.39074718256574364
0.03158411022292247,0.39074718256574364
0.03159830675293424,0.39074718256574364
0.031612509664049146,0.39074718256574364
0.031626718959135366,0.39074718256574364
0.03164093464106239,0.39074718256574364
0.03165515671270105,0.39074718256574364
0.031669385176923324,0.39074718256574364
0.03168362003660262,0.39074718256574364
0.031697861294613584,0.39074718256574364
0.031712108953832155,0.39074718256574364
0.03172636301713561,0.39074718256574364
0.031740623487402406,0.39074718256574364
0.0317548903675124,0.39074718256574364
0.03176916366034672,0.39074718256574364
0.031783443368787766,0.39074718256574364
0.03179772949571928,0.39074718256574364
0.0318120220440262,0.39074718256574364
0.03182632101659487,0.39074718256574364
0.03184062641631288,0.39074718256574364
0.031854938246069116,0.39074718256574364
0.03186925650875383,0.39074718256574364
0.031883581207258434,0.39074718256574364
0.031897912344475754,0.39074718256574364
0.03191224992329989,0.39074718256574364
0.03192659394662627,0.39074718256574364
0.03194094441735151,0.39074718256574364
0.03195530133837366,0.39074718256574364
0.031969664712592015,0.39074718256574364
0.03198403454290718,0.39074718256574364
0.03199841083222109,0.39074718256574364
0.03201279358343689,0.39074718256574364
0.03202718279945913,0.39074718256574364
0.032041578483193646,0.39074718256574364
0.032055980637547554,0.39074718256574364
0.03207038926542932,0.39074718256574364
0.03208480436974863,0.39074718256574364
0.03209922595341656,0.39074718256574364
0.03211365401934548,0.39074718256574364
0.03212808857044904,0.39074718256574364
0.03214252960964227,0.39074718256574364
0.03215697713984138,0.39074718256574364
0.032171431163964,0.39074718256574364
0.03218589168492905,0.39074718256574364
0.03220035870565675,0.39074718256574364
0.03221483222906866,0.39074718256574364
0.03222931225808757,0.39074718256574364
0.03224379879563767,0.39074718256574364
0.03225829184464443,0.39074718256574364
0.03227279140803466,0.39074718256574364
0.03228729748873648,0.39074718256574364
0.03230181008967926,0.39074718256574364
0.032316329213793765,0.39074718256574364
0.032330854864012055,0.39074718256574364
0.032345387043267504,0.39074718256574364
0.03235992575449483,0.39074718256574364
0.03237447100063,0.39074718256574364
0.03238902278461035,0.39074718256574364
0.03240358110937456,0.39074718256574364
0.03241814597786259,0.39074718256574364
0.032432717393015766,0.39074718256574364
0.03244729535777664,0.39074718256574364
0.03246187987508919,0.39074718256574364
0.03247647094789867,0.39074718256574364
0.032491068579151676,0.39074718256574364
0.03250567277179614,0.39074718256574364
0.032520283528781245,0.39074718256574364
0.032534900853057575,0.39074718256574364
0.03254952474757702,0.39074718256574364
0.032564155215292795,0.39074718256574364
0.03257879225915948,0.39074718256574364
0.03259343588213287,0.39074718256574364
0.0326080860871702,0.39074718256574364
0.03262274287723001,0.39074718256574364
0.032637406255272144,0.39074718256574364
0.03265207622425782,0.39074718256574364
0.0326667527871495,0.39074718256574364
0.032681435946911065,0.39074718256574364
0.0326961257065077,0.39074718256574364
0.03271082206890591,0.39074718256574364
0.03272552503707359,0.39074718256574364
0.03274023461397985,0.39074718256574364
0.032754950802595245,0.39074718256574364
0.03276967360589163,0.39074718256574364
0.032784403026842185,0.39074718256574364
0.03279913906842147,0.39074718256574364
0.032813881733605284,0.39074718256574364
0.03282863102537086,0.39074718256574364
0.03284338694669674,0.39074718256574364
0.03285814950056278,0.39074718256574364
0.03287291868995026,0.39074718256574364
0.03288769451784165,0.39074718256574364
0.03290247698722088,0.39074718256574364
0.03291726610107319,0.39074718256574364
0.03293206186238517,0.39074718256574364
0.03294686427414476,0.39074718256574364
0.03296167333934117,0.39074718256574364
0.032976489060965036,0.39074718256574364
0.032991311442008314,0.39074718256574364
0.0330061404854643,0.39074718256574364
0.033020976194327666,0.39074718256574364
0.03303581857159434,0.39074718256574364
0.033050667620261695,0.39074718256574364
0.03306552334332841,0.39074718256574364
0.033080385743794516,0.39074718256574364
0.03309525482466142,0.39074718256574364
0.033110130588931794,0.39074718256574364
0.03312501303960974,0.39074718256574364
0.0331399021797007,0.39074718256574364
0.03315479801221144,0.39074718256574364
0.03316970054015013,0.39074718256574364
0.03318460976652619,0.39074718256574364
0.03319952569435048,0.39074718256574364
0.03321444832663519,0.39074718256574364
0.033229377666393875,0.39074718256574364
0.03324431371664145,0.39074718256574364
0.033259256480394114,0.39074718256574364
0.0332742059606695,0.39074718256574364
0.033289162160486586,0.39074718256574364
0.033304125082865677,0.39074718256574364
0.03331909473082849,0.39074718256574364
0.033334071107398,0.4003772603783733
0.03334905421559863,0.4003772603783733
0.03336404405845615,0.4003772603783733
0.033379040638997666,0.4003772603783733
0.03339404396025168,0.4003772603783733
0.03340905402524798,0.4003772603783733
0.03342407083701779,0.4003772603783733
0.03343909439859367,0.4003772603783733
0.03345412471300954,0.4003772603783733
0.03346916178330074,0.4003772603783733
0.03348420561250384,0.4003772603783733
0.0334992562036569,0.4003772603783733
0.03351431355979931,0.4003772603783733
0.033529377683971795,0.4003772603783733
0.033544448579216526,0.4003772603783733
0.033559526248576915,0.4003772603783733
0.03357461069509785,0.4003772603783733
0.033589701921825546,0.4003772603783733
0.033604799931807594,0.4003772603783733
0.03361990472809299,0.4003772603783733
0.033635016313731995,0.4003772603783733
0.03365013469177634,0.4003772603783733
0.0336652598652791,0.4003772603783733
0.03368039183729473,0.4003772603783733
0.033695530610879064,0.4003772603783733
0.03371067618908924,0.4003772603783733
0.03372582857498385,0.4003772603783733
0.03374098777162284,0.4003772603783733
0.033756153782067554,0.4003772603783733
0.03377132660938062,0.4003772603783733
0.03378650625662614,0.4003772603783733
0.03380169272686956,0.4003772603783733
0.0338168860231777,0.4003772603783733
0.033832086148618795,0.4003772603783733
0.03384729310626237,0.4003772603783733
0.033862506899179405,0.4003772603783733
0.03387772753044225,0.4003772603783733
0.03389295500312463,0.4003772603783733
0.03390818932030167,0.4003772603783733
0.0339234304850498,0.4003772603783733
0.03393867850044692,0.4003772603783733
0.03395393336957228,0.4003772603783733
0.03396919509550651,0.4003772603783733
0.033984463681331685,0.4003772603783733
0.03399973913013112,0.4003772603783733
0.03401502144498966,0.4003772603783733
0.034030310628993476,0.4003772603783733
0.03404560668523013,0.4003772603783733
0.03406090961678862,0.4003772603783733
0.03407621942675921,0.4003772603783733
0.03409153611823367,0.4003772603783733
0.03410685969430512,0.4003772603783733
0.034122190158068076,0.4003772603783733
0.03413752751261846,0.4003772603783733
0.03415287176105352,0.4003772603783733
0.03416822290647196,0.4003772603783733
0.034183580951973866,0.4003772603783733
0.0341989459006607,0.4003772603783733
0.03421431775563538,0.4003772603783733
0.03422969652000208,0.4003772603783733
0.034245082196866505,0.4003772603783733
0.0342604747893357,0.4003772603783733
0.034275874300518115,0.4003772603783733
0.03429128073352363,0.4003772603783733
0.03430669409146342,0.4003772603783733
0.03432211437745016,0.4003772603783733
0.0343375415945979,0.4003772603783733
0.03435297574602207,0.4003772603783733
0.03436841683483955,0.4003772603783733
0.03438386486416852,0.4003772603783733
0.03439931983712865,0.4003772603783733
0.034414781756840984,0.4003772603783733
0.03443025062642798,0.4003772603783733
0.034445726449013524,0.4003772603783733
0.0344612092277228,0.4003772603783733
0.0344766989656825,0.4003772603783733
0.0344921956660207,0.4003772603783733
0.03450769933186687,0.4003772603783733
0.03452320996635192,0.4003772603783733
0.03453872757260807,0.4003772603783733
0.03455425215376905,0.4003772603783733
0.03456978371296996,0.4003772603783733
0.03458532225334732,0.4003772603783733
0.03460086777803908,0.4003772603783733
0.0346164202901845,0.4003772603783733
0.034631979792924365,0.4003772603783733
0.03464754628940084,0.4003772603783733
0.03466311978275747,0.4003772603783733
0.034678700276139285,0.4003772603783733
0.03469428777269261,0.4003772603783733
0.03470988227556528,0.4003772603783733
0.03472548378790653,0.4003772603783733
0.03474109231286699,0.4003772603783733
0.03475670785359876,0.4003772603783733
0.034772330413255226,0.4003772603783733
0.034787959994991326,0.4003772603783733
0.03480359660196337,0.4003772603783733
0.03481924023732907,0.4003772603783733
0.034834890904247615,0.4003772603783733
0.034850548605879494,0.4003772603783733
0.03486621334538674,0.4003772603783733
0.03488188512593276,0.4003772603783733
0.034897563950682366,0.4003772603783733
0.03491324982280187,0.4003772603783733
0.03492894274545885,0.4003772603783733
0.03494464272182246,0.4003772603783733
0.034960349755063215,0.4003772603783733
0.03497606384835307,0.4003772603783733
0.034991785004865425,0.4003772603783733
0.03500751322777501,0.4003772603783733
0.0350232485202581,0.4003772603783733
0.03503899088549234,0.4003772603783733
0.035054740326656814,0.4003772603783733
0.03507049684693207,0.4003772603783733
0.03508626044949999,0.4003772603783733
0.03510203113754397,0.4003772603783733
0.03511780891424881,0.4003772603783733
0.03513359378280075,0.4003772603783733
0.0351493857463875,0.4003772603783733
0.03516518480819808,0.4003772603783733
0.035180990971423055,0.4003772603783733
0.035196804239254406,0.4003772603783733
0.03521262461488552,0.4003772603783733
0.03522845210151128,0.4003772603783733
0.035244286702327876,0.4003772603783733
0.03526012842053307,0.4003772603783733
0.035275977259326,0.4003772603783733
0.035291833221907244,0.4003772603783733
0.03530769631147888,0.4003772603783733
0.035323566531244285,0.4003772603783733
0.035339443884408406,0.4003772603783733
0.035355328374177576,0.4003772603783733
0.03537122000375959,0.4003772603783733
0.03538711877636371,0.4003772603783733
0.03540302469520053,0.4003772603783733
0.03541893776348219,0.4003772603783733
0.035434857984422266,0.4003772603783733
0.03545078536123574,0.4003772603783733
0.03546671989713911,0.4003772603783733
0.03548266159535018,0.4003772603783733
0.03549861045908832,0.4003772603783733
0.035514566491574334,0.4003772603783733
0.03553052969603045,0.4003772603783733
0.03554650007568037,0.4003772603783733
0.035562477633749166,0.4003772603783733
0.03557846237346345,0.4003772603783733
0.03559445429805125,0.4003772603783733
0.03561045341074208,0.4003772603783733
0.03562645971476681,0.4003772603783733
0.035642473213357846,0.4003772603783733
0.03565849390974904,0.4003772603783733
0.035674521807175674,0.4003772603783733
0.03569055690887453,0.4003772603783733
0.03570659921808374,0.4003772603783733
0.035722648738042984,0.4003772603783733
0.03573870547199339,0.4003772603783733
0.03575476942317752,0.4003772603783733
0.03577084059483943,0.4003772603783733
0.03578691899022455,0.4003772603783733
0.03580300461257983,0.4003772603783733
0.0358190974651537,0.4003772603783733
0.03583519755119601,0.4003772603783733
0.035851304873958115,0.4003772603783733
0.035867419436692735,0.4003772603783733
0.03588354124265416,0.4003772603783733
0.03589967029509808,0.4003772603783733
0.03591580659728168,0.4003772603783733
0.03593195015246363,0.4003772603783733
0.03594810096390396,0.4003772603783733
0.03596425903486428,0.4003772603783733
0.03598042436860761,0.4003772603783733
0.03599659696839846,0.4003772603783733
0.03601277683750283,0.4003772603783733
0.036028963979188075,0.4003772603783733
0.03604515839672315,0.4003772603783733
0.03606136009337842,0.4003772603783733
0.036077569072425715,0.4003772603783733
0.03609378533713841,0.4003772603783733
0.036110008890791204,0.4003772603783733
0.03612623973666039,0.4003772603783733
0.036142477878023695,0.4003772603783733
0.03615872331816033,0.4003772603783733
0.036174976060351,0.4003772603783733
0.03619123610787779,0.4003772603783733
0.036207503464024356,0.4003772603783733
0.03622377813207581,0.4003772603783733
0.03624006011531872,0.4003772603783733
0.036256349417041187,0.4003772603783733
0.03627264604053267,0.4003772603783733
0.03628894998908422,0.4003772603783733
0.03630526126598832,0.4003772603783733
0.036321579874538955,0.4003772603783733
0.03633790581803161,0.4003772603783733
0.036354239099763146,0.4003772603783733
0.03637057972303201,0.4003772603783733
0.036386927691138105,0.4003772603783733
0.03640328300738281,0.4003772603783733
0.03641964567506903,0.4003772603783733
0.03643601569750104,0.4003772603783733
0.036452393077984716,0.4003772603783733
0.036468777819827373,0.4003772603783733
0.036485169926337824,0.4003772603783733
0.0365015694008264,0.4003772603783733
0.03651797624660481,0.4003772603783733
0.03653439046698636,0.4003772603783733
0.03655081206528581,0.4003772603783733
0.03656724104481942,0.4003772603783733
0.03658367740890496,0.4003772603783733
0.036600121160861594,0.4003772603783733
0.036616572304010074,0.4003772603783733
0.03663303084167263,0.4003772603783733
0.03664949677717297,0.4003772603783733
0.03666597011383632,0.4003772603783733
0.03668245085498933,0.4003772603783733
0.036698939003960214,0.4003772603783733
0.036715434564078664,0.4003772603783733
0.036731937538675874,0.4003772603783733
0.03674844793108456,0.4003772603783733
0.03676496574463883,0.4003772603783733
0.03678149098267441,0.4003772603783733
0.036798023648528466,0.4003772603783733
0.036814563745539694,0.4003772603783733
0.0368311112770483,0.4003772603783733
0.036847666246395905,0.4003772603783733
0.036864228656925714,0.4003772603783733
0.03688079851198243,0.4003772603783733
0.036897375814912224,0.4003772603783733
0.03691396056906285,0.4003772603783733
0.03693055277778342,0.4003772603783733
0.036947152444424675,0.4003772603783733
0.036963759572338835,0.4003772603783733
0.036980374164879606,0.4003772603783733
0.036996996225402264,0.4003772603783733
0.037013625757263455,0.4003772603783733
0.037030262763821466,0.4003772603783733
0.03704690724843604,0.4003772603783733
0.037063559214468446,0.4003772603783733
0.037080218665281495,0.4003772603783733
0.03709688560423939,0.4003772603783733
0.03711356003470797,0.4003772603783733
0.03713024196005454,0.4003772603783733
0.03714693138364792,0.4003772603783733
0.037163628308858485,0.4003772603783733
0.03718033273905802,0.4003772603783733
0.037197044677619924,0.4003772603783733
0.03721376412791908,0.4003772603783733
0.03723049109333189,0.4003772603783733
0.0372472255772363,0.4003772603783733
0.03726396758301169,0.4003772603783733
0.03728071711403904,0.4003772603783733
0.03729747417370083,0.4003772603783733
0.03731423876538105,0.4003772603783733
0.03733101089246526,0.4003772603783733
0.037347790558340414,0.4003772603783733
0.037364577766395124,0.4003772603783733
0.03738137252001946,0.4003772603783733
0.03739817482260504,0.4003772603783733
0.03741498467754503,0.4003772603783733
0.03743180208823401,0.4003772603783733
0.0374486270580682,0.4003772603783733
0.03746545959044532,0.4003772603783733
0.037482299688764584,0.4003772603783733
0.03749914735642682,0.4003772603783733
0.03751600259683423,0.4003772603783733
0.03753286541339068,0.4003772603783733
0.03754973580950152,0.4003772603783733
0.03756661378857367,0.4003772603783733
0.037583499354015476,0.4003772603783733
0.03760039250923691,0.4003772603783733
0.03761729325764947,0.4003772603783733
0.037634201602666145,0.4003772603783733
0.037651117547701535,0.4003772603783733
0.037668041096171646,0.4003772603783733
0.03768497225149412,0.4003772603783733
0.03770191101708813,0.4003772603783733
0.037718857396374345,0.4003772603783733
0.03773581139277504,0.4003772603783733
0.037752773009713914,0.4003772603783733
0.0377697422506163,0.4003772603783733
0.03778671911890904,0.4003772603783733
0.03780370361802052,0.4003772603783733
0.0378206957513807,0.4003772603783733
0.037837695522420986,0.4003772603783733
0.037854702934574415,0.4003772603783733
0.03787171799127553,0.4003772603783733
0.03788874069596045,0.4003772603783733
0.03790577105206684,0.4003772603783733
0.03792280906303381,0.4003772603783733
0.03793985473230213,0.4003772603783733
0.03795690806331409,0.4003772603783733
0.0379739690595135,0.4003772603783733
0.037991037724345776,0.4003772603783733
0.03800811406125777,0.4003772603783733
0.03802519807369799,0.4003772603783733
0.038042289765116456,0.4003772603783733
0.03805938913896474,0.4003772603783733
0.038076496198696005,0.4003772603783733
0.03809361094776485,0.4003772603783733
0.03811073338962754,0.4003772603783733
0.03812786352774186,0.4003772603783733
0.03814500136556715,0.4003772603783733
0.03816214690656434,0.4003772603783733
0.03817930015419579,0.4003772603783733
0.038196461111925546,0.4003772603783733
0.038213629783219176,0.4003772603783733
0.03823080617154379,0.4003772603783733
0.038247990280368106,0.4003772603783733
0.03826518211316229,0.4003772603783733
0.03828238167339816,0.4003772603783733
0.03829958896454908,0.4003772603783733
0.03831680399008997,0.4003772603783733
0.03833402675349735,0.4003772603783733
0.03835125725824917,0.4003772603783733
0.03836849550782509,0.4003772603783733
0.03838574150570627,0.4003772603783733
0.03840299525537545,0.4003772603783733
0.03842025676031696,0.4003772603783733
0.0384375260240166,0.4003772603783733
0.03845480304996182,0.4003772603783733
0.03847208784164165,0.4003772603783733
0.038489380402546625,0.4003772603783733
0.03850668073616895,0.4003772603783733
0.03852398884600223,0.4003772603783733
0.03854130473554179,0.4003772603783733
0.038558628408284494,0.4003772603783733
0.038575959867728736,0.4003772603783733
0.03859329911737456,0.4003772603783733
0.038610646160723454,0.4003772603783733
0.03862800100127859,0.4003772603783733
0.03864536364254469,0.4003772603783733
0.03866273408802804,0.4003772603783733
0.03868011234123655,0.4003772603783733
0.03869749840567957,0.4003772603783733
0.038714892284868165,0.4003772603783733
0.03873229398231494,0.4003772603783733
0.03874970350153406,0.4003772603783733
0.03876712084604133,0.4003772603783733
0.038784546019354,0.4003772603783733
0.03880197902499103,0.4003772603783733
0.03881941986647292,0.4003772603783733
0.038836868547321754,0.4003772603783733
0.038854325071061235,0.4003772603783733
0.038871789441216525,0.4003772603783733
0.0388892616613145,0.4003772603783733
0.03890674173488358,0.4003772603783733
0.03892422966545377,0.4003772603783733
0.0389417254565567,0.4003772603783733
0.03895922911172547,0.4003772603783733
0.038976740634494876,0.4003772603783733
0.038994260028401284,0.4003772603783733
0.03901178729698264,0.4003772603783733
0.039029322443778505,0.4003772603783733
0.03904686547232994,0.4003772603783733
0.0390644163861797,0.4003772603783733
0.03908197518887208,0.4003772603783733
0.039099541883953,0.4003772603783733
0.03911711647497,0.4003772603783733
0.03913469896547207,0.4003772603783733
0.03915228935900996,0.4003772603783733
0.039169887659135934,0.4003772603783733
0.039187493869403886,0.4003772603783733
0.03920510799336932,0.4003772603783733
0.03922273003458924,0.4003772603783733
0.03924035999662235,0.4003772603783733
0.03925799788302894,0.4003772603783733
0.03927564369737086,0.4003772603783733
0.039293297443211646,0.4003772603783733
0.039310959124116286,0.4003772603783733
0.0393286287436515,0.4003772603783733
0.03934630630538556,0.4003772603783733
0.03936399181288837,0.4003772603783733
0.039381685269731445,0.4003772603783733
0.03939938667948781,0.4003772603783733
0.039417096045732194,0.4003772603783733
0.03943481337204092,0.4003772603783733
0.0394525386619919,0.4003772603783733
0.0394702719191647,0.4003772603783733
0.03948801314714036,0.4003772603783733
0.03950576234950168,0.4003772603783733
0.039523519529833,0.4003772603783733
0.03954128469172029,0.4003772603783733
0.03955905783875117,0.4003772603783733
0.039576838974514736,0.4003772603783733
0.03959462810260184,0.4003772603783733
0.03961242522660491,0.4003772603783733
0.03963023035011795,0.4003772603783733
0.039648043476736665,0.4003772603783733
0.03966586461005823,0.4003772603783733
0.03968369375368156,0.4003772603783733
0.039701530911207164,0.4003772603783733
0.03971937608623719,0.4003772603783733
0.039737229282375296,0.4003772603783733
0.03975509050322687,0.4003772603783733
0.03977295975239889,0.4003772603783733
0.03979083703349995,0.4003772603783733
0.03980872235014031,0.4003772603783733
0.03982661570593173,0.4003772603783733
0.03984451710448771,0.4003772603783733
0.03986242654942335,0.4003772603783733
0.03988034404435536,0.4003772603783733
0.03989826959290211,0.4003772603783733
0.03991620319868349,0.4003772603783733
0.03993414486532113,0.4003772603783733
0.03995209459643826,0.4003772603783733
0.03997005239565972,0.4003772603783733
0.039988018266612024,0.4003772603783733
0.04000599221292321,0.4003772603783733
0.040023974238223056,0.4003772603783733
0.040041964346142926,0.4003772603783733
0.04005996254031583,0.4003772603783733
0.040077968824376434,0.4003772603783733
0.040095983201960936,0.4003772603783733
0.04011400567670728,0.4003772603783733
0.040132036252255,0.4003772603783733
0.040150074932245275,0.4003772603783733
0.04016812172032095,0.4003772603783733
0.040186176620126406,0.4003772603783733
0.040204239635307754,0.4003772603783733
0.040222310769512735,0.4003772603783733
0.0402403900263907,0.4003772603783733
0.040258477409592715,0.4003772603783733
0.04027657292277133,0.4003772603783733
0.04029467656958088,0.4003772603783733
0.04031278835367729,0.4003772603783733
0.04033090827871814,0.4003772603783733
0.04034903634836269,0.4003772603783733
0.040367172566271724,0.4003772603783733
0.04038531693610778,0.4003772603783733
0.04040346946153503,0.4003772603783733
0.04042163014621926,0.4003772603783733
0.04043979899382797,0.4003772603783733
0.04045797600803017,0.4003772603783733
0.04047616119249666,0.4003772603783733
0.04049435455089983,0.4003772603783733
0.040512556086913724,0.4003772603783733
0.04053076580421409,0.4003772603783733
0.040548983706478185,0.4003772603783733
0.040567209797385075,0.4003772603783733
0.040585444080615395,0.4003772603783733
0.04060368655985148,0.4003772603783733
0.04062193723877732,0.4003772603783733
0.04064019612107846,0.4003772603783733
0.04065846321044224,0.4003772603783733
0.04067673851055757,0.4003772603783733
0.04069502202511507,0.4003772603783733
0.04071331375780701,0.4003772603783733
0.040731613712327246,0.4003772603783733
0.04074992189237139,0.4003772603783733
0.04076823830163666,0.4003772603783733
0.04078656294382197,0.4003772603783733
0.04080489582262791,0.4003772603783733
0.04082323694175664,0.4003772603783733
0.04084158630491207,0.4003772603783733
0.04085994391579975,0.4003772603783733
0.04087830977812691,0.4003772603783733
0.04089668389560248,0.4003772603783733
0.04091506627193691,0.4003772603783733
0.04093345691084248,0.4003772603783733
0.04095185581603306,0.4003772603783733
0.04097026299122422,0.4003772603783733
0.04098867844013323,0.4003772603783733
0.04100710216647889,0.4003772603783733
0.041025534173981824,0.4003772603783733
0.04104397446636427,0.4003772603783733
0.04106242304735014,0.4003772603783733
0.04108087992066507,0.4003772603783733
0.04109934509003624,0.4003772603783733
0.04111781855919262,0.4003772603783733
0.04113630033186484,0.4003772603783733
0.04115479041178518,0.4003772603783733
0.04117328880268766,0.4003772603783733
0.04119179550830784,0.4003772603783733
0.04121031053238308,0.4003772603783733
0.04122883387865241,0.4003772603783733
0.04124736555085649,0.4003772603783733
0.04126590555273774,0.4003772603783733
0.04128445388804013,0.4003772603783733
0.041303010560509446,0.4003772603783733
0.041321575573893085,0.4003772603783733
0.041340148931940164,0.4003772603783733
0.0413587306384015,0.4003772603783733
0.04137732069702949,0.4003772603783733
0.04139591911157833,0.4003772603783733
0.041414525885803875,0.4003772603783733
0.041433141023463654,0.4003772603783733
0.041451764528316934,0.4003772603783733
0.04147039640412454,0.4003772603783733
0.04148903665464913,0.4003772603783733
0.041507685283654984,0.4003772603783733
0.0415263422949081,0.4003772603783733
0.0415450076921762,0.4003772603783733
0.04156368147922857,0.4003772603783733
0.04158236365983632,0.4003772603783733
0.04160105423777222,0.4003772603783733
0.04161975321681071,0.4003772603783733
0.04163846060072801,0.4003772603783733
0.04165717639330188,0.4003772603783733
0.04167590059831191,0.4003772603783733
0.04169463321953935,0.4003772603783733
0.04171337426076715,0.4003772603783733
0.04173212372578,0.4003772603783733
0.04175088161836417,0.4003772603783733
0.04176964794230775,0.4003772603783733
0.041788422701400506,0.4003772603783733
0.04180720589943388,0.4003772603783733
0.041825997540201096,0.4003772603783733
0.04184479762749692,0.4003772603783733
0.04186360616511798,0.4003772603783733
0.041882423156862546,0.4003772603783733
0.041901248606530654,0.4003772603783733
0.041920082517923916,0.4003772603783733
0.041938924894845776,0.4003772603783733
0.04195777574110134,0.4003772603783733
0.04197663506049745,0.4003772603783733
0.04199550285684267,0.4003772603783733
0.04201437913394716,0.4003772603783733
0.04203326389562294,0.4003772603783733
0.04205215714568366,0.4003772603783733
0.04207105888794472,0.4003772603783733
0.042089969126223266,0.4003772603783733
0.04210888786433802,0.4003772603783733
0.04212781510610957,0.4003772603783733
0.04214675085536017,0.4003772603783733
0.042165695115913775,0.4003772603783733
0.04218464789159613,0.4003772603783733
0.04220360918623455,0.4003772603783733
0.042222579003658216,0.4003772603783733
0.04224155734769797,0.4003772603783733
0.04226054422218638,0.4003772603783733
0.042279539630957784,0.4003772603783733
0.04229854357784812,0.4003772603783733
0.04231755606669517,0.4003772603783733
0.0423365771013384,0.4003772603783733
0.04235560668561901,0.4003772603783733
0.04237464482337995,0.4003772603783733
0.04239369151846578,0.4003772603783733
0.04241274677472293,0.4003772603783733
0.0424318105959995,0.4003772603783733
0.04245088298614532,0.4003772603783733
0.04246996394901199,0.4003772603783733
0.042489053488452735,0.4003772603783733
0.04250815160832261,0.4003772603783733
0.04252725831247838,0.4003772603783733
0.042546373604778545,0.4003772603783733
0.042565497489083365,0.4003772603783733
0.04258462996925472,0.4003772603783733
0.04260377104915635,0.4003772603783733
0.04262292073265369,0.4003772603783733
0.04264207902361392,0.4003772603783733
0.042661245925905984,0.4003772603783733
0.04268042144340046,0.4003772603783733
0.04269960557996976,0.4003772603783733
0.04271879833948803,0.4003772603783733
0.04273799972583113,0.4003772603783733
0.04275720974287673,0.4003772603783733
0.042776428394504094,0.4003772603783733
0.04279565568459436,0.4003772603783733
0.04281489161703038,0.4003772603783733
0.042834136195696745,0.4003772603783733
0.04285338942447983,0.4003772603783733
0.04287265130726763,0.4003772603783733
0.04289192184795002,0.4003772603783733
0.04291120105041859,0.4003772603783733
0.04293048891856665,0.4003772603783733
0.04294978545628934,0.4003772603783733
0.04296909066748338,0.4003772603783733
0.04298840455604741,0.4003772603783733
0.043007727125881766,0.4003772603783733
0.04302705838088852,0.4003772603783733
0.04304639832497157,0.4003772603783733
0.04306574696203641,0.4003772603783733
0.043085104295990446,0.4003772603783733
0.04310447033074277,0.4003772603783733
0.04312384507020426,0.4003772603783733
0.04314322851828758,0.4003772603783733
0.04316262067890701,0.4003772603783733
0.04318202155597874,0.4003772603783733
0.04320143115342068,0.4003772603783733
0.04322084947515247,0.4003772603783733
0.0432402765250956,0.4003772603783733
0.04325971230717315,0.4003772603783733
0.04327915682531011,0.4003772603783733
0.04329861008343321,0.4003772603783733
0.043318072085470914,0.4003772603783733
0.043337542835353515,0.4003772603783733
0.04335702233701293,0.4003772603783733
0.043376510594382994,0.4003772603783733
0.043396007611399244,0.4003772603783733
0.043415513391998985,0.4003772603783733
0.04343502794012136,0.4003772603783733
0.043454551259707125,0.4003772603783733
0.04347408335469896,0.4003772603783733
0.04349362422904126,0.4003772603783733
0.0435131738866802,0.4003772603783733
0.04353273233156375,0.4003772603783733
0.04355229956764157,0.4003772603783733
0.043571875598865176,0.4003772603783733
0.04359146042918786,0.4003772603783733
0.043611054062564644,0.4003772603783733
0.04363065650295242,0.4003772603783733
0.0436502677543097,0.4003772603783733
0.0436698878205969,0.4003772603783733
0.0436895167057762,0.4003772603783733
0.043709154413811534,0.4003772603783733
0.04372880094866867,0.4003772603783733
0.04374845631431504,0.4003772603783733
0.043768120514719976,0.4003772603783733
0.043787793553854544,0.4003772603783733
0.04380747543569162,0.4003772603783733
0.04382716616420589,0.4003772603783733
0.0438468657433737,0.4003772603783733
0.04386657417717331,0.4003772603783733
0.04388629146958473,0.4003772603783733
0.043906017624589774,0.4003772603783733
0.04392575264617205,0.4003772603783733
0.043945496538316864,0.4003772603783733
0.043965249305011424,0.4003772603783733
0.043985010950244686,0.4003772603783733
0.04400478147800742,0.4003772603783733
0.04402456089229221,0.4003772603783733
0.044044349197093303,0.4003772603783733
0.0440641463964069,0.4003772603783733
0.044083952494230916,0.4003772603783733
0.0441037674945651,0.4003772603783733
0.04412359140141102,0.4003772603783733
0.04414342421877191,0.4003772603783733
0.044163265950652945,0.4003772603783733
0.04418311660106106,0.4003772603783733
0.04420297617400502,0.4003772603783733
0.044222844673495264,0.4003772603783733
0.04424272210354418,0.4003772603783733
0.0442626084681659,0.4003772603783733
0.044282503771376366,0.4003772603783733
0.044302408017193366,0.4003772603783733
0.04432232120963637,0.4003772603783733
0.044342243352726775,0.4003772603783733
0.04436217445048775,0.4003772603783733
0.044382114506944265,0.4003772603783733
0.04440206352612316,0.4003772603783733
0.04442202151205293,0.4003772603783733
0.04444198846876402,0.4003772603783733
0.04446196440028866,0.4003772603783733
0.04448194931066088,0.4003772603783733
0.04450194320391655,0.4003772603783733
0.044521946084093246,0.4003772603783733
0.04454195795523049,0.4003772603783733
0.04456197882136956,0.4003772603783733
0.044582008686553556,0.4003772603783733
0.044602047554827454,0.4003772603783733
0.04462209543023789,0.4003772603783733
0.04464215231683348,0.4003772603783733
0.04466221821866459,0.4003772603783733
0.044682293139783426,0.4003772603783733
0.04470237708424405,0.4003772603783733
0.044722470056102206,0.4003772603783733
0.04474257205941561,0.4003772603783733
0.04476268309824376,0.4003772603783733
0.04478280317664795,0.4003772603783733
0.044802932298691374,0.4003772603783733
0.044823070468438905,0.4003772603783733
0.04484321768995738,0.4003772603783733
0.04486337396731541,0.4003772603783733
0.04488353930458347,0.4003772603783733
0.044903713705833855,0.4003772603783733
0.044923897175140594,0.4003772603783733
0.04494408971657967,0.4003772603783733
0.04496429133422886,0.4003772603783733
0.04498450203216777,0.4095259241940369
0.04500472181447788,0.4095259241940369
0.045024950685242364,0.4095259241940369
0.04504518864854639,0.4095259241940369
0.045065435708476896,0.4095259241940369
0.04508569186912266,0.4095259241940369
0.04510595713457436,0.4095259241940369
0.04512623150892435,0.4095259241940369
0.04514651499626697,0.4095259241940369
0.045166807600698376,0.4095259241940369
0.04518710932631653,0.4095259241940369
0.04520742017722131,0.4095259241940369
0.04522774015751429,0.4095259241940369
0.045248069271299006,0.4095259241940369
0.045268407522680826,0.4095259241940369
0.04528875491576694,0.4095259241940369
0.04530911145466645,0.4095259241940369
0.045329477143490136,0.4095259241940369
0.04534985198635079,0.4095259241940369
0.045370235987363,0.4095259241940369
0.0453906291506432,0.4095259241940369
0.04541103148030973,0.4095259241940369
0.04543144298048262,0.4095259241940369
0.04545186365528392,0.4095259241940369
0.04547229350883747,0.4095259241940369
0.045492732545268956,0.4095259241940369
0.04551318076870599,0.4095259241940369
0.045533638183277866,0.4095259241940369
0.04555410479311591,0.4095259241940369
0.045574580602353226,0.4095259241940369
0.0455950656151248,0.4095259241940369
0.04561555983556752,0.4095259241940369
0.045636063267819965,0.4095259241940369
0.045656575916022756,0.4095259241940369
0.0456770977843183,0.4095259241940369
0.045697628876850874,0.4095259241940369
0.04571816919776667,0.4095259241940369
0.045738718751213596,0.4095259241940369
0.04575927754134156,0.4095259241940369
0.045779845572302316,0.4095259241940369
0.04580042284824944,0.4095259241940369
0.04582100937333847,0.4095259241940369
0.045841605151726625,0.4095259241940369
0.045862210187573166,0.4095259241940369
0.04588282448503917,0.4095259241940369
0.04590344804828757,0.4095259241940369
0.04592408088148323,0.4095259241940369
0.04594472298879275,0.4095259241940369
0.04596537437438473,0.4095259241940369
0.0459860350424296,0.4095259241940369
0.046006704997099676,0.4095259241940369
0.04602738424256918,0.4095259241940369
0.04604807278301408,0.4095259241940369
0.046068770622612366,0.4095259241940369
0.04608947776554384,0.4095259241940369
0.0461101942159902,0.4095259241940369
0.04613091997813507,0.4095259241940369
0.0461516550561638,0.4095259241940369
0.04617239945426378,0.4095259241940369
0.04619315317662422,0.4095259241940369
0.04621391622743623,0.4095259241940369
0.046234688610892825,0.4095259241940369
0.04625547033118879,0.4095259241940369
0.04627626139252092,0.4095259241940369
0.04629706179908786,0.4095259241940369
0.04631787155509012,0.4095259241940369
0.04633869066473019,0.4095259241940369
0.04635951913221226,0.4095259241940369
0.04638035696174257,0.4095259241940369
0.04640120415752922,0.4095259241940369
0.046422060723782174,0.4095259241940369
0.04644292666471334,0.4095259241940369
0.0464638019845364,0.4095259241940369
0.04648468668746705,0.4095259241940369
0.04650558077772285,0.4095259241940369
0.04652648425952323,0.4095259241940369
0.04654739713708958,0.4095259241940369
0.04656831941464506,0.4095259241940369
0.04658925109641484,0.4095259241940369
0.046610192186625966,0.4095259241940369
0.046631142689507424,0.4095259241940369
0.04665210260928995,0.4095259241940369
0.04667307195020634,0.4095259241940369
0.04669405071649123,0.4095259241940369
0.046715038912381164,0.4095259241940369
0.046736036542114646,0.4095259241940369
0.046757043609931936,0.4095259241940369
0.046778060120075335,0.4095259241940369
0.046799086076789016,0.4095259241940369
0.046820121484319056,0.4095259241940369
0.04684116634691348,0.4095259241940369
0.04686222066882209,0.4095259241940369
0.04688328445429674,0.4095259241940369
0.04690435770759115,0.4095259241940369
0.04692544043296094,0.4095259241940369
0.04694653263466369,0.4095259241940369
0.046967634316958766,0.4095259241940369
0.046988745484107586,0.4095259241940369
0.047009866140373426,0.4095259241940369
0.04703099629002149,0.4095259241940369
0.04705213593731895,0.4095259241940369
0.04707328508653473,0.4095259241940369
0.04709444374193984,0.4095259241940369
0.04711561190780715,0.4095259241940369
0.047136789588411464,0.4095259241940369
0.047157976788029535,0.4095259241940369
0.047179173510939906,0.4095259241940369
0.04720037976142318,0.4095259241940369
0.04722159554376186,0.4095259241940369
0.04724282086224034,0.4095259241940369
0.04726405572114501,0.4095259241940369
0.047285300124764035,0.4095259241940369
0.047306554077387646,0.4095259241940369
0.04732781758330797,0.4095259241940369
0.04734909064681905,0.4095259241940369
0.04737037327221692,0.4095259241940369
0.04739166546379938,0.4095259241940369
0.047412967225866326,0.4095259241940369
0.04743427856271953,0.4095259241940369
0.047455599478662694,0.4095259241940369
0.047476929978001514,0.4095259241940369
0.04749827006504346,0.4095259241940369
0.0475196197440981,0.4095259241940369
0.04754097901947689,0.4095259241940369
0.0475623478954932,0.4095259241940369
0.04758372637646242,0.4095259241940369
0.04760511446670171,0.4095259241940369
0.04762651217053033,0.4095259241940369
0.047647919492269424,0.4095259241940369
0.047669336436242084,0.4095259241940369
0.04769076300677339,0.4095259241940369
0.04771219920819023,0.4095259241940369
0.04773364504482157,0.4095259241940369
0.04775510052099827,0.4095259241940369
0.047776565641053155,0.4095259241940369
0.04779804040932103,0.4095259241940369
0.04781952483013851,0.4095259241940369
0.047841018907844306,0.4095259241940369
0.047862522646779024,0.4095259241940369
0.04788403605128523,0.4095259241940369
0.047905559125707486,0.4095259241940369
0.04792709187439215,0.4095259241940369
0.0479486343016877,0.4095259241940369
0.047970186411944504,0.4095259241940369
0.0479917482095149,0.4095259241940369
0.048013319698753214,0.4095259241940369
0.048034900884015595,0.4095259241940369
0.048056491769660294,0.4095259241940369
0.04807809236004747,0.4095259241940369
0.04809970265953923,0.4095259241940369
0.048121322672499724,0.4095259241940369
0.048142952403294886,0.4095259241940369
0.048164591856292766,0.4095259241940369
0.04818624103586334,0.4095259241940369
0.04820789994637853,0.4095259241940369
0.048229568592212294,0.4095259241940369
0.048251246977740386,0.4095259241940369
0.048272935107340695,0.4095259241940369
0.04829463298539301,0.4095259241940369
0.0483163406162791,0.4095259241940369
0.048338058004382754,0.4095259241940369
0.04835978515408958,0.4095259241940369
0.04838152206978729,0.4095259241940369
0.04840326875586556,0.4095259241940369
0.04842502521671598,0.4095259241940369
0.04844679145673223,0.4095259241940369
0.04846856748030976,0.4095259241940369
0.04849035329184618,0.4095259241940369
0.048512148895741,0.4095259241940369
0.04853395429639574,0.4095259241940369
0.04855576949821391,0.4095259241940369
0.04857759450560088,0.4095259241940369
0.04859942932296415,0.4095259241940369
0.048621273954713114,0.4095259241940369
0.0486431284052592,0.4095259241940369
0.04866499267901583,0.4095259241940369
0.04868686678039827,0.4095259241940369
0.04870875071382393,0.4095259241940369
0.04873064448371216,0.4095259241940369
0.04875254809448426,0.4095259241940369
0.048774461550563614,0.4095259241940369
0.04879638485637542,0.4095259241940369
0.048818318016347007,0.4095259241940369
0.04884026103490767,0.4095259241940369
0.048862213916488664,0.4095259241940369
0.04888417666552332,0.4095259241940369
0.04890614928644678,0.4095259241940369
0.048928131783696344,0.4095259241940369
0.04895012416171126,0.4095259241940369
0.048972126424932774,0.4095259241940369
0.04899413857780416,0.4095259241940369
0.04901616062477055,0.4095259241940369
0.04903819257027923,0.4095259241940369
0.04906023441877943,0.4095259241940369
0.04908228617472237,0.4095259241940369
0.04910434784256134,0.4095259241940369
0.04912641942675147,0.4095259241940369
0.04914850093175005,0.4095259241940369
0.0491705923620163,0.4095259241940369
0.04919269372201148,0.4095259241940369
0.049214805016198876,0.4095259241940369
0.04923692624904365,0.4095259241940369
0.0492590574250131,0.4095259241940369
0.04928119854857651,0.4095259241940369
0.04930334962420519,0.4095259241940369
0.04932551065637235,0.4095259241940369
0.04934768164955332,0.4095259241940369
0.04936986260822541,0.4095259241940369
0.049392053536867944,0.4095259241940369
0.049414254439962314,0.4095259241940369
0.049436465321991765,0.4095259241940369
0.04945868618744171,0.4095259241940369
0.04948091704079953,0.4095259241940369
0.04950315788655462,0.4095259241940369
0.04952540872919845,0.4095259241940369
0.04954766957322436,0.4095259241940369
0.049569940423127845,0.4095259241940369
0.04959222128340639,0.4095259241940369
0.04961451215855947,0.4095259241940369
0.049636813053088674,0.4095259241940369
0.049659123971497444,0.4095259241940369
0.049681444918291386,0.4095259241940369
0.04970377589797809,0.4095259241940369
0.04972611691506719,0.4095259241940369
0.04974846797407037,0.4095259241940369
0.0497708290795012,0.4095259241940369
0.04979320023587544,0.4095259241940369
0.04981558144771081,0.4095259241940369
0.04983797271952708,0.4095259241940369
0.04986037405584609,0.4095259241940369
0.04988278546119157,0.4095259241940369
0.049905206940089424,0.4095259241940369
0.04992763849706755,0.4095259241940369
0.049950080136655875,0.4095259241940369
0.04997253186338641,0.4095259241940369
0.04999499368179306,0.4095259241940369
0.050017465596411924,0.4095259241940369
0.050039947611781065,0.4095259241940369
0.05006243973244061,0.4095259241940369
0.05008494196293277,0.4095259241940369
0.050107454307801634,0.4095259241940369
0.05012997677159351,0.4095259241940369
0.05015250935885668,0.4095259241940369
0.050175052074141475,0.4095259241940369
0.05019760492200032,0.4095259241940369
0.05022016790698754,0.4095259241940369
0.05024274103365965,0.4095259241940369
0.050265324306575175,0.4095259241940369
0.05028791773029467,0.4095259241940369
0.05031052130938082,0.4095259241940369
0.05033313504839818,0.4095259241940369
0.05035575895191353,0.4095259241940369
0.05037839302449562,0.4095259241940369
0.0504010372707153,0.4095259241940369
0.05042369169514549,0.4095259241940369
0.05044635630236102,0.4095259241940369
0.05046903109693895,0.4095259241940369
0.05049171608345831,0.4095259241940369
0.050514411266500206,0.4095259241940369
0.050537116650647876,0.4095259241940369
0.05055983224048643,0.4095259241940369
0.05058255804060321,0.4095259241940369
0.05060529405558756,0.4095259241940369
0.0506280402900309,0.4095259241940369
0.05065079674852675,0.4095259241940369
0.05067356343567056,0.4095259241940369
0.05069634035605998,0.4095259241940369
0.05071912751429468,0.4095259241940369
0.05074192491497641,0.4095259241940369
0.05076473256270902,0.4095259241940369
0.05078755046209829,0.4095259241940369
0.05081037861775222,0.4095259241940369
0.05083321703428083,0.4095259241940369
0.05085606571629621,0.4095259241940369
0.050878924668412574,0.4095259241940369
0.050901793895246066,0.4095259241940369
0.050924673401415044,0.4095259241940369
0.0509475631915399,0.4095259241940369
0.050970463270243106,0.4095259241940369
0.05099337364214925,0.4095259241940369
0.051016294311884855,0.4095259241940369
0.05103922528407867,0.4095259241940369
0.05106216656336148,0.4095259241940369
0.05108511815436616,0.4095259241940369
0.051108080061727686,0.4095259241940369
0.05113105229008301,0.4095259241940369
0.05115403484407128,0.4095259241940369
0.051177027728333706,0.4095259241940369
0.05120003094751356,0.4095259241940369
0.05122304450625629,0.4095259241940369
0.05124606840920923,0.4095259241940369
0.05126910266102199,0.4095259241940369
0.05129214726634622,0.4095259241940369
0.05131520222983563,0.4095259241940369
0.05133826755614611,0.4095259241940369
0.051361343249935465,0.4095259241940369
0.051384429315863754,0.4095259241940369
0.05140752575859309,0.4095259241940369
0.05143063258278766,0.4095259241940369
0.05145374979311382,0.4095259241940369
0.051476877394239846,0.4095259241940369
0.0515000153908363,0.4095259241940369
0.05152316378757575,0.4095259241940369
0.05154632258913291,0.40981057038946367
0.0515694918001846,0.40981057038946367
0.05159267142540963,0.40981057038946367
0.051615861469489044,0.40981057038946367
0.051639061937105935,0.40981057038946367
0.05166227283294551,0.40981057038946367
0.05168549416169515,0.40981057038946367
0.051708725928044146,0.40981057038946367
0.05173196813668409,0.40981057038946367
0.05175522079230862,0.40981057038946367
0.05177848389961347,0.40981057038946367
0.05180175746329655,0.40981057038946367
0.051825041488057735,0.40981057038946367
0.05184833597859914,0.40981057038946367
0.05187164093962498,0.40981057038946367
0.05189495637584154,0.40981057038946367
0.05191828229195731,0.40981057038946367
0.05194161869268272,0.40981057038946367
0.05196496558273048,0.40981057038946367
0.05198832296681536,0.40981057038946367
0.05201169084965432,0.40981057038946367
0.05203506923596626,0.40981057038946367
0.052058458130472364,0.40981057038946367
0.052081857537895904,0.40981057038946367
0.05210526746296225,0.40981057038946367
0.05212868791039896,0.40981057038946367
0.05215211888493556,0.40981057038946367
0.05217556039130385,0.40981057038946367
0.05219901243423774,0.40981057038946367
0.052222475018473206,0.40981057038946367
0.05224594814874846,0.40981057038946367
0.05226943182980366,0.40981057038946367
0.05229292606638126,0.40981057038946367
0.05231643086322579,0.40981057038946367
0.05233994622508391,0.40981057038946367
0.05236347215670447,0.40981057038946367
0.052387008662838304,0.40981057038946367
0.052410555748238524,0.40981057038946367
0.052434113417660334,0.40981057038946367
0.05245768167586108,0.40981057038946367
0.0524812605276003,0.40981057038946367
0.05250484997763948,0.40981057038946367
0.05252845003074247,0.40981057038946367
0.05255206069167514,0.40981057038946367
0.05257568196520554,0.40981057038946367
0.05259931385610391,0.40981057038946367
0.05262295636914248,0.40981057038946367
0.05264660950909577,0.40981057038946367
0.0526702732807404,0.40981057038946367
0.052693947688855144,0.40981057038946367
0.052717632738220964,0.40981057038946367
0.052741328433620824,0.40981057038946367
0.05276503477983999,0.40981057038946367
0.05278875178166582,0.40981057038946367
0.05281247944388784,0.40981057038946367
0.052836217771297773,0.40981057038946367
0.052859966768689336,0.40981057038946367
0.05288372644085856,0.40981057038946367
0.05290749679260357,0.40981057038946367
0.05293127782872467,0.40981057038946367
0.05295506955402436,0.40981057038946367
0.05297887197330713,0.40981057038946367
0.053002685091379814,0.40981057038946367
0.053026508913051336,0.40981057038946367
0.05305034344313277,0.40981057038946367
0.05307418868643745,0.40981057038946367
0.05309804464778066,0.40981057038946367
0.053121911331980035,0.40981057038946367
0.053145788743855324,0.40981057038946367
0.05316967688822844,0.40981057038946367
0.05319357576992352,0.40981057038946367
0.053217485393766695,0.40981057038946367
0.053241405764586434,0.40981057038946367
0.05326533688721333,0.40981057038946367
0.05328927876648013,0.40981057038946367
0.053313231407221835,0.40981057038946367
0.05333719481427542,0.40981057038946367
0.05336116899248024,0.40981057038946367
0.05338515394667773,0.40981057038946367
0.05340914968171152,0.40981057038946367
0.053433156202427466,0.40981057038946367
0.05345717351367346,0.40981057038946367
0.053481201620299706,0.40981057038946367
0.053505240527158555,0.40981057038946367
0.05352929023910453,0.40981057038946367
0.053553350760994385,0.40981057038946367
0.05357742209768691,0.40981057038946367
0.05360150425404321,0.40981057038946367
0.053625597234926575,0.40981057038946367
0.05364970104520243,0.40981057038946367
0.05367381568973847,0.40981057038946367
0.053697941173404394,0.40981057038946367
0.05372207750107227,0.40981057038946367
0.0537462246776163,0.40981057038946367
0.05377038270791286,0.40981057038946367
0.0537945515968406,0.40981057038946367
0.053818731349280176,0.40981057038946367
0.053842921970114616,0.40981057038946367
0.053867123464229075,0.40981057038946367
0.05389133583651091,0.40981057038946367
0.05391555909184973,0.40981057038946367
0.05393979323513719,0.40981057038946367
0.053964038271267285,0.40981057038946367
0.053988294205136164,0.40981057038946367
0.05401256104164218,0.40981057038946367
0.05403683878568595,0.40981057038946367
0.054061127442170114,0.40981057038946367
0.054085427015999686,0.40981057038946367
0.05410973751208183,0.40981057038946367
0.05413405893532592,0.40981057038946367
0.05415839129064358,0.40981057038946367
0.05418273458294849,0.40981057038946367
0.0542070888171567,0.40981057038946367
0.05423145399818641,0.40981057038946367
0.05425583013095803,0.40981057038946367
0.05428021722039424,0.40981057038946367
0.054304615271419776,0.40981057038946367
0.05432902428896174,0.40981057038946367
0.0543534442779494,0.40981057038946367
0.054377875243314236,0.40981057038946367
0.054402317189989995,0.40981057038946367
0.05442677012291249,0.40981057038946367
0.05445123404701991,0.40981057038946367
0.05447570896725261,0.40981057038946367
0.054500194888553156,0.40981057038946367
0.05452469181586641,0.40981057038946367
0.05454919975413928,0.40981057038946367
0.054573718708321055,0.40981057038946367
0.05459824868336321,0.40981057038946367
0.05462278968421943,0.40981057038946367
0.0546473417158457,0.40981057038946367
0.05467190478320005,0.40981057038946367
0.0546964788912429,0.40981057038946367
0.054721064044936873,0.40981057038946367
0.054745660249246805,0.40981057038946367
0.054770267509139804,0.40981057038946367
0.05479488582958507,0.40981057038946367
0.05481951521555419,0.40981057038946367
0.05484415567202093,0.40981057038946367
0.054868807203961346,0.40981057038946367
0.054893469816353575,0.40981057038946367
0.05491814351417815,0.40981057038946367
0.054942828302417784,0.40981057038946367
0.05496752418605743,0.40981057038946367
0.054992231170084345,0.40981057038946367
0.055016949259487864,0.40981057038946367
0.05504167845925971,0.40981057038946367
0.05506641877439381,0.40981057038946367
0.055091170209886346,0.40981057038946367
0.05511593277073577,0.40981057038946367
0.055140706461942655,0.40981057038946367
0.055165491288509956,0.40981057038946367
0.055190287255442824,0.40981057038946367
0.05521509436774867,0.40981057038946367
0.05523991263043722,0.40981057038946367
0.05526474204852026,0.40981057038946367
0.05528958262701202,0.40981057038946367
0.055314434370928915,0.40981057038946367
0.055339297285289614,0.40981057038946367
0.055364171375115095,0.40981057038946367
0.05538905664542844,0.40981057038946367
0.055413953101255145,0.40981057038946367
0.055438860747622914,0.40981057038946367
0.0554637795895617,0.40981057038946367
0.05548870963210379,0.40981057038946367
0.05551365088028355,0.40981057038946367
0.05553860333913779,0.40981057038946367
0.05556356701370552,0.40981057038946367
0.055588541909028004,0.40981057038946367
0.05561352803014885,0.40981057038946367
0.05563852538211376,0.40981057038946367
0.05566353396997085,0.40981057038946367
0.05568855379877048,0.40981057038946367
0.055713584873565265,0.40981057038946367
0.05573862719941014,0.40981057038946367
0.055763680781362165,0.40981057038946367
0.055788745624480815,0.40981057038946367
0.0558138217338278,0.40981057038946367
0.0558389091144671,0.40981057038946367
0.05586400777146504,0.40981057038946367
0.05588911770989003,0.40981057038946367
0.05591423893481294,0.40981057038946367
0.05593937145130687,0.40981057038946367
0.055964515264447186,0.40981057038946367
0.05598967037931161,0.40981057038946367
0.05601483680097994,0.40981057038946367
0.05604001453453448,0.40981057038946367
0.05606520358505972,0.40981057038946367
0.05609040395764245,0.40981057038946367
0.056115615657371797,0.40981057038946367
0.05614083868933902,0.40981057038946367
0.056166073058637835,0.40981057038946367
0.056191318770364165,0.40981057038946367
0.05621657582961625,0.40981057038946367
0.05624184424149467,0.40981057038946367
0.05626712401110212,0.40981057038946367
0.056292415143543786,0.40981057038946367
0.056317717643927054,0.40981057038946367
0.05634303151736163,0.40981057038946367
0.056368356768959564,0.40981057038946367
0.056393693403835043,0.40981057038946367
0.05641904142710471,0.40981057038946367
0.056444400843887466,0.40981057038946367
0.056469771659304495,0.40981057038946367
0.05649515387847936,0.40981057038946367
0.05652054750653774,0.40981057038946367
0.05654595254860779,0.40981057038946367
0.056571369009819926,0.40981057038946367
0.05659679689530686,0.40981057038946367
0.056622236210203666,0.40981057038946367
0.056647686959647565,0.40981057038946367
0.056673149148778246,0.40981057038946367
0.05669862278273766,0.40981057038946367
0.056724107866670065,0.40981057038946367
0.05674960440572209,0.40981057038946367
0.0567751124050425,0.40981057038946367
0.05680063186978257,0.40981057038946367
0.056826162805095795,0.40981057038946367
0.05685170521613801,0.40981057038946367
0.05687725910806743,0.40981057038946367
0.0569028244860444,0.40981057038946367
0.05692840135523176,0.40981057038946367
0.05695398972079462,0.40981057038946367
0.05697958958790042,0.40981057038946367
0.05700520096171895,0.40981057038946367
0.05703082384742219,0.40981057038946367
0.057056458250184586,0.40981057038946367
0.05708210417518286,0.40981057038946367
0.05710776162759607,0.40981057038946367
0.05713343061260566,0.40981057038946367
0.057159111135395214,0.40981057038946367
0.05718480320115084,0.40981057038946367
0.05721050681506089,0.40981057038946367
0.057236221982316086,0.40981057038946367
0.05726194870810951,0.40981057038946367
0.05728768699763642,0.40981057038946367
0.05731343685609458,0.40981057038946367
0.05733919828868403,0.40981057038946367
0.05736497130060715,0.40981057038946367
0.05739075589706871,0.40981057038946367
0.05741655208327566,0.40981057038946367
0.057442359864437444,0.40981057038946367
0.057468179245765805,0.40981057038946367
0.05749401023247483,0.40981057038946367
0.057519852829781,0.40981057038946367
0.057545707042902954,0.40981057038946367
0.05757157287706188,0.40981057038946367
0.057597450337481246,0.40981057038946367
0.05762333942938684,0.40981057038946367
0.0576492401580069,0.40981057038946367
0.057675152528571805,0.40981057038946367
0.057701076546314484,0.40981057038946367
0.057727012216470135,0.40981057038946367
0.05775295954427633,0.40981057038946367
0.05777891853497305,0.40981057038946367
0.05780488919380245,0.40981057038946367
0.05783087152600922,0.40981057038946367
0.05785686553684035,0.40981057038946367
0.05788287123154518,0.40981057038946367
0.05790888861537548,0.40981057038946367
0.0579349176935852,0.40981057038946367
0.05796095847143082,0.40981057038946367
0.057987010954171136,0.40981057038946367
0.05801307514706736,0.40981057038946367
0.0580391510553829,0.40981057038946367
0.05806523868438369,0.40981057038946367
0.05809133803933799,0.40981057038946367
0.05811744912551642,0.40981057038946367
0.05814357194819202,0.40981057038946367
0.05816970651264004,0.40981057038946367
0.05819585282413827,0.40981057038946367
0.05822201088796681,0.40981057038946367
0.058248180709408126,0.40981057038946367
0.05827436229374715,0.40981057038946367
0.05830055564627097,0.40981057038946367
0.05832676077226926,0.40981057038946367
0.05835297767703399,0.40981057038946367
0.058379206365859526,0.40981057038946367
0.05840544684404267,0.40981057038946367
0.05843169911688241,0.40981057038946367
0.058457963189680315,0.40981057038946367
0.058484239067740265,0.40981057038946367
0.05851052675636853,0.40981057038946367
0.05853682626087383,0.40981057038946367
0.05856313758656707,0.40981057038946367
0.05858946073876175,0.40981057038946367
0.05861579572277367,0.40981057038946367
0.058642142543921055,0.40981057038946367
0.058668501207524544,0.40981057038946367
0.058694871718907006,0.40981057038946367
0.05872125408339388,0.40981057038946367
0.05874764830631294,0.40981057038946367
0.05877405439299435,0.40981057038946367
0.05880047234877075,0.40981057038946367
0.05882690217897695,0.40981057038946367
0.05885334388895039,0.40981057038946367
0.05887979748403082,0.40981057038946367
0.0589062629695604,0.40981057038946367
0.058932740350883736,0.40981057038946367
0.05895922963334769,0.40981057038946367
0.05898573082230167,0.40981057038946367
0.059012243923097445,0.40981057038946367
0.0590387689410892,0.40981057038946367
0.05906530588163356,0.40981057038946367
0.05909185475008941,0.40981057038946367
0.059118415551818196,0.40981057038946367
0.059144988292183724,0.40981057038946367
0.05917157297655222,0.40981057038946367
0.05919816961029237,0.40981057038946367
0.05922477819877509,0.40981057038946367
0.05925139874737391,0.40981057038946367
0.059278031261464685,0.40981057038946367
0.05930467574642573,0.4139611675971456
0.05933133220763778,0.4139611675971456
0.05935800065048386,0.4139611675971456
0.059384681080349576,0.4139611675971456
0.059411373502622884,0.4139611675971456
0.05943807792269417,0.4139611675971456
0.059464794345956314,0.4139611675971456
0.059491522777804416,0.4139611675971456
0.05951826322363621,0.4139611675971456
0.05954501568885177,0.4139611675971456
0.05957178017885361,0.4139611675971456
0.059598556699046734,0.4139611675971456
0.05962534525483839,0.4139611675971456
0.05965214585163844,0.4139611675971456
0.05967895849485911,0.4139611675971456
0.05970578318991507,0.4139611675971456
0.05973261994222348,0.4139611675971456
0.059759468757203754,0.4139611675971456
0.05978632964027791,0.4139611675971456
0.059813202596870375,0.4139611675971456
0.05984008763240798,0.4139611675971456
0.05986698475232007,0.4139611675971456
0.05989389396203826,0.4139611675971456
0.05992081526699676,0.4139611675971456
0.05994774867263219,0.4139611675971456
0.059974694184383594,0.4139611675971456
0.060001651807692534,0.4139611675971456
0.06002862154800283,0.4139611675971456
0.06005560341076093,0.4139611675971456
0.06008259740141569,0.4139611675971456
0.060109603525418366,0.4139611675971456
0.06013662178822278,0.4139611675971456
0.06016365219528499,0.4139611675971456
0.0601906947520637,0.4139611675971456
0.060217749464020004,0.4139611675971456
0.06024481633661745,0.4139611675971456
0.060271895375322106,0.4139611675971456
0.06029898658560231,0.4139611675971456
0.06032608997292905,0.4139611675971456
0.06035320554277569,0.4139611675971456
0.06038033330061809,0.4139611675971456
0.06040747325193459,0.4139611675971456
0.060434625402205844,0.4139611675971456
0.06046178975691514,0.4139611675971456
0.060488966321548154,0.4139611675971456
0.06051615510159306,0.4139611675971456
0.060543356102540545,0.4139611675971456
0.06057056932988356,0.4139611675971456
0.06059779478911774,0.4139611675971456
0.060625032485741116,0.4139611675971456
0.06065228242525418,0.4139611675971456
0.06067954461315998,0.4139611675971456
0.060706819054963834,0.4139611675971456
0.06073410575617373,0.4139611675971456
0.06076140472230006,0.4139611675971456
0.0607887159588557,0.4139611675971456
0.060816039471356075,0.4139611675971456
0.06084337526531888,0.4139611675971456
0.060870723346264505,0.4139611675971456
0.06089808371971573,0.4139611675971456
0.060925456391197834,0.4139611675971456
0.06095284136623864,0.4139611675971456
0.06098023865036826,0.4139611675971456
0.0610076482491195,0.4139611675971456
0.06103507016802757,0.4139611675971456
0.06106250441263017,0.4139611675971456
0.06108995098846757,0.4139611675971456
0.06111740990108231,0.4139611675971456
0.06114488115601964,0.4139611675971456
0.06117236475882723,0.4139611675971456
0.0611998607150553,0.4139611675971456
0.06122736903025638,0.4139611675971456
0.06125488970998568,0.4139611675971456
0.061282422759800864,0.4139611675971456
0.06130996818526206,0.4139611675971456
0.06133752599193199,0.4139611675971456
0.061365096185375674,0.4139611675971456
0.06139267877116082,0.4139611675971456
0.06142027375485758,0.4139611675971456
0.0614478811420386,0.4139611675971456
0.06147550093827911,0.4139611675971456
0.06150313314915665,0.4139611675971456
0.06153077778025145,0.4139611675971456
0.061558434837146195,0.4139611675971456
0.06158610432542607,0.4139611675971456
0.06161378625067884,0.4139611675971456
0.061641480618494594,0.4139611675971456
0.061669187434466116,0.4139611675971456
0.06169690670418864,0.4139611675971456
0.06172463843325993,0.4139611675971456
0.06175238262728031,0.4139611675971456
0.061780139291852436,0.4139611675971456
0.06180790843258169,0.4139611675971456
0.06183569005507588,0.4139611675971456
0.061863484164945366,0.4139611675971456
0.061891290767803066,0.4139611675971456
0.06191910986926425,0.4139611675971456
0.06194694147494689,0.4139611675971456
0.061974785590471426,0.4139611675971456
0.062002642221460826,0.4139611675971456
0.062030511373540646,0.4139611675971456
0.062058393052338776,0.4139611675971456
0.062086287263485834,0.4139611675971456
0.0621141940126149,0.4139611675971456
0.06214211330536158,0.4139611675971456
0.0621700451473641,0.4139611675971456
0.062197989544263005,0.4139611675971456
0.062225946501701566,0.4139611675971456
0.062253916025325554,0.4139611675971456
0.06228189812078325,0.4139611675971456
0.06230989279372554,0.4139611675971456
0.062337900049805675,0.4139611675971456
0.06236591989467963,0.4139611675971456
0.06239395233400585,0.4139611675971456
0.062421997373445344,0.4139611675971456
0.0624500550186617,0.4139611675971456
0.06247812527532089,0.4139611675971456
0.0625062081490916,0.4139611675971456
0.06253430364564502,0.4139611675971456
0.06256241177065487,0.4139611675971456
0.0625905325297975,0.4139611675971456
0.06261866592875162,0.4139611675971456
0.06264681197319867,0.4139611675971456
0.06267497066882259,0.4139611675971456
0.06270314202130987,0.4139611675971456
0.06273132603634962,0.4139611675971456
0.06275952271963334,0.4139611675971456
0.06278773207685523,0.4139611675971456
0.06281595411371202,0.4139611675971456
0.06284418883590301,0.4139611675971456
0.0628724362491301,0.4139611675971456
0.06290069635909755,0.4139611675971456
0.06292896917151243,0.4139611675971456
0.06295725469208427,0.4139611675971456
0.06298555292652515,0.4139611675971456
0.06301386388054984,0.4139611675971456
0.06304218755987544,0.4139611675971456
0.06307052397022181,0.4139611675971456
0.06309887311731134,0.4139611675971456
0.06312723500686898,0.4139611675971456
0.06315560964462234,0.4139611675971456
0.06318399703630137,0.4139611675971456
0.06321239718763882,0.4139611675971456
0.06324081010436995,0.4139611675971456
0.06326923579223258,0.4139611675971456
0.0632976742569672,0.4139611675971456
0.06332612550431664,0.4139611675971456
0.06335458954002657,0.4139611675971456
0.06338306636984513,0.4139611675971456
0.06341155599952306,0.4139611675971456
0.06344005843481373,0.4139611675971456
0.06346857368147296,0.4139611675971456
0.06349710174525927,0.4139611675971456
0.06352564263193378,0.4139611675971456
0.06355419634726013,0.4139611675971456
0.06358276289700468,0.4139611675971456
0.06361134228693613,0.4139611675971456
0.06363993452282601,0.4139611675971456
0.06366853961044837,0.4139611675971456
0.06369715755557982,0.4139611675971456
0.0637257883639997,0.4139611675971456
0.06375443204148969,0.4139611675971456
0.06378308859383429,0.4139611675971456
0.06381175802682053,0.4139611675971456
0.06384044034623805,0.4139611675971456
0.06386913555787914,0.4139611675971456
0.06389784366753852,0.4139611675971456
0.0639265646810137,0.4139611675971456
0.06395529860410472,0.4139611675971456
0.06398404544261423,0.4139611675971456
0.06401280520234759,0.4139611675971456
0.06404157788911251,0.4139611675971456
0.06407036350871957,0.4139611675971456
0.06409916206698184,0.4139611675971456
0.06412797356971504,0.4139611675971456
0.06415679802273758,0.4139611675971456
0.06418563543187022,0.4139611675971456
0.06421448580293662,0.4139611675971456
0.06424334914176295,0.4139611675971456
0.06427222545417799,0.4139611675971456
0.0643011147460132,0.4139611675971456
0.06433001702310252,0.4139611675971456
0.06435893229128266,0.4139611675971456
0.06438786055639287,0.4139611675971456
0.06441680182427507,0.4139611675971456
0.06444575610077388,0.4139611675971456
0.0644747233917363,0.4139611675971456
0.06450370370301216,0.4139611675971456
0.0645326970404539,0.4139611675971456
0.06456170340991664,0.4139611675971456
0.0645907228172579,0.4139611675971456
0.06461975526833806,0.4139611675971456
0.06464880076902008,0.4139611675971456
0.0646778593251695,0.4139611675971456
0.06470693094265464,0.4139611675971456
0.06473601562734621,0.4139611675971456
0.06476511338511776,0.4139611675971456
0.06479422422184541,0.4139611675971456
0.06482334814340796,0.4139611675971456
0.06485248515568687,0.4139611675971456
0.06488163526456607,0.4139611675971456
0.06491079847593234,0.4139611675971456
0.06493997479567501,0.4139611675971456
0.0649691642296861,0.4139611675971456
0.0649983667838603,0.4139611675971456
0.06502758246409478,0.4139611675971456
0.06505681127628955,0.4139611675971456
0.06508605322634721,0.4139611675971456
0.065115308320173,0.4139611675971456
0.06514457656367491,0.4139611675971456
0.06517385796276334,0.4139611675971456
0.0652031525233516,0.4139611675971456
0.06523246025135555,0.4139611675971456
0.06526178115269372,0.4139611675971456
0.06529111523328739,0.4139611675971456
0.06532046249906026,0.4139611675971456
0.06534982295593891,0.4139611675971456
0.06537919660985254,0.4139611675971456
0.065408583466733,0.4139611675971456
0.06543798353251486,0.4139611675971456
0.06546739681313517,0.4139611675971456
0.06549682331453384,0.4139611675971456
0.06552626304265338,0.4139611675971456
0.06555571600343901,0.4139611675971456
0.06558518220283864,0.4139611675971456
0.06561466164680266,0.4139611675971456
0.06564415434128437,0.4139611675971456
0.06567366029223966,0.4139611675971456
0.06570317950562707,0.4139611675971456
0.06573271198740792,0.4139611675971456
0.065762257743546,0.4139611675971456
0.06579181678000796,0.4139611675971456
0.06582138910276313,0.4139611675971456
0.06585097471778342,0.4139611675971456
0.06588057363104359,0.4139611675971456
0.06591018584852082,0.4139611675971456
0.06593981137619521,0.4139611675971456
0.06596945022004948,0.4139611675971456
0.06599910238606901,0.4139611675971456
0.06602876788024196,0.4139611675971456
0.06605844670855901,0.4139611675971456
0.06608813887701366,0.4139611675971456
0.06611784439160209,0.4139611675971456
0.06614756325832319,0.4139611675971456
0.06617729548317856,0.4139611675971456
0.06620704107217233,0.4139611675971456
0.06623680003131154,0.4139611675971456
0.06626657236660582,0.4139611675971456
0.06629635808406754,0.4139611675971456
0.06632615718971185,0.4139611675971456
0.06635596968955634,0.4139611675971456
0.06638579558962159,0.4139611675971456
0.06641563489593073,0.4139611675971456
0.06644548761450968,0.4139611675971456
0.06647535375138706,0.4139611675971456
0.06650523331259409,0.4139611675971456
0.0665351263041648,0.4139611675971456
0.06656503273213595,0.4139611675971456
0.06659495260254694,0.4139611675971456
0.06662488592144003,0.4139611675971456
0.06665483269485992,0.4139611675971456
0.06668479292885428,0.4139611675971456
0.06671476662947341,0.4139611675971456
0.06674475380277034,0.4139611675971456
0.06677475445480087,0.4139611675971456
0.06680476859162333,0.4139611675971456
0.06683479621929898,0.4139611675971456
0.06686483734389174,0.4139611675971456
0.06689489197146824,0.4139611675971456
0.06692496010809793,0.4139611675971456
0.06695504175985273,0.4139611675971456
0.06698513693280757,0.4139611675971456
0.06701524563303998,0.4139611675971456
0.06704536786663026,0.4139611675971456
0.06707550363966149,0.4139611675971456
0.06710565295821928,0.4139611675971456
0.0671358158283922,0.4139611675971456
0.06716599225627147,0.4139611675971456
0.06719618224795104,0.4139611675971456
0.06722638580952771,0.4139611675971456
0.06725660294710074,0.4139611675971456
0.06728683366677242,0.4139611675971456
0.06731707797464767,0.4139611675971456
0.06734733587683414,0.4139611675971456
0.06737760737944234,0.4139611675971456
0.06740789248858528,0.4139611675971456
0.06743819121037894,0.4139611675971456
0.067468503550942,0.4139611675971456
0.06749882951639584,0.4139611675971456
0.06752916911286469,0.4139611675971456
0.06755952234647535,0.4139611675971456
0.06758988922335754,0.4139611675971456
0.06762026974964368,0.4139611675971456
0.06765066393146896,0.4139611675971456
0.06768107177497139,0.4139611675971456
0.0677114932862915,0.4139611675971456
0.06774192847157284,0.4139611675971456
0.06777237733696163,0.4139611675971456
0.06780283988860683,0.4139611675971456
0.06783331613266026,0.4139611675971456
0.06786380607527631,0.4139611675971456
0.06789430972261229,0.4139611675971456
0.06792482708082827,0.4139611675971456
0.06795535815608705,0.4139611675971456
0.06798590295455428,0.4139611675971456
0.06801646148239819,0.4139611675971456
0.06804703374578995,0.4139611675971456
0.06807761975090347,0.4139611675971456
0.0681082195039155,0.4139611675971456
0.06813883301100536,0.4139611675971456
0.06816946027835531,0.4139611675971456
0.0682001013121504,0.4139611675971456
0.06823075611857839,0.4139611675971456
0.06826142470382993,0.4139611675971456
0.06829210707409823,0.4139611675971456
0.0683228032355795,0.4139611675971456
0.06835351319447264,0.4139611675971456
0.06838423695697937,0.4139611675971456
0.06841497452930427,0.4139611675971456
0.06844572591765445,0.4139611675971456
0.06847649112824007,0.4139611675971456
0.068507270167274,0.4139611675971456
0.06853806304097189,0.4139611675971456
0.06856886975555225,0.4139611675971456
0.0685996903172362,0.4139611675971456
0.06863052473224784,0.4139611675971456
0.06866137300681403,0.4139611675971456
0.06869223514716438,0.4139611675971456
0.06872311115953142,0.4139611675971456
0.06875400105015025,0.4139611675971456
0.06878490482525897,0.4139611675971456
0.06881582249109842,0.4139611675971456
0.06884675405391227,0.4139611675971456
0.06887769951994704,0.4139611675971456
0.06890865889545186,0.4139611675971456
0.06893963218667887,0.4139611675971456
0.06897061939988296,0.4139611675971456
0.0690016205413218,0.4139611675971456
0.06903263561725602,0.4139611675971456
0.06906366463394875,0.4139611675971456
0.06909470759766623,0.4139611675971456
0.0691257645146774,0.4139611675971456
0.06915683539125406,0.4139611675971456
0.06918792023367083,0.4139611675971456
0.069219019048205,0.4139611675971456
0.06925013184113689,0.4139611675971456
0.06928125861874954,0.4139611675971456
0.06931239938732882,0.4139611675971456
0.06934355415316353,0.4139611675971456
0.06937472292254504,0.4139611675971456
0.06940590570176779,0.4139611675971456
0.06943710249712898,0.4139611675971456
0.06946831331492861,0.4139611675971456
0.06949953816146962,0.4139611675971456
0.06953077704305755,0.4139611675971456
0.06956202996600097,0.4139611675971456
0.06959329693661127,0.4139611675971456
0.06962457796120261,0.4139611675971456
0.06965587304609211,0.4139611675971456
0.06968718219759949,0.4139611675971456
0.06971850542204754,0.4139611675971456
0.06974984272576179,0.4139611675971456
0.06978119411507065,0.4139611675971456
0.06981255959630545,0.4139611675971456
0.06984393917580009,0.4139611675971456
0.0698753328598916,0.4139611675971456
0.06990674065491975,0.4139611675971456
0.0699381625672272,0.4139611675971456
0.06996959860315945,0.4139611675971456
0.07000104876906474,0.4139611675971456
0.0700325130712943,0.4139611675971456
0.07006399151620218,0.4139611675971456
0.07009548411014528,0.4139611675971456
0.07012699085948342,0.4139611675971456
0.07015851177057908,0.4139611675971456
0.0701900468497978,0.4139611675971456
0.07022159610350791,0.4139611675971456
0.0702531595380806,0.4139611675971456
0.07028473715989003,0.4139611675971456
0.07031632897531297,0.4139611675971456
0.07034793499072928,0.4139611675971456
0.07037955521252161,0.4139611675971456
0.0704111896470755,0.4139611675971456
0.07044283830077942,0.4139611675971456
0.0704745011800245,0.4139611675971456
0.07050617829120495,0.4139611675971456
0.07053786964071779,0.4139611675971456
0.07056957523496292,0.4139611675971456
0.07060129508034316,0.4139611675971456
0.07063302918326403,0.4139611675971456
0.07066477755013413,0.4139611675971456
0.07069654018736485,0.4139611675971456
0.0707283171013705,0.4139611675971456
0.07076010829856831,0.4139611675971456
0.07079191378537819,0.4139611675971456
0.07082373356822316,0.4139611675971456
0.07085556765352906,0.4139611675971456
0.0708874160477246,0.4139611675971456
0.07091927875724144,0.4139611675971456
0.07095115578851395,0.4139611675971456
0.0709830471479796,0.4139611675971456
0.07101495284207866,0.4139611675971456
0.07104687287725432,0.4139611675971456
0.0710788072599527,0.4139611675971456
0.07111075599662267,0.4139611675971456
0.07114271909371614,0.4139611675971456
0.07117469655768789,0.4139611675971456
0.0712066883949956,0.4139611675971456
0.07123869461209989,0.4139611675971456
0.07127071521546412,0.4139611675971456
0.07130275021155474,0.4139611675971456
0.07133479960684104,0.4139611675971456
0.07136686340779522,0.4139611675971456
0.07139894162089246,0.4139611675971456
0.07143103425261062,0.4139611675971456
0.0714631413094307,0.4139611675971456
0.07149526279783656,0.4139611675971456
0.07152739872431496,0.4139611675971456
0.07155954909535563,0.4139611675971456
0.071591713917451,0.4139611675971456
0.0716238931970967,0.4139611675971456
0.0716560869407911,0.4139611675971456
0.0716882951550356,0.4139611675971456
0.0717205178463345,0.4139611675971456
0.07175275502119487,0.4139611675971456
0.0717850066861269,0.4139611675971456
0.07181727284764364,0.4139611675971456
0.07184955351226104,0.4139611675971456
0.0718818486864981,0.4139611675971456
0.0719141583768765,0.4139611675971456
0.07194648258992108,0.4139611675971456
0.0719788213321595,0.4139611675971456
0.07201117461012252,0.4139611675971456
0.07204354243034353,0.4139611675971456
0.07207592479935909,0.4139611675971456
0.07210832172370867,0.4139611675971456
0.07214073320993462,0.4139611675971456
0.07217315926458236,0.4139611675971456
0.07220559989419999,0.4139611675971456
0.0722380551053388,0.4139611675971456
0.07227052490455292,0.4139611675971456
0.07230300929839947,0.4139611675971456
0.07233550829343856,0.4139611675971456
0.07236802189623304,0.4139611675971456
0.07240055011334891,0.4139611675971456
0.07243309295135505,0.4139611675971456
0.07246565041682336,0.4139611675971456
0.07249822251632866,0.4139611675971456
0.07253080925644859,0.4139611675971456
0.07256341064376393,0.4139611675971456
0.07259602668485832,0.4139611675971456
0.07262865738631843,0.4139611675971456
0.0726613027547339,0.4139611675971456
0.07269396279669714,0.4139611675971456
0.07272663751880375,0.4139611675971456
0.07275932692765218,0.4139611675971456
0.0727920310298439,0.4139611675971456
0.07282474983198339,0.4139611675971456
0.07285748334067789,0.4139611675971456
0.07289023156253781,0.4139611675971456
0.07292299450417647,0.4139611675971456
0.07295577217221018,0.4139611675971456
0.07298856457325828,0.4139611675971456
0.07302137171394286,0.4139611675971456
0.07305419360088922,0.4139611675971456
0.07308703024072555,0.4139611675971456
0.07311988164008303,0.4139611675971456
0.0731527478055959,0.4139611675971456
0.07318562874390115,0.4139611675971456
0.07321852446163897,0.4139611675971456
0.07325143496545247,0.4139611675971456
0.07328436026198776,0.4139611675971456
0.07331730035789397,0.4139611675971456
0.07335025525982303,0.4139611675971456
0.07338322497443009,0.4139611675971456
0.07341620950837317,0.4139611675971456
0.07344920886831335,0.4139611675971456
0.07348222306091473,0.4139611675971456
0.07351525209284418,0.4139611675971456
0.07354829597077182,0.4139611675971456
0.07358135470137067,0.4139611675971456
0.07361442829131676,0.4139611675971456
0.0736475167472892,0.4139611675971456
0.07368062007596986,0.4139611675971456
0.07371373828404386,0.4139611675971456
0.07374687137819923,0.4139611675971456
0.07378001936512701,0.4139611675971456
0.07381318225152134,0.4139611675971456
0.07384636004407913,0.4139611675971456
0.07387955274950052,0.4139611675971456
0.0739127603744886,0.4139611675971456
0.07394598292574946,0.4139611675971456
0.07397922040999227,0.4139611675971456
0.07401247283392905,0.4139611675971456
0.07404574020427497,0.4139611675971456
0.07407902252774823,0.4139611675971456
0.07411231981106998,0.4139611675971456
0.07414563206096451,0.4139611675971456
0.07417895928415891,0.4139611675971456
0.07421230148738348,0.4139611675971456
0.0742456586773715,0.4139611675971456
0.07427903086085927,0.4139611675971456
0.0743124180445862,0.4139611675971456
0.07434582023529449,0.4139611675971456
0.07437923743972959,0.4139611675971456
0.07441266966463994,0.4139611675971456
0.074446116916777,0.4139611675971456
0.0744795792028953,0.4139611675971456
0.07451305652975224,0.4139611675971456
0.07454654890410845,0.4139611675971456
0.07458005633272752,0.4139611675971456
0.0746135788223761,0.4139611675971456
0.07464711637982394,0.4139611675971456
0.07468066901184361,0.4139611675971456
0.07471423672521098,0.4139611675971456
0.07474781952670483,0.4139611675971456
0.07478141742310704,0.4139611675971456
0.07481503042120259,0.4139611675971456
0.07484865852777928,0.4139611675971456
0.0748823017496282,0.4139611675971456
0.07491596009354343,0.4139611675971456
0.07494963356632206,0.4139611675971456
0.07498332217476436,0.4139611675971456
0.07501702592567339,0.4139611675971456
0.07505074482585551,0.4139611675971456
0.07508447888212008,0.4139611675971456
0.0751182281012795,0.4139611675971456
0.07515199249014931,0.4139611675971456
0.07518577205554788,0.4139611675971456
0.07521956680429691,0.4139611675971456
0.07525337674322104,0.4139611675971456
0.075287201879148,0.4139611675971456
0.07532104221890869,0.4139611675971456
0.07535489776933679,0.4139611675971456
0.07538876853726934,0.4139611675971456
0.07542265452954634,0.4139611675971456
0.0754565557530109,0.4139611675971456
0.07549047221450925,0.4139611675971456
0.07552440392089048,0.4139611675971456
0.07555835087900697,0.4139611675971456
0.07559231309571414,0.4139611675971456
0.07562629057787047,0.4139611675971456
0.0756602833323376,0.4139611675971456
0.07569429136598002,0.4139611675971456
0.07572831468566554,0.4139611675971456
0.07576235329826499,0.4139611675971456
0.07579640721065227,0.4139611675971456
0.07583047642970445,0.4139611675971456
0.07586456096230149,0.4139611675971456
0.07589866081532663,0.4139611675971456
0.07593277599566615,0.4139611675971456
0.0759669065102095,0.4139611675971456
0.076001052365849,0.4139611675971456
0.0760352135694803,0.4139611675971456
0.07606939012800204,0.4139611675971456
0.076103582048316,0.4139611675971456
0.07613778933732714,0.4139611675971456
0.07617201200194326,0.4139611675971456
0.07620625004907551,0.4139611675971456
0.0762405034856381,0.4139611675971456
0.0762747723185483,0.4139611675971456
0.0763090565547266,0.4139611675971456
0.07634335620109635,0.4139611675971456
0.07637767126458427,0.4139611675971456
0.07641200175212005,0.4139611675971456
0.07644634767063659,0.4139611675971456
0.07648070902706992,0.4139611675971456
0.07651508582835896,0.4139611675971456
0.076549478081446,0.4139611675971456
0.07658388579327638,0.4139611675971456
0.07661830897079852,0.4139611675971456
0.07665274762096409,0.4139611675971456
0.07668720175072762,0.4139611675971456
0.07672167136704701,0.4139611675971456
0.07675615647688319,0.4139611675971456
0.07679065708720027,0.4139611675971456
0.07682517320496551,0.4139611675971456
0.07685970483714911,0.4139611675971456
0.07689425199072461,0.4139611675971456
0.07692881467266863,0.4139611675971456
0.07696339288996089,0.4139611675971456
0.07699798664958435,0.4139611675971456
0.0770325959585249,0.4139611675971456
0.07706722082377174,0.4139611675971456
0.07710186125231719,0.4139611675971456
0.0771365172511567,0.4139611675971456
0.0771711888272889,0.4139611675971456
0.07720587598771542,0.4139611675971456
0.07724057873944117,0.4139611675971456
0.07727529708947421,0.4139611675971456
0.0773100310448257,0.4139611675971456
0.07734478061251006,0.4139611675971456
0.0773795457995446,0.4139611675971456
0.07741432661295006,0.4139611675971456
0.07744912305975021,0.4139611675971456
0.07748393514697202,0.4139611675971456
0.07751876288164566,0.4139611675971456
0.07755360627080425,0.4139611675971456
0.07758846532148429,0.4139611675971456
0.07762334004072538,0.4139611675971456
0.07765823043557028,0.4139611675971456
0.07769313651306498,0.4139611675971456
0.07772805828025842,0.4139611675971456
0.07776299574420292,0.4139611675971456
0.07779794891195393,0.4139611675971456
0.07783291779057004,0.4139611675971456
0.0778679023871131,0.4139611675971456
0.07790290270864789,0.4139611675971456
0.07793791876224263,0.4139611675971456
0.0779729505549686,0.4139611675971456
0.07800799809390027,0.4139611675971456
0.0780430613861154,0.4139611675971456
0.07807814043869465,0.4139611675971456
0.07811323525872213,0.4139611675971456
0.07814834585328505,0.4139611675971456
0.07818347222947378,0.4139611675971456
0.07821861439438199,0.4139611675971456
0.07825377235510629,0.4139611675971456
0.0782889461187467,0.4139611675971456
0.07832413569240639,0.4139611675971456
0.07835934108319167,0.4139611675971456
0.07839456229821219,0.4139611675971456
0.07842979934458048,0.4139611675971456
0.07846505222941258,0.4139611675971456
0.07850032095982759,0.4139611675971456
0.07853560554294786,0.4139611675971456
0.07857090598589897,0.4139611675971456
0.0786062222958095,0.4139611675971456
0.07864155447981147,0.4139611675971456
0.07867690254504002,0.4139611675971456
0.07871226649863348,0.4139611675971456
0.0787476463477335,0.4139611675971456
0.07878304209948467,0.4139611675971456
0.07881845376103506,0.4139611675971456
0.07885388133953586,0.4139611675971456
0.07888932484214145,0.4139611675971456
0.07892478427600956,0.4139611675971456
0.07896025964830085,0.4139611675971456
0.07899575096617946,0.4139611675971456
0.07903125823681266,0.4139611675971456
0.07906678146737095,0.4139611675971456
0.07910232066502813,0.4139611675971456
0.07913787583696098,0.4139611675971456
0.07917344699034976,0.4139611675971456
0.07920903413237786,0.4139611675971456
0.0792446372702319,0.4139611675971456
0.07928025641110184,0.4139611675971456
0.07931589156218058,0.4139611675971456
0.07935154273066453,0.4139611675971456
0.07938720992375325,0.4139611675971456
0.07942289314864955,0.4139611675971456
0.07945859241255951,0.4139611675971456
0.07949430772269225,0.4139611675971456
0.07953003908626036,0.4139611675971456
0.07956578651047959,0.4139611675971456
0.07960155000256894,0.4139611675971456
0.07963732956975073,0.4139611675971456
0.07967312521925027,0.4139611675971456
0.07970893695829638,0.4139611675971456
0.07974476479412106,0.4139611675971456
0.07978060873395952,0.4139611675971456
0.07981646878505033,0.4139611675971456
0.07985234495463508,0.4139611675971456
0.07988823724995883,0.4139611675971456
0.07992414567826985,0.4139611675971456
0.07996007024681963,0.4139611675971456
0.07999601096286302,0.4139611675971456
0.08003196783365789,0.4139611675971456
0.08006794086646561,0.4139611675971456
0.08010393006855074,0.4139611675971456
0.08013993544718119,0.4139611675971456
0.08017595700962786,0.4139611675971456
0.0802119947631652,0.4139611675971456
0.08024804871507085,0.4139611675971456
0.08028411887262568,0.4139611675971456
0.08032020524311395,0.4139611675971456
0.08035630783382294,0.4139611675971456
0.08039242665204345,0.4139611675971456
0.08042856170506948,0.4139611675971456
0.08046471300019829,0.4139611675971456
0.08050088054473055,0.4139611675971456
0.08053706434596988,0.4139611675971456
0.08057326441122352,0.4139611675971456
0.08060948074780186,0.4139611675971456
0.08064571336301858,0.4139611675971456
0.08068196226419076,0.4139611675971456
0.08071822745863848,0.4139611675971456
0.08075450895368538,0.4139611675971456
0.08079080675665833,0.4139611675971456
0.08082712087488744,0.4139611675971456
0.08086345131570624,0.4139611675971456
0.0808997980864513,0.4139611675971456
0.08093616119446272,0.4139611675971456
0.08097254064708384,0.4139611675971456
0.0810089364516613,0.4139611675971456
0.08104534861554508,0.4139611675971456
0.08108177714608827,0.4139611675971456
0.0811182220506475,0.4139611675971456
0.08115468333658261,0.4139611675971456
0.08119116101125676,0.4139611675971456
0.08122765508203647,0.4139611675971456
0.08126416555629139,0.4139611675971456
0.08130069244139465,0.4139611675971456
0.0813372357447227,0.4139611675971456
0.08137379547365521,0.4139611675971456
0.08141037163557532,0.4139611675971456
0.08144696423786923,0.4139611675971456
0.08148357328792669,0.4139611675971456
0.08152019879314067,0.4139611675971456
0.08155684076090751,0.4139611675971456
0.08159349919862693,0.4139611675971456
0.08163017411370176,0.4139611675971456
0.08166686551353833,0.4139611675971456
0.08170357340554628,0.4139611675971456
0.0817402977971386,0.4139611675971456
0.08177703869573161,0.4139611675971456
0.0818137961087448,0.4139611675971456
0.0818505700436012,0.4139611675971456
0.0818873605077271,0.4139611675971456
0.08192416750855214,0.4139611675971456
0.08196099105350936,0.4139611675971456
0.08199783115003491,0.4139611675971456
0.08203468780556852,0.4139611675971456
0.0820715610275532,0.4139611675971456
0.08210845082343529,0.4139611675971456
0.08214535720066456,0.4139611675971456
0.08218228016669388,0.4139611675971456
0.08221921972897972,0.4139611675971456
0.08225617589498183,0.4139611675971456
0.0822931486721633,0.4139611675971456
0.08233013806799065,0.4139611675971456
0.08236714408993354,0.4139611675971456
0.08240416674546519,0.4139611675971456
0.08244120604206213,0.4139611675971456
0.08247826198720425,0.4139611675971456
0.08251533458837486,0.4139611675971456
0.08255242385306041,0.4139611675971456
0.08258952978875095,0.4139611675971456
0.08262665240293983,0.4139611675971456
0.08266379170312374,0.4139611675971456
0.08270094769680285,0.4139611675971456
0.08273812039148044,0.4139611675971456
0.08277530979466341,0.4139611675971456
0.08281251591386195,0.4139611675971456
0.08284973875658964,0.4139611675971456
0.0828869783303635,0.4139611675971456
0.0829242346427037,0.4139611675971456
0.08296150770113402,0.4139611675971456
0.08299879751318155,0.4139611675971456
0.08303610408637677,0.4139611675971456
0.0830734274282536,0.4139611675971456
0.08311076754634913,0.4139611675971456
0.08314812444820409,0.4139611675971456
0.08318549814136246,0.4139611675971456
0.08322288863337167,0.4139611675971456
0.08326029593178262,0.4139611675971456
0.08329772004414931,0.4139611675971456
0.08333516097802945,0.42929313034405736
0.083372618740984,0.42929313034405736
0.08341009334057738,0.42929313034405736
0.08344758478437742,0.42929313034405736
0.08348509307995516,0.42929313034405736
0.0835226182348853,0.42929313034405736
0.08356016025674581,0.42929313034405736
0.0835977191531181,0.42929313034405736
0.08363529493158706,0.42929313034405736
0.08367288759974076,0.42929313034405736
0.0837104971651709,0.42929313034405736
0.08374812363547252,0.42929313034405736
0.08378576701824408,0.42929313034405736
0.08382342732108755,0.42929313034405736
0.08386110455160806,0.42929313034405736
0.08389879871741436,0.42929313034405736
0.08393650982611861,0.42929313034405736
0.08397423788533635,0.42929313034405736
0.08401198290268666,0.42929313034405736
0.08404974488579173,0.42929313034405736
0.08408752384227748,0.42929313034405736
0.08412531977977318,0.42929313034405736
0.0841631327059115,0.42929313034405736
0.08420096262832863,0.42929313034405736
0.08423880955466395,0.42929313034405736
0.08427667349256052,0.42929313034405736
0.08431455444966475,0.42929313034405736
0.08435245243362649,0.42929313034405736
0.08439036745209912,0.42929313034405736
0.08442829951273918,0.42929313034405736
0.08446624862320695,0.42929313034405736
0.08450421479116603,0.42929313034405736
0.08454219802428346,0.42929313034405736
0.08458019833022987,0.42929313034405736
0.084618215716679,0.42929313034405736
0.08465625019130837,0.42929313034405736
0.08469430176179882,0.42929313034405736
0.08473237043583472,0.42929313034405736
0.08477045622110367,0.42929313034405736
0.08480855912529697,0.42929313034405736
0.0848466791561093,0.42929313034405736
0.08488481632123879,0.42929313034405736
0.08492297062838708,0.42929313034405736
0.0849611420852591,0.42929313034405736
0.0849993306995634,0.42929313034405736
0.08503753647901201,0.42929313034405736
0.08507575943132034,0.42929313034405736
0.0851139995642074,0.42929313034405736
0.08515225688539539,0.42929313034405736
0.08519053140261028,0.42929313034405736
0.08522882312358136,0.42929313034405736
0.08526713205604146,0.42929313034405736
0.08530545820772693,0.42929313034405736
0.08534380158637736,0.42929313034405736
0.08538216219973606,0.42929313034405736
0.08542054005554975,0.42929313034405736
0.08545893516156862,0.42929313034405736
0.08549734752554643,0.42929313034405736
0.08553577715524019,0.42929313034405736
0.08557422405841061,0.42929313034405736
0.08561268824282187,0.42929313034405736
0.08565116971624155,0.42929313034405736
0.0856896684864409,0.42929313034405736
0.08572818456119434,0.42929313034405736
0.08576671794828006,0.42929313034405736
0.08580526865547967,0.42929313034405736
0.08584383669057828,0.42929313034405736
0.08588242206136458,0.42929313034405736
0.08592102477563048,0.42929313034405736
0.08595964484117168,0.42929313034405736
0.08599828226578729,0.42929313034405736
0.08603693705727992,0.42929313034405736
0.08607560922345579,0.42929313034405736
0.08611429877212434,0.42929313034405736
0.08615300571109881,0.42929313034405736
0.08619173004819584,0.42929313034405736
0.08623047179123561,0.42929313034405736
0.08626923094804187,0.42929313034405736
0.08630800752644166,0.42929313034405736
0.08634680153426577,0.42929313034405736
0.08638561297934845,0.42929313034405736
0.08642444186952743,0.42929313034405736
0.08646328821264411,0.42929313034405736
0.0865021520165431,0.42929313034405736
0.08654103328907281,0.42929313034405736
0.08657993203808512,0.42929313034405736
0.08661884827143539,0.42929313034405736
0.08665778199698265,0.42929313034405736
0.08669673322258917,0.42929313034405736
0.08673570195612101,0.42929313034405736
0.0867746882054477,0.42929313034405736
0.0868136919784423,0.42929313034405736
0.08685271328298148,0.42929313034405736
0.08689175212694521,0.42929313034405736
0.08693080851821726,0.42929313034405736
0.08696988246468484,0.42929313034405736
0.08700897397423873,0.42929313034405736
0.08704808305477334,0.42929313034405736
0.08708720971418632,0.42929313034405736
0.08712635396037921,0.42929313034405736
0.08716551580125695,0.42929313034405736
0.08720469524472807,0.42929313034405736
0.08724389229870472,0.42929313034405736
0.08728310697110235,0.42929313034405736
0.08732233926984025,0.42929313034405736
0.08736158920284115,0.42929313034405736
0.08740085677803136,0.42929313034405736
0.08744014200334084,0.42929313034405736
0.08747944488670285,0.42929313034405736
0.08751876543605447,0.42929313034405736
0.08755810365933628,0.42929313034405736
0.0875974595644924,0.42929313034405736
0.08763683315947064,0.42929313034405736
0.0876762244522221,0.42929313034405736
0.08771563345070171,0.42929313034405736
0.08775506016286792,0.42929313034405736
0.08779450459668273,0.42929313034405736
0.08783396676011179,0.42929313034405736
0.08787344666112411,0.42929313034405736
0.08791294430769252,0.42929313034405736
0.08795245970779336,0.42929313034405736
0.08799199286940654,0.42929313034405736
0.08803154380051564,0.42929313034405736
0.0880711125091076,0.42929313034405736
0.08811069900317317,0.42929313034405736
0.08815030329070662,0.42929313034405736
0.08818992537970584,0.42929313034405736
0.08822956527817237,0.42929313034405736
0.08826922299411108,0.42929313034405736
0.08830889853553071,0.42929313034405736
0.08834859191044354,0.42929313034405736
0.08838830312686541,0.42929313034405736
0.08842803219281588,0.42929313034405736
0.08846777911631783,0.42929313034405736
0.08850754390539801,0.42929313034405736
0.08854732656808673,0.42929313034405736
0.08858712711241784,0.42929313034405736
0.08862694554642897,0.42929313034405736
0.08866678187816102,0.42929313034405736
0.08870663611565881,0.42929313034405736
0.0887465082669707,0.42929313034405736
0.08878639834014863,0.42929313034405736
0.08882630634324828,0.42929313034405736
0.08886623228432868,0.42929313034405736
0.08890617617145273,0.42929313034405736
0.08894613801268687,0.42929313034405736
0.08898611781610119,0.42929313034405736
0.08902611558976947,0.42929313034405736
0.08906613134176887,0.42929313034405736
0.08910616508018043,0.42929313034405736
0.08914621681308874,0.42929313034405736
0.08918628654858202,0.42929313034405736
0.08922637429475223,0.42929313034405736
0.0892664800596947,0.42929313034405736
0.08930660385150864,0.42929313034405736
0.08934674567829683,0.42929313034405736
0.0893869055481658,0.42929313034405736
0.08942708346922539,0.42929313034405736
0.08946727944958943,0.42929313034405736
0.08950749349737527,0.42929313034405736
0.08954772562070393,0.42929313034405736
0.08958797582770013,0.42929313034405736
0.08962824412649201,0.42929313034405736
0.0896685305252116,0.42929313034405736
0.08970883503199455,0.42929313034405736
0.08974915765498011,0.42929313034405736
0.0897894984023113,0.42929313034405736
0.08982985728213454,0.42929313034405736
0.08987023430260016,0.42929313034405736
0.08991062947186208,0.42929313034405736
0.08995104279807788,0.42929313034405736
0.08999147428940892,0.42929313034405736
0.09003192395401989,0.42929313034405736
0.0900723918000795,0.42929313034405736
0.09011287783576001,0.42929313034405736
0.09015338206923734,0.42929313034405736
0.09019390450869119,0.42929313034405736
0.09023444516230465,0.42929313034405736
0.09027500403826477,0.42929313034405736
0.09031558114476222,0.42929313034405736
0.0903561764899913,0.42929313034405736
0.09039679008215008,0.42929313034405736
0.09043742192944013,0.42929313034405736
0.09047807204006686,0.42929313034405736
0.09051874042223937,0.42929313034405736
0.0905594270841704,0.42929313034405736
0.09060013203407649,0.42929313034405736
0.09064085528017761,0.42929313034405736
0.09068159683069765,0.42929313034405736
0.09072235669386418,0.42929313034405736
0.09076313487790841,0.42929313034405736
0.09080393139106535,0.42929313034405736
0.09084474624157347,0.42929313034405736
0.09088557943767518,0.42929313034405736
0.09092643098761653,0.42929313034405736
0.09096730089964725,0.42929313034405736
0.09100818918202089,0.42929313034405736
0.09104909584299442,0.42929313034405736
0.09109002089082882,0.42929313034405736
0.09113096433378867,0.42929313034405736
0.09117192618014229,0.42929313034405736
0.09121290643816175,0.42929313034405736
0.09125390511612264,0.42929313034405736
0.09129492222230448,0.42929313034405736
0.09133595776499047,0.42929313034405736
0.0913770117524675,0.42929313034405736
0.09141808419302629,0.42929313034405736
0.091459175094961,0.42929313034405736
0.09150028446656983,0.42929313034405736
0.09154141231615455,0.42929313034405736
0.09158255865202072,0.42929313034405736
0.09162372348247771,0.42929313034405736
0.09166490681583835,0.42929313034405736
0.09170610866041946,0.42929313034405736
0.09174732902454154,0.42929313034405736
0.09178856791652881,0.42929313034405736
0.09182982534470933,0.42929313034405736
0.09187110131741463,0.42929313034405736
0.09191239584298024,0.42929313034405736
0.09195370892974537,0.42929313034405736
0.09199504058605297,0.42929313034405736
0.09203639082024984,0.42929313034405736
0.09207775964068622,0.42929313034405736
0.09211914705571644,0.42929313034405736
0.09216055307369843,0.42929313034405736
0.09220197770299393,0.42929313034405736
0.0922434209519685,0.42929313034405736
0.09228488282899117,0.42929313034405736
0.09232636334243505,0.42929313034405736
0.0923678625006769,0.42929313034405736
0.09240938031209724,0.42929313034405736
0.09245091678508045,0.42929313034405736
0.09249247192801441,0.42929313034405736
0.09253404574929106,0.42929313034405736
0.09257563825730597,0.42929313034405736
0.09261724946045853,0.42929313034405736
0.092658879367152,0.42929313034405736
0.0927005279857931,0.42929313034405736
0.09274219532479266,0.42929313034405736
0.09278388139256515,0.42929313034405736
0.09282558619752884,0.42929313034405736
0.09286730974810588,0.42929313034405736
0.09290905205272192,0.42929313034405736
0.09295081311980669,0.42929313034405736
0.0929925929577936,0.42929313034405736
0.09303439157511985,0.42929313034405736
0.09307620898022655,0.42929313034405736
0.09311804518155828,0.42929313034405736
0.09315990018756376,0.42929313034405736
0.09320177400669534,0.42929313034405736
0.09324366664740923,0.42929313034405736
0.0932855781181655,0.42929313034405736
0.09332750842742776,0.42929313034405736
0.09336945758366369,0.42929313034405736
0.0934114255953447,0.42929313034405736
0.09345341247094598,0.42929313034405736
0.09349541821894666,0.42929313034405736
0.09353744284782936,0.42929313034405736
0.09357948636608084,0.42929313034405736
0.09362154878219153,0.42929313034405736
0.09366363010465573,0.42929313034405736
0.09370573034197159,0.42929313034405736
0.09374784950264087,0.42929313034405736
0.09378998759516935,0.42929313034405736
0.09383214462806663,0.42929313034405736
0.09387432060984606,0.42929313034405736
0.09391651554902496,0.42929313034405736
0.09395872945412416,0.42929313034405736
0.09400096233366863,0.42929313034405736
0.09404321419618705,0.42929313034405736
0.09408548505021197,0.42929313034405736
0.09412777490427984,0.42929313034405736
0.09417008376693067,0.42929313034405736
0.0942124116467086,0.42929313034405736
0.0942547585521615,0.42929313034405736
0.0942971244918412,0.42929313034405736
0.09433950947430308,0.42929313034405736
0.09438191350810664,0.42929313034405736
0.09442433660181514,0.42929313034405736
0.0944667787639957,0.42929313034405736
0.09450924000321935,0.42929313034405736
0.09455172032806074,0.42929313034405736
0.09459421974709861,0.42929313034405736
0.0946367382689155,0.42929313034405736
0.09467927590209776,0.42929313034405736
0.09472183265523577,0.42929313034405736
0.0947644085369234,0.42929313034405736
0.09480700355575875,0.42929313034405736
0.0948496177203436,0.42929313034405736
0.09489225103928367,0.42929313034405736
0.09493490352118862,0.42929313034405736
0.09497757517467169,0.42929313034405736
0.09502026600835028,0.42929313034405736
0.09506297603084556,0.42929313034405736
0.09510570525078259,0.42929313034405736
0.0951484536767904,0.42929313034405736
0.09519122131750159,0.42929313034405736
0.09523400818155295,0.42929313034405736
0.09527681427758505,0.42929313034405736
0.09531963961424236,0.42929313034405736
0.0953624842001733,0.42929313034405736
0.09540534804402992,0.42929313034405736
0.0954482311544684,0.42929313034405736
0.09549113354014878,0.42929313034405736
0.09553405520973494,0.42929313034405736
0.09557699617189479,0.42929313034405736
0.09561995643529979,0.42929313034405736
0.09566293600862566,0.42929313034405736
0.09570593490055188,0.42929313034405736
0.09574895311976182,0.42929313034405736
0.09579199067494289,0.42929313034405736
0.09583504757478607,0.42929313034405736
0.09587812382798658,0.42929313034405736
0.09592121944324343,0.42929313034405736
0.09596433442925952,0.42929313034405736
0.0960074687947418,0.42929313034405736
0.09605062254840081,0.42929313034405736
0.09609379569895132,0.42929313034405736
0.09613698825511191,0.42929313034405736
0.09618020022560506,0.42929313034405736
0.0962234316191573,0.42929313034405736
0.09626668244449878,0.42929313034405736
0.09630995271036384,0.42929313034405736
0.09635324242549069,0.42929313034405736
0.09639655159862144,0.42929313034405736
0.09643988023850225,0.42929313034405736
0.09648322835388289,0.42929313034405736
0.09652659595351737,0.42929313034405736
0.09656998304616353,0.42929313034405736
0.09661338964058316,0.42929313034405736
0.0966568157455421,0.42929313034405736
0.09670026136980979,0.42929313034405736
0.09674372652215993,0.42929313034405736
0.09678721121137007,0.42929313034405736
0.09683071544622172,0.42929313034405736
0.09687423923550041,0.42929313034405736
0.09691778258799531,0.42929313034405736
0.09696134551249988,0.42929313034405736
0.09700492801781141,0.42929313034405736
0.09704853011273114,0.42929313034405736
0.09709215180606437,0.42929313034405736
0.09713579310662006,0.42929313034405736
0.09717945402321143,0.42929313034405736
0.09722313456465558,0.42929313034405736
0.09726683473977352,0.42929313034405736
0.09731055455739036,0.42929313034405736
0.09735429402633491,0.42929313034405736
0.09739805315544019,0.42929313034405736
0.0974418319535431,0.42929313034405736
0.09748563042948456,0.42929313034405736
0.0975294485921095,0.42929313034405736
0.09757328645026657,0.42929313034405736
0.09761714401280869,0.42929313034405736
0.09766102128859264,0.42929313034405736
0.09770491828647919,0.42929313034405736
0.0977488350153332,0.42929313034405736
0.09779277148402321,0.42929313034405736
0.09783672770142204,0.42929313034405736
0.09788070367640643,0.42929313034405736
0.09792469941785706,0.42929313034405736
0.09796871493465872,0.42929313034405736
0.09801275023569993,0.42929313034405736
0.09805680532987346,0.42929313034405736
0.09810088022607598,0.42929313034405736
0.09814497493320819,0.42929313034405736
0.09818908946017485,0.42929313034405736
0.09823322381588448,0.42929313034405736
0.09827737800924984,0.42929313034405736
0.09832155204918762,0.42929313034405736
0.09836574594461855,0.42929313034405736
0.09840995970446742,0.42929313034405736
0.09845419333766277,0.42929313034405736
0.09849844685313743,0.42929313034405736
0.09854272025982815,0.42929313034405736
0.0985870135666757,0.42929313034405736
0.09863132678262496,0.42929313034405736
0.09867565991662455,0.42929313034405736
0.0987200129776274,0.42929313034405736
0.09876438597459038,0.42929313034405736
0.09880877891647434,0.42929313034405736
0.0988531918122443,0.42929313034405736
0.09889762467086902,0.42929313034405736
0.09894207750132153,0.42929313034405736
0.09898655031257887,0.42929313034405736
0.09903104311362206,0.42929313034405736
0.09907555591343628,0.42929313034405736
0.09912008872101044,0.42929313034405736
0.0991646415453378,0.42929313034405736
0.09920921439541554,0.42929313034405736
0.09925380728024492,0.42929313034405736
0.09929842020883133,0.42929313034405736
0.09934305319018387,0.42929313034405736
0.09938770623331605,0.42929313034405736
0.09943237934724532,0.42929313034405736
0.09947707254099324,0.42929313034405736
0.09952178582358515,0.42929313034405736
0.09956651920405077,0.42929313034405736
0.09961127269142375,0.42929313034405736
0.09965604629474181,0.42929313034405736
0.09970084002304683,0.42929313034405736
0.09974565388538445,0.42929313034405736
0.0997904878908047,0.42929313034405736
0.09983534204836154,0.42929313034405736
0.09988021636711303,0.42929313034405736
0.09992511085612138,0.42929313034405736
0.09997002552445258,0.42929313034405736
0.10001496038117702,0.42929313034405736
0.10005991543536903,0.42929313034405736
0.10010489069610705,0.42929313034405736
0.10014988617247365,0.42929313034405736
0.10019490187355526,0.42929313034405736
0.10023993780844262,0.42929313034405736
0.1002849939862305,0.42929313034405736
0.10033007041601776,0.42929313034405736
0.10037516710690741,0.42929313034405736
0.10042028406800628,0.42929313034405736
0.1004654213084256,0.42929313034405736
0.1005105788372806,0.42929313034405736
0.10055575666369057,0.42929313034405736
0.10060095479677902,0.42929313034405736
0.10064617324567328,0.42929313034405736
0.10069141201950504,0.42929313034405736
0.10073667112741005,0.42929313034405736
0.10078195057852814,0.42929313034405736
0.10082725038200331,0.42929313034405736
0.10087257054698343,0.42929313034405736
0.10091791108262073,0.42929313034405736
0.10096327199807152,0.42929313034405736
0.10100865330249616,0.42929313034405736
0.10105405500505925,0.42929313034405736
0.10109947711492923,0.42929313034405736
0.10114491964127892,0.42929313034405736
0.10119038259328521,0.42929313034405736
0.10123586598012908,0.42929313034405736
0.10128136981099575,0.42929313034405736
0.10132689409507428,0.42929313034405736
0.10137243884155812,0.42929313034405736
0.1014180040596448,0.42929313034405736
0.10146358975853595,0.42929313034405736
0.10150919594743746,0.42929313034405736
0.10155482263555905,0.42929313034405736
0.10160046983211486,0.42929313034405736
0.10164613754632311,0.42929313034405736
0.10169182578740613,0.42929313034405736
0.1017375345645905,0.42929313034405736
0.10178326388710668,0.42929313034405736
0.10182901376418953,0.42929313034405736
0.10187478420507798,0.42929313034405736
0.10192057521901514,0.42929313034405736
0.10196638681524835,0.42929313034405736
0.10201221900302877,0.42929313034405736
0.10205807179161211,0.42929313034405736
0.10210394519025806,0.42929313034405736
0.1021498392082305,0.42929313034405736
0.10219575385479757,0.42929313034405736
0.10224168913923128,0.42929313034405736
0.1022876450708081,0.42929313034405736
0.1023336216588086,0.42929313034405736
0.10237961891251748,0.42929313034405736
0.10242563684122374,0.42929313034405736
0.10247167545422024,0.42929313034405736
0.10251773476080431,0.42929313034405736
0.10256381477027739,0.42929313034405736
0.10260991549194508,0.42929313034405736
0.10265603693511725,0.42929313034405736
0.1027021791091077,0.42929313034405736
0.10274834202323466,0.42929313034405736
0.10279452568682049,0.42929313034405736
0.1028407301091917,0.42929313034405736
0.10288695529967916,0.42929313034405736
0.10293320126761757,0.42929313034405736
0.10297946802234613,0.42929313034405736
0.10302575557320817,0.42929313034405736
0.1030720639295512,0.42929313034405736
0.10311839310072707,0.42929313034405736
0.10316474309609144,0.42929313034405736
0.10321111392500458,0.42929313034405736
0.1032575055968308,0.42929313034405736
0.10330391812093867,0.42929313034405736
0.10335035150670101,0.42929313034405736
0.1033968057634946,0.42929313034405736
0.1034432809007007,0.42929313034405736
0.10348977692770472,0.42929313034405736
0.1035362938538963,0.42929313034405736
0.10358283168866936,0.42929313034405736
0.10362939044142173,0.42929313034405736
0.10367597012155583,0.42929313034405736
0.10372257073847814,0.42929313034405736
0.10376919230159942,0.42929313034405736
0.10381583482033473,0.42929313034405736
0.10386249830410306,0.42929313034405736
0.10390918276232794,0.42929313034405736
0.10395588820443705,0.42929313034405736
0.1040026146398623,0.42929313034405736
0.10404936207803991,0.42929313034405736
0.1040961305284101,0.42929313034405736
0.10414292000041757,0.42929313034405736
0.1041897305035112,0.42929313034405736
0.10423656204714413,0.42929313034405736
0.10428341464077383,0.42929313034405736
0.10433028829386169,0.42929313034405736
0.10437718301587372,0.42929313034405736
0.10442409881628002,0.42929313034405736
0.104471035704555,0.42929313034405736
0.1045179936901774,0.42929313034405736
0.10456497278262993,0.42929313034405736
0.10461197299139982,0.42929313034405736
0.10465899432597855,0.42929313034405736
0.10470603679586181,0.42929313034405736
0.10475310041054965,0.42929313034405736
0.1048001851795461,0.42929313034405736
0.10484729111235978,0.42929313034405736
0.1048944182185035,0.42929313034405736
0.10494156650749427,0.42929313034405736
0.10498873598885355,0.42929313034405736
0.10503592667210675,0.42929313034405736
0.10508313856678388,0.42929313034405736
0.1051303716824191,0.42929313034405736
0.10517762602855099,0.42929313034405736
0.1052249016147221,0.42929313034405736
0.10527219845047958,0.42929313034405736
0.10531951654537476,0.42929313034405736
0.10536685590896325,0.42929313034405736
0.1054142165508051,0.42929313034405736
0.10546159848046432,0.42929313034405736
0.10550900170750951,0.42929313034405736
0.10555642624151353,0.42929313034405736
0.10560387209205345,0.42929313034405736
0.10565133926871084,0.42929313034405736
0.10569882778107122,0.42929313034405736
0.10574633763872471,0.42929313034405736
0.1057938688512657,0.42929313034405736
0.10584142142829282,0.42929313034405736
0.10588899537940918,0.42929313034405736
0.10593659071422187,0.42929313034405736
0.10598420744234259,0.42929313034405736
0.10603184557338727,0.42929313034405736
0.1060795051169762,0.42929313034405736
0.10612718608273403,0.42929313034405736
0.10617488848028947,0.42929313034405736
0.10622261231927586,0.42929313034405736
0.10627035760933079,0.42929313034405736
0.10631812436009612,0.42929313034405736
0.10636591258121819,0.42929313034405736
0.10641372228234738,0.42929313034405736
0.10646155347313868,0.42929313034405736
0.10650940616325134,0.42929313034405736
0.10655728036234896,0.42929313034405736
0.10660517608009955,0.42929313034405736
0.10665309332617519,0.42929313034405736
0.10670103211025259,0.42929313034405736
0.10674899244201275,0.42929313034405736
0.10679697433114096,0.42929313034405736
0.10684497778732704,0.42929313034405736
0.1068930028202648,0.42929313034405736
0.10694104943965271,0.42929313034405736
0.10698911765519355,0.42929313034405736
0.1070372074765944,0.42929313034405736
0.10708531891356687,0.4327038574434981
0.10713345197582656,0.4327038574434981
0.1071816066730938,0.4327038574434981
0.10722978301509316,0.4327038574434981
0.10727798101155359,0.4327038574434981
0.1073262006722085,0.4327038574434981
0.10737444200679538,0.4327038574434981
0.10742270502505641,0.4327038574434981
0.10747098973673802,0.4327038574434981
0.10751929615159107,0.4327038574434981
0.10756762427937086,0.4327038574434981
0.10761597412983678,0.4327038574434981
0.10766434571275293,0.4327038574434981
0.10771273903788767,0.4327038574434981
0.10776115411501377,0.4327038574434981
0.10780959095390849,0.4327038574434981
0.10785804956435317,0.4327038574434981
0.10790652995613387,0.4327038574434981
0.10795503213904092,0.4327038574434981
0.10800355612286909,0.4327038574434981
0.10805210191741763,0.4327038574434981
0.10810066953248987,0.4327038574434981
0.10814925897789388,0.4327038574434981
0.10819787026344203,0.4327038574434981
0.10824650339895112,0.4327038574434981
0.10829515839424243,0.4327038574434981
0.10834383525914135,0.4327038574434981
0.10839253400347802,0.4327038574434981
0.10844125463708688,0.4327038574434981
0.10848999716980678,0.4327038574434981
0.10853876161148114,0.4327038574434981
0.10858754797195744,0.4327038574434981
0.1086363562610879,0.4327038574434981
0.10868518648872912,0.4327038574434981
0.10873403866474207,0.4327038574434981
0.1087829127989923,0.4327038574434981
0.10883180890134944,0.4327038574434981
0.10888072698168791,0.4327038574434981
0.10892966704988642,0.4327038574434981
0.10897862911582819,0.4327038574434981
0.10902761318940091,0.4327038574434981
0.10907661928049643,0.4327038574434981
0.10912564739901137,0.4327038574434981
0.10917469755484671,0.4327038574434981
0.10922376975790782,0.4327038574434981
0.1092728640181047,0.4327038574434981
0.10932198034535143,0.4327038574434981
0.10937111874956688,0.4327038574434981
0.1094202792406743,0.4327038574434981
0.10946946182860137,0.4327038574434981
0.10951866652328035,0.4327038574434981
0.10956789333464764,0.4327038574434981
0.10961714227264442,0.4327038574434981
0.10966641334721626,0.4327038574434981
0.10971570656831317,0.4327038574434981
0.10976502194588975,0.4327038574434981
0.10981435948990474,0.4327038574434981
0.10986371921032172,0.4327038574434981
0.1099131011171086,0.4327038574434981
0.10996250522023776,0.4327038574434981
0.11001193152968623,0.4327038574434981
0.11006138005543514,0.4327038574434981
0.11011085080747046,0.4327038574434981
0.11016034379578254,0.4327038574434981
0.1102098590303662,0.4327038574434981
0.1102593965212209,0.4327038574434981
0.11030895627835023,0.4327038574434981
0.11035853831176261,0.4327038574434981
0.11040814263147086,0.4327038574434981
0.11045776924749232,0.4327038574434981
0.11050741816984888,0.4327038574434981
0.11055708940856669,0.4327038574434981
0.11060678297367665,0.4327038574434981
0.11065649887521414,0.4327038574434981
0.11070623712321898,0.4327038574434981
0.11075599772773566,0.4327038574434981
0.11080578069881283,0.4327038574434981
0.110855586046504,0.4327038574434981
0.11090541378086709,0.4327038574434981
0.11095526391196464,0.4327038574434981
0.11100513644986339,0.4327038574434981
0.11105503140463491,0.4327038574434981
0.11110494878635524,0.4327038574434981
0.1111548886051049,0.4327038574434981
0.1112048508709691,0.4327038574434981
0.11125483559403719,0.4327038574434981
0.11130484278440343,0.4327038574434981
0.11135487245216649,0.4327038574434981
0.1114049246074296,0.4327038574434981
0.1114549992603006,0.4327038574434981
0.1115050964208916,0.4327038574434981
0.11155521609931952,0.4327038574434981
0.11160535830570578,0.4327038574434981
0.11165552305017631,0.4327038574434981
0.11170571034286171,0.4327038574434981
0.11175592019389682,0.4327038574434981
0.11180615261342133,0.4327038574434981
0.11185640761157942,0.4327038574434981
0.11190668519851979,0.4327038574434981
0.11195698538439583,0.4327038574434981
0.11200730817936519,0.4327038574434981
0.11205765359359036,0.4327038574434981
0.11210802163723833,0.4327038574434981
0.11215841232048065,0.4327038574434981
0.11220882565349356,0.4327038574434981
0.11225926164645751,0.4327038574434981
0.1123097203095579,0.4327038574434981
0.11236020165298455,0.4327038574434981
0.11241070568693191,0.4327038574434981
0.11246123242159911,0.4327038574434981
0.11251178186718949,0.4327038574434981
0.11256235403391138,0.4327038574434981
0.11261294893197753,0.4327038574434981
0.11266356657160528,0.4327038574434981
0.11271420696301673,0.4327038574434981
0.11276487011643818,0.4327038574434981
0.1128155560421009,0.4327038574434981
0.11286626475024061,0.4327038574434981
0.11291699625109768,0.4327038574434981
0.11296775055491716,0.4327038574434981
0.11301852767194835,0.4327038574434981
0.11306932761244556,0.4327038574434981
0.11312015038666752,0.4327038574434981
0.11317099600487764,0.4327038574434981
0.113221864477344,0.4327038574434981
0.113272755814339,0.4327038574434981
0.11332367002613997,0.4327038574434981
0.11337460712302874,0.4327038574434981
0.11342556711529178,0.4327038574434981
0.11347655001322031,0.4327038574434981
0.1135275558271098,0.4327038574434981
0.11357858456726071,0.4327038574434981
0.11362963624397801,0.4327038574434981
0.1136807108675713,0.4327038574434981
0.11373180844835494,0.4327038574434981
0.11378292899664756,0.4327038574434981
0.1138340725227728,0.4327038574434981
0.11388523903705883,0.4327038574434981
0.1139364285498384,0.4327038574434981
0.1139876410714491,0.4327038574434981
0.11403887661223276,0.4327038574434981
0.11409013518253625,0.4327038574434981
0.11414141679271095,0.4327038574434981
0.11419272145311288,0.4327038574434981
0.11424404917410287,0.4327038574434981
0.11429539996604601,0.4327038574434981
0.11434677383931247,0.4327038574434981
0.11439817080427687,0.4327038574434981
0.11444959087131858,0.4327038574434981
0.11450103405082168,0.4327038574434981
0.11455250035317463,0.4327038574434981
0.11460398978877089,0.4327038574434981
0.11465550236800842,0.4327038574434981
0.11470703810128995,0.4327038574434981
0.11475859699902291,0.4327038574434981
0.11481017907161914,0.4327038574434981
0.11486178432949544,0.4327038574434981
0.11491341278307322,0.4327038574434981
0.11496506444277857,0.4327038574434981
0.11501673931904235,0.4327038574434981
0.11506843742229982,0.4327038574434981
0.11512015876299118,0.4327038574434981
0.11517190335156133,0.4327038574434981
0.11522367119845978,0.4327038574434981
0.11527546231414086,0.4327038574434981
0.11532727670906329,0.4327038574434981
0.11537911439369081,0.4327038574434981
0.11543097537849174,0.4327038574434981
0.11548285967393915,0.4327038574434981
0.11553476729051088,0.4327038574434981
0.11558669823868914,0.4327038574434981
0.11563865252896123,0.4327038574434981
0.11569063017181905,0.4327038574434981
0.11574263117775915,0.4327038574434981
0.11579465555728302,0.4327038574434981
0.11584670332089642,0.4327038574434981
0.11589877447911023,0.4327038574434981
0.11595086904243994,0.4327038574434981
0.11600298702140577,0.4327038574434981
0.11605512842653275,0.4327038574434981
0.11610729326835033,0.4327038574434981
0.11615948155739303,0.4327038574434981
0.11621169330419998,0.4327038574434981
0.11626392851931504,0.4327038574434981
0.11631618721328696,0.4327038574434981
0.11636846939666885,0.4327038574434981
0.11642077508001894,0.4327038574434981
0.11647310427390005,0.4327038574434981
0.11652545698887978,0.4327038574434981
0.11657783323553059,0.4327038574434981
0.11663023302442935,0.4327038574434981
0.11668265636615799,0.4327038574434981
0.11673510327130315,0.4327038574434981
0.11678757375045619,0.4327038574434981
0.11684006781421333,0.4327038574434981
0.11689258547317521,0.4327038574434981
0.11694512673794764,0.4327038574434981
0.11699769161914102,0.4327038574434981
0.11705028012737063,0.4327038574434981
0.11710289227325622,0.4327038574434981
0.11715552806742263,0.4327038574434981
0.11720818752049937,0.4327038574434981
0.11726087064312073,0.4327038574434981
0.11731357744592588,0.4327038574434981
0.11736630793955845,0.4327038574434981
0.11741906213466716,0.4327038574434981
0.11747184004190545,0.4327038574434981
0.11752464167193152,0.4327038574434981
0.1175774670354085,0.4327038574434981
0.11763031614300391,0.4327038574434981
0.11768318900539049,0.4327038574434981
0.11773608563324559,0.4327038574434981
0.1177890060372514,0.4327038574434981
0.11784195022809504,0.4327038574434981
0.11789491821646804,0.4327038574434981
0.11794791001306712,0.4327038574434981
0.11800092562859367,0.4327038574434981
0.11805396507375392,0.4327038574434981
0.11810702835925899,0.4327038574434981
0.11816011549582447,0.4327038574434981
0.11821322649417117,0.4327038574434981
0.11826636136502452,0.4327038574434981
0.11831952011911485,0.4327038574434981
0.11837270276717739,0.4327038574434981
0.11842590931995181,0.4327038574434981
0.11847913978818303,0.4327038574434981
0.11853239418262063,0.4327038574434981
0.11858567251401905,0.4327038574434981
0.11863897479313767,0.4327038574434981
0.11869230103074037,0.4327038574434981
0.11874565123759619,0.4327038574434981
0.11879902542447889,0.4327038574434981
0.11885242360216712,0.4327038574434981
0.11890584578144446,0.4327038574434981
0.11895929197309899,0.4327038574434981
0.11901276218792398,0.4327038574434981
0.11906625643671744,0.4327038574434981
0.11911977473028225,0.4327038574434981
0.11917331707942624,0.4327038574434981
0.11922688349496177,0.4327038574434981
0.11928047398770639,0.4327038574434981
0.1193340885684824,0.4327038574434981
0.11938772724811697,0.4327038574434981
0.11944139003744227,0.4327038574434981
0.11949507694729493,0.4327038574434981
0.11954878798851687,0.4327038574434981
0.11960252317195473,0.4327038574434981
0.11965628250846004,0.4327038574434981
0.11971006600888931,0.4327038574434981
0.11976387368410359,0.4327038574434981
0.11981770554496915,0.4327038574434981
0.11987156160235704,0.4327038574434981
0.1199254418671432,0.4327038574434981
0.11997934635020857,0.4327038574434981
0.12003327506243862,0.4327038574434981
0.12008722801472406,0.4327038574434981
0.12014120521796041,0.4327038574434981
0.12019520668304806,0.4327038574434981
0.12024923242089243,0.4327038574434981
0.12030328244240349,0.4327038574434981
0.12035735675849643,0.4327038574434981
0.12041145538009128,0.4327038574434981
0.12046557831811296,0.4327038574434981
0.12051972558349142,0.4327038574434981
0.12057389718716113,0.4327038574434981
0.1206280931400619,0.4327038574434981
0.1206823134531383,0.4327038574434981
0.1207365581373398,0.4327038574434981
0.12079082720362096,0.4327038574434981
0.12084512066294086,0.4327038574434981
0.12089943852626389,0.4327038574434981
0.12095378080455924,0.4327038574434981
0.12100814750880103,0.4327038574434981
0.12106253864996844,0.4327038574434981
0.1211169542390452,0.4327038574434981
0.1211713942870204,0.4327038574434981
0.12122585880488786,0.4327038574434981
0.12128034780364641,0.4327038574434981
0.12133486129429993,0.4327038574434981
0.12138939928785686,0.4327038574434981
0.12144396179533097,0.4327038574434981
0.12149854882774087,0.4327038574434981
0.1215531603961101,0.4327038574434981
0.12160779651146728,0.4327038574434981
0.12166245718484563,0.4327038574434981
0.1217171424272837,0.4327038574434981
0.12177185224982486,0.4327038574434981
0.12182658666351745,0.4327038574434981
0.12188134567941493,0.4327038574434981
0.12193612930857532,0.4327038574434981
0.12199093756206199,0.4327038574434981
0.12204577045094317,0.4327038574434981
0.12210062798629207,0.4327038574434981
0.12215551017918695,0.4327038574434981
0.12221041704071076,0.4327038574434981
0.12226534858195173,0.4327038574434981
0.12232030481400301,0.4327038574434981
0.12237528574796269,0.4327038574434981
0.12243029139493398,0.4327038574434981
0.12248532176602474,0.4327038574434981
0.12254037687234814,0.4327038574434981
0.1225954567250223,0.4327038574434981
0.12265056133517024,0.4327038574434981
0.1227056907139202,0.4327038574434981
0.12276084487240499,0.4327038574434981
0.1228160238217628,0.4327038574434981
0.1228712275731367,0.4327038574434981
0.12292645613767483,0.4327038574434981
0.12298170952653038,0.4327038574434981
0.12303698775086122,0.4327038574434981
0.12309229082183062,0.4327038574434981
0.12314761875060673,0.4327038574434981
0.1232029715483627,0.4327038574434981
0.12325834922627685,0.4327038574434981
0.12331375179553217,0.4327038574434981
0.12336917926731698,0.4327038574434981
0.1234246316528246,0.4327038574434981
0.12348010896325332,0.4327038574434981
0.12353561120980658,0.4327038574434981
0.12359113840369253,0.4327038574434981
0.12364669055612468,0.4327038574434981
0.12370226767832147,0.4327038574434981
0.12375786978150656,0.4327038574434981
0.12381349687690821,0.4327038574434981
0.12386914897576012,0.4327038574434981
0.12392482608930094,0.4327038574434981
0.12398052822877435,0.4327038574434981
0.12403625540542923,0.4327038574434981
0.12409200763051909,0.4327038574434981
0.12414778491530293,0.4327038574434981
0.12420358727104466,0.4327038574434981
0.12425941470901326,0.4327038574434981
0.1243152672404829,0.4327038574434981
0.12437114487673243,0.4327038574434981
0.12442704762904615,0.4327038574434981
0.12448297550871333,0.4327038574434981
0.12453892852702828,0.4327038574434981
0.12459490669529054,0.4327038574434981
0.12465091002480432,0.4327038574434981
0.12470693852687932,0.4327038574434981
0.1247629922128302,0.4327038574434981
0.12481907109397668,0.4327038574434981
0.12487517518164369,0.4327038574434981
0.12493130448716092,0.4327038574434981
0.12498745902186346,0.4327038574434981
0.12504363879709143,0.4327038574434981
0.12509984382419004,0.4327038574434981
0.12515607411450969,0.4327038574434981
0.12521232967940552,0.4327038574434981
0.12526861053023816,0.4327038574434981
0.12532491667837323,0.4327038574434981
0.12538124813518142,0.4327038574434981
0.1254376049120387,0.4327038574434981
0.12549398702032574,0.4327038574434981
0.12555039447142877,0.4327038574434981
0.12560682727673889,0.4327038574434981
0.12566328544765246,0.4327038574434981
0.12571976899557097,0.4327038574434981
0.12577627793190072,0.4327038574434981
0.1258328122680535,0.4327038574434981
0.12588937201544614,0.4327038574434981
0.12594595718550053,0.4327038574434981
0.1260025677896439,0.4327038574434981
0.12605920383930813,0.4327038574434981
0.12611586534593075,0.4327038574434981
0.1261725523209542,0.4327038574434981
0.1262292647758261,0.4327038574434981
0.12628600272199936,0.4327038574434981
0.12634276617093163,0.4327038574434981
0.1263995551340861,0.4327038574434981
0.126456369622931,0.4327038574434981
0.1265132096489397,0.4327038574434981
0.12657007522359082,0.4327038574434981
0.12662696635836784,0.4327038574434981
0.12668388306475972,0.4327038574434981
0.12674082535426046,0.4327038574434981
0.12679779323836926,0.4327038574434981
0.12685478672859057,0.4327038574434981
0.12691180583643372,0.4327038574434981
0.12696885057341345,0.4327038574434981
0.12702592095104967,0.4327038574434981
0.1270830169808674,0.4327038574434981
0.12714013867439705,0.4327038574434981
0.1271972860431737,0.4327038574434981
0.12725445909873814,0.4327038574434981
0.12731165785263612,0.4327038574434981
0.12736888231641863,0.4327038574434981
0.12742613250164192,0.4327038574434981
0.12748340841986713,0.4327038574434981
0.12754071008266094,0.4327038574434981
0.12759803750159507,0.4327038574434981
0.12765539068824652,0.4327038574434981
0.12771276965419756,0.4327038574434981
0.12777017441103528,0.4327038574434981
0.1278276049703524,0.4327038574434981
0.12788506134374672,0.4327038574434981
0.1279425435428212,0.4327038574434981
0.12800005157918418,0.4327038574434981
0.12805758546444887,0.4327038574434981
0.128115145210234,0.4327038574434981
0.1281727308281635,0.4327038574434981
0.12823034232986644,0.4327038574434981
0.12828797972697725,0.4327038574434981
0.12834564303113524,0.4327038574434981
0.12840333225398534,0.4327038574434981
0.12846104740717756,0.4327038574434981
0.12851878850236714,0.4327038574434981
0.12857655555121472,0.4327038574434981
0.12863434856538578,0.4327038574434981
0.1286921675565514,0.4327038574434981
0.12875001253638788,0.4327038574434981
0.1288078835165766,0.4327038574434981
0.12886578050880446,0.4327038574434981
0.12892370352476318,0.4327038574434981
0.1289816525761501,0.4327038574434981
0.12903962767466773,0.4327038574434981
0.12909762883202383,0.4327038574434981
0.1291556560599315,0.4327038574434981
0.12921370937010881,0.4327038574434981
0.12927178877427942,0.4327038574434981
0.1293298942841721,0.4327038574434981
0.129388025911521,0.4327038574434981
0.12944618366806557,0.4327038574434981
0.12950436756555017,0.4327038574434981
0.1295625776157249,0.4327038574434981
0.12962081383034493,0.4327038574434981
0.12967907622117075,0.4327038574434981
0.12973736479996822,0.4327038574434981
0.12979567957850818,0.4327038574434981
0.1298540205685671,0.4327038574434981
0.1299123877819266,0.4327038574434981
0.12997078123037364,0.4327038574434981
0.13002920092570056,0.4327038574434981
0.13008764687970464,0.4327038574434981
0.13014611910418886,0.4327038574434981
0.13020461761096136,0.4327038574434981
0.13026314241183556,0.4327038574434981
0.1303216935186304,0.4327038574434981
0.13038027094316965,0.4327038574434981
0.13043887469728285,0.5074317715319837
0.1304975047928047,0.5074317715319837
0.13055616124157532,0.5074317715319837
0.13061484405543985,0.5074317715319837
0.13067355324624905,0.5074317715319837
0.13073228882585894,0.5074317715319837
0.13079105080613082,0.5074317715319837
0.1308498391989315,0.5074317715319837
0.1309086540161327,0.5074317715319837
0.13096749526961188,0.5074317715319837
0.1310263629712517,0.5074317715319837
0.13108525713294017,0.5074317715319837
0.13114417776657078,0.5074317715319837
0.13120312488404193,0.5074317715319837
0.13126209849725784,0.5074317715319837
0.13132109861812788,0.5074317715319837
0.1313801252585668,0.5074317715319837
0.13143917843049482,0.5074317715319837
0.13149825814583718,0.5074317715319837
0.1315573644165248,0.5074317715319837
0.13161649725449387,0.5074317715319837
0.13167565667168593,0.5074317715319837
0.13173484268004806,0.5074317715319837
0.13179405529153226,0.5074317715319837
0.1318532945180963,0.5074317715319837
0.13191256037170326,0.5074317715319837
0.13197185286432153,0.5074317715319837
0.13203117200792502,0.5074317715319837
0.13209051781449266,0.5074317715319837
0.13214989029600913,0.5074317715319837
0.13220928946446436,0.5074317715319837
0.13226871533185372,0.5074317715319837
0.132328167910178,0.5074317715319837
0.13238764721144314,0.5074317715319837
0.13244715324766074,0.5074317715319837
0.1325066860308477,0.5074317715319837
0.13256624557302638,0.5074317715319837
0.1326258318862246,0.5074317715319837
0.13268544498247523,0.5074317715319837
0.13274508487381692,0.5074317715319837
0.13280475157229366,0.5074317715319837
0.13286444508995476,0.5074317715319837
0.13292416543885519,0.5074317715319837
0.1329839126310548,0.5074317715319837
0.13304368667861938,0.5074317715319837
0.13310348759361998,0.5074317715319837
0.13316331538813303,0.5074317715319837
0.1332231700742406,0.5074317715319837
0.1332830516640297,0.5074317715319837
0.13334296016959324,0.5074317715319837
0.1334028956030294,0.5074317715319837
0.13346285797644183,0.5074317715319837
0.13352284730193972,0.5074317715319837
0.13358286359163732,0.5074317715319837
0.13364290685765473,0.5074317715319837
0.13370297711211732,0.5074317715319837
0.13376307436715598,0.5074317715319837
0.13382319863490713,0.5074317715319837
0.13388334992751227,0.5074317715319837
0.13394352825711878,0.5074317715319837
0.1340037336358793,0.5074317715319837
0.134063966075952,0.5074317715319837
0.13412422558950063,0.5074317715319837
0.13418451218869396,0.5074317715319837
0.13424482588570671,0.5074317715319837
0.13430516669271886,0.5074317715319837
0.13436553462191592,0.5074317715319837
0.134425929685489,0.5074317715319837
0.1344863518956343,0.5074317715319837
0.13454680126455382,0.5074317715319837
0.13460727780445503,0.5074317715319837
0.1346677815275508,0.5074317715319837
0.1347283124460597,0.5074317715319837
0.1347888705722053,0.5074317715319837
0.13484945591821712,0.5074317715319837
0.13491006849633008,0.5074317715319837
0.1349707083187845,0.5074317715319837
0.13503137539782642,0.5074317715319837
0.13509206974570692,0.5074317715319837
0.13515279137468306,0.5074317715319837
0.13521354029701724,0.5074317715319837
0.13527431652497732,0.5074317715319837
0.1353351200708369,0.5074317715319837
0.13539595094687465,0.5074317715319837
0.13545680916537514,0.5074317715319837
0.13551769473862835,0.5074317715319837
0.13557860767892982,0.5074317715319837
0.1356395479985807,0.5074317715319837
0.13570051570988725,0.5074317715319837
0.13576151082516172,0.5074317715319837
0.13582253335672173,0.5074317715319837
0.13588358331689046,0.5074317715319837
0.13594466071799674,0.5074317715319837
0.13600576557237454,0.5074317715319837
0.13606689789236376,0.5074317715319837
0.13612805769030975,0.5074317715319837
0.1361892449785634,0.5074317715319837
0.1362504597694813,0.5074317715319837
0.13631170207542512,0.5074317715319837
0.13637297190876257,0.5074317715319837
0.13643426928186675,0.5074317715319837
0.13649559420711632,0.5074317715319837
0.13655694669689564,0.5074317715319837
0.13661832676359423,0.5074317715319837
0.13667973441960762,0.5074317715319837
0.1367411696773367,0.5074317715319837
0.13680263254918804,0.5074317715319837
0.1368641230475738,0.5074317715319837
0.13692564118491143,0.5074317715319837
0.13698718697362428,0.5074317715319837
0.1370487604261412,0.5074317715319837
0.13711036155489656,0.5074317715319837
0.13717199037233058,0.5074317715319837
0.13723364689088852,0.5074317715319837
0.13729533112302175,0.5074317715319837
0.137357043081187,0.5074317715319837
0.13741878277784675,0.5074317715319837
0.13748055022546907,0.5074317715319837
0.1375423454365273,0.5074317715319837
0.13760416842350073,0.5074317715319837
0.13766601919887422,0.5074317715319837
0.13772789777513833,0.5074317715319837
0.1377898041647888,0.5074317715319837
0.1378517383803274,0.5074317715319837
0.13791370043426146,0.5074317715319837
0.13797569033910384,0.5074317715319837
0.1380377081073732,0.5074317715319837
0.13809975375159342,0.5074317715319837
0.13816182728429438,0.5074317715319837
0.1382239287180115,0.5074317715319837
0.13828605806528582,0.5074317715319837
0.13834821533866418,0.5074317715319837
0.13841040055069861,0.5074317715319837
0.1384726137139472,0.5074317715319837
0.13853485484097355,0.5074317715319837
0.1385971239443469,0.5074317715319837
0.13865942103664233,0.5074317715319837
0.13872174613044008,0.5074317715319837
0.13878409923832652,0.5074317715319837
0.1388464803728935,0.5074317715319837
0.13890888954673852,0.5074317715319837
0.13897132677246496,0.5074317715319837
0.13903379206268135,0.5074317715319837
0.13909628543000238,0.5074317715319837
0.1391588068870482,0.5074317715319837
0.13922135644644473,0.5074317715319837
0.1392839341208236,0.5074317715319837
0.13934653992282178,0.5074317715319837
0.13940917386508225,0.5074317715319837
0.13947183596025367,0.5074317715319837
0.13953452622099022,0.5074317715319837
0.13959724465995205,0.5074317715319837
0.13965999128980447,0.5074317715319837
0.139722766123219,0.5074317715319837
0.13978556917287266,0.5074317715319837
0.13984840045144814,0.5074317715319837
0.1399112599716341,0.5074317715319837
0.13997414774612427,0.5074317715319837
0.14003706378761874,0.5074317715319837
0.14010000810882298,0.5074317715319837
0.14016298072244826,0.5074317715319837
0.14022598164121172,0.5074317715319837
0.14028901087783577,0.5074317715319837
0.1403520684450489,0.5074317715319837
0.14041515435558533,0.5074317715319837
0.1404782686221848,0.5074317715319837
0.14054141125759312,0.5074317715319837
0.14060458227456124,0.5074317715319837
0.1406677816858464,0.5074317715319837
0.14073100950421133,0.5074317715319837
0.14079426574242457,0.5074317715319837
0.14085755041326048,0.5074317715319837
0.14092086352949876,0.5074317715319837
0.14098420510392531,0.5074317715319837
0.14104757514933164,0.5074317715319837
0.1411109736785149,0.5074317715319837
0.14117440070427828,0.5074317715319837
0.1412378562394302,0.5074317715319837
0.1413013402967853,0.5074317715319837
0.14136485288916384,0.5074317715319837
0.14142839402939184,0.5074317715319837
0.1414919637303012,0.5074317715319837
0.14155556200472924,0.5074317715319837
0.14161918886551936,0.5074317715319837
0.1416828443255207,0.5074317715319837
0.14174652839758808,0.5074317715319837
0.14181024109458235,0.5074317715319837
0.14187398242936958,0.5074317715319837
0.14193775241482215,0.5074317715319837
0.1420015510638181,0.5074317715319837
0.14206537838924116,0.5074317715319837
0.14212923440398106,0.5074317715319837
0.14219311912093288,0.5074317715319837
0.14225703255299796,0.5074317715319837
0.14232097471308322,0.5074317715319837
0.14238494561410145,0.5074317715319837
0.14244894526897137,0.5074317715319837
0.14251297369061702,0.5074317715319837
0.1425770308919688,0.5074317715319837
0.14264111688596268,0.5074317715319837
0.14270523168554045,0.5074317715319837
0.1427693753036499,0.5074317715319837
0.14283354775324417,0.5074317715319837
0.1428977490472827,0.5074317715319837
0.14296197919873058,0.5074317715319837
0.14302623822055874,0.5074317715319837
0.14309052612574408,0.5074317715319837
0.14315484292726885,0.5074317715319837
0.1432191886381217,0.5074317715319837
0.14328356327129682,0.5074317715319837
0.14334796683979434,0.5074317715319837
0.14341239935662034,0.5074317715319837
0.1434768608347863,0.5074317715319837
0.14354135128731008,0.5074317715319837
0.1436058707272151,0.5074317715319837
0.1436704191675307,0.5074317715319837
0.14373499662129227,0.5074317715319837
0.14379960310154055,0.5074317715319837
0.1438642386213226,0.5074317715319837
0.14392890319369123,0.5074317715319837
0.14399359683170507,0.5074317715319837
0.14405831954842882,0.5074317715319837
0.14412307135693253,0.5074317715319837
0.14418785227029268,0.5074317715319837
0.14425266230159137,0.5074317715319837
0.14431750146391661,0.5074317715319837
0.1443823697703625,0.5074317715319837
0.14444726723402856,0.5074317715319837
0.14451219386802056,0.5074317715319837
0.1445771496854501,0.5074317715319837
0.14464213469943468,0.5074317715319837
0.14470714892309774,0.5074317715319837
0.14477219236956831,0.5074317715319837
0.1448372650519817,0.5074317715319837
0.14490236698347894,0.5074317715319837
0.14496749817720703,0.5074317715319837
0.14503265864631898,0.5074317715319837
0.1450978484039733,0.5074317715319837
0.14516306746333488,0.5074317715319837
0.1452283158375743,0.5074317715319837
0.14529359353986815,0.5074317715319837
0.14535890058339904,0.5074317715319837
0.145424236981355,0.5074317715319837
0.14548960274693062,0.5074317715319837
0.14555499789332607,0.5074317715319837
0.1456204224337477,0.5074317715319837
0.14568587638140737,0.5074317715319837
0.14575135974952327,0.5074317715319837
0.1458168725513194,0.5074317715319837
0.1458824148000257,0.5074317715319837
0.14594798650887822,0.5074317715319837
0.14601358769111852,0.5074317715319837
0.14607921835999452,0.5074317715319837
0.14614487852876,0.5074317715319837
0.14621056821067466,0.5074317715319837
0.14627628741900428,0.5074317715319837
0.14634203616702024,0.5074317715319837
0.14640781446800025,0.5074317715319837
0.1464736223352279,0.5074317715319837
0.1465394597819927,0.5074317715319837
0.14660532682159033,0.5074317715319837
0.14667122346732198,0.5074317715319837
0.14673714973249524,0.5074317715319837
0.14680310563042356,0.5074317715319837
0.14686909117442637,0.5074317715319837
0.14693510637782922,0.5074317715319837
0.14700115125396326,0.5074317715319837
0.147067225816166,0.5074317715319837
0.14713333007778082,0.5074317715319837
0.14719946405215714,0.5074317715319837
0.1472656277526505,0.5074317715319837
0.14733182119262198,0.5074317715319837
0.14739804438543913,0.5074317715319837
0.14746429734447533,0.5074317715319837
0.14753058008311007,0.5074317715319837
0.1475968926147289,0.5074317715319837
0.1476632349527229,0.5074317715319837
0.14772960711048977,0.5074317715319837
0.14779600910143298,0.5074317715319837
0.14786244093896206,0.5074317715319837
0.14792890263649267,0.5074317715319837
0.1479953942074461,0.5074317715319837
0.14806191566525007,0.5074317715319837
0.14812846702333826,0.5074317715319837
0.14819504829515034,0.5074317715319837
0.14826165949413217,0.5074317715319837
0.14832830063373523,0.5074317715319837
0.14839497172741747,0.5074317715319837
0.14846167278864275,0.5074317715319837
0.14852840383088098,0.5074317715319837
0.14859516486760824,0.5074317715319837
0.1486619559123063,0.5074317715319837
0.1487287769784634,0.5074317715319837
0.14879562807957364,0.5074317715319837
0.14886250922913724,0.5074317715319837
0.14892942044066063,0.5074317715319837
0.14899636172765587,0.5074317715319837
0.14906333310364156,0.5074317715319837
0.14913033458214214,0.5074317715319837
0.14919736617668822,0.5074317715319837
0.1492644279008166,0.5074317715319837
0.14933151976806971,0.5074317715319837
0.14939864179199658,0.5074317715319837
0.1494657939861521,0.5074317715319837
0.14953297636409726,0.5074317715319837
0.14960018893939936,0.5074317715319837
0.14966743172563127,0.5074317715319837
0.1497347047363725,0.5074317715319837
0.1498020079852084,0.5074317715319837
0.14986934148573053,0.5074317715319837
0.14993670525153668,0.5074317715319837
0.15000409929623024,0.5074317715319837
0.15007152363342124,0.5074317715319837
0.15013897827672568,0.5074317715319837
0.1502064632397656,0.5074317715319837
0.1502739785361694,0.5074317715319837
0.1503415241795711,0.5074317715319837
0.15040910018361134,0.5074317715319837
0.1504767065619367,0.5074317715319837
0.1505443433281999,0.5074317715319837
0.15061201049606004,0.5074317715319837
0.15067970807918174,0.5074317715319837
0.15074743609123634,0.5074317715319837
0.15081519454590112,0.5074317715319837
0.15088298345685952,0.5074317715319837
0.15095080283780135,0.5074317715319837
0.15101865270242198,0.5074317715319837
0.1510865330644235,0.5074317715319837
0.15115444393751395,0.5074317715319837
0.1512223853354076,0.5074317715319837
0.15129035727182497,0.5074317715319837
0.15135835976049228,0.5074317715319837
0.15142639281514245,0.5074317715319837
0.15149445644951437,0.5074317715319837
0.15156255067735308,0.5074317715319837
0.15163067551241005,0.5074317715319837
0.15169883096844236,0.5074317715319837
0.15176701705921378,0.5074317715319837
0.15183523379849412,0.5074317715319837
0.15190348120005936,0.5074317715319837
0.1519717592776919,0.5074317715319837
0.15204006804517975,0.5074317715319837
0.15210840751631766,0.5074317715319837
0.1521767777049064,0.5074317715319837
0.15224517862475295,0.5074317715319837
0.15231361028967066,0.5074317715319837
0.15238207271347864,0.5074317715319837
0.1524505659100026,0.5074317715319837
0.15251908989307442,0.5074317715319837
0.1525876446765321,0.5074317715319837
0.15265623027422004,0.5074317715319837
0.15272484669998845,0.5074317715319837
0.1527934939676942,0.5074317715319837
0.15286217209120018,0.5074317715319837
0.15293088108437558,0.5074317715319837
0.15299962096109596,0.5074317715319837
0.15306839173524264,0.5074317715319837
0.15313719342070367,0.5074317715319837
0.15320602603137312,0.5074317715319837
0.15327488958115143,0.5074317715319837
0.1533437840839453,0.5074317715319837
0.15341270955366731,0.5074317715319837
0.15348166600423677,0.5074317715319837
0.15355065344957897,0.5074317715319837
0.15361967190362577,0.5074317715319837
0.15368872138031472,0.5074317715319837
0.15375780189359015,0.5074317715319837
0.1538269134574025,0.5074317715319837
0.1538960560857084,0.5074317715319837
0.15396522979247104,0.5074317715319837
0.15403443459165936,0.5074317715319837
0.15410367049724902,0.5074317715319837
0.1541729375232218,0.5074317715319837
0.15424223568356585,0.5074317715319837
0.1543115649922757,0.5074317715319837
0.15438092546335164,0.5074317715319837
0.15445031711080084,0.5074317715319837
0.15451973994863658,0.5074317715319837
0.1545891939908784,0.5074317715319837
0.15465867925155227,0.5074317715319837
0.1547281957446901,0.5074317715319837
0.1547977434843305,0.5074317715319837
0.15486732248451826,0.5074317715319837
0.15493693275930442,0.5074317715319837
0.15500657432274664,0.5074317715319837
0.15507624718890825,0.5074317715319837
0.1551459513718595,0.5074317715319837
0.15521568688567675,0.5074317715319837
0.1552854537444427,0.5074317715319837
0.15535525196224653,0.5074317715319837
0.15542508155318333,0.5074317715319837
0.1554949425313549,0.5074317715319837
0.15556483491086934,0.5074317715319837
0.15563475870584095,0.5074317715319837
0.1557047139303907,0.5074317715319837
0.15577470059864526,0.5074317715319837
0.1558447187247383,0.5074317715319837
0.15591476832280948,0.5074317715319837
0.15598484940700502,0.5074317715319837
0.15605496199147753,0.5074317715319837
0.15612510609038557,0.5074317715319837
0.15619528171789446,0.5074317715319837
0.15626548888817582,0.5074317715319837
0.1563357276154076,0.5074317715319837
0.15640599791377424,0.5074317715319837
0.15647629979746616,0.5074317715319837
0.15654663328068058,0.5074317715319837
0.15661699837762097,0.5074317715319837
0.15668739510249716,0.5074317715319837
0.15675782346952552,0.5074317715319837
0.15682828349292838,0.5074317715319837
0.1568987751869349,0.5074317715319837
0.1569692985657805,0.5074317715319837
0.15703985364370698,0.5074317715319837
0.1571104404349627,0.5074317715319837
0.15718105895380194,0.5074317715319837
0.1572517092144859,0.5074317715319837
0.157322391231282,0.5074317715319837
0.15739310501846407,0.5074317715319837
0.15746385059031257,0.5074317715319837
0.1575346279611138,0.5074317715319837
0.15760543714516106,0.5074317715319837
0.15767627815675386,0.5074317715319837
0.15774715101019815,0.5074317715319837
0.15781805571980648,0.5074317715319837
0.1578889922998973,0.5074317715319837
0.1579599607647961,0.5074317715319837
0.1580309611288345,0.5074317715319837
0.15810199340635064,0.5074317715319837
0.1581730576116893,0.5074317715319837
0.1582441537592011,0.5074317715319837
0.15831528186324376,0.5074317715319837
0.15838644193818116,0.5074317715319837
0.1584576339983837,0.5074317715319837
0.15852885805822836,0.5074317715319837
0.15860011413209815,0.5074317715319837
0.158671402234383,0.5074317715319837
0.15874272237947912,0.5074317715319837
0.15881407458178926,0.5074317715319837
0.15888545885572272,0.5074317715319837
0.15895687521569485,0.5074317715319837
0.15902832367612796,0.5074317715319837
0.15909980425145068,0.5074317715319837
0.1591713169560981,0.5074317715319837
0.159242861804512,0.5074317715319837
0.15931443881114007,0.5074317715319837
0.15938604799043715,0.5074317715319837
0.15945768935686427,0.5074317715319837
0.15952936292488898,0.5074317715319837
0.15960106870898558,0.5074317715319837
0.1596728067236343,0.5074317715319837
0.1597445769833224,0.5074317715319837
0.15981637950254346,0.5074317715319837
0.15988821429579766,0.5074317715319837
0.15996008137759177,0.5074317715319837
0.1600319807624386,0.5074317715319837
0.16010391246485806,0.5074317715319837
0.16017587649937629,0.5074317715319837
0.16024787288052605,0.5074317715319837
0.1603199016228468,0.5074317715319837
0.160391962740884,0.5074317715319837
0.16046405624919013,0.5074317715319837
0.16053618216232413,0.5074317715319837
0.16060834049485137,0.5074317715319837
0.16068053126134405,0.5074317715319837
0.16075275447638035,0.5074317715319837
0.16082501015454548,0.5074317715319837
0.1608972983104311,0.5074317715319837
0.16096961895863537,0.5074317715319837
0.16104197211376328,0.5074317715319837
0.16111435779042577,0.5074317715319837
0.16118677600324088,0.5074317715319837
0.16125922676683307,0.5074317715319837
0.1613317100958334,0.5074317715319837
0.16140422600487966,0.5074317715319837
0.16147677450861567,0.5074317715319837
0.16154935562169234,0.5074317715319837
0.16162196935876708,0.5074317715319837
0.16169461573450378,0.5074317715319837
0.16176729476357316,0.5074317715319837
0.16184000646065202,0.5074317715319837
0.16191275084042428,0.5074317715319837
0.16198552791758022,0.5074317715319837
0.16205833770681694,0.5074317715319837
0.16213118022283765,0.5074317715319837
0.1622040554803527,0.5074317715319837
0.16227696349407875,0.5074317715319837
0.16234990427873924,0.5074317715319837
0.1624228778490643,0.5074317715319837
0.16249588421979025,0.5074317715319837
0.16256892340566043,0.5074317715319837
0.1626419954214247,0.5074317715319837
0.1627151002818396,0.5074317715319837
0.1627882380016684,0.5074317715319837
0.1628614085956805,0.5074317715319837
0.16293461207865245,0.5074317715319837
0.16300784846536734,0.5074317715319837
0.16308111777061485,0.5074317715319837
0.16315442000919142,0.5074317715319837
0.16322775519589974,0.5074317715319837
0.1633011233455496,0.5074317715319837
0.16337452447295733,0.5074317715319837
0.1634479585929458,0.5074317715319837
0.1635214257203449,0.5074317715319837
0.16359492586999047,0.5074317715319837
0.16366845905672567,0.5074317715319837
0.16374202529540013,0.5074317715319837
0.16381562460087012,0.5074317715319837
0.1638892569879988,0.5074317715319837
0.1639629224716555,0.5074317715319837
0.1640366210667167,0.5074317715319837
0.16411035278806543,0.5074317715319837
0.1641841176505914,0.5074317715319837
0.16425791566919118,0.5074317715319837
0.16433174685876753,0.5074317715319837
0.16440561123423045,0.5074317715319837
0.16447950881049642,0.5074317715319837
0.16455343960248864,0.5074317715319837
0.1646274036251372,0.5074317715319837
0.1647014008933784,0.5074317715319837
0.16477543142215573,0.5074317715319837
0.16484949522641926,0.5074317715319837
0.16492359232112574,0.5074317715319837
0.16499772272123886,0.5074317715319837
0.1650718864417285,0.5074317715319837
0.16514608349757176,0.5074317715319837
0.16522031390375236,0.5074317715319837
0.16529457767526073,0.5074317715319837
0.16536887482709414,0.5074317715319837
0.1654432053742562,0.5074317715319837
0.16551756933175768,0.5074317715319837
0.165591966714616,0.5074317715319837
0.16566639753785534,0.5074317715319837
0.16574086181650666,0.5074317715319837
0.16581535956560736,0.5074317715319837
0.16588989080020194,0.5074317715319837
0.16596445553534164,0.5074317715319837
0.16603905378608438,0.5074317715319837
0.166113685567495,0.5074317715319837
0.16618835089464468,0.5074317715319837
0.1662630497826118,0.5074317715319837
0.1663377822464814,0.5074317715319837
0.1664125483013453,0.5074317715319837
0.16648734796230225,0.5074317715319837
0.1665621812444573,0.5074317715319837
0.16663704816292277,0.5074317715319837
0.1667119487328176,0.5074317715319837
0.1667868829692676,0.5074317715319837
0.16686185088740546,0.5074317715319837
0.1669368525023702,0.5074317715319837
0.16701188782930815,0.5074317715319837
0.16708695688337227,0.5074317715319837
0.16716205967972236,0.5074317715319837
0.1672371962335252,0.5074317715319837
0.1673123665599538,0.5074317715319837
0.16738757067418863,0.5074317715319837
0.16746280859141668,0.5074317715319837
0.1675380803268319,0.5074317715319837
0.1676133858956351,0.5074317715319837
0.16768872531303353,0.5074317715319837
0.1677640985942417,0.5074317715319837
0.1678395057544809,0.5074317715319837
0.16791494680897912,0.5074317715319837
0.16799042177297144,0.5074317715319837
0.16806593066169928,0.5074317715319837
0.16814147349041145,0.5074317715319837
0.16821705027436334,0.5074317715319837
0.16829266102881732,0.5074317715319837
0.1683683057690427,0.5074317715319837
0.16844398451031517,0.5074317715319837
0.16851969726791782,0.5074317715319837
0.16859544405714044,0.5074317715319837
0.16867122489327963,0.5074317715319837
0.16874703979163913,0.5074317715319837
0.16882288876752896,0.5074317715319837
0.1688987718362666,0.5074317715319837
0.1689746890131762,0.5074317715319837
0.1690506403135888,0.5074317715319837
0.16912662575284254,0.5074317715319837
0.1692026453462819,0.5074317715319837
0.1692786991092588,0.5074317715319837
0.16935478705713186,0.5074317715319837
0.16943090920526663,0.5074317715319837
0.16950706556903575,0.5074317715319837
0.1695832561638182,0.5074317715319837
0.16965948100500042,0.5074317715319837
0.16973574010797562,0.5074317715319837
0.1698120334881439,0.5074317715319837
0.1698883611609124,0.5074317715319837
0.16996472314169483,0.5074317715319837
0.17004111944591216,0.5074317715319837
0.17011755008899224,0.5074317715319837
0.17019401508636978,0.5074317715319837
0.17027051445348668,0.5074317715319837
0.1703470482057912,0.5074317715319837
0.17042361635873907,0.5074317715319837
0.1705002189277928,0.5074317715319837
0.17057685592842187,0.5074317715319837
0.17065352737610287,0.5074317715319837
0.1707302332863188,0.5074317715319837
0.17080697367456021,0.5074317715319837
0.1708837485563244,0.5074317715319837
0.17096055794711576,0.5074317715319837
0.1710374018624452,0.5074317715319837
0.17111428031783113,0.5523501305676912
0.17119119332879865,0.5523501305676912
0.17126814091087997,0.5523501305676912
0.17134512307961441,0.5523501305676912
0.17142213985054772,0.5523501305676912
0.17149919123923318,0.5523501305676912
0.17157627726123093,0.5523501305676912
0.17165339793210802,0.5523501305676912
0.17173055326743875,0.5523501305676912
0.17180774328280382,0.5523501305676912
0.17188496799379155,0.5523501305676912
0.17196222741599704,0.5523501305676912
0.17203952156502236,0.5523501305676912
0.17211685045647684,0.5523501305676912
0.17219421410597627,0.5523501305676912
0.172271612529144,0.5523501305676912
0.1723490457416102,0.5523501305676912
0.17242651375901205,0.5523501305676912
0.172504016596994,0.5523501305676912
0.17258155427120694,0.5523501305676912
0.1726591267973094,0.5523501305676912
0.17273673419096666,0.5523501305676912
0.17281437646785117,0.5523501305676912
0.17289205364364246,0.5523501305676912
0.1729697657340267,0.5523501305676912
0.17304751275469757,0.5523501305676912
0.17312529472135568,0.5523501305676912
0.17320311164970864,0.5523501305676912
0.17328096355547135,0.5523501305676912
0.1733588504543652,0.5523501305676912
0.17343677236211916,0.5523501305676912
0.1735147292944692,0.5523501305676912
0.17359272126715825,0.5523501305676912
0.17367074829593654,0.5523501305676912
0.17374881039656084,0.5523501305676912
0.17382690758479555,0.5523501305676912
0.17390503987641193,0.5523501305676912
0.1739832072871884,0.5523501305676912
0.1740614098329106,0.5523501305676912
0.17413964752937075,0.5523501305676912
0.1742179203923687,0.5523501305676912
0.17429622843771123,0.5523501305676912
0.17437457168121218,0.5523501305676912
0.17445295013869272,0.5523501305676912
0.1745313638259806,0.5523501305676912
0.17460981275891124,0.5523501305676912
0.17468829695332694,0.5523501305676912
0.17476681642507713,0.5523501305676912
0.17484537119001858,0.5523501305676912
0.17492396126401466,0.5523501305676912
0.17500258666293633,0.5523501305676912
0.17508124740266157,0.5523501305676912
0.1751599434990755,0.5523501305676912
0.1752386749680705,0.5523501305676912
0.17531744182554565,0.5523501305676912
0.17539624408740762,0.5523501305676912
0.1754750817695701,0.5523501305676912
0.17555395488795394,0.5523501305676912
0.17563286345848728,0.5523501305676912
0.17571180749710494,0.5523501305676912
0.17579078701974937,0.5523501305676912
0.1758698020423701,0.5523501305676912
0.17594885258092374,0.5523501305676912
0.1760279386513743,0.5523501305676912
0.17610706026969242,0.5523501305676912
0.17618621745185642,0.5523501305676912
0.1762654102138517,0.5523501305676912
0.1763446385716708,0.5523501305676912
0.17642390254131357,0.5523501305676912
0.17650320213878662,0.5523501305676912
0.17658253738010424,0.5523501305676912
0.17666190828128775,0.5523501305676912
0.1767413148583656,0.5523501305676912
0.1768207571273738,0.5523501305676912
0.17690023510435482,0.5523501305676912
0.17697974880535902,0.5523501305676912
0.17705929824644376,0.5523501305676912
0.17713888344367357,0.5523501305676912
0.17721850441312045,0.5523501305676912
0.17729816117086306,0.5523501305676912
0.17737785373298778,0.5523501305676912
0.17745758211558813,0.5523501305676912
0.1775373463347648,0.5523501305676912
0.1776171464066259,0.5523501305676912
0.17769698234728626,0.5523501305676912
0.1777768541728685,0.5523501305676912
0.17785676189950228,0.5523501305676912
0.1779367055433245,0.5523501305676912
0.17801668512047958,0.5523501305676912
0.17809670064711852,0.5523501305676912
0.17817675213940024,0.5523501305676912
0.17825683961349068,0.5523501305676912
0.17833696308556304,0.5523501305676912
0.17841712257179804,0.5523501305676912
0.17849731808838304,0.5523501305676912
0.1785775496515133,0.5523501305676912
0.1786578172773911,0.5523501305676912
0.17873812098222608,0.5523501305676912
0.1788184607822353,0.5523501305676912
0.17889883669364254,0.5523501305676912
0.1789792487326795,0.5523501305676912
0.1790596969155849,0.5523501305676912
0.17914018125860487,0.5523501305676912
0.1792207017779929,0.5523501305676912
0.1793012584900093,0.5523501305676912
0.17938185141092228,0.5523501305676912
0.17946248055700711,0.5523501305676912
0.17954314594454637,0.5523501305676912
0.17962384758983022,0.5523501305676912
0.17970458550915552,0.5523501305676912
0.17978535971882703,0.5523501305676912
0.17986617023515666,0.5523501305676912
0.17994701707446364,0.5523501305676912
0.18002790025307475,0.5523501305676912
0.18010881978732346,0.5523501305676912
0.1801897756935513,0.5523501305676912
0.18027076798810682,0.5523501305676912
0.18035179668734594,0.5523501305676912
0.1804328618076322,0.5523501305676912
0.18051396336533584,0.5523501305676912
0.18059510137683507,0.5523501305676912
0.18067627585851528,0.5523501305676912
0.18075748682676937,0.5523501305676912
0.18083873429799704,0.5523501305676912
0.18092001828860604,0.5523501305676912
0.18100133881501115,0.5523501305676912
0.18108269589363463,0.5523501305676912
0.18116408954090626,0.5523501305676912
0.1812455197732627,0.5523501305676912
0.18132698660714847,0.5523501305676912
0.18140849005901538,0.5523501305676912
0.1814900301453226,0.5523501305676912
0.18157160688253687,0.5523501305676912
0.18165322028713182,0.5523501305676912
0.18173487037558897,0.5523501305676912
0.18181655716439712,0.5523501305676912
0.18189828067005245,0.5523501305676912
0.1819800409090588,0.5523501305676912
0.1820618378979268,0.5523501305676912
0.18214367165317505,0.5523501305676912
0.18222554219132947,0.5523501305676912
0.18230744952892336,0.5523501305676912
0.18238939368249762,0.5523501305676912
0.18247137466860006,0.5523501305676912
0.18255339250378647,0.5523501305676912
0.18263544720461988,0.5523501305676912
0.1827175387876708,0.5523501305676912
0.18279966726951735,0.5523501305676912
0.18288183266674454,0.5523501305676912
0.18296403499594543,0.5523501305676912
0.18304627427372033,0.5523501305676912
0.18312855051667698,0.5523501305676912
0.1832108637414308,0.5523501305676912
0.18329321396460413,0.5523501305676912
0.1833756012028273,0.5523501305676912
0.183458025472738,0.5523501305676912
0.18354048679098134,0.5523501305676912
0.1836229851742101,0.5523501305676912
0.183705520639084,0.5523501305676912
0.18378809320227082,0.5523501305676912
0.18387070288044563,0.5523501305676912
0.18395334969029098,0.5523501305676912
0.18403603364849713,0.5523501305676912
0.1841187547717613,0.5523501305676912
0.1842015130767887,0.5523501305676912
0.18428430858029196,0.5523501305676912
0.18436714129899115,0.5523501305676912
0.18445001124961408,0.5523501305676912
0.18453291844889547,0.5523501305676912
0.18461586291357818,0.5523501305676912
0.1846988446604124,0.5523501305676912
0.18478186370615582,0.5523501305676912
0.18486492006757385,0.5523501305676912
0.1849480137614389,0.5523501305676912
0.1850311448045315,0.5523501305676912
0.18511431321363944,0.5523501305676912
0.18519751900555817,0.5523501305676912
0.18528076219709083,0.5523501305676912
0.1853640428050475,0.5523501305676912
0.18544736084624647,0.5523501305676912
0.1855307163375133,0.5523501305676912
0.18561410929568126,0.5523501305676912
0.1856975397375912,0.5523501305676912
0.18578100768009112,0.5523501305676912
0.18586451314003705,0.5523501305676912
0.1859480561342925,0.5523501305676912
0.18603163667972847,0.5523501305676912
0.1861152547932238,0.5523501305676912
0.18619891049166434,0.5523501305676912
0.18628260379194406,0.5523501305676912
0.18636633471096437,0.5523501305676912
0.18645010326563427,0.5523501305676912
0.18653390947287052,0.5523501305676912
0.186617753349597,0.5523501305676912
0.18670163491274563,0.5523501305676912
0.18678555417925588,0.5523501305676912
0.18686951116607475,0.5523501305676912
0.1869535058901571,0.5523501305676912
0.18703753836846482,0.5523501305676912
0.18712160861796798,0.5523501305676912
0.18720571665564412,0.5523501305676912
0.18728986249847837,0.5523501305676912
0.18737404616346373,0.5523501305676912
0.18745826766760024,0.5523501305676912
0.18754252702789614,0.5523501305676912
0.18762682426136715,0.5523501305676912
0.18771115938503663,0.5523501305676912
0.18779553241593577,0.5523501305676912
0.1878799433711029,0.5523501305676912
0.18796439226758446,0.5523501305676912
0.18804887912243454,0.5523501305676912
0.1881334039527147,0.5523501305676912
0.1882179667754945,0.5523501305676912
0.1883025676078505,0.5523501305676912
0.18838720646686763,0.5523501305676912
0.1884718833696382,0.5523501305676912
0.18855659833326224,0.5523501305676912
0.1886413513748477,0.5523501305676912
0.18872614251150954,0.5523501305676912
0.18881097176037112,0.5523501305676912
0.18889583913856317,0.5523501305676912
0.18898074466322426,0.5523501305676912
0.1890656883515007,0.5523501305676912
0.18915067022054607,0.5523501305676912
0.18923569028752218,0.5523501305676912
0.18932074856959835,0.5523501305676912
0.1894058450839516,0.5523501305676912
0.18949097984776697,0.5523501305676912
0.18957615287823648,0.5523501305676912
0.1896613641925606,0.5523501305676912
0.18974661380794725,0.5523501305676912
0.18983190174161216,0.5523501305676912
0.1899172280107789,0.5523501305676912
0.1900025926326783,0.5523501305676912
0.19008799562454942,0.5523501305676912
0.19017343700363895,0.5523501305676912
0.19025891678720128,0.5523501305676912
0.1903444349924988,0.5523501305676912
0.19042999163680105,0.5523501305676912
0.19051558673738592,0.5523501305676912
0.1906012203115388,0.5523501305676912
0.1906868923765532,0.5523501305676912
0.1907726029497297,0.5523501305676912
0.19085835204837726,0.5523501305676912
0.19094413968981241,0.5523501305676912
0.19102996589135954,0.5523501305676912
0.19111583067035096,0.5523501305676912
0.19120173404412616,0.5523501305676912
0.19128767603003308,0.5523501305676912
0.19137365664542721,0.5523501305676912
0.19145967590767188,0.5523501305676912
0.1915457338341384,0.5523501305676912
0.19163183044220528,0.5523501305676912
0.19171796574925945,0.5523501305676912
0.19180413977269545,0.5523501305676912
0.19189035252991568,0.5523501305676912
0.19197660403833053,0.5523501305676912
0.19206289431535759,0.5523501305676912
0.19214922337842288,0.5523501305676912
0.19223559124496015,0.5523501305676912
0.19232199793241084,0.5523501305676912
0.19240844345822453,0.5523501305676912
0.19249492783985803,0.5523501305676912
0.1925814510947766,0.5523501305676912
0.19266801324045305,0.5523501305676912
0.1927546142943682,0.5523501305676912
0.19284125427401083,0.5523501305676912
0.192927933196877,0.5523501305676912
0.19301465108047125,0.5523501305676912
0.19310140794230576,0.5523501305676912
0.19318820379990062,0.5523501305676912
0.19327503867078397,0.5523501305676912
0.19336191257249122,0.5523501305676912
0.19344882552256626,0.5523501305676912
0.19353577753856072,0.5523501305676912
0.19362276863803402,0.5523501305676912
0.1937097988385538,0.5523501305676912
0.19379686815769487,0.5523501305676912
0.19388397661304063,0.5523501305676912
0.19397112422218213,0.5523501305676912
0.19405831100271836,0.5523501305676912
0.1941455369722564,0.5523501305676912
0.19423280214841065,0.5523501305676912
0.19432010654880405,0.5523501305676912
0.19440745019106723,0.5523501305676912
0.19449483309283874,0.5523501305676912
0.1945822552717653,0.5523501305676912
0.1946697167455009,0.5523501305676912
0.19475721753170813,0.5523501305676912
0.19484475764805728,0.5523501305676912
0.19493233711222657,0.5523501305676912
0.19501995594190244,0.5523501305676912
0.19510761415477856,0.5523501305676912
0.19519531176855728,0.5523501305676912
0.19528304880094863,0.5523501305676912
0.1953708252696706,0.5523501305676912
0.19545864119244938,0.5523501305676912
0.1955464965870185,0.5523501305676912
0.19563439147112008,0.5523501305676912
0.195722325862504,0.5523501305676912
0.1958102997789281,0.5523501305676912
0.19589831323815848,0.5523501305676912
0.19598636625796853,0.5523501305676912
0.19607445885614028,0.5523501305676912
0.19616259105046355,0.5523501305676912
0.19625076285873613,0.5523501305676912
0.19633897429876404,0.5523501305676912
0.1964272253883607,0.5523501305676912
0.1965155161453481,0.5523501305676912
0.1966038465875561,0.5523501305676912
0.19669221673282253,0.5523501305676912
0.19678062659899348,0.5523501305676912
0.19686907620392238,0.5523501305676912
0.1969575655654714,0.5523501305676912
0.1970460947015104,0.5523501305676912
0.1971346636299174,0.5523501305676912
0.19722327236857862,0.5523501305676912
0.19731192093538769,0.5523501305676912
0.19740060934824685,0.5523501305676912
0.1974893376250663,0.5523501305676912
0.1975781057837642,0.5523501305676912
0.19766691384226695,0.5523501305676912
0.1977557618185085,0.5523501305676912
0.1978446497304314,0.5523501305676912
0.19793357759598607,0.5523501305676912
0.19802254543313097,0.5523501305676912
0.19811155325983287,0.5523501305676912
0.19820060109406604,0.5523501305676912
0.19828968895381335,0.5523501305676912
0.19837881685706565,0.5523501305676912
0.19846798482182182,0.5523501305676912
0.198557192866089,0.5523501305676912
0.19864644100788187,0.5523501305676912
0.19873572926522381,0.5523501305676912
0.1988250576561461,0.5523501305676912
0.19891442619868813,0.5523501305676912
0.19900383491089751,0.5523501305676912
0.1990932838108295,0.5523501305676912
0.19918277291654798,0.5523501305676912
0.1992723022461248,0.5523501305676912
0.1993618718176399,0.5523501305676912
0.19945148164918156,0.5523501305676912
0.19954113175884558,0.5523501305676912
0.19963082216473654,0.5523501305676912
0.19972055288496687,0.5523501305676912
0.1998103239376572,0.5523501305676912
0.19990013534093656,0.5523501305676912
0.1999899871129414,0.5523501305676912
0.200079879271817,0.5523501305676912
0.2001698118357166,0.5523501305676912
0.20025978482280157,0.5523501305676912
0.20034979825124166,0.5523501305676912
0.2004398521392142,0.5523501305676912
0.20052994650490524,0.5523501305676912
0.20062008136650886,0.5523501305676912
0.20071025674222728,0.5523501305676912
0.20080047265027118,0.5523501305676912
0.20089072910885866,0.5523501305676912
0.2009810261362168,0.5523501305676912
0.20107136375058055,0.5523501305676912
0.2011617419701933,0.5523501305676912
0.201252160813306,0.5523501305676912
0.20134262029817845,0.5523501305676912
0.20143312044307848,0.5523501305676912
0.20152366126628204,0.5523501305676912
0.2016142427860736,0.5523501305676912
0.20170486502074517,0.5523501305676912
0.2017955279885976,0.5523501305676912
0.20188623170793976,0.5523501305676912
0.2019769761970888,0.5523501305676912
0.20206776147437025,0.5523501305676912
0.2021585875581173,0.5523501305676912
0.20224945446667197,0.5523501305676912
0.20234036221838433,0.5523501305676912
0.20243131083161273,0.5523501305676912
0.20252230032472388,0.5523501305676912
0.20261333071609222,0.5523501305676912
0.20270440202410106,0.5523501305676912
0.20279551426714174,0.5523501305676912
0.20288666746361386,0.5523501305676912
0.2029778616319255,0.5523501305676912
0.20306909679049243,0.5523501305676912
0.20316037295773928,0.5523501305676912
0.20325169015209876,0.5523501305676912
0.2033430483920119,0.5523501305676912
0.20343444769592817,0.5523501305676912
0.20352588808230473,0.5523501305676912
0.20361736956960771,0.5523501305676912
0.20370889217631125,0.5523501305676912
0.20380045592089785,0.5523501305676912
0.20389206082185848,0.5523501305676912
0.20398370689769188,0.5523501305676912
0.20407539416690565,0.5523501305676912
0.20416712264801554,0.5523501305676912
0.20425889235954556,0.5523501305676912
0.20435070332002836,0.5523501305676912
0.2044425555480042,0.5523501305676912
0.20453444906202237,0.5523501305676912
0.20462638388064025,0.5523501305676912
0.20471836002242352,0.5523501305676912
0.20481037750594652,0.5523501305676912
0.20490243634979124,0.5523501305676912
0.20499453657254865,0.5523501305676912
0.2050866781928179,0.5523501305676912
0.20517886122920645,0.5523501305676912
0.20527108570033037,0.5523501305676912
0.2053633516248135,0.5523501305676912
0.2054556590212886,0.5523501305676912
0.20554800790839664,0.5523501305676912
0.205640398304787,0.5523501305676912
0.2057328302291176,0.5523501305676912
0.2058253037000541,0.5523501305676912
0.20591781873627127,0.5523501305676912
0.20601037535645197,0.5523501305676912
0.20610297357928753,0.5523501305676912
0.20619561342347786,0.5523501305676912
0.2062882949077306,0.5523501305676912
0.2063810180507625,0.5523501305676912
0.2064737828712985,0.5523501305676912
0.20656658938807193,0.5523501305676912
0.20665943761982475,0.5523501305676912
0.20675232758530673,0.5523501305676912
0.2068452593032767,0.5523501305676912
0.20693823279250173,0.5523501305676912
0.20703124807175727,0.5523501305676912
0.20712430515982744,0.5523501305676912
0.2072174040755042,0.5523501305676912
0.2073105448375886,0.5523501305676912
0.20740372746488986,0.5523501305676912
0.2074969519762257,0.5523501305676912
0.20759021839042252,0.5523501305676912
0.20768352672631454,0.5523501305676912
0.20777687700274505,0.5523501305676912
0.20787026923856564,0.5523501305676912
0.20796370345263634,0.5523501305676912
0.2080571796638259,0.5523501305676912
0.20815069789101087,0.5523501305676912
0.20824425815307698,0.5523501305676912
0.20833786046891822,0.5523501305676912
0.20843150485743703,0.5523501305676912
0.2085251913375446,0.5523501305676912
0.20861891992815995,0.5523501305676912
0.2087126906482113,0.5523501305676912
0.2088065035166351,0.5523501305676912
0.20890035855237635,0.5523501305676912
0.20899425577438877,0.5523501305676912
0.20908819520163394,0.5523501305676912
0.20918217685308263,0.5523501305676912
0.20927620074771394,0.5523501305676912
0.20937026690451543,0.5523501305676912
0.2094643753424835,0.5523501305676912
0.20955852608062236,0.5523501305676912
0.20965271913794548,0.5523501305676912
0.20974695453347458,0.5523501305676912
0.20984123228624002,0.5523501305676912
0.20993555241528086,0.5523501305676912
0.21002991493964412,0.5523501305676912
0.21012431987838598,0.5523501305676912
0.210218767250571,0.5523501305676912
0.21031325707527235,0.5523501305676912
0.21040778937157187,0.5523501305676912
0.21050236415855944,0.5523501305676912
0.21059698145533412,0.5523501305676912
0.21069164128100337,0.5523501305676912
0.2107863436546832,0.5523501305676912
0.21088108859549845,0.5523501305676912
0.2109758761225819,0.5523501305676912
0.2110707062550756,0.5523501305676912
0.21116557901212993,0.5523501305676912
0.21126049441290395,0.5523501305676912
0.2113554524765655,0.5523501305676912
0.21145045322229045,0.5523501305676912
0.21154549666926384,0.5523501305676912
0.21164058283667916,0.5523501305676912
0.2117357117437386,0.5523501305676912
0.21183088340965303,0.5523501305676912
0.21192609785364153,0.5523501305676912
0.21202135509493222,0.5523501305676912
0.21211665515276187,0.5523501305676912
0.21221199804637578,0.5523501305676912
0.21230738379502812,0.5523501305676912
0.21240281241798106,0.5523501305676912
0.21249828393450615,0.5523501305676912
0.21259379836388329,0.5523501305676912
0.2126893557254013,0.5523501305676912
0.21278495603835706,0.5523501305676912
0.21288059932205675,0.5523501305676912
0.21297628559581497,0.5523501305676912
0.21307201487895505,0.5523501305676912
0.2131677871908092,0.5523501305676912
0.21326360255071766,0.5523501305676912
0.21335946097803007,0.5523501305676912
0.21345536249210445,0.5523501305676912
0.21355130711230763,0.5523501305676912
0.2136472948580153,0.5523501305676912
0.2137433257486112,0.5523501305676912
0.21383939980348848,0.5523501305676912
0.21393551704204875,0.5523501305676912
0.21403167748370236,0.5523501305676912
0.21412788114786857,0.5523501305676912
0.21422412805397478,0.5523501305676912
0.21432041822145773,0.5523501305676912
0.21441675166976265,0.5523501305676912
0.21451312841834358,0.5523501305676912
0.2146095484866635,0.5523501305676912
0.21470601189419344,0.5523501305676912
0.21480251866041392,0.5523501305676912
0.21489906880481388,0.5523501305676912
0.2149956623468911,0.5523501305676912
0.2150922993061524,0.5523501305676912
0.21518897970211256,0.5523501305676912
0.2152857035542959,0.5523501305676912
0.21538247088223528,0.5523501305676912
0.2154792817054723,0.5523501305676912
0.2155761360435576,0.5523501305676912
0.21567303391604994,0.5523501305676912
0.21576997534251754,0.5523501305676912
0.2158669603425372,0.5523501305676912
0.21596398893569443,0.5523501305676912
0.2160610611415839,0.5523501305676912
0.21615817697980835,0.5523501305676912
0.21625533646998002,0.5523501305676912
0.21635253963171971,0.5523501305676912
0.21644978648465704,0.5523501305676912
0.21654707704843076,0.5523501305676912
0.21664441134268766,0.5523501305676912
0.2167417893870841,0.5523501305676912
0.21683921120128505,0.5523501305676912
0.21693667680496428,0.5523501305676912
0.21703418621780468,0.5523501305676912
0.2171317394594973,0.5523501305676912
0.21722933654974264,0.5523501305676912
0.21732697750824995,0.5523501305676912
0.21742466235473726,0.5523501305676912
0.2175223911089317,0.5523501305676912
0.21762016379056862,0.5523501305676912
0.2177179804193929,0.5523501305676912
0.21781584101515802,0.5523501305676912
0.21791374559762644,0.5523501305676912
0.21801169418656965,0.5523501305676912
0.2181096868017674,0.5523501305676912
0.21820772346300896,0.5523501305676912
0.21830580419009227,0.5523501305676912
0.2184039290028242,0.5523501305676912
0.2185020979210208,0.5523501305676912
0.2186003109645062,0.5523501305676912
0.21869856815311423,0.5523501305676912
0.21879686950668742,0.5523501305676912
0.21889521504507717,0.5523501305676912
0.21899360478814403,0.5523501305676912
0.2190920387557568,0.5523501305676912
0.21919051696779396,0.5523501305676912
0.21928903944414257,0.5523501305676912
0.21938760620469872,0.5523501305676912
0.21948621726936768,0.5523501305676912
0.21958487265806292,0.5523501305676912
0.21968357239070757,0.5523501305676912
0.21978231648723354,0.5523501305676912
0.21988110496758162,0.5523501305676912
0.2199799378517018,0.5523501305676912
0.22007881515955244,0.5523501305676912
0.22017773691110146,0.5523501305676912
0.22027670312632555,0.5523501305676912
0.22037571382521043,0.5523501305676912
0.22047476902775093,0.5523501305676912
0.22057386875395027,0.5523501305676912
0.22067301302382133,0.5523501305676912
0.22077220185738575,0.5523501305676912
0.22087143527467415,0.5523501305676912
0.22097071329572643,0.5523501305676912
0.22107003594059071,0.5523501305676912
0.22116940322932496,0.5523501305676912
0.2212688151819958,0.5523501305676912
0.2213682718186789,0.5523501305676912
0.22146777315945929,0.5523501305676912
0.2215673192244302,0.5523501305676912
0.22166691003369465,0.5523501305676912
0.22176654560736445,0.5523501305676912
0.22186622596556044,0.5523501305676912
0.22196595112841278,0.5523501305676912
0.2220657211160599,0.5523501305676912
0.2221655359486501,0.5523501305676912
0.22226539564634037,0.5523501305676912
0.22236530022929685,0.5523501305676912
0.22246524971769494,0.5523501305676912
0.2225652441317184,0.5523501305676912
0.22266528349156087,0.5523501305676912
0.22276536781742462,0.5523501305676912
0.22286549712952122,0.5523501305676912
0.22296567144807145,0.5523501305676912
0.22306589079330444,0.5523501305676912
0.2231661551854592,0.5523501305676912
0.22326646464478359,0.5523501305676912
0.2233668191915345,0.5523501305676912
0.22346721884597825,0.5523501305676912
0.22356766362838953,0.5523501305676912
0.2236681535590528,0.5523501305676912
0.2237686886582615,0.5523501305676912
0.2238692689463181,0.5523501305676912
0.22396989444353446,0.5523501305676912
0.22407056517023088,0.5523501305676912
0.22417128114673754,0.5523501305676912
0.22427204239339338,0.5523501305676912
0.2243728489305469,0.5523501305676912
0.22447370077855489,0.5523501305676912
0.2245745979577841,0.5523501305676912
0.22467554048861013,0.5523501305676912
0.2247765283914178,0.5523501305676912
0.22487756168660122,0.5523501305676912
0.2249786403945631,0.5523501305676912
0.22507976453571596,0.5523501305676912
0.2251809341304812,0.5523501305676912
0.22528214919928954,0.5523501305676912
0.225383409762581,0.5671354615964382
0.22548471584080412,0.5671354615964382
0.22558606745441734,0.5671354615964382
0.22568746462388803,0.5671354615964382
0.22578890736969284,0.5671354615964382
0.22589039571231775,0.5671354615964382
0.22599192967225734,0.5671354615964382
0.22609350927001606,0.5671354615964382
0.22619513452610732,0.5671354615964382
0.22629680546105382,0.5671354615964382
0.22639852209538763,0.5671354615964382
0.22650028444964945,0.5671354615964382
0.2266020925443898,0.5671354615964382
0.2267039464001683,0.5671354615964382
0.22680584603755374,0.5671354615964382
0.22690779147712445,0.5671354615964382
0.2270097827394673,0.5671354615964382
0.22711181984517903,0.5671354615964382
0.2272139028148655,0.5671354615964382
0.22731603166914183,0.5671354615964382
0.22741820642863256,0.5671354615964382
0.22752042711397089,0.5671354615964382
0.22762269374579994,0.5671354615964382
0.22772500634477186,0.5671354615964382
0.22782736493154818,0.5671354615964382
0.22792976952679983,0.5671354615964382
0.2280322201512064,0.5671354615964382
0.22813471682545744,0.5671354615964382
0.22823725957025165,0.5671354615964382
0.2283398484062969,0.5671354615964382
0.2284424833543107,0.5671354615964382
0.22854516443501913,0.5671354615964382
0.2286478916691583,0.5671354615964382
0.22875066507747344,0.5671354615964382
0.22885348468071903,0.5671354615964382
0.22895635049965918,0.5671354615964382
0.2290592625550666,0.5671354615964382
0.229162220867724,0.5671354615964382
0.22926522545842332,0.5671354615964382
0.2293682763479657,0.5671354615964382
0.22947137355716196,0.5671354615964382
0.22957451710683155,0.5671354615964382
0.22967770701780396,0.5671354615964382
0.22978094331091783,0.5671354615964382
0.22988422600702113,0.5671354615964382
0.2299875551269715,0.5671354615964382
0.2300909306916352,0.5671354615964382
0.23019435272188857,0.5671354615964382
0.23029782123861714,0.5671354615964382
0.2304013362627158,0.5671354615964382
0.2305048978150891,0.5671354615964382
0.23060850591665016,0.5671354615964382
0.2307121605883224,0.5671354615964382
0.23081586185103825,0.5671354615964382
0.23091960972573963,0.5671354615964382
0.23102340423337808,0.5671354615964382
0.23112724539491383,0.5671354615964382
0.2312311332313173,0.5671354615964382
0.23133506776356805,0.5671354615964382
0.23143904901265505,0.5671354615964382
0.23154307699957705,0.5671354615964382
0.23164715174534137,0.5671354615964382
0.23175127327096562,0.5671354615964382
0.23185544159747654,0.5671354615964382
0.23195965674591038,0.5671354615964382
0.232063918737313,0.5671354615964382
0.23216822759273908,0.5671354615964382
0.23227258333325349,0.5671354615964382
0.23237698597993023,0.5671354615964382
0.23248143555385287,0.5671354615964382
0.23258593207611467,0.5671354615964382
0.2326904755678176,0.5671354615964382
0.23279506605007397,0.5671354615964382
0.23289970354400516,0.5671354615964382
0.23300438807074217,0.5671354615964382
0.2331091196514257,0.5671354615964382
0.2332138983072052,0.5671354615964382
0.23331872405924045,0.5671354615964382
0.23342359692870035,0.5671354615964382
0.23352851693676346,0.5671354615964382
0.233633484104618,0.5671354615964382
0.23373849845346104,0.5671354615964382
0.23384356000449988,0.5671354615964382
0.23394866877895112,0.5671354615964382
0.2340538247980409,0.5671354615964382
0.23415902808300512,0.5671354615964382
0.23426427865508856,0.5671354615964382
0.2343695765355462,0.5671354615964382
0.23447492174564236,0.5671354615964382
0.23458031430665094,0.5671354615964382
0.2346857542398556,0.5671354615964382
0.23479124156654888,0.5671354615964382
0.23489677630803363,0.5671354615964382
0.23500235848562195,0.5671354615964382
0.23510798812063566,0.5671354615964382
0.23521366523440623,0.5671354615964382
0.23531938984827414,0.5671354615964382
0.23542516198359012,0.5671354615964382
0.23553098166171427,0.5671354615964382
0.2356368489040163,0.5671354615964382
0.2357427637318757,0.5671354615964382
0.23584872616668096,0.5671354615964382
0.23595473622983082,0.5671354615964382
0.23606079394273344,0.5671354615964382
0.2361668993268066,0.5671354615964382
0.23627305240347787,0.5671354615964382
0.23637925319418387,0.5671354615964382
0.2364855017203715,0.5671354615964382
0.236591798003497,0.5671354615964382
0.2366981420650266,0.5671354615964382
0.2368045339264354,0.5671354615964382
0.23691097360920893,0.5671354615964382
0.237017461134842,0.5671354615964382
0.2371239965248393,0.5671354615964382
0.23723057980071519,0.5671354615964382
0.23733721098399316,0.5671354615964382
0.237443890096207,0.5671354615964382
0.23755061715889997,0.5671354615964382
0.237657392193625,0.5671354615964382
0.237764215221945,0.5671354615964382
0.23787108626543177,0.5671354615964382
0.23797800534566754,0.5671354615964382
0.2380849724842441,0.5671354615964382
0.23819198770276281,0.5671354615964382
0.23829905102283508,0.5671354615964382
0.23840616246608126,0.5671354615964382
0.23851332205413214,0.5671354615964382
0.23862052980862802,0.5671354615964382
0.23872778575121892,0.5671354615964382
0.23883508990356478,0.5671354615964382
0.23894244228733466,0.5671354615964382
0.239049842924208,0.5671354615964382
0.23915729183587373,0.5671354615964382
0.2392647890440306,0.5671354615964382
0.2393723345703873,0.5671354615964382
0.23947992843666158,0.5671354615964382
0.23958757066458167,0.5671354615964382
0.2396952612758853,0.5671354615964382
0.23980300029232005,0.5671354615964382
0.2399107877356434,0.5671354615964382
0.24001862362762194,0.5671354615964382
0.24012650799003282,0.5671354615964382
0.24023444084466264,0.5671354615964382
0.2403424222133079,0.5671354615964382
0.24045045211777502,0.5671354615964382
0.2405585305798796,0.5671354615964382
0.24066665762144773,0.5671354615964382
0.24077483326431504,0.5671354615964382
0.24088305753032702,0.5671354615964382
0.2409913304413392,0.5671354615964382
0.2410996520192162,0.5671354615964382
0.24120802228583324,0.5671354615964382
0.24131644126307503,0.5671354615964382
0.24142490897283625,0.5671354615964382
0.24153342543702158,0.5671354615964382
0.2416419906775448,0.5671354615964382
0.24175060471633034,0.5671354615964382
0.24185926757531218,0.5671354615964382
0.24196797927643418,0.5671354615964382
0.24207673984165035,0.5671354615964382
0.24218554929292374,0.5671354615964382
0.2422944076522281,0.5671354615964382
0.24240331494154677,0.5671354615964382
0.24251227118287294,0.5671354615964382
0.24262127639821002,0.5671354615964382
0.24273033060957047,0.5671354615964382
0.24283943383897746,0.5671354615964382
0.24294858610846376,0.5671354615964382
0.2430577874400721,0.5671354615964382
0.24316703785585528,0.5671354615964382
0.24327633737787538,0.5671354615964382
0.24338568602820504,0.5671354615964382
0.24349508382892662,0.5671354615964382
0.24360453080213243,0.5671354615964382
0.2437140269699249,0.5671354615964382
0.24382357235441568,0.5671354615964382
0.2439331669777271,0.5671354615964382
0.24404281086199123,0.5671354615964382
0.24415250402934996,0.5671354615964382
0.24426224650195555,0.5671354615964382
0.24437203830196935,0.5671354615964382
0.24448187945156347,0.5671354615964382
0.24459176997291968,0.5671354615964382
0.2447017098882298,0.5671354615964382
0.24481169921969584,0.5671354615964382
0.24492173798952904,0.5671354615964382
0.24503182621995134,0.5671354615964382
0.24514196393319448,0.5671354615964382
0.24525215115150015,0.5671354615964382
0.24536238789712028,0.5671354615964382
0.2454726741923161,0.5671354615964382
0.24558301005935956,0.5671354615964382
0.24569339552053235,0.5671354615964382
0.24580383059812624,0.5671354615964382
0.24591431531444322,0.5671354615964382
0.24602484969179456,0.5671354615964382
0.24613543375250233,0.5671354615964382
0.24624606751889833,0.5671354615964382
0.2463567510133245,0.5671354615964382
0.24646748425813295,0.5671354615964382
0.24657826727568516,0.5671354615964382
0.24668910008835343,0.5671354615964382
0.2467999827185198,0.5671354615964382
0.2469109151885764,0.5671354615964382
0.24702189752092574,0.5671354615964382
0.24713292973797948,0.5671354615964382
0.2472440118621603,0.5671354615964382
0.2473551439159006,0.5671354615964382
0.24746632592164286,0.5671354615964382
0.24757755790183994,0.5671354615964382
0.24768883987895401,0.5671354615964382
0.2478001718754581,0.5671354615964382
0.24791155391383513,0.5671354615964382
0.24802298601657802,0.5671354615964382
0.24813446820619015,0.5671354615964382
0.24824600050518425,0.5671354615964382
0.24835758293608387,0.5671354615964382
0.24846921552142245,0.5671354615964382
0.24858089828374363,0.5671354615964382
0.24869263124560134,0.5671354615964382
0.24880441442955892,0.5671354615964382
0.24891624785819064,0.5671354615964382
0.24902813155408063,0.5671354615964382
0.2491400655398232,0.5671354615964382
0.24925204983802302,0.5671354615964382
0.2493640844712942,0.5671354615964382
0.2494761694622618,0.5671354615964382
0.24958830483356073,0.5671354615964382
0.24970049060783614,0.5671354615964382
0.24981272680774352,0.5671354615964382
0.24992501345594792,0.5671354615964382
0.2500373505751252,0.5671354615964382
0.2501497381879612,0.5671354615964382
0.25026217631715236,0.5671354615964382
0.2503746649854043,0.5671354615964382
0.25048720421543375,0.5671354615964382
0.25059979402996746,0.5671354615964382
0.25071243445174224,0.5671354615964382
0.2508251255035055,0.5671354615964382
0.25093786720801403,0.5671354615964382
0.2510506595880357,0.5671354615964382
0.25116350266634824,0.5671354615964382
0.25127639646573974,0.5671354615964382
0.25138934100900867,0.5671354615964382
0.2515023363189631,0.5671354615964382
0.25161538241842213,0.5671354615964382
0.25172847933021464,0.5671354615964382
0.25184162707718005,0.5671354615964382
0.2519548256821681,0.5671354615964382
0.25206807516803814,0.5671354615964382
0.2521813755576605,0.5671354615964382
0.25229472687391563,0.5671354615964382
0.2524081291396942,0.5671354615964382
0.25252158237789735,0.5671354615964382
0.25263508661143586,0.5671354615964382
0.25274864186323154,0.5671354615964382
0.2528622481562163,0.5671354615964382
0.25297590551333216,0.5671354615964382
0.253089613957532,0.5671354615964382
0.253203373511778,0.5671354615964382
0.2533171841990436,0.5671354615964382
0.2534310460423122,0.5671354615964382
0.2535449590645776,0.5671354615964382
0.25365892328884404,0.5671354615964382
0.2537729387381256,0.5671354615964382
0.2538870054354473,0.5671354615964382
0.25400112340384423,0.5671354615964382
0.25411529266636185,0.5671354615964382
0.25422951324605636,0.5671354615964382
0.25434378516599343,0.5671354615964382
0.2544581084492499,0.5671354615964382
0.2545724831189126,0.5671354615964382
0.25468690919807907,0.5671354615964382
0.2548013867098572,0.5671354615964382
0.2549159156773645,0.5671354615964382
0.2550304961237298,0.5671354615964382
0.25514512807209194,0.5671354615964382
0.25525981154560023,0.5671354615964382
0.25537454656741465,0.5671354615964382
0.2554893331607047,0.5671354615964382
0.25560417134865127,0.5671354615964382
0.2557190611544452,0.5671354615964382
0.2558340026012879,0.5671354615964382
0.25594899571239144,0.5671354615964382
0.2560640405109775,0.5671354615964382
0.25617913702027895,0.5671354615964382
0.2562942852635389,0.5671354615964382
0.256409485264011,0.5671354615964382
0.25652473704495937,0.5671354615964382
0.25664004062965806,0.5671354615964382
0.25675539604139225,0.5671354615964382
0.25687080330345724,0.5671354615964382
0.25698626243915895,0.5671354615964382
0.257101773471814,0.5671354615964382
0.2572173364247486,0.5671354615964382
0.2573329513213004,0.5671354615964382
0.2574486181848171,0.5671354615964382
0.25756433703865705,0.5671354615964382
0.2576801079061893,0.5671354615964382
0.2577959308107925,0.5671354615964382
0.2579118057758568,0.5671354615964382
0.25802773282478253,0.5671354615964382
0.2581437119809805,0.5671354615964382
0.25825974326787227,0.5671354615964382
0.25837582670888926,0.5671354615964382
0.25849196232747407,0.5671354615964382
0.25860815014707966,0.5671354615964382
0.25872439019116955,0.5671354615964382
0.25884068248321807,0.5671354615964382
0.2589570270467092,0.5671354615964382
0.2590734239051384,0.5671354615964382
0.2591898730820113,0.5671354615964382
0.2593063746008442,0.5671354615964382
0.25942292848516424,0.5671354615964382
0.2595395347585083,0.5671354615964382
0.2596561934444246,0.5671354615964382
0.25977290456647173,0.5671354615964382
0.25988966814821884,0.5671354615964382
0.26000648421324596,0.5671354615964382
0.2601233527851429,0.5671354615964382
0.260240273887511,0.5671354615964382
0.26035724754396167,0.5671354615964382
0.26047427377811716,0.5671354615964382
0.26059135261361055,0.5671354615964382
0.26070848407408476,0.5671354615964382
0.260825668183194,0.5671354615964382
0.2609429049646031,0.5671354615964382
0.26106019444198725,0.5671354615964382
0.2611775366390327,0.5671354615964382
0.26129493157943556,0.5671354615964382
0.26141237928690336,0.5671354615964382
0.261529879785154,0.5671354615964382
0.26164743309791605,0.5671354615964382
0.261765039248929,0.5671354615964382
0.26188269826194227,0.5671354615964382
0.2620004101607167,0.5671354615964382
0.2621181749690235,0.5671354615964382
0.2622359927106447,0.5671354615964382
0.26235386340937317,0.5671354615964382
0.2624717870890117,0.5671354615964382
0.2625897637733746,0.5671354615964382
0.2627077934862867,0.5671354615964382
0.26282587625158327,0.5671354615964382
0.2629440120931109,0.5671354615964382
0.26306220103472583,0.5671354615964382
0.263180443100296,0.5671354615964382
0.26329873831369965,0.5671354615964382
0.2634170866988259,0.5671354615964382
0.26353548827957485,0.5671354615964382
0.26365394307985646,0.5671354615964382
0.2637724511235923,0.5671354615964382
0.26389101243471447,0.5671354615964382
0.26400962703716596,0.5671354615964382
0.2641282949548998,0.5671354615964382
0.2642470162118806,0.5671354615964382
0.26436579083208356,0.5671354615964382
0.26448461883949437,0.5671354615964382
0.26460350025811014,0.5671354615964382
0.2647224351119376,0.5671354615964382
0.2648414234249954,0.5671354615964382
0.2649604652213125,0.5671354615964382
0.2650795605249288,0.5671354615964382
0.2651987093598951,0.5671354615964382
0.2653179117502724,0.5671354615964382
0.26543716772013315,0.5671354615964382
0.2655564772935605,0.5671354615964382
0.2656758404946484,0.5671354615964382
0.26579525734750176,0.5671354615964382
0.2659147278762356,0.5671354615964382
0.26603425210497667,0.5671354615964382
0.26615383005786225,0.5671354615964382
0.2662734617590404,0.5671354615964382
0.26639314723267027,0.5671354615964382
0.26651288650292126,0.5671354615964382
0.2666326795939743,0.5671354615964382
0.26675252653002096,0.5671354615964382
0.26687242733526356,0.5671354615964382
0.2669923820339158,0.5671354615964382
0.26711239065020126,0.5671354615964382
0.26723245320835526,0.5671354615964382
0.26735256973262383,0.5671354615964382
0.2674727402472638,0.5671354615964382
0.26759296477654326,0.5671354615964382
0.2677132433447403,0.5671354615964382
0.26783357597614477,0.5671354615964382
0.2679539626950572,0.5671354615964382
0.26807440352578904,0.5671354615964382
0.2681948984926629,0.5671354615964382
0.2683154476200115,0.5671354615964382
0.2684360509321794,0.5671354615964382
0.2685567084535218,0.5671354615964382
0.2686774202084047,0.5671354615964382
0.2687981862212055,0.5671354615964382
0.26891900651631173,0.5671354615964382
0.26903988111812255,0.5671354615964382
0.269160810051048,0.5671354615964382
0.269281793339509,0.5671354615964382
0.2694028310079377,0.5671354615964382
0.2695239230807765,0.5671354615964382
0.2696450695824794,0.5671354615964382
0.26976627053751145,0.5671354615964382
0.26988752597034843,0.5671354615964382
0.2700088359054775,0.5671354615964382
0.2701302003673959,0.5671354615964382
0.2702516193806128,0.5671354615964382
0.27037309296964823,0.5671354615964382
0.27049462115903294,0.5671354615964382
0.27061620397330927,0.5671354615964382
0.2707378414370296,0.5671354615964382
0.2708595335747583,0.5671354615964382
0.2709812804110702,0.5671354615964382
0.27110308197055166,0.5671354615964382
0.2712249382778,0.5671354615964382
0.2713468493574228,0.5671354615964382
0.2714688152340397,0.5671354615964382
0.271590835932281,0.5671354615964382
0.2717129114767881,0.5671354615964382
0.2718350418922138,0.5671354615964382
0.271957227203221,0.5671354615964382
0.2720794674344848,0.5671354615964382
0.2722017626106908,0.5671354615964382
0.27232411275653584,0.5671354615964382
0.2724465178967282,0.5671354615964382
0.2725689780559863,0.5671354615964382
0.2726914932590406,0.5671354615964382
0.27281406353063237,0.5671354615964382
0.272936688895514,0.5671354615964382
0.2730593693784492,0.5671354615964382
0.27318210500421225,0.5671354615964382
0.273304895797589,0.5671354615964382
0.2734277417833765,0.5671354615964382
0.27355064298638276,0.5671354615964382
0.27367359943142733,0.5671354615964382
0.2737966111433399,0.5671354615964382
0.2739196781469625,0.5671354615964382
0.27404280046714763,0.5671354615964382
0.2741659781287592,0.5671354615964382
0.27428921115667265,0.5671354615964382
0.2744124995757735,0.5671354615964382
0.27453584341095955,0.5671354615964382
0.27465924268713937,0.5671354615964382
0.2747826974292327,0.5671354615964382
0.27490620766217094,0.5671354615964382
0.2750297734108957,0.5671354615964382
0.2751533947003606,0.5671354615964382
0.27527707155553033,0.5671354615964382
0.2754008040013808,0.5671354615964382
0.27552459206289925,0.5671354615964382
0.2756484357650835,0.5671354615964382
0.27577233513294347,0.5671354615964382
0.2758962901914998,0.5671354615964382
0.2760203009657846,0.5671354615964382
0.2761443674808414,0.5671354615964382
0.2762684897617243,0.5671354615964382
0.27639266783349925,0.5671354615964382
0.2765169017212434,0.5671354615964382
0.27664119145004507,0.5671354615964382
0.2767655370450042,0.5671354615964382
0.276889938531231,0.5671354615964382
0.27701439593384813,0.5671354615964382
0.27713890927798895,0.5671354615964382
0.2772634785887983,0.5671354615964382
0.27738810389143254,0.5671354615964382
0.27751278521105843,0.5671354615964382
0.277637522572855,0.5671354615964382
0.27776231600201234,0.5671354615964382
0.27788716552373166,0.5671354615964382
0.278012071163226,0.5671354615964382
0.2781370329457188,0.5671354615964382
0.2782620508964456,0.5671354615964382
0.2783871250406532,0.5671354615964382
0.2785122554035998,0.5671354615964382
0.27863744201055435,0.5671354615964382
0.27876268488679773,0.5671354615964382
0.2788879840576221,0.5671354615964382
0.279013339548331,0.5671354615964382
0.2791387513842395,0.5671354615964382
0.2792642195906732,0.5671354615964382
0.27938974419297014,0.5671354615964382
0.2795153252164792,0.5671354615964382
0.27964096268656086,0.5671354615964382
0.2797666566285871,0.5671354615964382
0.27989240706794055,0.5671354615964382
0.2800182140300162,0.5671354615964382
0.28014407754022,0.5671354615964382
0.2802699976239694,0.5671354615964382
0.2803959743066936,0.5671354615964382
0.2805220076138322,0.5137332195156785
0.28064809757083736,0.5137332195156785
0.28077424420317215,0.5137332195156785
0.2809004475363112,0.5137332195156785
0.2810267075957409,0.5137332195156785
0.2811530244069581,0.5137332195156785
0.2812793979954722,0.5137332195156785
0.28140582838680356,0.5137332195156785
0.2815323156064841,0.5137332195156785
0.28165885968005755,0.5137332195156785
0.2817854606330782,0.5137332195156785
0.28191211849111264,0.5137332195156785
0.2820388332797388,0.5137332195156785
0.28216560502454596,0.5137332195156785
0.28229243375113533,0.5137332195156785
0.2824193194851186,0.5137332195156785
0.28254626225212004,0.5137332195156785
0.282673262077775,0.5137332195156785
0.28280031898773034,0.5137332195156785
0.28292743300764484,0.5137332195156785
0.28305460416318784,0.5137332195156785
0.28318183248004125,0.5137332195156785
0.283309117983898,0.5137332195156785
0.2834364607004628,0.5137332195156785
0.28356386065545197,0.5137332195156785
0.2836913178745928,0.5137332195156785
0.2838188323836247,0.5137332195156785
0.2839464042082987,0.5137332195156785
0.28407403337437703,0.5137332195156785
0.28420171990763415,0.5137332195156785
0.28432946383385493,0.5137332195156785
0.28445726517883696,0.5137332195156785
0.2845851239683889,0.5137332195156785
0.28471304022833127,0.5137332195156785
0.2848410139844962,0.5137332195156785
0.28496904526272676,0.5137332195156785
0.28509713408887843,0.5137332195156785
0.28522528048881807,0.5137332195156785
0.28535348448842407,0.5137332195156785
0.2854817461135869,0.5137332195156785
0.28561006539020767,0.5137332195156785
0.28573844234420004,0.5137332195156785
0.285866877001489,0.5137332195156785
0.2859953693880112,0.5137332195156785
0.28612391952971533,0.5137332195156785
0.28625252745256075,0.5137332195156785
0.28638119318251937,0.5137332195156785
0.28650991674557463,0.5137332195156785
0.2866386981677214,0.5137332195156785
0.2867675374749668,0.5137332195156785
0.2868964346933286,0.5137332195156785
0.28702538984883713,0.5137332195156785
0.2871544029675342,0.5137332195156785
0.2872834740754732,0.5137332195156785
0.2874126031987198,0.5137332195156785
0.2875417903633502,0.5137332195156785
0.2876710355954534,0.5137332195156785
0.2878003389211296,0.5137332195156785
0.28792970036649107,0.5137332195156785
0.28805911995766187,0.5137332195156785
0.288188597720777,0.5137332195156785
0.288318133681984,0.5137332195156785
0.288447727867442,0.5137332195156785
0.2885773803033218,0.5137332195156785
0.2887070910158063,0.5137332195156785
0.2888368600310893,0.5137332195156785
0.28896668737537723,0.5137332195156785
0.28909657307488795,0.5137332195156785
0.2892265171558512,0.5137332195156785
0.2893565196445087,0.5137332195156785
0.28948658056711324,0.5137332195156785
0.28961669994993017,0.5137332195156785
0.2897468778192363,0.5137332195156785
0.2898771142013204,0.5137332195156785
0.2900074091224833,0.5137332195156785
0.2901377626090367,0.5137332195156785
0.29026817468730504,0.5137332195156785
0.2903986453836244,0.5137332195156785
0.29052917472434253,0.5137332195156785
0.2906597627358195,0.5137332195156785
0.29079040944442613,0.5137332195156785
0.2909211148765462,0.5137332195156785
0.2910518790585749,0.5137332195156785
0.2911827020169193,0.5137332195156785
0.2913135837779987,0.5137332195156785
0.29144452436824336,0.5137332195156785
0.29157552381409635,0.5137332195156785
0.29170658214201217,0.5137332195156785
0.29183769937845744,0.5137332195156785
0.2919688755499108,0.5137332195156785
0.2921001106828619,0.5137332195156785
0.2922314048038134,0.5137332195156785
0.29236275793927924,0.5137332195156785
0.2924941701157856,0.5137332195156785
0.2926256413598707,0.5137332195156785
0.29275717169808374,0.5137332195156785
0.292888761156987,0.5137332195156785
0.29302040976315413,0.5137332195156785
0.2931521175431709,0.5137332195156785
0.2932838845236352,0.5137332195156785
0.2934157107311561,0.5137332195156785
0.29354759619235543,0.5137332195156785
0.2936795409338668,0.5137332195156785
0.2938115449823359,0.5137332195156785
0.2939436083644198,0.5137332195156785
0.2940757311067881,0.5137332195156785
0.2942079132361223,0.5137332195156785
0.29434015477911585,0.5137332195156785
0.29447245576247455,0.5137332195156785
0.29460481621291523,0.5137332195156785
0.29473723615716757,0.5137332195156785
0.29486971562197317,0.5137332195156785
0.2950022546340854,0.5137332195156785
0.2951348532202702,0.5137332195156785
0.29526751140730445,0.5137332195156785
0.29540022922197806,0.5137332195156785
0.2955330066910926,0.5137332195156785
0.29566584384146183,0.5137332195156785
0.29579874069991174,0.5137332195156785
0.2959316972932795,0.5137332195156785
0.2960647136484153,0.5137332195156785
0.296197789792181,0.5137332195156785
0.29633092575145065,0.5137332195156785
0.2964641215531105,0.5137332195156785
0.2965973772240583,0.5137332195156785
0.29673069279120445,0.5137332195156785
0.2968640682814713,0.5137332195156785
0.29699750372179334,0.5137332195156785
0.29713099913911745,0.5137332195156785
0.2972645545604016,0.5137332195156785
0.2973981700126169,0.5137332195156785
0.29753184552274625,0.5137332195156785
0.29766558111778474,0.5137332195156785
0.2977993768247397,0.5137332195156785
0.29793323267063,0.5137332195156785
0.29806714868248724,0.5137332195156785
0.2982011248873551,0.5137332195156785
0.2983351613122893,0.5137332195156785
0.29846925798435814,0.5137332195156785
0.2986034149306409,0.5137332195156785
0.29873763217823035,0.5137332195156785
0.29887190975423084,0.5137332195156785
0.2990062476857589,0.5137332195156785
0.2991406459999437,0.5137332195156785
0.2992751047239257,0.5137332195156785
0.2994096238848583,0.5137332195156785
0.29954420350990696,0.5137332195156785
0.29967884362624925,0.5137332195156785
0.2998135442610753,0.5137332195156785
0.29994830544158657,0.5137332195156785
0.30008312719499763,0.5137332195156785
0.300218009548535,0.5137332195156785
0.30035295252943744,0.5137332195156785
0.30048795616495616,0.5137332195156785
0.3006230204823539,0.5137332195156785
0.30075814550890634,0.5137332195156785
0.3008933312719013,0.5137332195156785
0.30102857779863884,0.5137332195156785
0.30116388511643144,0.5137332195156785
0.30129925325260315,0.5137332195156785
0.30143468223449105,0.5137332195156785
0.30157017208944437,0.5137332195156785
0.3017057228448244,0.5137332195156785
0.30184133452800527,0.5137332195156785
0.3019770071663724,0.5137332195156785
0.30211274078732436,0.5137332195156785
0.30224853541827185,0.5137332195156785
0.3023843910866379,0.5137332195156785
0.302520307819858,0.5137332195156785
0.3026562856453792,0.5137332195156785
0.30279232459066185,0.5137332195156785
0.3029284246831782,0.5137332195156785
0.30306458595041297,0.5137332195156785
0.3032008084198634,0.5137332195156785
0.3033370921190383,0.5137332195156785
0.3034734370754597,0.5137332195156785
0.3036098433166617,0.5137332195156785
0.30374631087019077,0.5137332195156785
0.30388283976360614,0.5137332195156785
0.3040194300244784,0.5137332195156785
0.30415608168039154,0.5137332195156785
0.3042927947589416,0.5137332195156785
0.304429569287737,0.5137332195156785
0.30456640529439893,0.5137332195156785
0.30470330280656005,0.5137332195156785
0.30484026185186636,0.5137332195156785
0.304977282457976,0.5137332195156785
0.3051143646525595,0.5137332195156785
0.30525150846330007,0.5137332195156785
0.3053887139178927,0.5137332195156785
0.3055259810440455,0.5137332195156785
0.30566330986947876,0.5137332195156785
0.3058007004219253,0.5137332195156785
0.3059381527291308,0.5137332195156785
0.3060756668188522,0.5137332195156785
0.30621324271886013,0.5137332195156785
0.30635088045693726,0.5137332195156785
0.30648858006087876,0.5137332195156785
0.30662634155849255,0.5137332195156785
0.30676416497759834,0.5137332195156785
0.30690205034602897,0.5137332195156785
0.3070399976916297,0.5137332195156785
0.3071780070422582,0.5137332195156785
0.30731607842578507,0.5137332195156785
0.3074542118700923,0.5137332195156785
0.30759240740307564,0.5137332195156785
0.3077306650526428,0.5137332195156785
0.3078689848467142,0.5137332195156785
0.3080073668132231,0.5137332195156785
0.3081458109801143,0.5137332195156785
0.3082843173753462,0.5137332195156785
0.3084228860268892,0.5137332195156785
0.30856151696272677,0.5137332195156785
0.3087002102108548,0.5137332195156785
0.308838965799281,0.5137332195156785
0.30897778375602664,0.5137332195156785
0.30911666410912525,0.5137332195156785
0.3092556068866229,0.5137332195156785
0.30939461211657865,0.5137332195156785
0.30953367982706326,0.5137332195156785
0.30967281004616093,0.5137332195156785
0.30981200280196824,0.5137332195156785
0.3099512581225945,0.5137332195156785
0.3100905760361617,0.5137332195156785
0.3102299565708038,0.5137332195156785
0.31036939975466826,0.5137332195156785
0.31050890561591477,0.5137332195156785
0.31064847418271613,0.5137332195156785
0.31078810548325686,0.5137332195156785
0.31092779954573496,0.5137332195156785
0.31106755639836087,0.5137332195156785
0.3112073760693578,0.5137332195156785
0.3113472585869618,0.5137332195156785
0.31148720397942076,0.5137332195156785
0.3116272122749962,0.5137332195156785
0.311767283501962,0.5137332195156785
0.31190741768860475,0.5137332195156785
0.3120476148632242,0.5137332195156785
0.31218787505413165,0.5137332195156785
0.3123281982896522,0.5137332195156785
0.3124685845981234,0.5137332195156785
0.3126090340078954,0.5137332195156785
0.3127495465473316,0.5137332195156785
0.31289012224480706,0.5137332195156785
0.31303076112871053,0.5137332195156785
0.3131714632274433,0.5137332195156785
0.31331222856941937,0.5137332195156785
0.3134530571830659,0.5137332195156785
0.3135939490968217,0.5137332195156785
0.31373490433913953,0.5137332195156785
0.31387592293848443,0.5137332195156785
0.3140170049233344,0.5137332195156785
0.3141581503221805,0.5137332195156785
0.31429935916352547,0.5137332195156785
0.3144406314758862,0.5137332195156785
0.31458196728779164,0.5137332195156785
0.31472336662778394,0.5137332195156785
0.31486482952441813,0.5137332195156785
0.31500635600626126,0.5137332195156785
0.31514794610189417,0.5137332195156785
0.3152895998399101,0.5137332195156785
0.3154313172489153,0.5137332195156785
0.3155730983575292,0.5137332195156785
0.315714943194383,0.5137332195156785
0.31585685178812173,0.5137332195156785
0.31599882416740316,0.5137332195156785
0.3161408603608978,0.5137332195156785
0.3162829603972893,0.5137332195156785
0.31642512430527353,0.5137332195156785
0.31656735211355985,0.5137332195156785
0.3167096438508704,0.5137332195156785
0.3168519995459403,0.5137332195156785
0.3169944192275177,0.5137332195156785
0.3171369029243629,0.5137332195156785
0.31727945066525004,0.5137332195156785
0.3174220624789658,0.5137332195156785
0.3175647383943098,0.5137332195156785
0.3177074784400951,0.5137332195156785
0.31785028264514653,0.5137332195156785
0.3179931510383029,0.5137332195156785
0.3181360836484158,0.5137332195156785
0.3182790805043495,0.5137332195156785
0.31842214163498195,0.5137332195156785
0.3185652670692028,0.5137332195156785
0.3187084568359158,0.5137332195156785
0.3188517109640373,0.5137332195156785
0.31899502948249664,0.5137332195156785
0.31913841242023666,0.5137332195156785
0.31928185980621193,0.5137332195156785
0.31942537166939133,0.5137332195156785
0.3195689480387562,0.5137332195156785
0.319712588943301,0.5137332195156785
0.3198562944120336,0.5137332195156785
0.3200000644739738,0.5137332195156785
0.3201438991581555,0.5137332195156785
0.3202877984936254,0.5137332195156785
0.3204317625094431,0.5137332195156785
0.32057579123468166,0.5137332195156785
0.3207198846984262,0.5137332195156785
0.32086404292977605,0.5137332195156785
0.3210082659578431,0.5137332195156785
0.32115255381175234,0.5137332195156785
0.32129690652064224,0.5137332195156785
0.3214413241136635,0.5137332195156785
0.3215858066199806,0.5137332195156785
0.32173035406877115,0.5137332195156785
0.3218749664892256,0.5137332195156785
0.32201964391054794,0.5137332195156785
0.3221643863619544,0.5137332195156785
0.3223091938726752,0.5137332195156785
0.3224540664719534,0.5137332195156785
0.3225990041890453,0.5137332195156785
0.3227440070532205,0.5137332195156785
0.3228890750937609,0.5137332195156785
0.32303420833996255,0.5137332195156785
0.3231794068211343,0.5137332195156785
0.3233246705665981,0.5137332195156785
0.32346999960568956,0.5137332195156785
0.3236153939677564,0.5137332195156785
0.32376085368216057,0.5137332195156785
0.3239063787782768,0.5137332195156785
0.3240519692854932,0.5137332195156785
0.32419762523321105,0.5137332195156785
0.32434334665084436,0.5137332195156785
0.32448913356782094,0.5137332195156785
0.3246349860135817,0.5137332195156785
0.3247809040175807,0.5137332195156785
0.3249268876092857,0.5137332195156785
0.3250729368181765,0.5137332195156785
0.3252190516737473,0.5137332195156785
0.32536523220550523,0.5137332195156785
0.3255114784429706,0.5137332195156785
0.3256577904156774,0.5137332195156785
0.32580416815317176,0.5137332195156785
0.32595061168501427,0.5137332195156785
0.32609712104077837,0.5137332195156785
0.32624369625005084,0.5137332195156785
0.32639033734243206,0.5137332195156785
0.3265370443475346,0.5137332195156785
0.32668381729498563,0.5137332195156785
0.3268306562144251,0.5137332195156785
0.32697756113550625,0.5137332195156785
0.32712453208789605,0.5137332195156785
0.32727156910127386,0.5137332195156785
0.32741867220533327,0.5137332195156785
0.327565841429781,0.5137332195156785
0.32771307680433737,0.5137332195156785
0.32786037835873505,0.5137332195156785
0.3280077461227211,0.5137332195156785
0.3281551801260557,0.5137332195156785
0.32830268039851224,0.5137332195156785
0.328450246969878,0.5137332195156785
0.32859787986995254,0.5137332195156785
0.3287455791285498,0.5137332195156785
0.3288933447754968,0.5137332195156785
0.3290411768406341,0.5137332195156785
0.32918907535381586,0.5137332195156785
0.3293370403449087,0.5137332195156785
0.3294850718437936,0.5137332195156785
0.3296331698803648,0.5137332195156785
0.3297813344845298,0.5137332195156785
0.32992956568621,0.5137332195156785
0.3300778635153392,0.5137332195156785
0.33022622800186563,0.5137332195156785
0.3303746591757507,0.5137332195156785
0.3305231570669693,0.5137332195156785
0.33067172170551,0.5137332195156785
0.330820353121374,0.5137332195156785
0.33096905134457694,0.5137332195156785
0.33111781640514754,0.5137332195156785
0.33126664833312813,0.5137332195156785
0.33141554715857485,0.5137332195156785
0.33156451291155625,0.5137332195156785
0.33171354562215555,0.5137332195156785
0.33186264532046905,0.5137332195156785
0.33201181203660657,0.5137332195156785
0.3321610458006919,0.5137332195156785
0.33231034664286124,0.5137332195156785
0.33245971459326545,0.5137332195156785
0.3326091496820686,0.5137332195156785
0.3327586519394482,0.5137332195156785
0.3329082213955957,0.5137332195156785
0.3330578580807153,0.5137332195156785
0.33320756202502555,0.5137332195156785
0.3333573332587583,0.5137332195156785
0.3335071718121591,0.5137332195156785
0.3336570777154873,0.5137332195156785
0.3338070509990149,0.5137332195156785
0.3339570916930285,0.5137332195156785
0.33410719982782805,0.5137332195156785
0.33425737543372697,0.5137332195156785
0.3344076185410528,0.5137332195156785
0.3345579291801456,0.5137332195156785
0.3347083073813601,0.5137332195156785
0.33485875317506436,0.5137332195156785
0.33500926659164004,0.5137332195156785
0.3351598476614829,0.5137332195156785
0.3353104964150012,0.5137332195156785
0.335461212882618,0.5137332195156785
0.3356119970947697,0.5137332195156785
0.33576284908190623,0.5137332195156785
0.33591376887449176,0.5137332195156785
0.33606475650300294,0.5137332195156785
0.3362158119979313,0.5137332195156785
0.33636693538978163,0.5137332195156785
0.33651812670907244,0.5137332195156785
0.33666938598633633,0.5137332195156785
0.3368207132521186,0.5137332195156785
0.33697210853697934,0.5137332195156785
0.3371235718714919,0.5137332195156785
0.33727510328624355,0.5137332195156785
0.33742670281183545,0.5137332195156785
0.33757837047888173,0.5137332195156785
0.3377301063180111,0.5137332195156785
0.3378819103598658,0.5137332195156785
0.3380337826351018,0.5137332195156785
0.3381857231743892,0.5137332195156785
0.33833773200841094,0.5137332195156785
0.3384898091678646,0.5137332195156785
0.33864195468346137,0.5137332195156785
0.3387941685859262,0.5137332195156785
0.3389464509059982,0.5137332195156785
0.3390988016744292,0.5137332195156785
0.33925122092198595,0.5137332195156785
0.33940370867944875,0.5137332195156785
0.33955626497761154,0.5137332195156785
0.3397088898472827,0.5137332195156785
0.3398615833192832,0.5137332195156785
0.34001434542444897,0.5137332195156785
0.3401671761936295,0.5137332195156785
0.3403200756576881,0.5137332195156785
0.34047304384750243,0.5137332195156785
0.3406260807939627,0.5137332195156785
0.3407791865279744,0.5137332195156785
0.3409323610804562,0.5137332195156785
0.341085604482341,0.5137332195156785
0.3412389167645757,0.5137332195156785
0.34139229795812026,0.5137332195156785
0.34154574809394944,0.5137332195156785
0.34169926720305166,0.5137332195156785
0.3418528553164293,0.5137332195156785
0.34200651246509894,0.5137332195156785
0.3421602386800901,0.5137332195156785
0.3423140339924473,0.5137332195156785
0.3424678984332286,0.5137332195156785
0.34262183203350616,0.5137332195156785
0.3427758348243663,0.5137332195156785
0.3429299068369084,0.5137332195156785
0.3430840481022467,0.5137332195156785
0.3432382586515092,0.5137332195156785
0.3433925385158379,0.5137332195156785
0.34354688772638914,0.5137332195156785
0.34370130631433216,0.5137332195156785
0.3438557943108512,0.5137332195156785
0.34401035174714445,0.5137332195156785
0.3441649786544238,0.5137332195156785
0.34431967506391564,0.5137332195156785
0.34447444100685937,0.5137332195156785
0.3446292765145095,0.5137332195156785
0.3447841816181342,0.5137332195156785
0.3449391563490156,0.5137332195156785
0.3450942007384505,0.5137332195156785
0.3452493148177484,0.5137332195156785
0.3454044986182342,0.5137332195156785
0.34555975217124635,0.5137332195156785
0.3457150755081378,0.5137332195156785
0.3458704686602746,0.5137332195156785
0.3460259316590378,0.5137332195156785
0.34618146453582227,0.5137332195156785
0.3463370673220371,0.5137332195156785
0.34649274004910574,0.5137332195156785
0.3466484827484647,0.5137332195156785
0.34680429545156577,0.5137332195156785
0.3469601781898744,0.5137332195156785
0.34711613099487026,0.5137332195156785
0.34727215389804755,0.5137332195156785
0.3474282469309135,0.5137332195156785
0.34758441012499053,0.5137332195156785
0.34774064351181505,0.5137332195156785
0.3478969471229374,0.5137332195156785
0.34805332098992264,0.5137332195156785
0.3482097651443489,0.5137332195156785
0.34836627961780964,0.5137332195156785
0.34852286444191194,0.5137332195156785
0.34867951964827737,0.5137332195156785
0.34883624526854184,0.5137332195156785
0.3489930413343546,0.5137332195156785
0.34914990787738004,0.5137332195156785
0.3493068449292965,0.5137332195156785
0.34946385252179657,0.5137332195156785
0.34962093068658734,0.5137332195156785
0.3497780794553893,0.5137332195156785
0.34993529885993807,0.5137332195156785
0.3500925889319832,0.5137332195156785
0.35024994970328854,0.5137332195156785
0.3504073812056327,0.5137332195156785
0.3505648834708073,0.5137332195156785
0.35072245653061934,0.5137332195156785
0.35088010041688994,0.5137332195156785
0.3510378151614544,0.5137332195156785
0.35119560079616263,0.5137332195156785
0.35135345735287793,0.5137332195156785
0.3515113848634788,0.5137332195156785
0.351669383359858,0.5137332195156785
0.3518274528739223,0.5137332195156785
0.3519855934375934,0.5137332195156785
0.3521438050828061,0.5137332195156785
0.3523020878415109,0.5137332195156785
0.3524604417456719,0.5137332195156785
0.352618866827268,0.5137332195156785
0.35277736311829255,0.5137332195156785
0.35293593065075224,0.5137332195156785
0.35309456945666934,0.5137332195156785
0.35325327956808,0.5137332195156785
0.3534120610170349,0.5137332195156785
0.35357091383559935,0.5137332195156785
0.35372983805585223,0.5137332195156785
0.35388883370988766,0.5137332195156785
0.3540479008298139,0.5137332195156785
0.35420703944775384,0.5137332195156785
0.3543662495958448,0.5137332195156785
0.3545255313062378,0.5137332195156785
0.3546848846110992,0.5137332195156785
0.35484430954260954,0.5137332195156785
0.35500380613296384,0.5137332195156785
0.35516337441437185,0.5137332195156785
0.3553230144190568,0.5137332195156785
0.35548272617925747,0.5805830421431217
0.3556425097272267,0.5805830421431217
0.35580236509523205,0.5805830421431217
0.35596229231555565,0.5805830421431217
0.3561222914204933,0.5805830421431217
0.35628236244235617,0.5805830421431217
0.3564425054134698,0.5805830421431217
0.3566027203661742,0.5805830421431217
0.3567630073328241,0.5805830421431217
0.3569233663457881,0.5805830421431217
0.35708379743744995,0.5805830421431217
0.3572443006402079,0.5805830421431217
0.3574048759864747,0.5805830421431217
0.357565523508678,0.5805830421431217
0.35772624323925895,0.5805830421431217
0.3578870352106744,0.5805830421431217
0.35804789945539534,0.5805830421431217
0.35820883600590747,0.5805830421431217
0.35836984489471135,0.5805830421431217
0.35853092615432114,0.5805830421431217
0.3586920798172667,0.5805830421431217
0.35885330591609205,0.5805830421431217
0.359014604483356,0.5805830421431217
0.35917597555163217,0.5805830421431217
0.35933741915350786,0.5805830421431217
0.35949893532158606,0.5805830421431217
0.35966052408848415,0.5805830421431217
0.359822185486834,0.5805830421431217
0.3599839195492826,0.5805830421431217
0.36014572630849057,0.5805830421431217
0.36030760579713417,0.5805830421431217
0.3604695580479042,0.5805830421431217
0.3606315830935059,0.5805830421431217
0.36079368096665976,0.5805830421431217
0.3609558517000998,0.5805830421431217
0.36111809532657585,0.5805830421431217
0.3612804118788521,0.5805830421431217
0.3614428013897076,0.5805830421431217
0.36160526389193626,0.5805830421431217
0.3617677994183457,0.5805830421431217
0.3619304080017596,0.5805830421431217
0.3620930896750157,0.5805830421431217
0.3622558444709668,0.5805830421431217
0.3624186724224806,0.5805830421431217
0.36258157356243864,0.5805830421431217
0.36274454792373817,0.5805830421431217
0.3629075955392911,0.5805830421431217
0.3630707164420239,0.5805830421431217
0.36323391066487826,0.5805830421431217
0.36339717824080975,0.5805830421431217
0.3635605192027896,0.5805830421431217
0.36372393358380367,0.5805830421431217
0.3638874214168526,0.5805830421431217
0.3640509827349522,0.5805830421431217
0.364214617571132,0.5805830421431217
0.36437832595843755,0.5805830421431217
0.3645421079299289,0.5805830421431217
0.36470596351868084,0.5805830421431217
0.3648698927577835,0.5805830421431217
0.3650338956803407,0.5805830421431217
0.36519797231947243,0.5805830421431217
0.36536212270831286,0.5805830421431217
0.3655263468800118,0.5805830421431217
0.36569064486773256,0.5805830421431217
0.3658550167046546,0.5805830421431217
0.36601946242397193,0.5805830421431217
0.36618398205889346,0.5805830421431217
0.36634857564264334,0.5805830421431217
0.3665132432084596,0.5805830421431217
0.3666779847895964,0.5805830421431217
0.36684280041932227,0.5805830421431217
0.36700769013092094,0.5805830421431217
0.3671726539576912,0.5805830421431217
0.36733769193294596,0.5805830421431217
0.367502804090014,0.5805830421431217
0.3676679904622389,0.5805830421431217
0.3678332510829791,0.5805830421431217
0.3679985859856084,0.5805830421431217
0.36816399520351456,0.5805830421431217
0.3683294787701014,0.5805830421431217
0.3684950367187875,0.5805830421431217
0.36866066908300626,0.5805830421431217
0.36882637589620665,0.5805830421431217
0.36899215719185147,0.5805830421431217
0.3691580130034197,0.5805830421431217
0.36932394336440505,0.5805830421431217
0.3694899483083162,0.5805830421431217
0.36965602786867735,0.5805830421431217
0.36982218207902656,0.5805830421431217
0.3699884109729181,0.5805830421431217
0.370154714583921,0.5805830421431217
0.37032109294561943,0.5805830421431217
0.37048754609161283,0.5805830421431217
0.3706540740555148,0.5805830421431217
0.3708206768709551,0.5805830421431217
0.3709873545715783,0.5805830421431217
0.37115410719104397,0.5805830421431217
0.37132093476302724,0.5805830421431217
0.3714878373212174,0.5805830421431217
0.3716548148993197,0.5805830421431217
0.3718218675310544,0.5805830421431217
0.37198899525015694,0.5805830421431217
0.3721561980903781,0.5805830421431217
0.3723234760854829,0.5805830421431217
0.3724908292692525,0.5805830421431217
0.37265825767548294,0.5805830421431217
0.37282576133798556,0.5805830421431217
0.37299334029058717,0.5805830421431217
0.37316099456712853,0.5805830421431217
0.373328724201467,0.5805830421431217
0.3734965292274746,0.5805830421431217
0.37366440967903863,0.5805830421431217
0.373832365590062,0.5805830421431217
0.3740003969944617,0.5805830421431217
0.3741685039261711,0.5805830421431217
0.37433668641913853,0.5805830421431217
0.37450494450732746,0.5805830421431217
0.37467327822471713,0.5805830421431217
0.37484168760530073,0.5805830421431217
0.3750101726830881,0.5805830421431217
0.3751787334921038,0.5805830421431217
0.37534737006638774,0.5805830421431217
0.37551608243999557,0.5805830421431217
0.37568487064699707,0.5805830421431217
0.37585373472147837,0.5805830421431217
0.37602267469754075,0.5805830421431217
0.37619169060930063,0.5805830421431217
0.3763607824908903,0.5805830421431217
0.376529950376456,0.5805830421431217
0.3766991943001608,0.5805830421431217
0.37686851429618246,0.5805830421431217
0.3770379103987143,0.5805830421431217
0.3772073826419653,0.5805830421431217
0.3773769310601586,0.5805830421431217
0.37754655568753404,0.5805830421431217
0.3777162565583463,0.5805830421431217
0.3778860337068656,0.5805830421431217
0.3780558871673778,0.5805830421431217
0.37822581697418317,0.5805830421431217
0.3783958231615984,0.5805830421431217
0.3785659057639554,0.5805830421431217
0.3787360648156013,0.5805830421431217
0.3789063003508993,0.5805830421431217
0.3790766124042266,0.5805830421431217
0.37924700100997727,0.5805830421431217
0.3794174662025603,0.5805830421431217
0.3795880080164002,0.5805830421431217
0.37975862648593733,0.5805830421431217
0.37992932164562637,0.5805830421431217
0.3801000935299387,0.5805830421431217
0.38027094217336066,0.5805830421431217
0.3804418676103942,0.5805830421431217
0.3806128698755573,0.5805830421431217
0.38078394900338197,0.5805830421431217
0.3809551050284172,0.5805830421431217
0.3811263379852269,0.5805830421431217
0.3812976479083907,0.5805830421431217
0.38146903483250405,0.5805830421431217
0.38164049879217676,0.5805830421431217
0.38181203982203554,0.5805830421431217
0.381983657956722,0.5805830421431217
0.3821553532308936,0.5805830421431217
0.3823271256792236,0.5805830421431217
0.3824989753363997,0.5805830421431217
0.38267090223712635,0.5805830421431217
0.3828429064161233,0.5805830421431217
0.3830149879081258,0.5805830421431217
0.3831871467478852,0.5805830421431217
0.38335938297016714,0.5805830421431217
0.3835316966097542,0.5805830421431217
0.38370408770144426,0.5805830421431217
0.38387655628005063,0.5805830421431217
0.3840491023804028,0.5805830421431217
0.3842217260373448,0.5805830421431217
0.3843944272857373,0.5805830421431217
0.3845672061604564,0.5805830421431217
0.3847400626963939,0.5805830421431217
0.38491299692845754,0.5805830421431217
0.38508600889156963,0.5805830421431217
0.3852590986206695,0.5805830421431217
0.38543226615071147,0.5805830421431217
0.3856055115166663,0.5805830421431217
0.3857788347535191,0.5805830421431217
0.3859522358962719,0.5805830421431217
0.3861257149799422,0.5805830421431217
0.38629927203956305,0.5805830421431217
0.3864729071101837,0.5805830421431217
0.38664662022686813,0.5805830421431217
0.3868204114246971,0.5805830421431217
0.3869942807387667,0.5805830421431217
0.3871682282041889,0.5805830421431217
0.3873422538560919,0.5805830421431217
0.3875163577296183,0.5805830421431217
0.38769053985992796,0.5805830421431217
0.38786480028219583,0.5805830421431217
0.388039139031613,0.5805830421431217
0.38821355614338654,0.5805830421431217
0.38838805165273815,0.5805830421431217
0.3885626255949068,0.5805830421431217
0.38873727800514657,0.5805830421431217
0.3889120089187276,0.5805830421431217
0.3890868183709363,0.5805830421431217
0.3892617063970736,0.5805830421431217
0.38943667303245755,0.5805830421431217
0.38961171831242175,0.5805830421431217
0.3897868422723156,0.5805830421431217
0.3899620449475048,0.5805830421431217
0.3901373263733698,0.5805830421431217
0.39031268658530804,0.5805830421431217
0.39048812561873264,0.5805830421431217
0.39066364350907246,0.5805830421431217
0.39083924029177286,0.5805830421431217
0.3910149160022937,0.5805830421431217
0.39119067067611224,0.5805830421431217
0.39136650434872117,0.5805830421431217
0.391542417055629,0.5805830421431217
0.3917184088323608,0.5805830421431217
0.3918944797144564,0.5805830421431217
0.39207062973747264,0.5805830421431217
0.3922468589369821,0.5805830421431217
0.39242316734857324,0.5805830421431217
0.39259955500785104,0.5805830421431217
0.39277602195043515,0.5805830421431217
0.3929525682119625,0.5805830421431217
0.3931291938280857,0.5805830421431217
0.3933058988344732,0.5805830421431217
0.3934826832668101,0.5805830421431217
0.39365954716079615,0.5805830421431217
0.3938364905521485,0.5805830421431217
0.39401351347659985,0.5805830421431217
0.39419061596989907,0.5805830421431217
0.3943677980678113,0.5805830421431217
0.3945450598061168,0.5805830421431217
0.394722401220613,0.5805830421431217
0.3948998223471129,0.5805830421431217
0.3950773232214458,0.5805830421431217
0.39525490387945744,0.5805830421431217
0.39543256435700835,0.5805830421431217
0.3956103046899766,0.5805830421431217
0.3957881249142558,0.5805830421431217
0.3959660250657558,0.5805830421431217
0.3961440051804029,0.5805830421431217
0.3963220652941384,0.5805830421431217
0.39650020544292097,0.5805830421431217
0.39667842566272504,0.5805830421431217
0.39685672598954125,0.5805830421431217
0.3970351064593766,0.5805830421431217
0.39721356710825345,0.5805830421431217
0.3973921079722112,0.5805830421431217
0.3975707290873052,0.5805830421431217
0.397749430489607,0.5805830421431217
0.3979282122152048,0.5805830421431217
0.39810707430020176,0.5805830421431217
0.39828601678071845,0.5805830421431217
0.3984650396928914,0.5805830421431217
0.3986441430728732,0.5805830421431217
0.39882332695683326,0.5805830421431217
0.3990025913809559,0.5805830421431217
0.39918193638144306,0.5805830421431217
0.39936136199451244,0.5805830421431217
0.399540868256398,0.5805830421431217
0.3997204552033505,0.5805830421431217
0.3999001228716357,0.5805830421431217
0.40007987129753686,0.5805830421431217
0.40025970051735327,0.5805830421431217
0.40043961056740035,0.5805830421431217
0.40061960148401043,0.5805830421431217
0.4007996733035308,0.5805830421431217
0.40097982606232635,0.5805830421431217
0.40116005979677805,0.5805830421431217
0.401340374543283,0.5805830421431217
0.4015207703382552,0.5805830421431217
0.4017012472181238,0.5805830421431217
0.4018818052193354,0.5805830421431217
0.40206244437835287,0.5805830421431217
0.40224316473165517,0.5805830421431217
0.40242396631573824,0.5805830421431217
0.40260484916711303,0.5805830421431217
0.4027858133223084,0.5805830421431217
0.4029668588178689,0.5805830421431217
0.4031479856903558,0.5805830421431217
0.403329193976347,0.5805830421431217
0.4035104837124357,0.5805830421431217
0.4036918549352328,0.5805830421431217
0.4038733076813652,0.5805830421431217
0.40405484198747627,0.5805830421431217
0.4042364578902263,0.5805830421431217
0.4044181554262907,0.5805830421431217
0.4045999346323628,0.5805830421431217
0.40478179554515187,0.5805830421431217
0.4049637382013837,0.5805830421431217
0.405145762637801,0.5805830421431217
0.4053278688911618,0.5805830421431217
0.4055100569982419,0.5805830421431217
0.4056923269958331,0.5805830421431217
0.40587467892074386,0.5805830421431217
0.40605711280979956,0.5805830421431217
0.4062396286998408,0.5805830421431217
0.40642222662772626,0.5805830421431217
0.4066049066303304,0.5805830421431217
0.4067876687445449,0.5805830421431217
0.40697051300727677,0.5805830421431217
0.4071534394554508,0.5805830421431217
0.40733644812600794,0.5805830421431217
0.40751953905590577,0.5805830421431217
0.40770271228211896,0.5805830421431217
0.40788596784163744,0.5805830421431217
0.4080693057714691,0.5805830421431217
0.40825272610863805,0.5805830421431217
0.408436228890185,0.5805830421431217
0.40861981415316767,0.5805830421431217
0.4088034819346593,0.5805830421431217
0.408987232271751,0.5805830421431217
0.40917106520155017,0.5805830421431217
0.40935498076118076,0.5805830421431217
0.409538978987784,0.5805830421431217
0.4097230599185165,0.5805830421431217
0.4099072235905527,0.5805830421431217
0.4100914700410835,0.5805830421431217
0.41027579930731645,0.5805830421431217
0.4104602114264762,0.5805830421431217
0.410644706435803,0.5805830421431217
0.4108292843725549,0.5805830421431217
0.4110139452740065,0.5805830421431217
0.411198689177449,0.5805830421431217
0.4113835161201908,0.5805830421431217
0.4115684261395559,0.5805830421431217
0.4117534192728863,0.5805830421431217
0.4119384955575402,0.5805830421431217
0.4121236550308929,0.5805830421431217
0.4123088977303366,0.5805830421431217
0.41249422369327926,0.5805830421431217
0.4126796329571469,0.5805830421431217
0.4128651255593818,0.5805830421431217
0.4130507015374433,0.5805830421431217
0.41323636092880767,0.5805830421431217
0.4134221037709671,0.5805830421431217
0.41360793010143176,0.5805830421431217
0.41379383995772817,0.5805830421431217
0.4139798333773998,0.5805830421431217
0.4141659103980075,0.5805830421431217
0.41435207105712757,0.5805830421431217
0.41453831539235453,0.5805830421431217
0.41472464344129945,0.5805830421431217
0.4149110552415902,0.5805830421431217
0.41509755083087213,0.5805830421431217
0.41528413024680605,0.5805830421431217
0.41547079352707106,0.5805830421431217
0.41565754070936284,0.5805830421431217
0.4158443718313939,0.5805830421431217
0.4160312869308942,0.5805830421431217
0.41621828604560934,0.5805830421431217
0.4164053692133032,0.5805830421431217
0.4165925364717562,0.5805830421431217
0.4167797878587657,0.5805830421431217
0.4169671234121465,0.5805830421431217
0.41715454316972916,0.5805830421431217
0.41734204716936246,0.5805830421431217
0.41752963544891186,0.5805830421431217
0.41771730804625967,0.5805830421431217
0.41790506499930585,0.5805830421431217
0.418092906345966,0.5805830421431217
0.41828083212417405,0.5805830421431217
0.41846884237188053,0.5805830421431217
0.41865693712705315,0.5805830421431217
0.418845116427677,0.5805830421431217
0.41903338031175297,0.5805830421431217
0.41922172881730035,0.5805830421431217
0.41941016198235515,0.5805830421431217
0.41959867984497023,0.5805830421431217
0.41978728244321634,0.5805830421431217
0.4199759698151798,0.5805830421431217
0.42016474199896536,0.5805830421431217
0.4203535990326946,0.5805830421431217
0.4205425409545061,0.5805830421431217
0.4207315678025561,0.5805830421431217
0.42092067961501667,0.5805830421431217
0.4211098764300783,0.5805830421431217
0.4212991582859482,0.5805830421431217
0.42148852522085084,0.5805830421431217
0.42167797727302825,0.5805830421431217
0.4218675144807384,0.5805830421431217
0.42205713688225766,0.5805830421431217
0.4222468445158792,0.5805830421431217
0.4224366374199135,0.5805830421431217
0.42262651563268855,0.5805830421431217
0.4228164791925484,0.5805830421431217
0.4230065281378555,0.5805830421431217
0.42319666250698923,0.5805830421431217
0.4233868823383462,0.5805830421431217
0.42357718767034064,0.5805830421431217
0.4237675785414028,0.5805830421431217
0.4239580549899815,0.5805830421431217
0.42414861705454243,0.5805830421431217
0.4243392647735685,0.5805830421431217
0.42452999818556036,0.5805830421431217
0.4247208173290348,0.5805830421431217
0.4249117222425271,0.5805830421431217
0.4251027129645894,0.5805830421431217
0.42529378953379127,0.5805830421431217
0.42548495198871994,0.5805830421431217
0.42567620036797876,0.5805830421431217
0.4258675347101898,0.5805830421431217
0.4260589550539919,0.5805830421431217
0.42625046143804124,0.5805830421431217
0.4264420539010121,0.5805830421431217
0.42663373248159453,0.5805830421431217
0.42682549721849744,0.5805830421431217
0.4270173481504466,0.5805830421431217
0.42720928531618535,0.5805830421431217
0.42740130875447463,0.5805830421431217
0.42759341850409177,0.5805830421431217
0.42778561460383263,0.5805830421431217
0.42797789709251016,0.5805830421431217
0.4281702660089548,0.5805830421431217
0.4283627213920147,0.5805830421431217
0.42855526328055443,0.5805830421431217
0.4287478917134571,0.5805830421431217
0.428940606729623,0.5805830421431217
0.42913340836797026,0.5805830421431217
0.42932629666743327,0.5805830421431217
0.42951927166696513,0.5805830421431217
0.42971233340553616,0.5805830421431217
0.42990548192213407,0.5805830421431217
0.43009871725576454,0.5805830421431217
0.4302920394454495,0.5805830421431217
0.43048544853022985,0.5805830421431217
0.43067894454916333,0.5805830421431217
0.4308725275413255,0.5805830421431217
0.4310661975458097,0.5805830421431217
0.4312599546017258,0.5805830421431217
0.4314537987482022,0.5805830421431217
0.43164773002438483,0.5805830421431217
0.4318417484694369,0.5805830421431217
0.4320358541225399,0.5805830421431217
0.43223004702289153,0.5805830421431217
0.43242432720970836,0.5805830421431217
0.43261869472222414,0.5805830421431217
0.4328131495996904,0.5805830421431217
0.43300769188137667,0.5805830421431217
0.43320232160656874,0.5805830421431217
0.4333970388145715,0.5805830421431217
0.433591843544707,0.5805830421431217
0.43378673583631494,0.5805830421431217
0.4339817157287532,0.5805830421431217
0.4341767832613961,0.5805830421431217
0.4343719384736367,0.5805830421431217
0.4345671814048857,0.5805830421431217
0.43476251209457123,0.5805830421431217
0.4349579305821397,0.5805830421431217
0.43515343690705394,0.5805830421431217
0.43534903110879575,0.5805830421431217
0.43554471322686433,0.5805830421431217
0.43574048330077664,0.5805830421431217
0.43593634137006776,0.5805830421431217
0.4361322874742892,0.5805830421431217
0.4363283216530118,0.5805830421431217
0.4365244439458234,0.5805830421431217
0.43672065439232993,0.5805830421431217
0.4369169530321554,0.5805830421431217
0.43711333990494033,0.5805830421431217
0.43730981505034444,0.5805830421431217
0.4375063785080448,0.5805830421431217
0.4377030303177363,0.5805830421431217
0.4378997705191321,0.5805830421431217
0.4380965991519619,0.5805830421431217
0.4382935162559747,0.5805830421431217
0.4384905218709367,0.5805830421431217
0.43868761603663214,0.5805830421431217
0.4388847987928635,0.5805830421431217
0.43908207017945,0.5805830421431217
0.4392794302362298,0.5805830421431217
0.4394768790030587,0.5805830421431217
0.4396744165198104,0.5805830421431217
0.439872042826377,0.5805830421431217
0.44006975796266706,0.5805830421431217
0.44026756196860856,0.5805830421431217
0.4404654548841469,0.5805830421431217
0.44066343674924546,0.5805830421431217
0.44086150760388604,0.5805830421431217
0.4410596674880671,0.5805830421431217
0.4412579164418063,0.5805830421431217
0.441456254505139,0.5805830421431217
0.44165468171811834,0.5805830421431217
0.4418531981208162,0.5805830421431217
0.44205180375332087,0.5805830421431217
0.4422504986557402,0.5805830421431217
0.4424492828681994,0.5805830421431217
0.44264815643084193,0.5805830421431217
0.44284711938382965,0.5805830421431217
0.44304617176734107,0.5805830421431217
0.44324531362157427,0.5805830421431217
0.44344454498674474,0.5805830421431217
0.4436438659030862,0.5805830421431217
0.44384327641085086,0.5805830421431217
0.4440427765503076,0.5805830421431217
0.44424236636174497,0.5805830421431217
0.4444420458854689,0.5805830421431217
0.44464181516180357,0.5805830421431217
0.4448416742310918,0.5805830421431217
0.445041623133693,0.5805830421431217
0.4452416619099863,0.5805830421431217
0.4454417906003684,0.5805830421431217
0.44564200924525427,0.5805830421431217
0.4458423178850772,0.5805830421431217
0.4460427165602877,0.5805830421431217
0.44624320531135553,0.5805830421431217
0.4464437841787683,0.5805830421431217
0.4466444532030318,0.5805830421431217
0.44684521242467046,0.5805830421431217
0.44704606188422563,0.5805830421431217
0.4472470016222582,0.5805830421431217
0.4474480316793468,0.5805830421431217
0.4476491520960884,0.5805830421431217
0.44785036291309854,0.5805830421431217
0.4480516641710097,0.5805830421431217
0.44825305591047415,0.5805830421431217
0.4484545381721617,0.5805830421431217
0.4486561109967606,0.5805830421431217
0.4488577744249779,0.5805830421431217
0.4490595284975374,0.5805830421431217
0.4492613732551827,0.5805830421431217
0.4494633087386753,0.5805830421431217
0.4496653349887949,0.5805830421431217
0.44986745204634,0.5805830421431217
0.45006965995212617,0.5805830421431217
0.45027195874698867,0.5805830421431217
0.4504743484717805,0.5805830421431217
0.4506768291673732,0.5805830421431217
0.45087940087465717,0.5805830421431217
0.45108206363453957,0.5805830421431217
0.45128481748794763,0.5805830421431217
0.4514876624758263,0.5805830421431217
0.4516905986391389,0.5805830421431217
0.45189362601886796,0.5805830421431217
0.45209674465601263,0.5805830421431217
0.4522999545915921,0.5805830421431217
0.4525032558666435,0.5805830421431217
0.4527066485222224,0.5805830421431217
0.45291013259940327,0.5805830421431217
0.4531137081392777,0.5805830421431217
0.4533173751829571,0.5805830421431217
0.4535211337715709,0.5805830421431217
0.45372498394626737,0.5805830421431217
0.4539289257482122,0.5805830421431217
0.4541329592185906,0.5805830421431217
0.4543370843986061,0.5805830421431217
0.4545413013294806,0.5805830421431217
0.45474561005245506,0.5805830421431217
0.4549500106087876,0.5805830421431217
0.4551545030397562,0.5805830421431217
0.455359087386657,0.5805830421431217
0.4555637636908046,0.5805830421431217
0.45576853199353284,0.5805830421431217
0.4559733923361925,0.5805830421431217
0.45617834476015456,0.5805830421431217
0.45638338930680794,0.5805830421431217
0.4565885260175603,0.5805830421431217
0.4567937549338383,0.5805830421431217
0.45699907609708584,0.5805830421431217
0.45720448954876697,0.5805830421431217
0.45740999533036364,0.5805830421431217
0.4576155934833767,0.5805830421431217
0.457821284049326,0.5805830421431217
0.45802706706974866,0.5805830421431217
0.45823294258620195,0.5805830421431217
0.45843891064026127,0.5805830421431217
0.45864497127352066,0.5805830421431217
0.45885112452759347,0.5805830421431217
0.4590573704441102,0.5805830421431217
0.45926370906472164,0.5805830421431217
0.45947014043109663,0.5805830421431217
0.4596766645849229,0.5805830421431217
0.4598832815679073,0.5805830421431217
0.4600899914217741,0.5805830421431217
0.46029679418826763,0.5805830421431217
0.4605036899091506,0.5805830421431217
0.4607106786262044,0.5805830421431217
0.4609177603812298,0.5805830421431217
0.46112493521604475,0.5805830421431217
0.4613322031724877,0.5805830421431217
0.4615395642924151,0.5805830421431217
0.4617470186177025,0.5805830421431217
0.46195456619024455,0.5805830421431217
0.4621622070519535,0.5805830421431217
0.4623699412447616,0.5805830421431217
0.46257776881061974,0.5805830421431217
0.4627856897914974,0.5805830421431217
0.46299370422938374,0.5805830421431217
0.46320181216628503,0.5805830421431217
0.46341001364422807,0.5805830421431217
0.46361830870525794,0.5805830421431217
0.46382669739143867,0.5805830421431217
0.46403517974485375,0.5805830421431217
0.464243755807604,0.5805830421431217
0.4644524256218107,0.5805830421431217
0.46466118922961364,0.5805830421431217
0.4648700466731714,0.5805830421431217
0.46507899799466207,0.5805830421431217
0.46528804323628126,0.5805830421431217
0.46549718244024496,0.5805830421431217
0.46570641564878773,0.5805830421431217
0.465915742904163,0.5805830421431217
0.46612516424864375,0.5805830421431217
0.46633467972452053,0.5805830421431217
0.46654428937410425,0.5805830421431217
0.4667539932397245,0.5805830421431217
0.46696379136372973,0.5805830421431217
0.467173683788488,0.5805830421431217
0.4673836705563851,0.5805830421431217
0.467593751709827,0.5805830421431217
0.46780392729123843,0.5805830421431217
0.4680141973430633,0.5805830421431217
0.46822456190776496,0.5805830421431217
0.4684350210278243,0.5805830421431217
0.4686455747457429,0.5805830421431217
0.468856223104041,0.5805830421431217
0.4690669661452578,0.5805830421431217
0.4692778039119521,0.5805830421431217
0.4694887364467006,0.5805830421431217
0.4696997637921003,0.5805830421431217
0.46991088599076714,0.5805830421431217
0.47012210308533603,0.5805830421431217
0.4703334151184615,0.5805830421431217
0.47054482213281595,0.5805830421431217
0.47075632417109237,0.5805830421431217
0.47096792127600234,0.5805830421431217
0.47117961349027676,0.5805830421431217
0.4713914008566662,0.5805830421431217
0.471603283417939,0.5805830421431217
0.4718152612168841,0.5805830421431217
0.4720273342963093,0.5805830421431217
0.4722395026990415,0.5805830421431217
0.4724517664679275,0.5805830421431217
0.4726641256458318,0.5805830421431217
0.4728765802756396,0.5805830421431217
0.473089130400255,0.5805830421431217
0.4733017760626014,0.5805830421431217
0.47351451730562166,0.5805830421431217
0.4737273541722769,0.5805830421431217
0.47394028670554883,0.5805830421431217
0.47415331494843793,0.5805830421431217
0.4743664389439641,0.5805830421431217
0.47457965873516705,0.5805830421431217
0.47479297436510437,0.5805830421431217
0.4750063858768544,0.5805830421431217
0.4752198933135145,0.5805830421431217
0.4754334967182013,0.5805830421431217
0.4756471961340512,0.5805830421431217
0.4758609916042188,0.5805830421431217
0.4760748831718793,0.5805830421431217
0.4762888708802269,0.5805830421431217
0.4765029547724753,0.5805830421431217
0.476717134891858,0.5805830421431217
0.4769314112816266,0.5805830421431217
0.4771457839850534,0.5805830421431217
0.47736025304542984,0.5805830421431217
0.47757481850606676,0.5805830421431217
0.47778948041029495,0.5805830421431217
0.4780042388014632,0.5805830421431217
0.47821909372294125,0.5805830421431217
0.47843404521811794,0.5805830421431217
0.47864909333040195,0.5805830421431217
0.4788642381032201,0.5805830421431217
0.4790794795800202,0.5805830421431217
0.479294817804269,0.5805830421431217
0.479510252819453,0.5805830421431217
0.47972578466907845,0.5805830421431217
0.4799414133966699,0.5805830421431217
0.4801571390457729,0.5805830421431217
0.48037296165995197,0.5805830421431217
0.48058888128279137,0.5805830421431217
0.4808048979578953,0.5805830421431217
0.4810210117288862,0.5805830421431217
0.48123722263940755,0.5805830421431217
0.48145353073312186,0.5805830421431217
0.48166993605371144,0.5805830421431217
0.4818864386448786,0.5805830421431217
0.4821030385503439,0.5805830421431217
0.4823197358138489,0.5805830421431217
0.4825365304791545,0.5805830421431217
0.4827534225900411,0.5805830421431217
0.48297041219030945,0.5805830421431217
0.4831874993237783,0.5805830421431217
0.4834046840342878,0.5805830421431217
0.48362196636569715,0.5805830421431217
0.48383934636188525,0.5805830421431217
0.4840568240667514,0.5805830421431217
0.484274399524213,0.5805830421431217
0.4844920727782086,0.5805830421431217
0.4847098438726962,0.5805830421431217
0.4849277128516535,0.5805830421431217
0.4851456797590783,0.5805830421431217
0.48536374463898696,0.5805830421431217
0.4855819075354169,0.5805830421431217
0.4858001684924249,0.5805830421431217
0.48601852755408764,0.6350987925079341
0.4862369847645019,0.6350987925079341
0.486455540167783,0.6350987925079341
0.48667419380806737,0.6350987925079341
0.48689294572951103,0.6350987925079341
0.48711179597628973,0.6350987925079341
0.48733074459259945,0.6350987925079341
0.4875497916226547,0.6350987925079341
0.4877689371106914,0.6350987925079341
0.48798818110096465,0.6350987925079341
0.4882075236377496,0.6350987925079341
0.4884269647653418,0.6350987925079341
0.48864650452805514,0.6350987925079341
0.4888661429702249,0.6350987925079341
0.48908588013620596,0.6350987925079341
0.48930571607037293,0.6350987925079341
0.489525650817121,0.6350987925079341
0.48974568442086386,0.6350987925079341
0.4899658169260364,0.6350987925079341
0.4901860483770933,0.6350987925079341
0.490406378818509,0.6350987925079341
0.49062680829477856,0.6350987925079341
0.4908473368504155,0.6350987925079341
0.4910679645299548,0.6350987925079341
0.49128869137795106,0.6350987925079341
0.49150951743897875,0.6350987925079341
0.49173044275763306,0.6350987925079341
0.4919514673785276,0.6350987925079341
0.49217259134629754,0.6350987925079341
0.4923938147055977,0.6350987925079341
0.49261513750110286,0.6350987925079341
0.4928365597775085,0.6350987925079341
0.4930580815795285,0.6350987925079341
0.4932797029518986,0.6350987925079341
0.49350142393937396,0.6350987925079341
0.4937232445867299,0.6350987925079341
0.49394516493876234,0.6350987925079341
0.4941671850402859,0.6350987925079341
0.4943893049361368,0.6350987925079341
0.494611524671171,0.6350987925079341
0.4948338442902644,0.6350987925079341
0.49505626383831375,0.6350987925079341
0.49527878336023456,0.6350987925079341
0.49550140290096384,0.6350987925079341
0.49572412250545833,0.6350987925079341
0.4959469422186951,0.6350987925079341
0.4961698620856718,0.6350987925079341
0.4963928821514049,0.6350987925079341
0.4966160024609326,0.6350987925079341
0.4968392230593127,0.6350987925079341
0.4970625439916235,0.6350987925079341
0.4972859653029638,0.6350987925079341
0.4975094870384514,0.6350987925079341
0.4977331092432257,0.6350987925079341
0.497956831962446,0.6350987925079341
0.49818065524129185,0.6350987925079341
0.49840457912496366,0.6350987925079341
0.4986286036586806,0.6350987925079341
0.49885272888768367,0.6350987925079341
0.4990769548572337,0.6350987925079341
0.4993012816126119,0.6350987925079341
0.49952570919912037,0.6350987925079341
0.49975023766207993,0.6350987925079341
0.49997486704683347,0.6350987925079341
0.5001995973987435,0.6350987925079341
0.5004244287631933,0.6350987925079341
0.5006493611855866,0.6350987925079341
0.5008743947113462,0.6350987925079341
0.5010995293859172,0.6350987925079341
0.501324765254764,0.6350987925079341
0.5015501023633718,0.6350987925079341
0.5017755407572468,0.6350987925079341
0.502001080481914,0.6350987925079341
0.5022267215829204,0.6350987925079341
0.5024524641058328,0.6350987925079341
0.5026783080962388,0.6350987925079341
0.502904253599747,0.6350987925079341
0.5031303006619845,0.6350987925079341
0.5033564493286009,0.6350987925079341
0.5035826996452658,0.6350987925079341
0.5038090516576691,0.6350987925079341
0.5040355054115219,0.6350987925079341
0.504262060952554,0.6350987925079341
0.5044887183265179,0.6350987925079341
0.5047154775791856,0.6350987925079341
0.5049423387563504,0.6350987925079341
0.5051693019038248,0.6350987925079341
0.5053963670674431,0.6350987925079341
0.5056235342930598,0.6350987925079341
0.5058508036265502,0.6350987925079341
0.5060781751138106,0.6350987925079341
0.5063056488007563,0.6350987925079341
0.506533224733325,0.6350987925079341
0.5067609029574742,0.6350987925079341
0.5069886835191824,0.6350987925079341
0.507216566464449,0.6350987925079341
0.5074445518392929,0.6350987925079341
0.5076726396897548,0.6350987925079341
0.5079008300618959,0.6350987925079341
0.5081291230017979,0.6350987925079341
0.5083575185555638,0.6350987925079341
0.5085860167693159,0.6350987925079341
0.5088146176891986,0.6350987925079341
0.5090433213613764,0.6350987925079341
0.5092721278320351,0.6350987925079341
0.5095010371473812,0.6350987925079341
0.5097300493536406,0.6350987925079341
0.5099591644970618,0.6350987925079341
0.5101883826239131,0.6350987925079341
0.5104177037804838,0.6350987925079341
0.5106471280130848,0.6350987925079341
0.5108766553680458,0.6350987925079341
0.5111062858917192,0.6350987925079341
0.5113360196304776,0.6350987925079341
0.5115658566307144,0.6350987925079341
0.5117957969388446,0.6350987925079341
0.5120258406013021,0.6350987925079341
0.5122559876645435,0.6350987925079341
0.5124862381750459,0.6350987925079341
0.512716592179307,0.6350987925079341
0.5129470497238461,0.6350987925079341
0.5131776108552016,0.6350987925079341
0.5134082756199349,0.6350987925079341
0.5136390440646271,0.6350987925079341
0.5138699162358809,0.6350987925079341
0.51410089218032,0.6350987925079341
0.5143319719445877,0.6350987925079341
0.5145631555753498,0.6350987925079341
0.5147944431192927,0.6350987925079341
0.5150258346231233,0.6350987925079341
0.5152573301335709,0.6350987925079341
0.5154889296973831,0.6350987925079341
0.5157206333613311,0.6350987925079341
0.515952441172206,0.6350987925079341
0.5161843531768201,0.6350987925079341
0.5164163694220072,0.6350987925079341
0.5166484899546209,0.6350987925079341
0.5168807148215369,0.6350987925079341
0.5171130440696519,0.6350987925079341
0.5173454777458834,0.6350987925079341
0.5175780158971707,0.6350987925079341
0.5178106585704725,0.6350987925079341
0.5180434058127702,0.6350987925079341
0.5182762576710659,0.6350987925079341
0.5185092141923827,0.6350987925079341
0.5187422754237654,0.6350987925079341
0.5189754414122784,0.6350987925079341
0.5192087122050087,0.6350987925079341
0.5194420878490642,0.6350987925079341
0.5196755683915737,0.6350987925079341
0.519909153879688,0.6350987925079341
0.5201428443605771,0.6350987925079341
0.5203766398814341,0.6350987925079341
0.5206105404894729,0.6350987925079341
0.5208445462319282,0.6350987925079341
0.5210786571560568,0.6350987925079341
0.521312873309135,0.6350987925079341
0.5215471947384621,0.6350987925079341
0.5217816214913579,0.6350987925079341
0.5220161536151635,0.6350987925079341
0.5222507911572422,0.6350987925079341
0.5224855341649763,0.6350987925079341
0.5227203826857717,0.6350987925079341
0.5229553367670546,0.6350987925079341
0.5231903964562729,0.6350987925079341
0.5234255618008957,0.6350987925079341
0.5236608328484126,0.6350987925079341
0.5238962096463358,0.6350987925079341
0.5241316922421982,0.6350987925079341
0.5243672806835544,0.6350987925079341
0.5246029750179806,0.6350987925079341
0.5248387752930729,0.6350987925079341
0.5250746815564503,0.6350987925079341
0.5253106938557529,0.6350987925079341
0.5255468122386421,0.6350987925079341
0.5257830367528011,0.6350987925079341
0.5260193674459333,0.6350987925079341
0.5262558043657646,0.6350987925079341
0.5264923475600424,0.6350987925079341
0.5267289970765351,0.6350987925079341
0.5269657529630333,0.6350987925079341
0.5272026152673476,0.6350987925079341
0.5274395840373115,0.6350987925079341
0.5276766593207795,0.6350987925079341
0.5279138411656277,0.6350987925079341
0.5281511296197541,0.6350987925079341
0.5283885247310768,0.6350987925079341
0.528626026547537,0.6350987925079341
0.5288636351170968,0.6350987925079341
0.52910135048774,0.6350987925079341
0.5293391727074723,0.6350987925079341
0.5295771018243197,0.6350987925079341
0.5298151378863312,0.6350987925079341
0.5300532809415766,0.6350987925079341
0.5302915310381479,0.6350987925079341
0.5305298882241586,0.6350987925079341
0.5307683525477428,0.6350987925079341
0.5310069240570575,0.6350987925079341
0.531245602800281,0.6350987925079341
0.5314843888256129,0.6350987925079341
0.5317232821812755,0.6350987925079341
0.5319622829155107,0.6350987925079341
0.5322013910765842,0.6350987925079341
0.5324406067127823,0.6350987925079341
0.5326799298724133,0.6350987925079341
0.532919360603808,0.6350987925079341
0.5331588989553167,0.6350987925079341
0.5333985449753135,0.6350987925079341
0.5336382987121936,0.6350987925079341
0.5338781602143745,0.6350987925079341
0.5341181295302938,0.6350987925079341
0.5343582067084126,0.6350987925079341
0.534598391797213,0.6350987925079341
0.5348386848451991,0.6350987925079341
0.5350790859008974,0.6350987925079341
0.5353195950128543,0.6350987925079341
0.53556021222964,0.6350987925079341
0.5358009375998457,0.6350987925079341
0.5360417711720846,0.6350987925079341
0.5362827129949923,0.6350987925079341
0.5365237631172245,0.6350987925079341
0.5367649215874605,0.6350987925079341
0.5370061884544008,0.6350987925079341
0.5372475637667682,0.6350987925079341
0.5374890475733074,0.6350987925079341
0.5377306399227837,0.6350987925079341
0.5379723408639859,0.6350987925079341
0.5382141504457243,0.6350987925079341
0.5384560687168307,0.6350987925079341
0.5386980957261599,0.6350987925079341
0.5389402315225869,0.6350987925079341
0.53918247615501,0.6350987925079341
0.5394248296723493,0.6350987925079341
0.5396672921235468,0.6350987925079341
0.5399098635575669,0.6350987925079341
0.5401525440233944,0.6350987925079341
0.5403953335700381,0.6350987925079341
0.5406382322465277,0.6350987925079341
0.5408812401019154,0.6350987925079341
0.5411243571852759,0.6350987925079341
0.541367583545704,0.6350987925079341
0.5416109192323187,0.6350987925079341
0.5418543642942603,0.6350987925079341
0.5420979187806909,0.6350987925079341
0.5423415827407959,0.6350987925079341
0.5425853562237806,0.6350987925079341
0.5428292392788742,0.6350987925079341
0.5430732319553276,0.6350987925079341
0.5433173343024139,0.6350987925079341
0.5435615463694285,0.6350987925079341
0.5438058682056879,0.6350987925079341
0.5440502998605319,0.6350987925079341
0.544294841383322,0.6350987925079341
0.5445394928234422,0.6350987925079341
0.544784254230299,0.6350987925079341
0.5450291256533195,0.6350987925079341
0.5452741071419547,0.6350987925079341
0.5455191987456772,0.6350987925079341
0.545764400513982,0.6350987925079341
0.5460097124963866,0.6350987925079341
0.5462551347424295,0.6350987925079341
0.5465006673016729,0.6350987925079341
0.5467463102237006,0.6350987925079341
0.5469920635581189,0.6350987925079341
0.5472379273545569,0.6350987925079341
0.5474839016626643,0.6350987925079341
0.5477299865321148,0.6350987925079341
0.5479761820126038,0.6350987925079341
0.5482224881538493,0.6350987925079341
0.548468905005592,0.6350987925079341
0.548715432617593,0.6350987925079341
0.5489620710396381,0.6350987925079341
0.5492088203215345,0.6350987925079341
0.5494556805131118,0.6350987925079341
0.5497026516642225,0.6350987925079341
0.54994973382474,0.6350987925079341
0.5501969270445618,0.6350987925079341
0.5504442313736072,0.6350987925079341
0.5506916468618178,0.6350987925079341
0.5509391735591586,0.6350987925079341
0.5511868115156149,0.6350987925079341
0.5514345607811965,0.6350987925079341
0.5516824214059349,0.6350987925079341
0.5519303934398843,0.6350987925079341
0.5521784769331216,0.6350987925079341
0.5524266719357451,0.6350987925079341
0.5526749784978767,0.6350987925079341
0.5529233966696607,0.6350987925079341
0.5531719265012638,0.6350987925079341
0.5534205680428755,0.6350987925079341
0.5536693213447068,0.6350987925079341
0.5539181864569925,0.6350987925079341
0.5541671634299894,0.6350987925079341
0.5544162523139772,0.6350987925079341
0.5546654531592585,0.6350987925079341
0.5549147660161569,0.6350987925079341
0.5551641909350203,0.6350987925079341
0.5554137279662188,0.6350987925079341
0.5556633771601448,0.6350987925079341
0.5559131385672144,0.6350987925079341
0.5561630122378641,0.6350987925079341
0.5564129982225554,0.6350987925079341
0.5566630965717714,0.6350987925079341
0.5569133073360181,0.6350987925079341
0.5571636305658247,0.6350987925079341
0.5574140663117416,0.6350987925079341
0.5576646146243434,0.6350987925079341
0.5579152755542268,0.6350987925079341
0.5581660491520116,0.6350987925079341
0.5584169354683406,0.6350987925079341
0.5586679345538779,0.6350987925079341
0.5589190464593117,0.6350987925079341
0.5591702712353529,0.6350987925079341
0.5594216089327347,0.6350987925079341
0.5596730596022143,0.6350987925079341
0.5599246232945693,0.6350987925079341
0.5601763000606022,0.6350987925079341
0.5604280899511378,0.6350987925079341
0.5606799930170238,0.6350987925079341
0.560932009309131,0.6350987925079341
0.5611841388783516,0.6350987925079341
0.5614363817756024,0.6350987925079341
0.5616887380518225,0.6350987925079341
0.5619412077579737,0.6350987925079341
0.5621937909450415,0.6350987925079341
0.5624464876640326,0.6350987925079341
0.5626992979659783,0.6350987925079341
0.5629522219019321,0.6350987925079341
0.5632052595229711,0.6350987925079341
0.5634584108801939,0.6350987925079341
0.5637116760247235,0.6350987925079341
0.5639650550077054,0.6350987925079341
0.5642185478803082,0.6350987925079341
0.5644721546937238,0.6350987925079341
0.5647258754991655,0.6350987925079341
0.5649797103478715,0.6350987925079341
0.5652336592911025,0.6350987925079341
0.5654877223801417,0.6350987925079341
0.5657418996662965,0.6350987925079341
0.5659961912008956,0.6350987925079341
0.5662505970352921,0.6350987925079341
0.5665051172208619,0.6350987925079341
0.5667597518090042,0.6350987925079341
0.5670145008511412,0.6350987925079341
0.5672693643987172,0.6350987925079341
0.5675243425032009,0.6350987925079341
0.567779435216084,0.6350987925079341
0.5680346425888807,0.6350987925079341
0.5682899646731294,0.6350987925079341
0.56854540152039,0.6350987925079341
0.568800953182247,0.6350987925079341
0.5690566197103076,0.6350987925079341
0.5693124011562023,0.6350987925079341
0.5695682975715853,0.6350987925079341
0.5698243090081324,0.6350987925079341
0.5700804355175442,0.6350987925079341
0.5703366771515439,0.6350987925079341
0.5705930339618783,0.6350987925079341
0.5708495060003177,0.6350987925079341
0.5711060933186541,0.6350987925079341
0.5713627959687045,0.6350987925079341
0.5716196140023084,0.6350987925079341
0.571876547471329,0.6350987925079341
0.572133596427653,0.6350987925079341
0.5723907609231891,0.6350987925079341
0.5726480410098704,0.6350987925079341
0.5729054367396537,0.6350987925079341
0.5731629481645182,0.6350987925079341
0.5734205753364677,0.6350987925079341
0.5736783183075275,0.6350987925079341
0.5739361771297478,0.6350987925079341
0.5741941518552017,0.6350987925079341
0.5744522425359859,0.6350987925079341
0.574710449224221,0.6350987925079341
0.5749687719720492,0.6350987925079341
0.5752272108316379,0.6350987925079341
0.5754857658551773,0.6350987925079341
0.5757444370948814,0.6350987925079341
0.5760032246029878,0.6350987925079341
0.5762621284317562,0.6350987925079341
0.5765211486334711,0.6350987925079341
0.5767802852604406,0.6350987925079341
0.5770395383649957,0.6350987925079341
0.5772989079994916,0.6350987925079341
0.5775583942163055,0.6350987925079341
0.5778179970678398,0.6350987925079341
0.5780777166065199,0.6350987925079341
0.5783375528847946,0.6350987925079341
0.5785975059551371,0.6350987925079341
0.5788575758700423,0.6350987925079341
0.5791177626820304,0.6350987925079341
0.5793780664436446,0.6350987925079341
0.5796384872074521,0.6350987925079341
0.5798990250260438,0.6350987925079341
0.5801596799520328,0.6350987925079341
0.5804204520380573,0.6350987925079341
0.580681341336779,0.6350987925079341
0.580942347900883,0.6350987925079341
0.5812034717830786,0.6350987925079341
0.5814647130360973,0.6350987925079341
0.5817260717126959,0.6350987925079341
0.5819875478656542,0.6350987925079341
0.582249141547776,0.6350987925079341
0.5825108528118892,0.6350987925079341
0.5827726817108438,0.6350987925079341
0.5830346282975153,0.6350987925079341
0.5832966926248023,0.6350987925079341
0.5835588747456274,0.6350987925079341
0.5838211747129373,0.6350987925079341
0.5840835925797008,0.6350987925079341
0.5843461283989123,0.6350987925079341
0.5846087822235896,0.6350987925079341
0.5848715541067742,0.6350987925079341
0.5851344441015318,0.6350987925079341
0.5853974522609506,0.6350987925079341
0.5856605786381441,0.6350987925079341
0.5859238232862494,0.6350987925079341
0.5861871862584271,0.6350987925079341
0.5864506676078626,0.6350987925079341
0.5867142673877632,0.6350987925079341
0.5869779856513623,0.6350987925079341
0.5872418224519159,0.6350987925079341
0.5875057778427047,0.6350987925079341
0.5877698518770336,0.6350987925079341
0.5880340446082296,0.6350987925079341
0.5882983560896456,0.6350987925079341
0.5885627863746579,0.6350987925079341
0.5888273355166666,0.6350987925079341
0.5890920035690965,0.6350987925079341
0.5893567905853949,0.6350987925079341
0.5896216966190344,0.6350987925079341
0.5898867217235115,0.6350987925079341
0.5901518659523465,0.6350987925079341
0.5904171293590844,0.6350987925079341
0.5906825119972925,0.6350987925079341
0.5909480139205638,0.6350987925079341
0.5912136351825151,0.6350987925079341
0.5914793758367872,0.6350987925079341
0.5917452359370454,0.6350987925079341
0.5920112155369776,0.6350987925079341
0.5922773146902973,0.6350987925079341
0.592543533450742,0.6350987925079341
0.592809871872073,0.6350987925079341
0.5930763300080765,0.6350987925079341
0.593342907912561,0.6350987925079341
0.5936096056393609,0.6350987925079341
0.5938764232423347,0.6350987925079341
0.594143360775365,0.6350987925079341
0.5944104182923573,0.6350987925079341
0.594677595847243,0.6350987925079341
0.5949448934939771,0.6350987925079341
0.5952123112865387,0.6350987925079341
0.5954798492789323,0.6350987925079341
0.5957475075251842,0.6350987925079341
0.5960152860793473,0.6350987925079341
0.5962831849954979,0.6350987925079341
0.5965512043277368,0.6350987925079341
0.5968193441301896,0.6350987925079341
0.5970876044570042,0.6350987925079341
0.5973559853623552,0.6350987925079341
0.5976244869004405,0.6350987925079341
0.5978931091254825,0.6350987925079341
0.5981618520917287,0.6350987925079341
0.5984307158534489,0.6350987925079341
0.5986997004649393,0.6350987925079341
0.5989688059805197,0.6350987925079341
0.5992380324545348,0.6350987925079341
0.5995073799413537,0.6350987925079341
0.5997768484953687,0.6350987925079341
0.6000464381709978,0.6350987925079341
0.6003161490226834,0.6350987925079341
0.6005859811048918,0.6350987925079341
0.600855934472115,0.6350987925079341
0.6011260091788673,0.6350987925079341
0.6013962052796893,0.6350987925079341
0.6016665228291457,0.6350987925079341
0.6019369618818257,0.6350987925079341
0.6022075224923433,0.6350987925079341
0.6024782047153358,0.6350987925079341
0.6027490086054664,0.6350987925079341
0.6030199342174226,0.6350987925079341
0.6032909816059161,0.6350987925079341
0.6035621508256843,0.6350987925079341
0.6038334419314869,0.6350987925079341
0.6041048549781104,0.6350987925079341
0.604376390020365,0.6350987925079341
0.6046480471130858,0.6350987925079341
0.6049198263111331,0.6350987925079341
0.6051917276693899,0.6350987925079341
0.6054637512427657,0.6350987925079341
0.6057358970861944,0.6350987925079341
0.6060081652546341,0.6350987925079341
0.6062805558030686,0.6350987925079341
0.6065530687865045,0.6350987925079341
0.6068257042599747,0.6350987925079341
0.6070984622785366,0.6350987925079341
0.607371342897272,0.6350987925079341
0.6076443461712884,0.6350987925079341
0.607917472155716,0.6350987925079341
0.6081907209057118,0.6350987925079341
0.6084640924764567,0.6350987925079341
0.6087375869231567,0.6350987925079341
0.6090112043010432,0.6350987925079341
0.6092849446653701,0.6350987925079341
0.6095588080714188,0.6350987925079341
0.6098327945744942,0.6350987925079341
0.6101069042299265,0.6350987925079341
0.6103811370930713,0.6350987925079341
0.610655493219307,0.6350987925079341
0.610929972664039,0.6350987925079341
0.611204575482697,0.6350987925079341
0.6114793017307355,0.6350987925079341
0.6117541514636343,0.6350987925079341
0.6120291247368969,0.6350987925079341
0.612304221606053,0.6350987925079341
0.612579442126657,0.6350987925079341
0.6128547863542883,0.6350987925079341
0.6131302543445514,0.6350987925079341
0.6134058461530746,0.6350987925079341
0.6136815618355126,0.6350987925079341
0.6139574014475447,0.6350987925079341
0.6142333650448752,0.6350987925079341
0.6145094526832341,0.6350987925079341
0.6147856644183745,0.6350987925079341
0.6150620003060764,0.6350987925079341
0.6153384604021442,0.6350987925079341
0.6156150447624077,0.6350987925079341
0.6158917534427222,0.6350987925079341
0.616168586498966,0.6350987925079341
0.6164455439870449,0.6350987925079341
0.6167226259628887,0.6350987925079341
0.6169998324824528,0.6350987925079341
0.6172771636017179,0.6350987925079341
0.6175546193766884,0.6350987925079341
0.6178321998633957,0.6350987925079341
0.6181099051178953,0.6350987925079341
0.6183877351962686,0.6350987925079341
0.6186656901546221,0.6350987925079341
0.6189437700490863,0.6350987925079341
0.6192219749358184,0.6350987925079341
0.6195003048710005,0.6350987925079341
0.6197787599108395,0.6350987925079341
0.6200573401115688,0.6350987925079341
0.6203360455294445,0.6350987925079341
0.6206148762207506,0.6350987925079341
0.6208938322417953,0.6350987925079341
0.6211729136489121,0.6350987925079341
0.6214521204984608,0.6350987925079341
0.6217314528468242,0.6350987925079341
0.6220109107504127,0.6350987925079341
0.6222904942656612,0.6350987925079341
0.62257020344903,0.6350987925079341
0.6228500383570056,0.6350987925079341
0.6231299990460977,0.6350987925079341
0.6234100855728435,0.6350987925079341
0.623690297993805,0.6350987925079341
0.6239706363655694,0.6350987925079341
0.6242511007447502,0.6350987925079341
0.6245316911879845,0.6350987925079341
0.6248124077519362,0.6350987925079341
0.625093250493295,0.6350987925079341
0.6253742194687751,0.6350987925079341
0.6256553147351175,0.6350987925079341
0.6259365363490864,0.6350987925079341
0.6262178843674738,0.6350987925079341
0.6264993588470962,0.6350987925079341
0.6267809598447965,0.6350987925079341
0.6270626874174412,0.6350987925079341
0.6273445416219242,0.6350987925079341
0.6276265225151645,0.6350987925079341
0.6279086301541066,0.6350987925079341
0.628190864595721,0.6350987925079341
0.6284732258970023,0.6350987925079341
0.6287557141149724,0.6350987925079341
0.6290383293066782,0.6350987925079341
0.6293210715291923,0.6350987925079341
0.6296039408396136,0.6350987925079341
0.6298869372950646,0.6350987925079341
0.6301700609526956,0.6350987925079341
0.6304533118696819,0.6350987925079341
0.6307366901032243,0.6350987925079341
0.6310201957105502,0.6350987925079341
0.6313038287489108,0.6350987925079341
0.6315875892755847,0.6350987925079341
0.6318714773478757,0.6350987925079341
0.6321554930231138,0.6350987925079341
0.6324396363586546,0.6350987925079341
0.6327239074118783,0.6350987925079341
0.6330083062401923,0.6350987925079341
0.6332928329010296,0.6350987925079341
0.6335774874518485,0.6350987925079341
0.6338622699501343,0.6350987925079341
0.6341471804533957,0.6350987925079341
0.6344322190191697,0.6350987925079341
0.6347173857050182,0.6350987925079341
0.6350026805685289,0.6350987925079341
0.6352881036673164,0.6350987925079341
0.6355736550590187,0.6350987925079341
0.6358593348013023,0.6350987925079341
0.6361451429518584,0.6350987925079341
0.6364310795684045,0.6350987925079341
0.6367171447086846,0.6350987925079341
0.6370033384304665,0.6350987925079341
0.6372896607915463,0.6350987925079341
0.6375761118497449,0.6350987925079341
0.6378626916629099,0.6350987925079341
0.6381494002889149,0.6350987925079341
0.638436237785658,0.6350987925079341
0.6387232042110648,0.6350987925079341
0.6390102996230869,0.6350987925079341
0.6392975240797014,0.6350987925079341
0.6395848776389125,0.6350987925079341
0.6398723603587483,0.6350987925079341
0.640159972297265,0.6350987925079341
0.6404477135125441,0.6350987925079341
0.6407355840626936,0.6350987925079341
0.6410235840058478,0.6350987925079341
0.6413117134001656,0.6350987925079341
0.6415999723038336,0.6350987925079341
0.6418883607750642,0.6350987925079341
0.6421768788720957,0.6350987925079341
0.6424655266531936,0.6350987925079341
0.6427543041766473,0.6350987925079341
0.6430432115007744,0.6350987925079341
0.6433322486839183,0.6350987925079341
0.6436214157844483,0.6350987925079341
0.643910712860761,0.6350987925079341
0.6442001399712767,0.6350987925079341
0.6444896971744445,0.6350987925079341
0.6447793845287387,0.6350987925079341
0.6450692020926603,0.6350987925079341
0.6453591499247368,0.6350987925079341
0.6456492280835203,0.6350987925079341
0.6459394366275911,0.6350987925079341
0.6462297756155554,0.6350987925079341
0.6465202451060452,0.6350987925079341
0.6468108451577202,0.6350987925079341
0.647101575829264,0.6350987925079341
0.6473924371793888,0.6350987925079341
0.6476834292668323,0.6350987925079341
0.6479745521503588,0.6350987925079341
0.6482658058887596,0.6350987925079341
0.6485571905408506,0.6350987925079341
0.6488487061654757,0.6350987925079341
0.6491403528215052,0.6350987925079341
0.6494321305678352,0.6350987925079341
0.6497240394633895,0.6350987925079341
0.6500160795671162,0.6350987925079341
0.6503082509379915,0.6350987925079341
0.6506005536350181,0.6350987925079341
0.6508929877172249,0.6350987925079341
0.6511855532436679,0.6350987925079341
0.6514782502734279,0.6350987925079341
0.6517710788656138,0.6350987925079341
0.6520640390793611,0.6350987925079341
0.6523571309738312,0.6350987925079341
0.6526503546082132,0.6350987925079341
0.6529437100417206,0.6350987925079341
0.6532371973335956,0.6350987925079341
0.6535308165431064,0.6350987925079341
0.6538245677295476,0.6350987925079341
0.6541184509522414,0.6350987925079341
0.6544124662705346,0.6350987925079341
0.6547066137438026,0.6350987925079341
0.6550008934314469,0.6350987925079341
0.6552953053928954,0.6350987925079341
0.6555898496876039,0.6350987925079341
0.6558845263750527,0.6350987925079341
0.6561793355147505,0.6350987925079341
0.6564742771662326,0.6350987925079341
0.6567693513890609,0.6350987925079341
0.6570645582428244,0.6350987925079341
0.6573598977871374,0.6350987925079341
0.6576553700816427,0.6350987925079341
0.6579509751860091,0.6350987925079341
0.6582467131599327,0.6350987925079341
0.6585425840631366,0.6350987925079341
0.6588385879553691,0.6350987925079341
0.6591347248964071,0.6350987925079341
0.659430994946054,0.6350987925079341
0.6597273981641396,0.6350987925079341
0.6600239346105218,0.6350987925079341
0.6603206043450831,0.6350987925079341
0.6606174074277349,0.6350987925079341
0.6609143439184151,0.6350987925079341
0.6612114138770881,0.6350987925079341
0.6615086173637466,0.6350987925079341
0.6618059544384075,0.6350987925079341
0.6621034251611173,0.6350987925079341
0.6624010295919484,0.6350987925079341
0.6626987677910011,0.6350987925079341
0.6629966398184006,0.6350987925079341
0.6632946457343012,0.6350987925079341
0.6635927855988836,0.6350987925079341
0.6638910594723555,0.6350987925079341
0.6641894674149522,0.6350987925079341
0.6644880094869342,0.6350987925079341
0.6647866857485912,0.6350987925079341
0.6650854962602393,0.6350987925079341
0.6653844410822214,0.6350987925079341
0.6656835202749086,0.6350987925079341
0.6659827338986968,0.6350987925079341
0.6662820820140113,0.6350987925079341
0.6665815646813038,0.6350987925079341
0.6668811819610531,0.6350987925079341
0.667180933913766,0.6350987925079341
0.6674808205999744,0.6350987925079341
0.6677808420802392,0.6350987925079341
0.6680809984151485,0.6350987925079341
0.6683812896653168,0.6350987925079341
0.6686817158913873,0.6350987925079341
0.6689822771540278,0.6350987925079341
0.6692829735139357,0.6350987925079341
0.669583805031835,0.6350987925079341
0.6698847717684769,0.6350987925079341
0.6701858737846409,0.6350987925079341
0.6704871111411312,0.6350987925079341
0.6707884838987819,0.6350987925079341
0.6710899921184533,0.6350987925079341
0.6713916358610337,0.6350987925079341
0.6716934151874387,0.6350987925079341
0.67199533015861,0.6350987925079341
0.6722973808355179,0.6350987925079341
0.6725995672791601,0.6350987925079341
0.6729018895505616,0.6350987925079341
0.6732043477107751,0.6350987925079341
0.6735069418208792,0.6350987925079341
0.6738096719419817,0.6350987925079341
0.6741125381352172,0.6350987925079341
0.674415540461748,0.6350987925079341
0.6747186789827644,0.6350987925079341
0.6750219537594822,0.6350987925079341
0.6753253648531465,0.6350987925079341
0.6756289123250299,0.6350987925079341
0.6759325962364318,0.6350987925079341
0.6762364166486802,0.6350987925079341
0.6765403736231288,0.6350987925079341
0.6768444672211604,0.6350987925079341
0.6771486975041854,0.6350987925079341
0.6774530645336411,0.6350987925079341
0.6777575683709935,0.6350987925079341
0.6780622090777343,0.6350987925079341
0.6783669867153843,0.6350987925079341
0.678671901345492,0.6350987925079341
0.6789769530296331,0.6350987925079341
0.6792821418294118,0.6350987925079341
0.6795874678064578,0.6350987925079341
0.679892931022431,0.6350987925079341
0.6801985315390175,0.6350987925079341
0.6805042694179321,0.6350987925079341
0.6808101447209173,0.6350987925079341
0.6811161575097416,0.6350987925079341
0.6814223078462034,0.6350987925079341
0.681728595792128,0.6350987925079341
0.6820350214093683,0.6350987925079341
0.6823415847598063,0.6350987925079341
0.6826482859053493,0.6350987925079341
0.6829551249079345,0.6350987925079341
0.6832621018295264,0.6350987925079341
0.6835692167321172,0.6350987925079341
0.683876469677728,0.6350987925079341
0.6841838607284051,0.6350987925079341
0.6844913899462254,0.6350987925079341
0.6847990573932925,0.6350987925079341
0.6851068631317383,0.6350987925079341
0.685414807223723,0.6350987925079341
0.685722889731433,0.6350987925079341
0.6860311107170846,0.6350987925079341
0.686339470242921,0.6350987925079341
0.6866479683712139,0.6350987925079341
0.6869566051642636,0.6350987925079341
0.687265380684396,0.6350987925079341
0.6875742949939674,0.6350987925079341
0.6878833481553612,0.6350987925079341
0.6881925402309892,0.6350987925079341
0.6885018712832917,0.6350987925079341
0.6888113413747348,0.6350987925079341
0.6891209505678151,0.6350987925079341
0.6894306989250564,0.6350987925079341
0.6897405865090107,0.6350987925079341
0.6900506133822588,0.6350987925079341
0.6903607796074076,0.6350987925079341
0.690671085247094,0.6350987925079341
0.6909815303639826,0.6350987925079341
0.6912921150207659,0.6350987925079341
0.6916028392801657,0.6350987925079341
0.6919137032049295,0.6350987925079341
0.6922247068578353,0.6350987925079341
0.6925358503016885,0.6350987925079341
0.6928471335993228,0.6350987925079341
0.6931585568136011,0.6350987925079341
0.6934701200074117,0.6350987925079341
0.6937818232436742,0.6350987925079341
0.6940936665853351,0.6350987925079341
0.6944056500953696,0.6350987925079341
0.6947177738367816,0.6350987925079341
0.6950300378726014,0.6350987925079341
0.6953424422658897,0.6350987925079341
0.6956549870797349,0.6350987925079341
0.6959676723772537,0.6350987925079341
0.6962804982215918,0.6350987925079341
0.6965934646759211,0.6350987925079341
0.6969065718034444,0.6350987925079341
0.6972198196673919,0.6350987925079341
0.6975332083310222,0.6350987925079341
0.6978467378576231,0.6350987925079341
0.6981604083105087,0.6350987925079341
0.6984742197530239,0.6350987925079341
0.6987881722485411,0.6350987925079341
0.6991022658604619,0.6350987925079341
0.6994165006522144,0.6350987925079341
0.6997308766872573,0.6350987925079341
0.7000453940290771,0.6350987925079341
0.7003600527411888,0.6350987925079341
0.7006748528871368,0.6350987925079341
0.7009897945304916,0.6350987925079341
0.701304877734855,0.6350987925079341
0.7016201025638559,0.6350987925079341
0.7019354690811523,0.6350987925079341
0.7022509773504317,0.6350987925079341
0.7025666274354077,0.6350987925079341
0.7028824193998247,0.6350987925079341
0.7031983533074551,0.6350987925079341
0.7035144292221002,0.6350987925079341
0.7038306472075904,0.6350987925079341
0.7041470073277826,0.6350987925079341
0.7044635096465649,0.6350987925079341
0.7047801542278531,0.6350987925079341
0.7050969411355918,0.6350987925079341
0.7054138704337553,0.6350987925079341
0.7057309421863439,0.6350987925079341
0.7060481564573895,0.6350987925079341
0.7063655133109517,0.6350987925079341
0.7066830128111188,0.6350987925079341
0.7070006550220089,0.6350987925079341
0.7073184400077668,0.6350987925079341
0.7076363678325679,0.6350987925079341
0.7079544385606161,0.6350987925079341
0.708272652256144,0.6350987925079341
0.7085910089834138,0.6350987925079341
0.7089095088067143,0.6350987925079341
0.7092281517903658,0.6350987925079341
0.7095469379987163,0.6350987925079341
0.7098658674961428,0.6350987925079341
0.7101849403470523,0.6350987925079341
0.7105041566158782,0.6350987925079341
0.7108235163670853,0.6350987925079341
0.7111430196651664,0.6350987925079341
0.7114626665746435,0.6350987925079341
0.7117824571600683,0.6350987925079341
0.7121023914860191,0.6350987925079341
0.7124224696171058,0.6350987925079341
0.7127426916179662,0.6350987925079341
0.7130630575532676,0.6350987925079341
0.7133835674877067,0.6350987925079341
0.7137042214860073,0.6350987925079341
0.7140250196129244,0.6350987925079341
0.7143459619332415,0.6350987925079341
0.714667048511771,0.6350987925079341
0.7149882794133553,0.6350987925079341
0.7153096547028638,0.6350987925079341
0.7156311744451971,0.6350987925079341
0.7159528387052845,0.6350987925079341
0.7162746475480841,0.6350987925079341
0.7165966010385844,0.6350987925079341
0.7169186992418004,0.6350987925079341
0.7172409422227789,0.6350987925079341
0.7175633300465952,0.6350987925079341
0.7178858627783535,0.6350987925079341
0.7182085404831885,0.6350987925079341
0.7185313632262614,0.6350987925079341
0.7188543310727655,0.6350987925079341
0.7191774440879222,0.6350987925079341
0.7195007023369824,0.6350987925079341
0.719824105885227,0.6350987925079341
0.7201476547979643,0.6350987925079341
0.7204713491405337,0.6350987925079341
0.7207951889783036,0.6350987925079341
0.7211191743766716,0.6350987925079341
0.7214433054010656,0.6350987925079341
0.7217675821169406,0.6350987925079341
0.7220920045897831,0.6350987925079341
0.7224165728851084,0.6350987925079341
0.7227412870684614,0.6350987925079341
0.7230661472054171,0.6350987925079341
0.7233911533615776,0.6350987925079341
0.7237163056025768,0.6350987925079341
0.7240416039940775,0.6350987925079341
0.7243670486017719,0.6350987925079341
0.7246926394913825,0.6350987925079341
0.725018376728659,0.6350987925079341
0.7253442603793832,0.6350987925079341
0.7256702905093652,0.6350987925079341
0.725996467184445,0.6350987925079341
0.7263227904704932,0.6350987925079341
0.7266492604334072,0.6350987925079341
0.7269758771391167,0.6350987925079341
0.7273026406535802,0.6350987925079341
0.7276295510427856,0.6350987925079341
0.7279566083727514,0.6350987925079341
0.7282838127095238,0.6350987925079341
0.7286111641191803,0.6350987925079341
0.7289386626678279,0.6350987925079341
0.7292663084216031,0.6350987925079341
0.7295941014466728,0.6350987925079341
0.7299220418092316,0.6350987925079341
0.730250129575506,0.6350987925079341
0.7305783648117513,0.6350987925079341
0.7309067475842531,0.6350987925079341
0.7312352779593271,0.6350987925079341
0.7315639560033165,0.6350987925079341
0.7318927817825971,0.6350987925079341
0.7322217553635731,0.6350987925079341
0.7325508768126793,0.6350987925079341
0.7328801461963803,0.6350987925079341
0.733209563581169,0.6350987925079341
0.7335391290335699,0.6350987925079341
0.7338688426201373,0.6350987925079341
0.7341987044074547,0.6350987925079341
0.7345287144621367,0.6350987925079341
0.7348588728508256,0.6350987925079341
0.7351891796401958,0.6350987925079341
0.7355196348969508,0.6350987925079341
0.7358502386878243,0.6350987925079341
0.7361809910795807,0.6350987925079341
0.736511892139012,0.6350987925079341
0.7368429419329426,0.6350987925079341
0.7371741405282263,0.6350987925079341
0.7375054879917474,0.6350987925079341
0.7378369843904183,0.6350987925079341
0.7381686297911837,0.6350987925079341
0.7385004242610173,0.6350987925079341
0.7388323678669233,0.6350987925079341
0.7391644606759367,0.6350987925079341
0.7394967027551201,0.6350987925079341
0.739829094171569,0.6350987925079341
0.7401616349924077,0.6350987925079341
0.7404943252847912,0.6350987925079341
0.740827165115905,0.6350987925079341
0.7411601545529629,0.6350987925079341
0.741493293663211,0.6350987925079341
0.7418265825139251,0.6350987925079341
0.7421600211724106,0.6350987925079341
0.7424936097060046,0.6350987925079341
0.7428273481820721,0.6350987925079341
0.7431612366680103,0.6350987925079341
0.743495275231246,0.6350987925079341
0.7438294639392367,0.6350987925079341
0.7441638028594706,0.6350987925079341
0.744498292059464,0.6350987925079341
0.7448329316067662,0.6350987925079341
0.7451677215689555,0.6350987925079341
0.7455026620136409,0.6350987925079341
0.7458377530084627,0.6350987925079341
0.746172994621089,0.6350987925079341
0.7465083869192208,0.6350987925079341
0.7468439299705888,0.6350987925079341
0.7471796238429539,0.6350987925079341
0.7475154686041086,0.6350987925079341
0.747851464321873,0.6350987925079341
0.7481876110641007,0.6350987925079341
0.7485239088986746,0.6350987925079341
0.748860357893508,0.6350987925079341
0.749196958116546,0.6350987925079341
0.7495337096357613,0.6350987925079341
0.7498706125191599,0.6350987925079341
0.7502076668347774,0.6350987925079341
0.7505448726506802,0.6350987925079341
0.7508822300349658,0.6350987925079341
0.7512197390557602,0.6350987925079341
0.7515573997812222,0.6350987925079341
0.7518952122795405,0.6350987925079341
0.7522331766189345,0.6350987925079341
0.752571292867655,0.6350987925079341
0.7529095610939811,0.6350987925079341
0.753247981366225,0.6350987925079341
0.7535865537527289,0.6350987925079341
0.7539252783218654,0.6350987925079341
0.754264155142039,0.6350987925079341
0.7546031842816825,0.6350987925079341
0.7549423658092616,0.6350987925079341
0.7552816997932721,0.6350987925079341
0.7556211863022407,0.6350987925079341
0.7559608254047256,0.6350987925079341
0.7563006171693135,0.6350987925079341
0.7566405616646241,0.6350987925079341
0.7569806589593076,0.6350987925079341
0.7573209091220445,0.6350987925079341
0.7576613122215473,0.6350987925079341
0.7580018683265569,0.6350987925079341
0.7583425775058477,0.6350987925079341
0.7586834398282238,0.6350987925079341
0.7590244553625206,0.6350987925079341
0.759365624177605,0.6350987925079341
0.7597069463423727,0.6350987925079341
0.7600484219257525,0.6350987925079341
0.7603900509967035,0.6350987925079341
0.7607318336242159,0.6350987925079341
0.7610737698773115,0.6350987925079341
0.7614158598250408,0.6350987925079341
0.761758103536488,0.6350987925079341
0.7621005010807671,0.6350987925079341
0.7624430525270234,0.6350987925079341
0.7627857579444342,0.6350987925079341
0.7631286174022053,0.6350987925079341
0.763471630969576,0.6350987925079341
0.7638147987158161,0.6350987925079341
0.7641581207102264,0.6350987925079341
0.7645015970221396,0.6350987925079341
0.7648452277209173,0.6350987925079341
0.7651890128759546,0.6350987925079341
0.7655329525566771,0.6350987925079341
0.7658770468325413,0.6350987925079341
0.7662212957730362,0.6350987925079341
0.7665656994476792,0.6350987925079341
0.7669102579260215,0.6350987925079341
0.7672549712776449,0.6350987925079341
0.7675998395721623,0.6350987925079341
0.7679448628792186,0.6350987925079341
0.768290041268488,0.6350987925079341
0.7686353748096779,0.6350987925079341
0.7689808635725267,0.6350987925079341
0.769326507626804,0.6350987925079341
0.7696723070423112,0.6350987925079341
0.7700182618888792,0.6350987925079341
0.7703643722363724,0.6350987925079341
0.770710638154686,0.6350987925079341
0.7710570597137464,0.6350987925079341
0.7714036369835121,0.6350987925079341
0.7717503700339712,0.6350987925079341
0.7720972589351451,0.6350987925079341
0.7724443037570863,0.6350987925079341
0.7727915045698783,0.6350987925079341
0.7731388614436374,0.6350987925079341
0.7734863744485088,0.6350987925079341
0.7738340436546715,0.6350987925079341
0.7741818691323353,0.6350987925079341
0.7745298509517419,0.6350987925079341
0.7748779891831649,0.6350987925079341
0.7752262838969074,0.6350987925079341
0.7755747351633062,0.6350987925079341
0.7759233430527294,0.6350987925079341
0.7762721076355762,0.6350987925079341
0.7766210289822786,0.6350987925079341
0.7769701071632976,0.6350987925079341
0.7773193422491286,0.6350987925079341
0.7776687343102975,0.6350987925079341
0.7780182834173622,0.6350987925079341
0.778367989640913,0.6350987925079341
0.7787178530515695,0.6350987925079341
0.7790678737199855,0.6350987925079341
0.7794180517168458,0.6350987925079341
0.7797683871128676,0.6350987925079341
0.7801188799787976,0.6350987925079341
0.7804695303854167,0.6350987925079341
0.7808203384035369,0.6350987925079341
0.7811713041040019,0.6350987925079341
0.781522427557688,0.6350987925079341
0.7818737088355011,0.6350987925079341
0.7822251480083814,0.6350987925079341
0.7825767451472999,0.6350987925079341
0.7829285003232598,0.6350987925079341
0.7832804136072969,0.6350987925079341
0.7836324850704766,0.6350987925079341
0.7839847147838984,0.6350987925079341
0.7843371028186934,0.6350987925079341
0.7846896492460242,0.6350987925079341
0.7850423541370866,0.6350987925079341
0.7853952175631056,0.6350987925079341
0.7857482395953409,0.6350987925079341
0.7861014203050833,0.6350987925079341
0.7864547597636558,0.6350987925079341
0.786808258042414,0.6350987925079341
0.7871619152127435,0.6350987925079341
0.787515731346064,0.6350987925079341
0.7878697065138269,0.6350987925079341
0.7882238407875154,0.6350987925079341
0.7885781342386459,0.6350987925079341
0.7889325869387641,0.6350987925079341
0.7892871989594509,0.6350987925079341
0.7896419703723181,0.6350987925079341
0.7899969012490098,0.6350987925079341
0.7903519916612031,0.6350987925079341
0.790707241680605,0.6350987925079341
0.791062651378957,0.6350987925079341
0.7914182208280323,0.6350987925079341
0.791773950099636,0.6350987925079341
0.7921298392656065,0.6350987925079341
0.7924858883978121,0.6350987925079341
0.7928420975681557,0.6350987925079341
0.7931984668485719,0.6350987925079341
0.7935549963110272,0.6350987925079341
0.7939116860275218,0.6350987925079341
0.7942685360700856,0.6350987925079341
0.7946255465107833,0.6350987925079341
0.794982717421711,0.6350987925079341
0.7953400488749977,0.6350987925079341
0.795697540942805,0.6350987925079341
0.7960551936973249,0.6350987925079341
0.7964130072107843,0.6350987925079341
0.7967709815554417,0.6350987925079341
0.7971291168035879,0.6350987925079341
0.7974874130275472,0.6350987925079341
0.797845870299674,0.6350987925079341
0.7982044886923574,0.6350987925079341
0.7985632682780185,0.6350987925079341
0.7989222091291109,0.6350987925079341
0.7992813113181214,0.6350987925079341
0.7996405749175672,0.6350987925079341
0.8,0.6350987925079341
