L,l,kappa,alpha_theory,alpha_found,inverse_score
400.82934519480114,40.53696704929402,9.887995436545168,0.0045313834439043256,0.004444540636037624,-0.17514405718807308
521.7950269037317,26.59167458097902,19.622495955067485,0.0036470614524115354,0.0035921254694710985,-0.09499031415262117
207.2300474459718,43.01505102035041,4.8176171486564385,0.007992164530923504,0.007869074407560505,-0.3622301153929501
307.0754804298946,28.25942034329643,10.8663049949196,0.005964186833486596,0.00590591213214227,-0.1605250445194975
69.17773091334261,5.979765502922705,11.568636074362933,0.026610785289106133,0.0262125298285785,-0.1513427187950206
102.118500630914,8.308598320103028,12.290701354984712,0.018111496353690817,0.017873322067116854,-0.1440771296373109
511.25905889420164,29.164165611850695,17.530385257668897,0.0037008032025788737,0.0036661515788850296,-0.1043886025963777
79.11370695581464,6.733397666875515,11.749448179038803,0.02329723301432559,0.022920469850466235,-0.15090519890616375
305.6186851233661,44.655689357930584,6.843891327569217,0.005709809639833622,0.005678425947784437,-0.2517689206604019
163.94902773595808,40.12594975442968,4.085860365656741,0.009800319591333548,0.009679923978797822,-0.42605827893674014
295.2628398931394,43.98112666552672,6.71339872983682,0.0058954622547550475,0.005877587143578128,-0.25751221406617825
148.32988436967554,8.303943357635047,17.86258383293208,0.0127686338833644,0.012636382843209734,-0.10257733072106687
278.83714870063005,37.667187989647125,7.402653704260292,0.006319028740377568,0.0062289329155592625,-0.23459914221055408
59.737169442668666,5.2320725106265655,11.41749647416772,0.030783797684414263,0.030355026057598267,-0.15431342543842827
54.55669709163631,20.22676703345282,2.697252457666893,0.026743880126422485,0.026747497066804262,-0.6661774600663269
523.0728416395992,43.65410672705433,11.982213836377243,0.00352903634768761,0.0034893741473295127,-0.14723000532158403
254.68408932031502,17.607982275307457,14.464126856685397,0.0073450541114916295,0.007201012271066343,-0.1235659613914814
36.968187726785025,2.0586752557930734,17.957270153588937,0.05124675280441617,0.05070178770560081,-0.10246971722880538
335.5655055981185,18.10931321930233,18.529996225392267,0.005654912064951023,0.0055856551842042535,-0.10024824039633771
128.80013176804442,11.495768272024753,11.204134314492304,0.014255584086411581,0.014080426630466217,-0.15772462057534828
270.65556620837555,21.250492085847043,12.736437590009212,0.006851519326755899,0.006776955480545166,-0.13751371645582958
17.401959750496847,2.4129293296157526,7.211964120502454,0.10093420114106613,0.09972630075085277,-0.2372210342329613
24.088304517954164,1.9398740554380072,12.417457953225334,0.07683979861904514,0.07577108008689426,-0.1440771296373109
563.2439641406676,28.752193010897216,19.5896001368381,0.003378400308581654,0.0033547652996594305,-0.0950353073059452
232.36658638082037,19.398074351996712,11.978848114730628,0.007943926658247249,0.007854816302186096,-0.14723000532158403
72.00478140786655,10.192642989085494,7.064387665198403,0.024331662636307153,0.0241016365552453,-0.24566395106645328
182.72880632510677,14.55595974616919,12.55353886047926,0.01013763018720579,0.010037939609217955,-0.14093022118470583
250.92209436587945,36.97932731402544,6.78546941200605,0.0069468222432873,0.006916222647184587,-0.2556930725164505
233.85309015208125,20.460654371444882,11.429404255928844,0.007864301647349553,0.007754113207826824,-0.15431342543842827
146.80564153522235,32.71155435022051,4.487883393233887,0.011140993987429931,0.011093384511447844,-0.38035708239805305
159.25361063084418,8.883400171021815,17.927100835819488,0.011895061000916784,0.011769611995354206,-0.10253805771853677
515.0693714271919,47.313950351928156,10.886205180417821,0.0035562932301635964,0.003521003006506063,-0.1605250445194975
215.77911019544518,14.869615122204422,14.51141192438987,0.00867119468033304,0.008499354968976315,-0.1235659613914814
151.79867480482508,18.271528026086553,8.307935416682156,0.011759849560410379,0.011441851490832905,-0.2072744654045315
159.93387857269218,31.68991643654454,5.046838128871107,0.010437117164408498,0.010289685383507946,-0.34197935707601324
115.92415316572414,14.087389581807528,8.228930739264053,0.015383249500267704,0.014982709350820536,-0.21101667776337904
325.0278948989449,41.68282581062871,7.7976453989850665,0.0054538901838759,0.0053437194803297025,-0.22317195245009092
289.05378638929096,23.73333390534142,12.179232279045152,0.006394125174067538,0.006314384854067501,-0.14563953835432356
264.8848348953511,40.65567123568252,6.515323123305562,0.006545776942394286,0.006276424566533569,-0.2615867060009614
19.909957314568707,15.017846692666073,1.3257531337226718,0.05726097179157697,0.06544462188452471,-1.006370536956614
371.4735281709568,22.337897931491508,16.62974418229663,0.005078572807787727,0.005034218049191184,-0.10991373381799678
11.059198541577485,7.127158414036714,1.5516981522112294,0.10997254727162892,0.11782043909333019,-1.0069103027035384
157.4408881467339,49.088257405027,3.2073024480720473,0.009683863237107881,0.009672818527441163,-0.5515561863791927
484.55027965847245,49.51927443733142,9.785084397221729,0.0037448305836981504,0.003676609812484907,-0.17952538509796961
404.5794810570546,46.117699915680944,8.772759304925557,0.004437569357952093,0.004381038890640584,-0.19849310542358004
325.42605631948027,48.705938503749444,6.681445144403256,0.005345706936785671,0.005291208956203219,-0.257982956104573
776.4068264500621,44.85948500485094,17.307528750410405,0.002435263655776776,0.002412914545445338,-0.10531834055107443
43.430415848171755,34.06454683048179,1.274944770711265,0.025808129081800465,0.030002006721375367,-1.006185247415505
178.5318877499919,36.14277608074692,4.939628526351493,0.009316423113520786,0.009217789121132731,-0.3504071231418031
91.4477735960541,14.169229614694244,6.4539693464504175,0.01893634489902347,0.018180100178087952,-0.26880319008702624
18.16066854986978,9.061675118933524,2.004118257553149,0.07346905998736589,0.07365754682983958,-0.9281512709788704
355.6017579573203,27.469309573608676,12.945420306412325,0.005220963339494495,0.005158075520470432,-0.13642237085943215
441.47369452128373,40.3629261546112,10.937603800829693,0.0041507845484938565,0.004107970254764291,-0.1601612996055388
195.25069385688678,28.037014251735442,6.964033049446451,0.008957053735475062,0.008888229985007412,-0.24551035500853874
177.42826558200088,27.96939921398241,6.343656659357247,0.009737209047564165,0.009368812851051393,-0.27287827585148805
629.2000791755279,34.349045508166036,18.317832995561517,0.0030140948508573144,0.0029789462335101896,-0.1006659802439623
119.43772068464632,13.326923651016807,8.962137385362267,0.01506425155588476,0.01490580154288478,-0.19282298516066276
103.20505365863521,16.892866769700596,6.1093865869910235,0.016653077695824293,0.015945627024432748,-0.28410247130353905
1.8411673784606826,1.2311628530375742,1.4954702165664606,0.6509716890116585,0.7077029733594106,-1.0067736043346858
193.91697719549308,24.199200913342914,8.013362833339322,0.009169425291332753,0.008956708787137665,-0.2155387810136595
482.7416027566975,35.26901794584513,13.687412660537857,0.0038609246993575844,0.00379909923231803,-0.1307087181154518
76.9454816012654,12.278652980318716,6.26660609470764,0.022415459778668458,0.021387471472400294,-0.274895451004577
406.59741288596024,33.582118178417836,12.107557085165269,0.004543600642137746,0.004488953428976492,-0.1467919710521373
494.6451184757752,39.228082293828514,12.609464688351444,0.0037462078956518223,0.003708154905900956,-0.13962818154523823
92.218654678453,5.4424331994928545,16.944379709988223,0.020478985473718507,0.02027874671166621,-0.10721876293292538
188.26763901285582,46.29459425324499,4.066730512486549,0.0085265218196106,0.008429564067425952,-0.42605827893674014
327.3584195111609,18.859943743929634,17.357338068228664,0.005776701100416266,0.005722789496362833,-0.10525203537375846
205.22535491048697,18.743892214045662,10.948918856709076,0.008929797397086166,0.008836923713180326,-0.1601612996055388
448.3527080155125,24.926073799504305,17.987297623439947,0.004225839139312417,0.004180532809270779,-0.10233045364330785
72.5244736278641,43.55092954356165,1.6652795792870911,0.017230179222779037,0.017966343814846526,-1.004628789289184
69.28835424670429,10.089336436888852,6.867483771615614,0.025195996290345433,0.025046533296969306,-0.2517689206604019
546.291998765027,46.355749604372356,11.784773268201011,0.0033746858998498943,0.0033193298440003754,-0.14958899205843956
89.00674693376583,11.442635369498833,7.778518152472088,0.019910525621370585,0.01951377792645906,-0.22317195245009092
255.72087423847415,30.40932302155272,8.409291915417882,0.006989824978810111,0.006792006709637356,-0.20579264467921993
209.76281170402427,15.715030858777423,13.34790962798931,0.008870051164530483,0.008743128667767377,-0.13297970256312866
208.93429518315884,28.593105702655205,7.307156394828311,0.00842008118870233,0.008312938247401936,-0.2360195071401
176.7466047748611,49.910106228901704,3.5412989097689307,0.008823916976218706,0.00870494900080114,-0.49859812720999536
415.6420865071402,33.3225365096858,12.473302756719205,0.004454693972458149,0.004412981221824359,-0.14093022118470583
235.13968080924116,14.969550481297556,15.707865182926943,0.007996506125264547,0.007927806893440687,-0.11465514354736822
209.12515602343345,32.41235078597408,6.45202063263887,0.008280287506561707,0.007949926812502058,-0.26880319008702624
900.4582323775842,49.86269458307101,18.058755947844435,0.002104552202587456,0.002081554855726267,-0.10175601203112118
58.46508008987851,14.80698598553856,3.9484794641515304,0.027295531668800645,0.026844080588995983,-0.4449925416771312
62.74082852582627,30.69976733271837,2.043690684878906,0.021403973097814003,0.02132057107952595,-0.9105188740307262
129.42766769893373,32.409315771463866,3.993532866031492,0.012358114672631858,0.012126010995002523,-0.4410043581247534
20.13033659675521,3.597154791253186,5.596183029349747,0.08429041095388522,0.08175070917306118,-0.31076489022478127
206.25582283012224,32.73403528989397,6.300959261622106,0.008368555953515138,0.008059371085457874,-0.2736349687365166
164.344691300357,20.915096525330167,7.857706566226934,0.010795650926048887,0.010568384533016395,-0.22317195245009092
244.6474099950905,27.51979399050081,8.889870690148955,0.0073484239493671,0.007277064414029846,-0.1946067979971986
109.68524317598919,28.51471693728864,3.8466186922779517,0.014471784205731085,0.014308591348579553,-0.4561097175311457
289.8008114102356,23.895064807265655,12.128061327631022,0.006375601822107787,0.006298108145058619,-0.1467919710521373
62.81237269259651,14.61037045475259,4.299163589802362,0.025832202770103972,0.02541717290785436,-0.4010922719424337
14.65430877673915,3.880123872610674,3.7767631286676555,0.1079072684790359,0.1070976014962906,-0.4642557841030221
37.09876904068499,21.165164038892243,1.752822183306201,0.03432655322579044,0.03512244912385151,-1.000392622563557
304.4770460661233,29.10777443250774,10.460334120429403,0.005995476643722784,0.005851023372210977,-0.16696830820621486
932.1722815200055,47.90082344636852,19.460464652840447,0.0020406640993057544,0.0020107369025475857,-0.09583585117256349
378.765746842866,21.12291526734543,17.931509076704565,0.0050013921111091405,0.0049485816011811705,-0.10253805771853677
334.5713880351105,21.631099266586496,15.467146810792093,0.005614783925711435,0.005544760182176014,-0.11611035730189036
631.5733393238337,39.42159056359211,16.021000936150063,0.0029806484533877837,0.002951584347174481,-0.1130921114958023
132.44358186460352,17.175011071083908,7.711411731640011,0.013367322608492162,0.01311394534313961,-0.22442948299034765
80.44957293260082,8.378466540906164,9.601944763975853,0.02251541305936963,0.022147287029631785,-0.18007056360018975
204.09048260972207,13.430649391293317,15.195875989587499,0.009194508972997915,0.009089684569073926,-0.11859574204555984
175.23329456807662,33.38675297459303,5.248587507189672,0.009586806366684075,0.009391304870078998,-0.3311463425781078
118.81999891275414,17.530926643622756,6.777736358618409,0.014668033912047497,0.01460556377387748,-0.2556930725164505
50.74160325190116,33.45993615438536,1.5164883464743495,0.023752534859839858,0.025679118212335084,-1.0064465940458043
288.6904703929195,27.945480517710863,10.330488688858209,0.006316402146528505,0.00617097720756057,-0.16696830820621486
255.7275501015561,19.675555551462228,12.99722132026667,0.007262082231272328,0.007172558146462861,-0.13612029659673344
119.47281154977416,12.432285070594418,9.609883530772503,0.015162416398178532,0.014913349405921587,-0.18007056360018975
523.4751060115094,38.90268284151436,13.456015569519836,0.003556328218578874,0.0035034774937332397,-0.13245412726977307
176.95306658713758,46.609616420928404,3.796492659134673,0.008946036847875195,0.008869251897377873,-0.4606875429766859
60.54719223319413,36.191072712051,1.6729869466685623,0.02067434226913229,0.021520397232798937,-1.006486493863055
129.10766463970057,18.8314882419581,6.855945901930264,0.013519071598306804,0.013441750933806592,-0.2517689206604019
108.90468745033935,42.79324287153662,2.5449038245889963,0.013184095496598778,0.01318786645925418,-0.6986694083805378
139.3166061944947,13.650171674037727,10.20621641407421,0.013074734448017879,0.012787436914358628,-0.1709893682040057
683.3486372291674,36.067196229886235,18.94654169605029,0.0027800333367472823,0.0027428944814821806,-0.09814922923627628
212.6213318173489,26.410607749407223,8.050603523961735,0.008367082673658538,0.008168784753517039,-0.2128335309748802
185.41773938467708,22.55430841926848,8.220945459195368,0.009616676957883265,0.009367269277394615,-0.21101667776337904
392.2593734146649,48.51613709189887,8.085132018479756,0.004537457168846537,0.004427830184152111,-0.2128335309748802
82.59264192560242,6.526025603435746,12.65588689724417,0.022441987245246073,0.022208040328920944,-0.13962818154523823
421.4389325400183,25.19113269038611,16.729653950846576,0.004477978881623775,0.004437365881324656,-0.10880193727536132
334.074272418641,47.76483037924014,6.994147571888762,0.005237808242647846,0.005194752230299097,-0.24551035500853874
272.9685459486118,15.561932926055865,17.540786690551236,0.006931676708126088,0.00686655379824279,-0.1043886025963777
165.43583142482802,11.066965878729224,14.948616742624706,0.01133126517287039,0.011213520641176113,-0.12033918442793407
545.9891299880978,48.69429461540579,11.212589365969768,0.003363133925135833,0.003321606064563712,-0.1554470615674649
87.78662198326774,11.076898889409328,7.925198456690881,0.02022990868973533,0.019784995189279467,-0.21933465485851883
255.98496204097614,23.701001722659836,10.800596744239565,0.007150877266369399,0.0070178456123121844,-0.16212800125053764
63.04846572407862,20.258870882286164,3.112141149939732,0.02400748939376364,0.0239660649429161,-0.5733869349677637
147.26001866270013,12.654811117380962,11.636682467780448,0.012506657467293373,0.01231375190297101,-0.15090519890616375
417.7080775853451,23.77082465948544,17.572300648756165,0.004530227808917722,0.0044872323676845545,-0.10415929565028174
26.09870369279088,12.161767964150219,2.1459629693415616,0.05227327090823163,0.05200039342853941,-0.8632442808644746
64.90994047001882,4.777052117673579,13.587865250595156,0.02869976053971979,0.02825427413984521,-0.13163321059959784
689.6465495378361,43.91749117504105,15.703231926184625,0.002726414994465106,0.0027030396711042667,-0.11465514354736822
117.32078689076113,30.893018898488563,3.797647205547174,0.01349401959790351,0.013377350793224137,-0.4606875429766859
12.075781901089455,3.5676890487177344,3.384763003779609,0.12784886464245013,0.1274095700992343,-0.5145785654666981
250.2355801787337,18.801917873852048,13.309045484489536,0.007433907966275698,0.0073290267160689175,-0.13342349830142772
12.499217788280667,5.12467470475416,2.439026574054573,0.11348230822393089,0.11251097780817963,-0.7320924499778871
188.3850220215367,22.78107878473439,8.269363527585602,0.009471217171523418,0.00921972391957724,-0.2072744654045315
270.68336381077626,17.84568983331954,15.16799666132186,0.006931710948135659,0.006853461861694902,-0.11859574204555984
62.31148967167274,3.298118871287493,18.893039366815813,0.030483339931687423,0.030080378688753233,-0.09814922923627628
59.28585171299703,16.09468600987765,3.6835668416651344,0.026532047401316004,0.026244128551179295,-0.4763796078590647
95.06924883913942,19.93939030578391,4.767911524935758,0.017389997959021006,0.017127872362179268,-0.36413272368373106
124.3689759274711,7.354229730081977,16.911217148785582,0.015183353533009914,0.015036537258339604,-0.10786610765472404
82.47950650631486,32.05803339805922,2.57281865927896,0.01746152398305197,0.017413058536812763,-0.6986694083805378
177.50755169348196,25.276179132471505,7.022720909009687,0.009862724153726972,0.009776671781992744,-0.24551035500853874
167.82356140648386,33.5237624776462,5.006107578717914,0.009933084589447765,0.00980594905080822,-0.3467380941253522
87.89300892175086,5.603603897114431,15.685085979580258,0.021391149258793787,0.021209217949297286,-0.11508397781127808
122.29134050856483,36.40915757298884,3.3588071974312887,0.012602354902328233,0.012466618042677107,-0.5246138084080867
800.3540003297309,42.19877831738412,18.96628367556363,0.002373738536844416,0.0023419052134581115,-0.09814922923627628
490.98398631923726,26.14052737461783,18.78248205489448,0.00386754049950923,0.003817544478457897,-0.0988667621260604
198.08875339757216,35.5074521536259,5.57879378504898,0.008561782907735002,0.008307737135253915,-0.31076489022478127
89.08654744749161,5.112782324840266,17.42427934290648,0.02123157356675204,0.021029026024704904,-0.10507824526938718
425.94171746990924,45.16398225841082,9.431004445817813,0.004245331782556168,0.004183060052753527,-0.18344510331748873
164.64100292072476,46.27216265597531,3.5581004532854705,0.009482575421649939,0.009345000050629845,-0.4910462853069257
257.6960599643795,29.97721718804844,8.596397002024586,0.006952331547084474,0.006850528997848636,-0.20078050677274345
467.0176116269018,29.712022112140478,15.718136243445919,0.004026335181465545,0.003991588188606042,-0.11465514354736822
24.62170559105969,3.0939294473530463,7.958069506764071,0.07216143513320485,0.07054173754123322,-0.21933465485851883
405.01561861080745,24.90617621300231,16.261653942662157,0.004652008863192522,0.004602055887422628,-0.11218122210291649
485.72077869293906,35.053151690002935,13.856693486179884,0.0038404380160299784,0.0037757973982009627,-0.1296077570992934
268.12298857178683,36.09802279485579,7.427636413648566,0.006574167875570007,0.0064778402735020365,-0.23331583217330729
30.384683922950913,12.243043612260122,2.481791692102105,0.046917818885559286,0.04633005367626342,-0.7319851383219487
143.75355074183182,48.08991410980396,2.9892661154186833,0.01042516617152803,0.010326193274243306,-0.5945649205313847
276.85373028062696,28.930009401613482,9.56977671307588,0.00654057014960419,0.006435671938910063,-0.18063068011005493
480.9164425616228,33.54455492921183,14.336646993125646,0.0038875638964946625,0.003813517464015478,-0.12454269401183515
379.0008018321403,24.515050584589822,15.459923304028608,0.004956434767114191,0.004894760384422812,-0.11611035730189036
21.864523249868263,2.529505095970954,8.643794900707853,0.08198727867515704,0.0807405819574849,-0.20078050677274345
134.31612418838606,27.386305258013063,4.904499636696556,0.012368397969326471,0.012165577715392303,-0.3554540612432883
700.1240236309893,49.047313332878716,14.274462270325078,0.0026696162831126285,0.0026195119586520186,-0.12487853954468492
681.3220260889678,35.50992332968676,19.18680645303939,0.002790054212318501,0.0027510532966968787,-0.09746965201511303
96.66948094098517,5.608719541486636,17.235570476637196,0.019554509079799026,0.01937947019564619,-0.10557020432483132
149.13889936871692,15.979843806041634,9.332938492948893,0.012112495296086635,0.011937294487190496,-0.18796039977881177
242.7958615568559,12.822976443463393,18.934438710649186,0.007824149486187327,0.007719872958153084,-0.09814922923627628
232.40632852790156,43.69445001165316,5.318898131591531,0.0072437318379871074,0.007081000345821454,-0.3230354954894175
141.24504714081297,15.947360727921593,8.856954423405792,0.012723260793041128,0.012548959958214218,-0.19542365953173144
48.39541960413363,3.054689596100791,15.84299094281421,0.038872609428609095,0.038518975508205364,-0.11406352644278
291.786426510216,25.395282320116895,11.4897886478339,0.006305533844859388,0.006214556848057777,-0.1537846802655089
139.92014487124817,22.694966007074868,6.165250250986489,0.012298980022197953,0.01176148934230649,-0.28013994684396
191.52727963595297,12.482729978583455,15.343380812094402,0.00980344054577944,0.009685921055207236,-0.11647880534144663
247.72347640105616,39.50457203971417,6.27075458891235,0.006963108271831686,0.0066431705084458005,-0.274895451004577
241.38384759511806,18.219051808246896,13.248979701888498,0.007704074201777101,0.0075977878002721705,-0.13430770462602354
97.0271307240179,6.6269677071190065,14.641256003071616,0.019294943762679193,0.01890175705244229,-0.12220993775424631
11.053841914539868,2.333661414323517,4.736694812149586,0.14939305342229203,0.14730932215912926,-0.36667374883688886
39.642211533959795,4.233683755409112,9.363526853726716,0.045583115439802736,0.04494551928878301,-0.18339008403643334
436.69147768624003,48.27734050823429,9.045475021801522,0.004123976480479601,0.004076825521516101,-0.19249598843847712
372.8130056069841,19.64881646546474,18.97381484845409,0.00509603708569339,0.005027596081130755,-0.09814922923627628
110.63744700433094,38.412481893947714,2.880247293309184,0.013418322402320163,0.01341703906780124,-0.6200479169228504
317.5999733500816,33.03348711504435,9.614485211445869,0.005703962187028412,0.005610012382418068,-0.18007056360018975
230.4762253261974,19.535713196150724,11.797686780721676,0.007999617985527613,0.007919241336949899,-0.14936537567964017
205.04227596159228,32.935107013687386,6.2256447466947495,0.008404159987790745,0.00802599993079196,-0.27526249160821264
113.97361932617511,36.70826780911087,3.104848747395464,0.013272995434443621,0.013257661141480196,-0.5733869349677637
505.8626871720317,32.6014912978582,15.516550532928076,0.0037142675037051456,0.0036672365001721506,-0.11554131269698573
8.615980709600253,3.994152916311152,2.157148434256154,0.15860260163226056,0.15751461217732535,-0.8632442808644746
89.38019158875566,46.537744653054965,1.9205956853968065,0.01471476138691375,0.014734924521434321,-0.973929902677653
503.05322587428424,45.52745613102979,11.049447270378506,0.003645771835583205,0.0036051071975583544,-0.15752546669499704
51.88206748296091,6.033710695395473,8.598699888371158,0.03453290386327602,0.034026291107174936,-0.20078050677274345
147.43553249982318,27.488128367696167,5.36360753732103,0.011433559017008713,0.01116195848296705,-0.3230354954894175
59.966526462097136,20.65291844225562,2.90353765884275,0.024807910825642727,0.024754259357629375,-0.6139523441589809
92.7454174091162,22.664978639728382,4.092014331156134,0.01732946136978466,0.017111509864485206,-0.42605827893674014
91.35632636165654,30.110296236650147,3.0340560465977062,0.01646542858620555,0.016246159818515547,-0.5861591085199922
55.83582962271978,7.373987012967684,7.571999994647193,0.03164065498761193,0.031106511810748024,-0.22854069888323758
43.89116059575504,34.616187125200504,1.2679374662786698,0.025475322476932315,0.0296870625087776,-1.006185247415505
76.40623074431313,38.76092822695395,1.9712177762342913,0.01736606179977903,0.017311541891878456,-0.9559836153523664
119.22669296437847,8.08745471882072,14.742177497070875,0.015709173225403657,0.015559587071887478,-0.12140666851256769
407.1407035593212,45.054017122710775,9.036723683271523,0.004422873396185296,0.004372726543172678,-0.19249598843847712
453.8223322749067,36.02254564157213,12.598285995400868,0.004082925207887976,0.004041715429827748,-0.14093022118470583
165.07036439532325,43.37931960229098,3.805277858406185,0.009594641553991949,0.009507711013566214,-0.4606875429766859
24.217689964739478,8.534038136197477,2.837776159215781,0.06106548008203525,0.06115787123238869,-0.6349492184263246
13.168676019886835,3.346451508398933,3.9351163424409576,0.12110109332032482,0.11917988712036749,-0.44527201881562434
503.1776709231671,33.30155288857718,15.109735951555669,0.003728010165593699,0.0036868053128607707,-0.1189256494633792
27.38784675480929,2.2952822172464202,11.932234977041581,0.06737834147750528,0.06664258300871712,-0.147704426351155
437.76965622217267,43.75585093197561,10.004825569561996,0.004153466369456001,0.004069497023179959,-0.17124146754364714
69.40097323751385,16.016298925481372,4.333146725121328,0.023414468167322802,0.023168428879168628,-0.40036283062797057
293.91485723284484,32.16271731113021,9.138371437637606,0.0061335098029879345,0.006057247251878267,-0.18796039977881177
284.2959339388526,38.959083351492225,7.2972952513771965,0.006187065607719918,0.006104319001992996,-0.23645026398012603
463.98185137504805,37.17656332883069,12.480493349293178,0.003990754103533804,0.003953216526293093,-0.14093022118470583
160.66572194858202,40.030146851575005,4.013618099986075,0.009965327198595705,0.009877739356188143,-0.43200507672748756
58.165566252945965,28.647582731934293,2.0303830447832905,0.02303798472220295,0.022997632110311965,-0.9179797644601364
48.19264442005667,40.174653618660116,1.199578343039463,0.022632806981647557,0.0223610949815995,-1.0020547840458902
404.3486647306073,23.1477008309113,17.468199873684323,0.004678402347053852,0.004633138397953021,-0.10482304948765182
199.88094042536304,38.00693641008544,5.259064773563887,0.00840732208217335,0.008233247698229987,-0.32832583858702225
84.43015603374047,34.34802013906516,2.4580792631396884,0.0168381100337008,0.016656361675262767,-0.7320924499778871
128.70428679792792,7.149094521948187,18.002879441976514,0.014721753559382248,0.014563253894775694,-0.10233045364330785
59.17043918155365,35.59059573483829,1.6625301701155268,0.02110572137339581,0.02202112484227066,-1.004628789289184
47.45794038043047,6.55324709604264,7.241896984029378,0.037029365460094464,0.03656781263200158,-0.2372210342329613
26.414241968575606,21.010645226974265,1.2571837601000466,0.04217195059955083,0.04932943484575949,-1.006185247415505
293.3915811967671,31.918951276539925,9.191767569519325,0.006147971861821313,0.0060680506032170355,-0.18796039977881177
192.92885429323204,24.303415721115947,7.938343173943505,0.009206735260225848,0.009002582324892686,-0.21933465485851883
100.52118419349245,8.42366144528065,11.933193759800183,0.01835791301803641,0.018157335346090774,-0.147704426351155
218.94186421371498,41.4805418999307,5.278182352147159,0.007679830740551641,0.007516466978972938,-0.32832583858702225
26.517923671083423,3.157176600620735,8.399252568218614,0.06739657091932534,0.06549750708861157,-0.20579264467921993
489.64198222235154,43.305417686455264,11.306714226093193,0.003752715559438365,0.0037038507137869842,-0.15525947258038955
749.0982677804044,49.129562181869794,15.247403691638086,0.002505550326520843,0.002476468295633895,-0.11859574204555984
471.21333213992176,38.348485924549905,12.287664578649265,0.003924940859181393,0.003873398153865114,-0.1440771296373109
222.39285131999875,13.859241279467335,16.046538683865542,0.008465533481604894,0.008382202806324249,-0.1130921114958023
383.2281920750643,46.98789574864233,8.155891766788415,0.004648826616682818,0.004532176727963276,-0.21101667776337904
149.8988795966883,12.366450825983707,12.121414762085902,0.012325491802779804,0.012176187411795209,-0.1467919710521373
621.882414614695,48.34537586341254,12.863327743519138,0.0029840600888442694,0.0029494654932353238,-0.13642237085943215
613.9715187622767,38.22950468277005,16.06014840780797,0.0030665391928329537,0.0030362026991071567,-0.1130921114958023
56.029673915772364,19.5729254923204,2.862611107254052,0.026454116864477982,0.026434249227220975,-0.6274572021233737
220.82939819842932,11.119752374693846,19.859201064673826,0.008622579539774989,0.00855230979339472,-0.094202377341679
443.96593514104165,47.45207145465335,9.356091768624033,0.0040698549364420475,0.004013235345598245,-0.18339008403643334
9.329325670896917,2.0819157386823925,4.481125483397941,0.17526576892160697,0.17456475285029144,-0.38035708239805305
106.66604883992424,8.272861097210189,12.893489638777405,0.01740054783096425,0.01719591887676045,-0.13642237085943215
68.58922538986185,38.717610080198526,1.7715252890813287,0.01863814165462012,0.01899714744965719,-1.005091017031271
177.03792052957883,13.016802037181876,13.600723128759155,0.010523284941248741,0.010359267929463338,-0.13163321059959784
362.1034058359795,20.337522126751075,17.804696343006544,0.005229565806813707,0.0051762926715836245,-0.1030498638867562
256.1041603689571,13.361273075996133,19.167646594174826,0.007422102250486102,0.007318714398407118,-0.09746965201511303
455.0119908659536,25.36429144478,17.939077535698146,0.00416340288571177,0.004119349036092624,-0.10253805771853677
59.12815587403741,11.754561856586173,5.0302305262792455,0.028215622425774127,0.02783224452633001,-0.3433194594556337
569.0208617982613,32.345344423941924,17.59204831274184,0.0033257605420897317,0.0032939973414345194,-0.10415929565028174
333.69631406360344,31.395855051916058,10.628674183639992,0.005478068743148463,0.005379968298841256,-0.1639587842787852
41.79360379604163,12.213930416267607,3.4217980921503504,0.037031870259763976,0.03681353223661567,-0.5134022312408418
350.27134194200806,21.879410354392707,16.009176493720474,0.00537416621532742,0.005321994006433954,-0.11346214160985876
422.59498085528423,23.636220945004506,17.8791263560514,0.004481981519739407,0.004435341854251969,-0.10253805771853677
116.23903430208541,15.161901441024163,7.666520901367477,0.015220591761310012,0.014942122532679082,-0.22622522963494318
17.354718045957593,2.811174367526062,6.173476197860467,0.09917736140765716,0.09482546984164278,-0.28013994684396
104.92554677155056,43.93056711456037,2.38844052474738,0.013435793450379808,0.013282878492293237,-0.7607281560446899
855.3341325964856,45.0764050558351,18.97520735154019,0.0022212090111858158,0.0021913695882735235,-0.09814922923627628
337.23161800855655,29.894553305268037,11.280704366608797,0.005447718403846431,0.005377789947644575,-0.1554470615674649
304.9916715395924,15.329599089097835,19.89560651697001,0.006243731476447465,0.006192304909010348,-0.09418124858084448
197.2421780703049,10.962218264101482,17.992907395050107,0.009605945096316364,0.009502801197602667,-0.10233045364330785
552.9780288309948,35.12543927261357,15.742949847239009,0.0034007621251566102,0.0033710959301254217,-0.11449277768490264
271.33066495256475,40.657919234772756,6.673501006920903,0.006410490964627971,0.006346121121549446,-0.2590098444417892
68.837713341105,31.530879357602313,2.183184064116745,0.01992655218354734,0.019715106649099146,-0.8391768893416431
463.1748663536312,27.94871299806038,16.572314667432995,0.004072294803357035,0.004037522059513408,-0.11006211593169478
158.22527800603288,15.939868984211207,9.926385101581356,0.011483353785542584,0.0112592775015805,-0.17514405718807308
281.7531394473656,18.47773124766282,15.248254002125044,0.00666154015198384,0.006584196769239536,-0.11859574204555984
413.02743061284826,49.38388518466606,8.363607461591444,0.004325153670927426,0.004205187754830001,-0.20594971400270712
359.0341005780374,44.97095657913146,7.983688315508177,0.004950433081390726,0.004837584760962099,-0.21933465485851883
712.884427342593,41.68548135665355,17.101504028303786,0.00265051650873233,0.0026232565456451628,-0.10656027883392642
619.1709681106104,41.285981287103816,14.997123692056123,0.003028206458912796,0.0029961322575141115,-0.12033918442793407
31.387313565427057,5.76267122213539,5.446660473160971,0.05383582285260009,0.052431033616392723,-0.31823888135364153
54.45423226253709,21.482868431820105,2.5347747408758643,0.026337587051814024,0.026374818176804364,-0.6986694083805378
155.44079319557676,24.414492302733525,6.366742804566659,0.011120051292675464,0.010694053861606979,-0.2719234110987598
458.87110812935447,29.485113808068903,15.562806069406443,0.004095371186355591,0.004042786912505915,-0.11538752843956268
232.72456224890973,22.778192174777896,10.216990025512372,0.007827704262958741,0.0076549819048719325,-0.1709893682040057
122.70774053688089,8.731803125937638,14.052966926427844,0.015216120995752954,0.014945945907053232,-0.12820841775481742
30.18162563242724,6.449805259443151,4.679463087391416,0.0545979218202983,0.0539511681549569,-0.3707294000950962
56.93381856834179,26.003602212086335,2.189458910499687,0.024114567117958497,0.02383720070296924,-0.8391768893416431
140.9728993346943,29.07911957823919,4.847908099672615,0.011761107058799453,0.011567532983506698,-0.3589647863203569
105.88880405976613,11.732161045783654,9.025515729501585,0.017003771378727047,0.016813061371955727,-0.19249598843847712
269.0626246694798,14.708157733243613,18.293428011132907,0.007047941944782844,0.0069662340069964485,-0.1006659802439623
204.75342238587564,29.200801818274957,7.01191096258642,0.008548680866111576,0.008475721926941513,-0.24551035500853874
265.60108240185355,23.48395119408777,11.309897563946576,0.006918379603128924,0.006828137856043897,-0.15525947258038955
372.7997280167854,18.671426151587113,19.966323139440348,0.005108933260354084,0.005068542609174475,-0.0940391885972242
258.294748568812,27.926875404298777,9.248966983576429,0.0069875922449098085,0.006892571262576602,-0.18796039977881177
45.09043629157665,4.053165245407525,11.124746602094936,0.04069705795768454,0.04022052023686278,-0.15752546669499704
50.561500449220894,16.682712256254845,3.030772195346346,0.02974233647079548,0.029354142288449573,-0.5861591085199922
404.3465572008287,25.805058888648666,15.669274731967223,0.0046495233894087535,0.004610258079964491,-0.11508397781127808
533.9385222296006,31.71573878496927,16.83512800536259,0.0035357286912552485,0.003502423336128578,-0.10808351469844871
45.303536286299064,21.490906669360978,2.108032805841883,0.02994261066489699,0.029961906764560158,-0.872605087671327
515.8166441629666,49.61046676636025,10.397335033999928,0.003537149106120562,0.0034537511206633336,-0.16696830820621486
549.214645765991,30.139307514709497,18.222536980915923,0.003452121088800076,0.0034127880973933004,-0.1009016411972466
162.4243489379366,10.004078992557,16.23581231803345,0.011599015452406757,0.011475523985866149,-0.11218122210291649
301.4675914738102,17.594000771772574,17.134681041817284,0.006268382182649528,0.0062032496799159995,-0.10656027883392642
514.7891264093556,35.85385796107924,14.35798420823163,0.0036321174640709434,0.00356259127933207,-0.12367370116581694
49.22329844455245,43.91546197216826,1.1208648670426846,0.021473337105321302,0.017020299485310527,-1.00897466511782
175.67326485963912,30.110577480386716,5.834270862924111,0.009718936031407707,0.009367784528807134,-0.2988432229232257
49.1770579628629,2.781478642101326,17.68018535842902,0.03849223112663485,0.03811438267412641,-0.103664098523445
132.07532595986834,18.305879063922962,7.214913061463463,0.013299534337975193,0.013139722042098933,-0.2372210342329613
725.1232895608852,43.26461495142188,16.760192835994584,0.0026028520077621374,0.0025789803847666086,-0.10880193727536132
512.6578073652538,44.271440499488925,11.579876362305672,0.0035911204298714173,0.0035371027398543647,-0.1513427187950206
371.6732044010823,20.87521268325085,17.804523002503007,0.005094912915087186,0.00504301408815468,-0.1030498638867562
82.88166785917954,40.40758428644638,2.051141371670168,0.01622201420799969,0.016139519494781436,-0.9105188740307262
38.51760653849451,18.121244025673523,2.1255497958045355,0.035311451063685224,0.035234350780432605,-0.8675043306789361
260.7046207106699,30.0315069314228,8.681036929182111,0.006879090040237712,0.006771473120058405,-0.2008093725696663
282.54545708492094,18.909366363922246,14.942090160355557,0.006634493278689898,0.006565733279211327,-0.12033918442793407
197.44687345093456,10.11800270922693,19.5144119966361,0.00963554160510643,0.009492949537385446,-0.095752505942238
640.3416999313703,47.28034079613438,13.54350855236907,0.0029085745970038983,0.0028640696875394892,-0.13159897144042307
55.6394467966587,27.43873084586075,2.0277704209140617,0.024073710530891558,0.024041761217754573,-0.9179797644601364
431.29067729707975,34.364341931676755,12.55052921294325,0.0042950251096026204,0.004252864296188962,-0.14093022118470583
266.2759948020782,15.609966075262713,17.058076456940462,0.007095067784770859,0.007023084231475625,-0.10656027883392642
752.4931332328208,47.67583613607184,15.783533005800392,0.002499472082224627,0.002477287698868849,-0.11449277768490264
245.11639680949793,19.989094836400064,12.262506072218034,0.007544166616779876,0.007446245435004199,-0.1440771296373109
220.46592692993292,47.91530865856317,4.601158441886243,0.007452085819690324,0.007385875823807214,-0.37860353983272665
367.0594173578547,30.151422052276164,12.173867511835814,0.00503510932121101,0.004972483375921602,-0.14563953835432356
636.1452845725308,48.968903327475616,12.990801127776137,0.002919221401807991,0.0028833361925938708,-0.13612029659673344
102.92336231904217,5.532984635366722,18.601779889493674,0.018440598970576868,0.018211154044638824,-0.0997607700709778
27.329410349480995,14.663318694906398,1.8637943372924455,0.0476272927602764,0.047677560969174776,-1.0004275886910212
177.61879252677033,39.01483200289591,4.552596625652173,0.009232177157826744,0.009167577014350102,-0.37960779006065687
568.1534720246754,39.54771036050902,14.366279788273504,0.003291091177657646,0.003227971565333132,-0.12367370116581694
338.8915190407295,41.38435162464819,8.188880717872319,0.005259339743277827,0.005125114663649354,-0.21101667776337904
62.61321393716911,20.14449788794233,3.10820424939193,0.02416693207065125,0.024132663523881156,-0.5733869349677637
267.470641845197,13.746833520746488,19.45689103178087,0.007111933557462723,0.007007696968361351,-0.09583585117256349
23.374947852782128,13.259740487262183,1.7628510810778688,0.05459306713451301,0.0557434239595059,-1.000392622563557
116.48953283159186,14.579799538255985,7.989789744772182,0.015259099621843308,0.01490999106445908,-0.21933465485851883
351.33232759323124,26.4731316480085,13.271279433978904,0.005293729751858726,0.005220081126620124,-0.13430770462602354
6.596158217877467,1.0259697582520524,6.429193613967103,0.26239391496226105,0.2520091483280562,-0.26941755323551964
43.67506626856863,8.065837588584333,5.414820939412717,0.03865413726674797,0.03767983504724512,-0.31977038553775505
234.71845321281563,15.231777103365731,15.40978781530032,0.00800159294700407,0.007903588682865227,-0.11647880534144663
526.7391447787461,34.135717189058205,15.430733207140175,0.003565857797554145,0.0035218914881514516,-0.11647880534144663
175.60673700462866,15.318231652896646,11.463903992561816,0.010475319252703567,0.010326046517176472,-0.1537846802655089
125.09437255289748,33.903956031232056,3.6896689117240933,0.012578748580628983,0.012437853772871486,-0.4763796078590647
50.06561193405126,15.17430509014159,3.2993676900946047,0.030656078229810473,0.030432256631445363,-0.5355966764484775
246.9916214036362,28.987585852821706,8.52059990982635,0.007246922765965732,0.0070320518718473305,-0.2029974040101572
369.16364597594765,31.460209125430843,11.734303624750364,0.004992213954643058,0.004911976991248794,-0.15090519890616375
150.18182438783975,32.80262951201194,4.578347121008848,0.010929890257751677,0.010842416959058368,-0.37960779006065687
222.7522503538826,41.055347244632166,5.42565744302666,0.007581282791725253,0.00738789076232774,-0.31977038553775505
243.9184533962562,19.22505982013333,12.687526368100768,0.007600415361010058,0.007519811220580895,-0.13751371645582958
158.57407168218435,35.40377452936871,4.479015974713132,0.01031045575080152,0.010270099094535442,-0.38035708239805305
370.46321105656386,43.35958219519504,8.54397557127793,0.004832986564815081,0.004688341087009734,-0.2027771887621195
13.52996271573139,3.4810379117792625,3.8867610921295084,0.11757097914425713,0.1159974609353507,-0.4505794239553565
95.37801284822584,7.826570429776607,12.186437687362407,0.01937898430937505,0.019136452902324783,-0.1440771296373109
64.03796306975796,5.52192868356414,11.597028273900944,0.02875220115483406,0.028316380598553348,-0.15090519890616375
138.212639130391,8.608185743644782,16.055954558419014,0.013622045794361189,0.01348749285282294,-0.1130921114958023
202.47461997863473,11.731174710819142,17.25953495449193,0.009336815574478328,0.00925253409499962,-0.10531834055107443
127.77139802491406,27.556291413074824,4.636741429011361,0.012876004318589027,0.01274411945752939,-0.37355372042358304
366.28535669227733,20.155545706887253,18.172931758782187,0.0051754355907547,0.005117193935653093,-0.1009016411972466
801.0036402921196,44.289972973901854,18.085439807428106,0.002366041773665433,0.0023400058522838802,-0.10175601203112118
314.58216478781816,37.33629631864139,8.42563927881493,0.0056831346491793625,0.005521158183883491,-0.20579264467921993
63.68533651976831,31.073867218909285,2.0494821603992075,0.02110612923168397,0.021004368780527794,-0.9105188740307262
277.0357491619365,43.44691658373441,6.3764191096970215,0.006240587132369782,0.00600028054051878,-0.2719234110987598
186.66245245168088,19.34182785412647,9.650714185829003,0.009708536138331971,0.009545250047600358,-0.18007056360018975
185.18195303856606,36.195744496195445,5.1161249924844245,0.009034333730415426,0.008886769286499736,-0.3386509138713664
247.33206760043265,33.65362409245178,7.349344216865699,0.007117800155411427,0.00702237243424479,-0.23475611431881827
27.75598500205159,9.975948714672425,2.782290265910113,0.0530054996654872,0.05282254383905161,-0.6395235352944749
337.8606823298471,36.22336540142031,9.327147783916281,0.005346392106612227,0.005269375971725985,-0.18796039977881177
203.58247773243608,49.49753998166795,4.11298173217973,0.007902638928448839,0.007795435749473819,-0.4210924005143302
43.346984684682646,6.71721306409321,6.453120404411985,0.039948707658036986,0.038353986952796085,-0.26880319008702624
143.9913872043399,21.36787901036083,6.738684131191567,0.012094877086617092,0.012052339417145204,-0.2556930725164505
308.2827805860267,47.840854126641574,6.443923007100963,0.005616027146341082,0.005392872355306394,-0.26880319008702624
112.870163217833,9.42637001429971,11.973873616950117,0.016353693331631673,0.01617076469770736,-0.14723000532158403
76.07794414555764,12.288228595790551,6.191123769590261,0.022633095198703365,0.021631358617269624,-0.27526249160821264
167.69822630899392,32.441521329964644,5.169246676298725,0.009993017496993618,0.009813277867619912,-0.3346807320267716
561.9944579107763,35.047931276466464,16.035025105408636,0.00334984590076194,0.0033170113267147216,-0.1130921114958023
140.58490106419598,11.35987386825218,12.375568839465139,0.013162677037687956,0.01298287964760848,-0.1440771296373109
365.225394527341,37.01069296106094,9.868104736963334,0.0049722042904906385,0.004877816108981659,-0.1764936057294186
43.46892092470785,21.77446318339487,1.9963257214927392,0.030654449142094933,0.030773027388699054,-0.9281512709788704
335.2531380920572,20.656274439837567,16.2300873310189,0.00561940743789902,0.005559692961365136,-0.11218122210291649
721.6750270742278,47.74085435792968,15.116508424075969,0.002599374471290203,0.0025705726828228366,-0.1189256494633792
182.0352879685438,10.280501110843113,17.70684969593033,0.010399562145021857,0.010296647572574749,-0.103664098523445
464.3808574424111,29.75399025950787,15.607347229470122,0.004047478151564158,0.0040142524235554245,-0.11510358059965736
183.6788861795118,10.589897735041816,17.34472709511831,0.010295014771285497,0.010199339530475525,-0.10531834055107443
24.91258164375834,22.089681189635247,1.1277927204964657,0.042551142847936776,0.033629404337185816,-1.00897466511782
382.64740222735503,35.93344652353036,10.6487809895103,0.004778049463964564,0.004694825921253146,-0.16212800125053764
124.78257701749676,16.740594127029002,7.453891783686787,0.014131961457799496,0.013919073761223158,-0.23331583217330729
132.07291801611802,10.267542843002225,12.863147496494884,0.01405081863532447,0.01388793971018388,-0.13642237085943215
76.7981510068305,4.386072258889189,17.50954988285585,0.02463532838706738,0.024406228293407026,-0.1043886025963777
160.77653401439832,12.18622932425404,13.193296280286438,0.011563182510469614,0.011407033145003007,-0.1343395705167048
135.03082748425263,45.050752567315484,2.997304590694409,0.011106077586765292,0.010991486212117187,-0.5919498982836252
16.467061567446837,5.2020550177445815,3.1654916203839663,0.09229725596505357,0.09248141410080606,-0.553417555242661
712.7062027750399,46.22310274656936,15.418830853537548,0.0026352915685940045,0.0026029212363372603,-0.11647880534144663
248.72824306398743,17.39184018604265,14.301433339043532,0.007515404232460438,0.0073734419133461146,-0.12487853954468492
31.04427915807263,7.16684729319172,4.331650708891721,0.05234077573062029,0.05179413264554124,-0.40036283062797057
17.388396931129645,12.943660444778715,1.3433909986524617,0.06593683953626327,0.07493500598990101,-1.006370536956614
74.11495285997975,15.029051213961278,4.931445891350112,0.02243560877455188,0.02220428171608251,-0.3504071231418031
244.50793931842458,36.96065997566572,6.615356421649519,0.007105588349875986,0.007042295921266946,-0.25994433674891654
137.55904749766904,14.954294263371963,9.198631849488,0.01311360682879544,0.012942187327154983,-0.18796039977881177
770.5512881293647,47.06421926769677,16.37233762970852,0.0024461375572084557,0.002421388820431674,-0.11106247497193811
212.46301642030838,12.187239953795471,17.433234860871107,0.008902727431877288,0.008817550255515148,-0.10482304948765182
615.9565757006068,38.688793305459335,15.920800910936908,0.003055089205070765,0.0030248757374849904,-0.11351724158657407
36.77658691898012,7.06595826061343,5.204755754640896,0.04561778956507519,0.044747743892129585,-0.3346807320267716
740.8815441565081,46.0814396652767,16.077656200372086,0.002541415595289192,0.002516113401857332,-0.1130921114958023
405.52527273951074,27.01582061419325,15.010659070132435,0.004623838129443414,0.004574605419633308,-0.11970662873325257
347.50516481819994,17.470024701901146,19.8915096428217,0.005479824539935884,0.005434743468834273,-0.09418124858084448
17.593998754598285,7.093895840593982,2.4801602885002487,0.08101136337439974,0.08001160263346602,-0.7319851383219487
246.76449143109477,16.597301070538926,14.867748098461297,0.0075941159915502675,0.007517767648472448,-0.12033918442793407
62.23366653228791,43.067962262157394,1.4450107054860797,0.018993058539522805,0.02093721454629316,-1.0062522822285689
360.03233164996203,34.709452231922185,10.372745995652485,0.005066603237012391,0.004948173139535408,-0.16696830820621486
382.7998068883692,19.73360396839482,19.398372821379116,0.004968531669813795,0.004896431952827094,-0.09602694898365999
418.9411090963292,44.62290694108009,9.38847640852931,0.004314398725544308,0.0042529600090878686,-0.18344510331748873
510.2553681808541,25.93778114728457,19.67228288662898,0.003729999166356456,0.003703148313516621,-0.09498312520530554
592.912505234121,32.398874114084244,18.300404611170535,0.003198406531614225,0.0031612644183379693,-0.1006659802439623
348.8671792996505,20.97726522216669,16.630727390098606,0.005407678902912437,0.005360431852801792,-0.10991373381799678
591.5900869597133,47.791958472362914,12.378444112136929,0.0031280202725249453,0.0030852390718164547,-0.1440771296373109
632.7953266789212,32.22880637469589,19.634463632378075,0.00300740965717518,0.0029860386549606832,-0.09497468413321988
26.755890172539758,13.590698000924037,1.9686913925039473,0.04957048639159563,0.049436204731032975,-0.9559836153523664
104.5682714532285,19.233422081764417,5.436800118496423,0.016154867860791372,0.01573774979548403,-0.31823888135364153
68.3072932437619,35.90247976932787,1.902578698815062,0.019192057924824195,0.019273716957917426,-0.9859858068284907
72.94047834748751,12.186991844062911,5.985109310056824,0.023494178735720444,0.022561811081594746,-0.29045381082250366
395.2840408145297,37.809417587477846,10.454645060320749,0.004617940911366878,0.004506891573875961,-0.16696830820621486
40.35172335937298,4.41080790675993,9.14837467701339,0.044680225702812056,0.04411992383582564,-0.18796039977881177
195.60124394516197,20.61835585685694,9.486752741252735,0.00924985524823511,0.009109041165653978,-0.18063068011005493
112.21265813611458,15.432110327752227,7.271374799227409,0.015668483903170324,0.015465573140841146,-0.2372210342329613
776.4409668184772,42.79824220819203,18.141889170155178,0.00244128940358724,0.0024140318273835407,-0.10175601203112118
288.33535910400263,20.465455757959045,14.088880429250572,0.006476666847184416,0.006360590869396031,-0.1272999322756782
48.064641148594944,22.37259214310405,2.1483715807785826,0.02839407379499813,0.028235784717591157,-0.8632442808644746
146.53733474549102,19.21993792105419,7.624235590530651,0.012065835590957209,0.01185266469216638,-0.22622522963494318
733.4328538576935,38.47862124600962,19.06078830549973,0.0025909706805839466,0.00255558937144085,-0.09807797984233034
572.5579210292017,44.698366223985374,12.809370216353996,0.0032401452059728263,0.003203554881327642,-0.13649634443750008
404.6618734194932,45.804355148358916,8.834571998859184,0.0044398444836997305,0.004380146876423665,-0.19567547039437674
151.34735721561583,7.813657587032428,19.36959170911103,0.012565891229582198,0.01238444622005503,-0.09636579975439602
233.53916593327648,27.25791118163342,8.567757242185046,0.007668797603581958,0.0074391497773368545,-0.2022876414058329
252.02200748157244,18.878534597235955,13.349659433760896,0.007382783307307576,0.007277075802894093,-0.13297970256312866
602.9466275695726,47.24892832204572,12.761064620554487,0.003075997646980814,0.003042094671214094,-0.13751371645582958
58.4512323295804,12.815439921751711,4.561000846359619,0.028063608652116014,0.027857991949657986,-0.37960779006065687
594.5160240931491,37.41642376355388,15.889172836241176,0.0031648952459765447,0.0031339644781200656,-0.1135737964442619
191.29823158849834,26.65336867633568,7.1772628034948305,0.009176349233360942,0.009071872004888022,-0.24021605750478014
450.909715855444,28.629758977247985,15.749686059661945,0.004170668120070378,0.0041341801183068,-0.11449277768490264
110.23268169048178,26.223810644819796,4.203534077617242,0.014656686287125055,0.014483118009984587,-0.41329706145980005
274.88281744850565,39.187419267183195,7.014568006490322,0.006368002332581721,0.00631335595233189,-0.24551035500853874
286.3096790953692,15.471910420161207,18.505127765106725,0.00662730951616608,0.0065465939255232395,-0.10024824039633771
420.0121368250641,26.648943494722555,15.760930143750034,0.004477667941357464,0.004438305036926502,-0.11449277768490264
160.65269969808068,8.29548087191576,19.36629137943868,0.011837949324179822,0.011667113030199796,-0.09636579975439602
16.193848488892503,3.57521111324256,4.529480351219146,0.10116819111537302,0.10055262409068033,-0.3801588369764024
364.3774612713187,44.72978696931128,8.14619263716402,0.004888693633762348,0.00476664469740286,-0.2118144058644053
345.9115658259194,27.349986970527098,12.647595269375476,0.005358173069302626,0.005302571246429442,-0.13962818154523823
120.99792110912504,40.84472751168329,2.9623877665609255,0.012357682088396427,0.012268202091506426,-0.6020077306178833
134.26322179860594,8.526204086593692,15.747127377553252,0.014006639410455839,0.013884233950807073,-0.11449277768490264
283.51759764653275,31.188680234219554,9.09040060423792,0.006355132199675518,0.006279380807534205,-0.19249598843847712
376.7618651417942,40.073318597362736,9.401813434203307,0.004798059468155501,0.004729087383828109,-0.18344510331748873
683.5828549911312,43.7009550889351,15.642286389393156,0.0027499580937733526,0.0027270168770764888,-0.11508397781127808
557.4006556348148,45.57641212191665,12.23002491165323,0.0033168757270332734,0.003274479196133549,-0.1440771296373109
883.2479186511,45.93617107397702,19.227721814878528,0.002152426006983989,0.0021221144894932467,-0.09746965201511303
395.484581764631,27.28204823858092,14.496147001358802,0.004730742348289896,0.004637306577813502,-0.1235659613914814
159.60214073046214,12.864100535382944,12.406785868275325,0.011596472360739485,0.011435917102577053,-0.1440771296373109
912.16954014046,46.56067818258094,19.590984834102276,0.002086092585564156,0.002071491343430269,-0.0950353073059452
59.69571231526741,3.718033235759257,16.05572315522268,0.031538903476229375,0.03122740160291518,-0.1130921114958023
26.1828276921877,1.4067599550809824,18.612150280237714,0.07249111605326933,0.0715871191614461,-0.0997607700709778
174.64752894883654,46.21736215511471,3.778829444282963,0.0090553097416406,0.008986335684340404,-0.4642557841030221
47.330490177405714,32.88202063243611,1.4394033355333726,0.02493376631410229,0.027529814783346415,-1.0064660546555555
211.8264223278991,11.894615077937727,17.808598339663572,0.008939704657152731,0.008848533555850864,-0.1030498638867562
24.91456262705633,7.354974145120946,3.3874439441209803,0.06197795816283287,0.06175385069610208,-0.5145785654666981
151.12972987915106,14.321581947001915,10.552586330086852,0.012088148337569478,0.011879036590205852,-0.16682248512960882
310.213913867913,42.4643895251984,7.3052719546063845,0.005670890385821972,0.0055989039046185065,-0.2360195071401
266.912248003781,30.06113738875221,8.878980344358157,0.006734610232349413,0.006640678553054011,-0.19542365953173144
14.497311157458102,4.137809576354403,3.503619702632833,0.10732423087397007,0.10612796841560569,-0.49900777214999764
408.3457254991398,20.56005559683141,19.861119712247838,0.0046630287772980224,0.004625005986222496,-0.094202377341679
536.5000479897731,29.5933139925472,18.129096596781476,0.0035329861367681295,0.003493668291377266,-0.10175601203112118
376.6896971639027,31.41256696820958,11.9916878345257,0.004900732428557547,0.004845359096702967,-0.14723000532158403
337.36113883273964,41.322607092300856,8.164081663075805,0.005281451927952289,0.005148363856108407,-0.21101667776337904
506.27286261653256,43.37136379449385,11.672975399514776,0.0036387173809852608,0.003581711501714126,-0.15090519890616375
115.62332536664624,33.53435730043315,3.447906406280009,0.013408628803009824,0.013306745639351343,-0.5134022312408418
745.5026310581202,43.742155843984904,17.043115883842205,0.00253406805238496,0.002508480402893665,-0.10656027883392642
41.90983213425106,9.372355000139832,4.471643693994283,0.03899989668456942,0.038858934695399076,-0.38035708239805305
62.51475526302163,21.430457360023144,2.9170985113755927,0.0238250632466795,0.02374522530838343,-0.6099512912906137
118.49035713124313,26.183095500388422,4.525452581780689,0.013824236330990263,0.013742333124048675,-0.3801588369764024
292.77185422920587,20.469010869227553,14.303175473385947,0.006384862969177142,0.006264206158988057,-0.12487853954468492
17.503151596600528,4.160833871754269,4.206645142797047,0.09231911657813181,0.09121288407228277,-0.41329706145980005
381.82961657119733,33.05468575262191,11.55145202192432,0.004820621047356451,0.0047490379382376996,-0.15347801774918865
81.69231160972254,9.607885693628669,8.502631506523398,0.021905757699020756,0.021260971312939768,-0.2035187682542239
378.64032486361356,31.537444830679092,12.006055877275088,0.0048759346502142455,0.004820397435072027,-0.1467919710521373
674.7973320169071,42.065401818886365,16.04162334933264,0.0027899343983169385,0.002762521269711005,-0.1130921114958023
611.3521281879229,31.415718294705314,19.460071625704572,0.0031115433215031752,0.0030659142572054586,-0.09583585117256349
209.82234852136438,10.579393215299547,19.833117481438034,0.009074338452323125,0.009000954560803564,-0.094202377341679
157.32000390400842,16.464328622170303,9.555203100852024,0.011508517315269038,0.01132557677939524,-0.18063068011005493
397.2935504668738,24.237025155253367,16.392009659682206,0.0047446143071549355,0.004696286341555498,-0.11106247497193811
641.1865786453253,43.41446916212174,14.768960464562074,0.0029214094930256757,0.0028932578632445242,-0.12107111210965613
22.288507656076074,2.598132573580405,8.578664492613239,0.0803644036134968,0.0792046896390602,-0.20078050677274345
920.9941965222961,49.30656022574294,18.678938305687065,0.0020612165723780285,0.002035141169251522,-0.0993449122371446
826.387327848795,48.05557922602887,17.19649083745077,0.0022871704759895375,0.0022629566999569613,-0.10624381247035732
787.2280086969216,45.28309014090915,17.384591162998674,0.0024023703741511207,0.002379746787497317,-0.10516557549988748
659.9742338807233,44.66744511038814,14.775285048198013,0.002838322028954561,0.002810894752002872,-0.12107111210965613
143.07049640564566,7.224048187837708,19.80475388391191,0.01330720290220513,0.013200495366474203,-0.09424755040194334
306.40771527141544,22.30409195507171,13.737735474218294,0.006084357044777437,0.005985434311980055,-0.13055290822122617
158.0320496734037,30.818023683633847,5.127909930101321,0.010590411560067682,0.010413516094223807,-0.3386509138713664
296.61639395304655,22.50871923110678,13.177844145975495,0.006267134479152965,0.006183013784232232,-0.1343395705167048
53.39696393666264,5.060523100102294,10.551668845377518,0.03421289729307326,0.03362130463506964,-0.16682248512960882
228.3278160094277,16.97011913583325,13.454697293627254,0.008153350328104624,0.008032237528016383,-0.13245412726977307
51.66763346332717,3.5575804329739418,14.52325096698822,0.03621534185011018,0.03549578584323348,-0.12277063113777566
311.06914382245066,19.055552401166203,16.324330949514387,0.006058316820518202,0.00599803713000418,-0.1114114205379759
10.677575703671746,5.375715210446488,1.9862614155828586,0.1245850468106249,0.1252784650089849,-0.9281512709788704
220.08281813040526,11.842127351880032,18.584736643240486,0.008623479444356546,0.008516581266574135,-0.09995500380429617
503.84119400483837,37.35717615233991,13.487132751956674,0.003695502629505605,0.0036400025926092362,-0.13245412726977307
727.202392152722,43.84050985014987,16.587452897750367,0.002593889386446295,0.0025716069700747347,-0.1099622645995206
122.76593497045486,19.098194181228045,6.428143614285988,0.014097996526391637,0.01354033767693343,-0.26941755323551964
590.4983501659062,35.04667990386141,16.848909847829713,0.0031972118774198205,0.0031669499835004517,-0.10808351469844871
786.4794741444963,44.42213419788082,17.704675570990815,0.0024070238641009946,0.0023832194832841694,-0.103664098523445
414.6573163557141,25.202682284331935,16.452904166216438,0.0045469013008311195,0.004509937884975631,-0.11089714911713303
491.3218691745734,39.458162272402056,12.45171698019538,0.0037680392658098675,0.0037148699565393946,-0.14259864811177586
60.55032987521147,21.41166550272217,2.8279131236901405,0.024401553314775126,0.024460682005562336,-0.6349492184263246
520.1824054239311,27.528292024403843,18.896283320548516,0.0036515627854587563,0.003603261445293824,-0.09814922923627628
605.0460259891752,32.050225110928395,18.878058543896728,0.0031392430838299667,0.0030978687991874945,-0.09814922923627628
99.36750633869192,27.964269396235874,3.5533739476872324,0.01570699841776721,0.01548363481504446,-0.4910462853069257
59.62196463352502,23.00240649142339,2.5919881320137304,0.02420593310145147,0.024088781436670623,-0.6986694083805378
313.0614403734251,18.213813585179757,17.188132452841035,0.006037275577033936,0.005973519888250365,-0.10624381247035732
367.5273463550747,25.596064440992127,14.358744376595617,0.005087460947568707,0.004990059299340139,-0.12367370116581694
163.60108359935634,17.345169129740597,9.432083502653228,0.011053005905539768,0.010890757835766658,-0.18344510331748873
433.0050756383662,39.87131445683027,10.860065225770077,0.004229435095284357,0.004188313041551888,-0.1605250445194975
610.6345482648093,31.84474830789427,19.17536111012169,0.0031129407759424637,0.003069517129861796,-0.09746965201511303
519.8269180246135,28.05265085416041,18.530402731887257,0.0036504372741859407,0.003605725561706103,-0.10024824039633771
210.3329550751834,32.73864377120461,6.424608073110912,0.008228028323720056,0.007903146770938601,-0.26941755323551964
674.8971447548015,41.88761530150258,16.112092796330465,0.002790237894905715,0.0027621127114387345,-0.1130921114958023
99.46125844038245,10.782786049421155,9.224077894573616,0.01814156954469299,0.017899582100370987,-0.18796039977881177
52.86588785142685,10.749592206471997,4.917943568091628,0.03143888874499925,0.031129133729903846,-0.3507705910583278
380.90245134521274,19.27819347787699,19.75820254020812,0.004997742959018301,0.004958228591630265,-0.09463400814646526
175.7559651635155,35.26073433536597,4.984466956697354,0.0094779228598948,0.009363376606569844,-0.34858878513836555
68.8886368155076,39.914814913903,1.7258914256298485,0.018381769771182555,0.01891457994267723,-1.000392622563557
680.2875433471955,48.551260251664225,14.011738105683401,0.002744090998070357,0.0026958942146981845,-0.12820841775481742
57.95641790406427,3.666452808399269,15.80721774770841,0.0324554824674127,0.03216454794578013,-0.11406352644278
406.9123693457437,27.84352128038256,14.614256769040129,0.004600282694547605,0.004507071769260112,-0.12277063113777566
825.8926217390425,46.206617870771815,17.87390334537911,0.0022933169863728117,0.0022694877719545625,-0.10253805771853677
656.7518951818728,32.90996159543616,19.956021318267016,0.002899971892523843,0.0028771158789248153,-0.0940458558566476
37.79192920976647,9.660143604357518,3.912149835196985,0.04214778999927491,0.04152847855063235,-0.4485643884026976
62.74715297263034,27.891430810924607,2.2496928679633506,0.022065658095188276,0.021836906734565367,-0.8168780506651379
4.89369928818638,1.804904267868456,2.7113345429482028,0.2985696919161919,0.29838469646427124,-0.6662888138216578
465.4232022545169,24.47443750769371,19.016706803096408,0.004082485477927127,0.004027201903353457,-0.09814922923627628
49.617600046216175,40.4779479971865,1.2257933640723326,0.022198655132621193,0.026260835408711845,-1.0050561326993668
56.71070716531975,13.58003134960514,4.17603654257902,0.028453250630953872,0.028151878494941947,-0.41691706595562816
103.87092509734322,25.412955378091006,4.087321744046044,0.015469832686372904,0.015278713686188996,-0.42605827893674014
628.4485373747507,34.20479062263776,18.373114582342293,0.003018169403969072,0.0029825086614316595,-0.10052557411808749
626.2468684191468,35.47631963124769,17.65253202498339,0.003022411842469221,0.002992994137784251,-0.10391568772892436
192.99465296449176,49.81580474403124,3.87416511599395,0.00823687751703372,0.008132045616121592,-0.4535117153793148
234.79889975778508,21.9205240392319,10.71137256288023,0.007790606454388745,0.007651070531124161,-0.16212800125053764
25.816993496234527,1.8343316078233198,14.07433279027986,0.07232926423864218,0.07103783222118548,-0.1272999322756782
324.7166044354576,19.187665109983936,16.9231953223166,0.005815571881801635,0.005759110297319789,-0.107277520106933
35.75026592816673,2.7828149599080865,12.846799533285363,0.051903454224418326,0.05130649171789151,-0.13650847462556942
240.6778704478594,34.07530136095856,7.063117884075815,0.007279260824663614,0.007210605065197504,-0.24566395106645328
52.34060143173849,5.934039686271975,8.820399626383551,0.03432024567855942,0.03386431168884772,-0.19747117789036508
70.53611488367976,21.71324990549814,3.248528672155101,0.021680366087839197,0.021600417790233663,-0.5438102070094567
15.648336943668308,2.006257326427268,7.799765632026267,0.11328495967691093,0.11099312980506988,-0.22317195245009092
74.68499464399532,22.214773089438715,3.361951722095323,0.020639884354541393,0.020413195974833195,-0.5246138084080867
522.3235325303104,49.78180168822942,10.492258512487917,0.0034958597313759976,0.0034370949790553085,-0.16682248512960882
438.7704539599945,31.037228492594288,14.136908328161077,0.004257061079885241,0.004179823950972234,-0.1272999322756782
226.47697832470564,11.514652840336483,19.66858935871205,0.008403656843769614,0.00834323788721976,-0.09498312520530554
153.8493413404651,17.55366257110775,8.764515138492616,0.011668406937790915,0.011520871168006415,-0.19849310542358004
338.2640797345196,23.415231097971887,14.446326765650346,0.005529760592046366,0.005421749935376861,-0.12367370116581694
95.73246126301538,12.72736372620593,7.521782461979937,0.018440007626775713,0.01814283128948501,-0.22854069888323758
22.678867489511813,1.6524431651318963,13.724446303544491,0.08219861348152627,0.08086749716620983,-0.1306001227802952
554.4571171885989,28.388995301181378,19.530705870578156,0.0034314374877726724,0.0033805196973361053,-0.095752505942238
164.2473180268009,9.253234189490147,17.750260575200134,0.011527340832360806,0.011411773589377002,-0.10335061644426226
33.475690408681615,27.357364394027826,1.223644570673242,0.03287686285829792,0.03892375668078992,-1.0050561326993668
159.0574431211739,12.892477234006574,12.337228930808347,0.011631293552615737,0.011475079788607703,-0.1440771296373109
738.4858074320284,41.398301467213535,17.83855330434007,0.0025644835908028387,0.002538103220293466,-0.10257733072106687
196.52056938277235,37.732520110867824,5.208254545557638,0.00853777426937329,0.00837403075843841,-0.3346807320267716
78.93387927802628,25.9432056194257,3.042564609630289,0.019069942704410453,0.018802946112355938,-0.5861591085199922
350.0797215270228,39.33163692407247,8.900715782636562,0.005135957019731289,0.005085455831301041,-0.1946067979971986
884.5193961147141,45.873173594200686,19.281844416069255,0.0021496302368641286,0.0021190639959026577,-0.09656825685257014
358.1030324343397,21.918360007744237,16.338039538898624,0.005262861617204364,0.0052102442751242985,-0.1114114205379759
203.51116122963938,23.670193670634667,8.597781837421808,0.008803539361220648,0.008674484095864007,-0.20078050677274345
373.00263683015436,46.88064680230648,7.95643111331397,0.004763228444575738,0.004656422561465484,-0.21933465485851883
71.1566545668894,25.90445194696447,2.7468890178634977,0.020605575928753016,0.020604421940448477,-0.6540486880916122
297.23009196813797,16.767962941821736,17.726070423665057,0.006369466207596441,0.006306068115691247,-0.10335061644426226
375.32398794963217,19.175550944996793,19.573048462920966,0.005069714417420906,0.004993960594481871,-0.09516221184911976
777.6883464529487,44.041173499471945,17.658211275007766,0.002433890898936919,0.0024101598211329926,-0.103664098523445
134.0827275263106,23.976705775135382,5.592208069940897,0.012653468117816561,0.012273536815949998,-0.31076489022478127
16.167825304175167,1.174915263706851,13.760843699626278,0.11532202722930139,0.11343413340613832,-0.13055290822122617
117.02547023241648,10.02531510930007,11.672996704498274,0.015741736618319895,0.015495116844547172,-0.15090519890616375
27.891072421351513,6.903251707455418,4.040280378481569,0.05748063944556288,0.05690043397782652,-0.4303661218707792
490.55308761781595,27.214680724859647,18.025311139135027,0.003862735616783961,0.0038208977851639536,-0.1021196780289652
207.85794130573265,27.50091805341957,7.558218271185561,0.008497661848998197,0.008355985259506394,-0.22854069888323758
22.99114024749258,11.312694989573496,2.032330958156539,0.05830251883436504,0.05818199009590726,-0.9179797644601364
117.88706248504099,30.018066049620717,3.927203780888826,0.013522181548500517,0.01331309211113776,-0.4485643884026976
97.43008239426746,33.40510892931068,2.9166222029223583,0.015286407118507228,0.015235817443034795,-0.6099512912906137
33.67911014581522,3.3286511732655035,10.117945195433332,0.05404271776279603,0.05289635934920938,-0.17124146754364714
84.51268790646604,13.784691953256381,6.130908706052113,0.020346422283626958,0.019472452402632148,-0.28410247130353905
113.7385056842043,7.509582735498744,15.14578235439741,0.016495105416235133,0.016310378787841546,-0.11859574204555984
147.98939431266524,20.4626618942273,7.232167304411865,0.011872814408056874,0.011726739472057974,-0.2372210342329613
72.79119115065646,27.544102621547843,2.642714200959724,0.01993316533801844,0.01996884217577345,-0.6762156906787533
473.70296993194006,24.782888240923185,19.114114760430933,0.004012149928045595,0.003956811176956632,-0.09746965201511303
64.9797455880872,29.281439969215416,2.219144470231062,0.021217641048914812,0.021090282598598534,-0.8314766035315969
384.5039850431082,22.58698206920087,17.02325631043067,0.004912906847791187,0.004863613416400091,-0.10721876293292538
409.9792543224268,33.847004234496175,12.112719089761697,0.004506267850178337,0.004451924899965747,-0.1467919710521373
163.33148513102773,13.651603572910895,11.964271029311833,0.011300514725142163,0.011174801045390561,-0.14723000532158403
85.72196868493961,18.633987110967293,4.600302027389874,0.019165173513541283,0.018995526872111132,-0.37860353983272665
563.9571565638782,43.34921200584049,13.009628790666268,0.0032932307374122327,0.0032524114667355007,-0.13612029659673344
44.386689012910175,5.597139337799007,7.93024549400705,0.040012941505142306,0.039130152129997126,-0.21933465485851883
417.3268048138939,26.353728139241426,15.835588900702167,0.004507747920982718,0.004466863764651436,-0.11406352644278
56.84635807304307,36.87563444755101,1.5415696278770972,0.021339708495426282,0.022921426672834956,-1.0069103027035384
305.478661564781,27.158464842686257,11.248009168936736,0.0060125579534681265,0.005936783918276203,-0.1554470615674649
237.62594511442006,20.042575252277885,11.856058521592095,0.007761910524241467,0.007680966192090451,-0.14900840765504592
485.42593906609073,49.736987887294845,9.759857998760943,0.003737179649916607,0.0036699775794059785,-0.17952538509796961
81.69979617237594,5.169586373841754,15.803932899889071,0.02302307143642844,0.022816972254225062,-0.11406352644278
62.79912116615569,4.374857605025284,14.354552041652738,0.02977343365074039,0.029203963660391682,-0.12367370116581694
54.05429017850358,9.972274338419805,5.420457595139622,0.031237034426099243,0.030444748922660327,-0.31977038553775505
18.524254176164483,1.6624290330368918,11.142884182144455,0.09907521603590488,0.09790196075412712,-0.15752546669499704
844.6236202197147,48.01993087947973,17.589021990463674,0.0022405359872226887,0.0022191579315490495,-0.10415929565028174
242.23898958184373,42.579012372171306,5.689164123030851,0.007022028053981321,0.00679357726647532,-0.3043354672995555
215.26960369845412,30.287806433367724,7.107467626354548,0.008144734866385608,0.00806167262779583,-0.24201219289130485
406.5367754838253,26.64324970970189,15.258528141775015,0.00461701806103936,0.004563223359718535,-0.11791630162372602
36.29922144237294,21.892240144118663,1.6580862078714547,0.03436930342482194,0.035896076456007786,-1.003900024869933
228.44602938898763,13.409942571161132,17.03557104564148,0.008269384393491615,0.008186085550783088,-0.10721876293292538
505.97682478343177,39.0575266007494,12.954656088584052,0.003669493482237874,0.0036251081727725156,-0.13642237085943215
178.52114487817687,18.671392476440218,9.561212164729382,0.010142371647682294,0.009980553196460108,-0.18063068011005493
353.4837475598365,23.935192129107094,14.768368921090557,0.005299151128049733,0.005248100155321605,-0.12107111210965613
507.05562359412744,35.90736119859378,14.121216560296414,0.0036834923484950076,0.0036169271517811946,-0.1272999322756782
36.098407135142246,2.320410010541985,15.556908895902685,0.052057823446671876,0.051390580851044275,-0.11538752843956268
72.12974896660303,4.4896175909444285,16.065900381379684,0.02610306101262055,0.025844287678085026,-0.1130921114958023
388.29665646614444,37.95894455160615,10.229384959274757,0.004692020457267174,0.004587992925429618,-0.16969828060194272
494.5146406337691,35.1089103124474,14.08516061116387,0.0037762671173267007,0.0037086530948618936,-0.1272999322756782
403.32918273179325,24.069504017010903,16.75685475058996,0.004679471561351483,0.004636606574433097,-0.10880193727536132
270.3956492085,44.98824182510062,6.010362668977123,0.006341477979250762,0.006086153003919832,-0.2900572529041707
8.168311419275657,2.430706601912573,3.3604678626571043,0.18869672605536197,0.1866431571707189,-0.5246138084080867
279.93422480041045,34.45774660308076,8.123985239806204,0.006361485603693094,0.0062045214187740165,-0.2128335309748802
89.58505416422457,4.934353953059693,18.155376573396136,0.021159675455418667,0.02092261062373468,-0.10137671602648096
417.95126942488906,25.859346695042365,16.162483698979788,0.004506426676957944,0.004460189784818811,-0.11260787068991106
96.6641459860167,9.65804903998156,10.008661747921842,0.01881074783596175,0.01842981484667909,-0.17124146754364714
213.9702553944577,47.95200388761112,4.462175468119259,0.007635853498981024,0.007611204777027075,-0.3881226250545297
389.31027777658863,20.4621439064145,19.0258791824129,0.004880757938237203,0.004814548479657341,-0.09814922923627628
149.98846717870373,13.83621664065592,10.840280336315505,0.012208172501070038,0.012091335017068772,-0.1605250445194975
495.9648484145923,37.561305864425044,13.204142853945052,0.0037486447177134314,0.0036978089441287616,-0.1343395705167048
660.6724959731553,48.151877843575505,13.720596694471453,0.002821573402210782,0.0027759340121152314,-0.1306001227802952
105.07603813712684,38.683961722626606,2.7162687961111,0.013912075695263777,0.013894390502929498,-0.655170824603331
657.450042808281,46.81818204156263,14.042622206574203,0.0028398271133507668,0.002789540091300523,-0.12820841775481742
21.820966213029145,9.807932055520157,2.2248284439070662,0.06323331223929263,0.06279299064698132,-0.8168780506651379
178.9133401060825,9.213696927384817,19.418192449365126,0.010631114121274364,0.010476318897589737,-0.09602694898365999
386.71671230880736,25.921924307590817,14.918518691745566,0.0048468558746699785,0.004797098370527783,-0.12033918442793407
185.1327985121382,22.04720822088856,8.39710845279425,0.009653441138155819,0.00938168659243905,-0.20579264467921993
302.74162283800547,20.67803688265187,14.64073328411532,0.006183915973838546,0.006057915774013982,-0.12220993775424631
139.18854926224384,33.6027376941246,4.142178846534305,0.011574657699638643,0.011401901473172275,-0.4210924005143302
122.69230531933219,42.18498048436735,2.9084357491832606,0.012130233647715248,0.012098777873277124,-0.6099512912906137
415.49708541007834,38.408322287138596,10.817892078280432,0.004406204389911398,0.004323647519462456,-0.16212800125053764
152.39645509400754,26.66838886875541,5.714498009010011,0.011169138261533379,0.01079860612021464,-0.303332941006122
337.18383502624744,18.949347329852557,17.793955071742886,0.005615876585182074,0.005558846573526712,-0.1030498638867562
351.5934954108147,41.52989231664947,8.466034362190236,0.0050874612461024975,0.004939960256069694,-0.20579264467921993
77.63235112906968,12.581044066198617,6.170580972500037,0.02216965668647066,0.0211982410521242,-0.28013994684396
456.34264954394257,43.288293678828445,10.541941267764312,0.0040029546350740285,0.003934051732610387,-0.16682248512960882
67.95572380233025,19.012092441075023,3.574342172643452,0.022997012991592264,0.022640773941358015,-0.4901323988167069
372.7043984237108,20.579557046039955,18.11041887781685,0.005085384166285494,0.0050290611377582515,-0.10175601203112118
328.5891889869257,34.711939716782226,9.466171918593828,0.005505075107077661,0.005422393197545219,-0.18063068011005493
134.21983462382357,10.7841979357108,12.445972841370791,0.01379271986231734,0.013598562804840734,-0.14259864811177586
442.7327033601235,30.100272328827792,14.708594610823743,0.004229823432018162,0.00419015377990604,-0.12143784495473162
275.7686228712856,20.205845992211657,13.64796222724753,0.006757339603242587,0.006650442074756825,-0.1307087181154518
803.8409725208872,46.92870924974097,17.12898107303738,0.0023508124970292605,0.002326428739319291,-0.10656027883392642
138.97067365229842,37.37038931191526,3.718737647937446,0.011341657844071611,0.011195926973160459,-0.4762965897576839
325.92324300577513,33.116423496313324,9.841740399353766,0.005570415156310776,0.005466017999836479,-0.1788226028080648
23.124971788200327,3.8605274377777583,5.990106834083736,0.07411387809622819,0.07116416433930005,-0.2900572529041707
514.9831468475545,30.195140595979133,17.05516638382969,0.003668524675438671,0.0036313396890025646,-0.10656027883392642
39.74841590743356,9.004263530339488,4.414399442386703,0.041023386264395174,0.04061352318698213,-0.3955206330648886
37.389729329194125,8.069555242916508,4.633431236748146,0.04399541301243892,0.04355030081519276,-0.37355372042358304
469.92828799535033,29.472561528740496,15.944602831250164,0.004004798954398897,0.003966864796314176,-0.11346214160985876
321.3763407674246,31.01430967360252,10.362195520378146,0.005675519476742479,0.00554335240914294,-0.16696830820621486
72.75765036938697,16.928905243247016,4.29783552592157,0.022299886380275524,0.021942887509078406,-0.4010922719424337
486.7828844352667,39.25553700988944,12.400362382321608,0.0038020036530896566,0.003749509091522136,-0.1440771296373109
338.6292012349932,24.328904735672108,13.918801726346532,0.005510277817467017,0.005415904020540285,-0.12898848216919093
9.919298904368095,4.7590151179175635,2.084317586431319,0.13625543076428656,0.13483138644701104,-0.8894878488730429
138.75581914800773,7.2410510369213235,19.162386570748783,0.01369892380204227,0.01350828540015984,-0.09746965201511303
14.347779733042938,2.699088390299496,5.31578728010863,0.11732360369828763,0.11469853338263822,-0.32832583858702225
309.48344885143086,16.078973785080933,19.247711513690554,0.00614321512846397,0.006056392394942079,-0.09701747724045454
113.23904936825143,20.666507070242464,5.479351154182384,0.014935899996940373,0.01453270141226175,-0.3165272866883754
321.11892362204674,40.5355072353207,7.921916993855675,0.005530141011292567,0.005408768421465902,-0.21933465485851883
507.85146605220217,44.7039721148281,11.36032084011949,0.003619546314908272,0.0035710457221913667,-0.15525947258038955
55.110810688959006,28.073378600791617,1.963098616402551,0.024043030497460486,0.024000911033517106,-0.9559836153523664
60.33865257404471,9.445248976632634,6.3882543195337025,0.028659905158034082,0.02754937579496864,-0.2719234110987598
11.575602338088423,3.0185749197176657,3.834790470985267,0.13704095576406997,0.1355818276869019,-0.4561097175311457
29.856533701942304,17.87000444211973,1.6707625226757212,0.04190540688207935,0.043642026271261694,-1.006486493863055
20.889992002191182,5.363894069270509,3.8945571505352694,0.07617919855963821,0.0751288617731487,-0.4505794239553565
356.9607451765885,43.55765378592548,8.195132523229042,0.004993528400145201,0.004865683179708803,-0.21101667776337904
101.48454416395883,35.623852129823455,2.8487807493170663,0.014586998710965872,0.014594363867039438,-0.6274572021233737
480.2892595417127,32.86634203668732,14.613407814157897,0.0038974533140596333,0.0038184973242810258,-0.12277063113777566
595.9037664861995,41.57502278472863,14.333215632177293,0.0031373592873377956,0.0030776500428168012,-0.12454269401183515
672.9656786900804,38.465306643668725,17.495393574376937,0.002811235441287046,0.002785213667408207,-0.1043886025963777
8.527059196102401,3.4706156204761887,2.4569298731308193,0.16669896713956325,0.16492194821863673,-0.7320924499778871
114.83073147380654,43.2503226630629,2.6550260068204183,0.012651737495806193,0.0126582473978717,-0.6762156906787533
83.23625467880703,7.510623420098156,11.082469460001127,0.022039325670467656,0.021788111590946985,-0.15752546669499704
467.317479407486,27.543184266477343,16.96671942090064,0.004041541683979332,0.004001730777727471,-0.10721876293292538
62.060830797684744,26.648207695955758,2.3288932413680996,0.02254561692880234,0.022395990282431402,-0.7845571358497296
675.7972158980266,37.21029763290964,18.161564375672608,0.0028050195293113462,0.0027735438410966752,-0.10137671602648096
267.2077256974202,31.32594201997238,8.529918287119903,0.006699411879712353,0.0065000287289179075,-0.2027771887621195
107.28440933999491,9.084349226805436,11.809806807451643,0.01718674345788367,0.017012694221051002,-0.14900840765504592
88.58260458570626,16.407710239423356,5.398840136319928,0.019049376157516736,0.018577793014484374,-0.32135846776810545
238.87591806592692,14.573056613649253,16.391613948867366,0.007891134704839535,0.007810767572354152,-0.11106247497193811
135.4760427730699,21.51903373372533,6.295637826932138,0.012739253003984706,0.012270008635466595,-0.2736525396099106
762.8079201972789,42.534534608790814,17.93384898208398,0.0024834155806198114,0.0024571758582416173,-0.10253805771853677
207.8281814160444,36.945181507245515,5.62531223118463,0.008170823720826129,0.00791841261114995,-0.3067169181709371
578.1695503881144,43.487810168737106,13.294979630953089,0.0032172063372795804,0.0031720509169149884,-0.13430770462602354
173.00911862958208,24.452637364678804,7.0752743783576175,0.010128543575081592,0.010030876323044566,-0.24566395106645328
248.88466660127358,27.74646178279499,8.969960514230388,0.007229844347897262,0.007153172533975351,-0.19282298516066276
415.69542153159523,39.402671272820164,10.549929943920848,0.0043946569577463105,0.004318728323944051,-0.16682248512960882
85.10771512998248,32.258511012106254,2.6383026512923213,0.01704067742264041,0.017079013408526397,-0.6762156906787533
46.586291583940515,10.162085852778219,4.584323755856113,0.03524329840496745,0.03495307104990447,-0.3789070691898302
113.70461130431468,41.414941811350545,2.7454973092139365,0.012893281084356244,0.01289430321029816,-0.6540486880916122
232.2718820122739,13.843526492619624,16.778375230914218,0.008126268940858427,0.008051248924810194,-0.10880193727536132
60.0626255288679,8.851321849583933,6.785723821769199,0.029021701354831467,0.028893726447209375,-0.2556930725164505
636.2071502655357,43.84096496247887,14.511704995773501,0.002940968374464822,0.0028826825534348207,-0.1235659613914814
51.608560951083724,32.59899793132219,1.5831333545837776,0.02375083693843872,0.025247741928398307,-1.0071209801278498
127.7923437176104,7.796530753972559,16.390924085369186,0.01475047276404057,0.014600282148112388,-0.11106247497193811
230.71735618005565,15.2861790135574,15.093199940641222,0.008129964467485937,0.00804065260276594,-0.1189256494633792
177.71618491424994,15.742932768196436,11.288632653838723,0.010338101527387827,0.010204815088898032,-0.1554470615674649
12.27285479325423,1.5059503248246804,8.149574784070657,0.1451504671748233,0.14152028381992351,-0.2118144058644053
357.03954886607215,21.241951905414552,16.808226967836376,0.005287067953154191,0.005237735556898878,-0.10858988043330513
99.65860609849098,27.102741984125533,3.677067292927869,0.015777680107160925,0.015612354763264209,-0.4763796078590647
25.094221646418703,3.2140805896411013,7.807589432354849,0.07065065164707587,0.06921345950054288,-0.22317195245009092
169.8011188083759,38.44152725047383,4.417127282742985,0.0096041806894578,0.0095071411921859,-0.3955206330648886
44.65610122196439,3.873950925060031,11.527275922131718,0.04121157739416582,0.04060639611206084,-0.15347801774918865
308.70805059625275,22.554427137575626,13.687248570456742,0.006037508424383077,0.005940833900828652,-0.1307087181154518
900.6173261119238,46.2574923243606,19.46965304121407,0.0021122116261396606,0.002081187149792094,-0.09583585117256349
246.02922692671243,24.741394257373678,9.944032432747331,0.007386325707175891,0.007241019024806034,-0.17405732920395384
129.27771530822716,17.246303126162758,7.495966779808711,0.01364963929716106,0.013435091187069537,-0.23331583217330729
133.92364305006,28.986056721326584,4.620278099142932,0.012276739830756717,0.01215867432068269,-0.37355372042358304
425.657635212073,41.669444763437916,10.215102160073858,0.00427965783644467,0.004185293920422825,-0.1709893682040057
424.08209223571686,23.541525874841845,18.01421430753226,0.0044680394846949726,0.004419788621827571,-0.1021196780289652
781.1031408669885,42.55749579204569,18.354067276039828,0.0024281845106893557,0.0023996231840827144,-0.10052557411808749
534.2163289395162,46.49358872605543,11.490107422921659,0.0034440603460672964,0.003394361491418721,-0.1537846802655089
137.12653898219497,31.436873753069268,4.361964871548556,0.011864970977664542,0.01173787230940134,-0.3992829470072451
235.92548319964553,30.42833851494535,7.753478984196494,0.007508809098835017,0.00736189185698214,-0.22317195245009092
638.9077599300554,48.17778566526157,13.261459635550201,0.0029108456913718426,0.00287049769538207,-0.13430770462602354
824.0334049556445,44.61710861160014,18.46900058291544,0.0023024219392753223,0.002274608280091683,-0.10045286830664628
245.65910244499324,17.23573633942888,14.252892804064173,0.007607604657617608,0.007465561968547863,-0.12596979872875796
582.2617398260428,34.761663664009426,16.750111428898293,0.0032413681372334595,0.003211749308607616,-0.10880193727536132
477.4134305419691,29.92740435790504,15.95238346876096,0.003942123051054442,0.003904670173029557,-0.11346214160985876
59.31548132511872,27.632443575098005,2.1465883451065126,0.023002274088717384,0.022880078348538696,-0.8632442808644746
51.33633007709365,12.056624119090769,4.257935684982199,0.03154924747331587,0.03109908587315792,-0.40512960780328844
42.06634119340945,16.73728792781835,2.5133307961735385,0.03401150626055511,0.0334643802420155,-0.7319851383219487
25.49563838350565,22.922841423693676,1.1122372620504481,0.04130654262512845,0.03286033746552949,-1.00897466511782
208.82417673574574,43.81723950940208,4.765799467831316,0.007916358409182294,0.0077976314100143525,-0.36413272368373106
69.82866802631567,5.344187727070318,13.0662827715814,0.026605348166647436,0.026264044614882086,-0.13487604758876864
367.78657008503745,21.70946570425512,16.94129994240025,0.005134840450807435,0.005084684685149248,-0.107277520106933
245.83147764303155,20.26159504384908,12.13287883362667,0.007516167105760988,0.007424585607534543,-0.1467919710521373
433.4535312521882,39.59857381005466,10.946190469671107,0.004227864073740557,0.0041839797685237455,-0.1601612996055388
243.10469631265238,27.922309197586014,8.706468171825476,0.007379338439853174,0.007261703941527044,-0.1996408386450624
91.700691903615,16.005686978678646,5.72925685887588,0.018569002326089615,0.017946094609699346,-0.3028051876062297
808.1659867699384,41.144151450370124,19.642305364950438,0.0023548523795923486,0.002338073288253386,-0.09497468413321988
484.8343492755574,38.56210825707369,12.572817493364647,0.0038211951403498185,0.0037831905381634163,-0.14093022118470583
624.9077560910574,44.87436829673571,13.925717058762809,0.002986045651528962,0.002934806352721455,-0.12898848216919093
746.8446329847088,37.60763761113982,19.85885528644545,0.002549549634780016,0.0025287741806943637,-0.094202377341679
525.284032472555,40.114802699707376,13.094518659476963,0.003537325999956564,0.003491412529347666,-0.13470321933701077
143.28560945058484,19.752685518648466,7.25398120247038,0.012267056646890331,0.012111705274428031,-0.2372210342329613
73.17906073261017,6.303107966675368,11.60999638900508,0.02516287656375911,0.024779264954835834,-0.15090519890616375
75.4981507879091,8.73004135199433,8.648086274031446,0.023745018730521848,0.023382749285828088,-0.20078050677274345
308.014307594033,46.32894633606586,6.6484203063830964,0.005644244606938499,0.005590315843538706,-0.2593360261650833
284.6649882220821,27.82527193637912,10.230447661857616,0.006400199478171949,0.006258241745714096,-0.16969828060194272
145.98176179721708,38.43829224181758,3.797821216375513,0.010844807580289922,0.01075094109190784,-0.4606875429766859
384.60639513747185,29.34129340079953,13.10802458104971,0.004831528367901711,0.004768467908042493,-0.13470321933701077
451.1576361098661,33.52066672347026,13.459088980291007,0.0041264483850595,0.004065060869310727,-0.13245412726977307
188.24556073684047,26.15567389253835,7.197121416571219,0.009328304491610168,0.009218985377075358,-0.2372210342329613
77.49611583610061,10.240757809408287,7.567420036523485,0.022795432717158105,0.022412192854870193,-0.22854069888323758
460.68498688007753,38.41272267131017,11.993031340737415,0.004007231373186812,0.003961919538876844,-0.14723000532158403
155.94585303619743,9.398746790417311,16.592196439975943,0.012095949925774773,0.011991846553822027,-0.1099622645995206
91.66772380601685,21.005632005487403,4.363959331576886,0.017750425427515266,0.0175587844660489,-0.3992829470072451
596.7107637403766,49.02611264046739,12.17128447683279,0.003097236774225104,0.0030587630753406824,-0.14563953835432356
437.49853538721385,29.994184639091305,14.586111963084461,0.00427814148611226,0.004191975753285102,-0.12277063113777566
259.9546743056336,34.72791563480579,7.485467225827282,0.006786963561044565,0.006681387431333474,-0.23331583217330729
120.5412281479466,12.243860732781737,9.845034240320071,0.015061932155623754,0.014779194970936533,-0.1788226028080648
345.50339970399205,25.752998993062374,13.416045245723325,0.005387112537370708,0.005308148209285926,-0.13297970256312866
341.13563886503897,49.33699152465963,6.91439887846693,0.005121997918276537,0.005087223010489562,-0.24880816012122664
302.3957618903032,34.33283703694109,8.80777086859832,0.005939501445293432,0.005861452653258824,-0.1974353578870094
56.76829128847717,42.51954921586151,1.335110374766163,0.020143453516975263,0.022952947827292788,-1.006370536956614
84.84973574398515,31.83640632896554,2.66517944479138,0.017139995928133655,0.017130940893673386,-0.6762156906787533
2.069642737018663,1.0255208951659762,2.0181380474784962,0.64616939124099,0.6463290838785795,-0.9281512709788704
133.28730246296354,44.198820172556914,3.0156303254837047,0.01126848663040058,0.011135265333442756,-0.5861591085199922
141.96418905397914,32.51090342495434,4.366663921895567,0.011462954233662233,0.011337886093169174,-0.3992829470072451
110.56701932567057,15.759934122211025,7.015703141160001,0.015831934083846446,0.015695757037825515,-0.24551035500853874
846.2095816032511,46.37630517061409,18.24659335171539,0.002240680734073377,0.002214998797854608,-0.1009016411972466
5.621749376788268,1.40081548300676,4.013197630227177,0.2847962304271798,0.28229898177861473,-0.43200507672748756
421.3311149264617,30.10458292545206,13.995580539009737,0.004430309808277652,0.004352831270866489,-0.12898848216919093
129.94281995768986,7.41387101980693,17.526986861591478,0.014560630325083042,0.014424446126338893,-0.1043886025963777
631.5566810554923,37.11797815605351,17.014845970334534,0.0029909911680491372,0.0029610623977401078,-0.10721876293292538
253.81699325772954,16.179057286180374,15.687996449245023,0.007407515761697176,0.007344433319908047,-0.11508397781127808
529.1014033130396,32.159435389774984,16.452446907114112,0.003563405572037411,0.0035344429793707052,-0.11089714911713303
157.40851140300242,9.502285218274466,16.56533221085385,0.011982448352565414,0.011880416907870527,-0.11006211593169478
31.41485066917103,8.54462177017195,3.6765642194761354,0.050050710830477727,0.0495277068163477,-0.4763796078590647
278.6697451177909,21.728646072263114,12.824993521962526,0.0066578252702247445,0.0065820590677348155,-0.13650847462556942
87.95933864841011,21.139039874416024,4.160990242270406,0.018332078139745675,0.018150579142731795,-0.41691706595562816
203.46464698401934,33.58466270481189,6.0582608428241755,0.008437063168947215,0.008088232118312036,-0.28410247130353905
235.2117977952181,24.16659800959267,9.73292962881467,0.0077107424224531545,0.0075740346765499865,-0.17952538509796961
552.004355119318,35.689442410328994,15.466880899197257,0.003403132734098844,0.003360694699721073,-0.11611035730189036
190.81244516372104,12.84601217190076,14.853827211926694,0.009820363102839732,0.00972220710698776,-0.12033918442793407
184.56091093646043,12.517005782550255,14.744813108080022,0.01014827045716926,0.010051522291798344,-0.12140666851256769
56.87162678855107,6.550396540517567,8.682165489794526,0.031534787050594246,0.03104103805542467,-0.2008093725696663
276.54714872828885,21.678917129968085,12.756501953965262,0.00670632191134686,0.0066325786803105,-0.13751371645582958
308.4534011175766,18.502198850636834,16.67117533476081,0.006117038522033082,0.006062759345623561,-0.1093124488965225
78.37873067551806,39.83422022253188,1.9676230697540755,0.016918620039566176,0.016875875035621914,-0.9559836153523664
609.3684358418399,34.977563802175574,17.421694640835383,0.0031039224284855472,0.0030743360084549026,-0.10507824526938718
41.648199224303966,31.245823535657728,1.3329205158178996,0.027437091880440634,0.03128585755104162,-1.006370536956614
26.945481103662964,4.939735661376083,5.454842718477904,0.06272499305047616,0.061074036360532956,-0.31823888135364153
201.08187437667289,14.924035062905745,13.47369351044139,0.009259005946591669,0.009120579655058665,-0.13245412726977307
144.86408931516175,29.776777913268823,4.865002175087886,0.01145207322741931,0.01125681782520254,-0.3589647863203569
27.073966035420497,4.165870187220008,6.49899416416709,0.06402082218825898,0.06140695023641181,-0.2615867060009614
846.6879143623316,42.616928899889864,19.8674080047218,0.002248947607957958,0.0022305756263265634,-0.09419635696719965
312.124102374006,19.32495993387731,16.151345381412245,0.006034109694183411,0.00597243842517236,-0.11260787068991106
947.7995340998432,48.970429319196995,19.354527768624123,0.0020064810070517785,0.0019775840128096155,-0.09636579975439602
298.27353100774343,33.75933374558041,8.835290804481346,0.006023500117935174,0.005942459710982959,-0.19567547039437674
307.5679986561236,24.674016319240124,12.465258783844222,0.0060197082543828875,0.00593428724302382,-0.14259864811177586
30.80181450683094,9.682382273248644,3.1812227236609902,0.049401992853273256,0.04944179958959189,-0.553417555242661
417.8274545871367,38.83392102707957,10.75934243919841,0.004379612787067815,0.004299533032007878,-0.16212800125053764
451.8750075102433,30.539733279391807,14.796298427896495,0.0041458102974347814,0.004105378876105221,-0.12107111210965613
23.829350243566015,1.310318256575702,18.185925536777642,0.07955554386044214,0.07865733588310206,-0.1009016411972466
60.04577523533133,48.77119985046069,1.2311728114018121,0.018379485355324267,0.021700105012921588,-1.0050561326993668
80.14473858411985,41.76035952349625,1.9191582519548671,0.016406204753097595,0.016432898778368593,-0.973929902677653
216.1317039900976,20.930428801293388,10.326195704922291,0.00843660679354451,0.008242670001418524,-0.16696830820621486
62.799000007637716,3.1637726726075472,19.8494033883539,0.030320132382776054,0.03007374997455684,-0.094202377341679
27.554928507631686,21.43953703271709,1.2852389706728464,0.040820937180198955,0.047287352889632574,-1.006185247415505
371.7666822522299,47.919068173870755,7.758220191246254,0.004765470350064137,0.004671903041713818,-0.22317195245009092
71.58535110875411,5.333568971943358,13.42166033388165,0.02600140508865377,0.025619532823897385,-0.13297970256312866
148.7566268548652,10.307427887307917,14.431983272765569,0.01257355097128512,0.012328749926753015,-0.12367370116581694
243.9520091837169,34.965757446597614,6.976883299505213,0.007170572259209491,0.007113829796029073,-0.24551035500853874
338.66401684092097,19.28282269216018,17.56298972653063,0.0055874218713842325,0.0055345508019078475,-0.10415929565028174
84.28730137602413,25.548602260455095,3.299096385655766,0.018208982070374212,0.018076383107702612,-0.5355966764484775
31.7791493390531,10.558966818075808,3.009683606984221,0.047238757449136984,0.04670324754980243,-0.5861591085199922
18.041267788239146,10.758848773207456,1.6768771611668112,0.06944416338499507,0.07222328516393862,-1.0075910092209353
106.12645134913403,8.699052410112621,12.199771463126531,0.01741773329550008,0.017198321696283637,-0.1440771296373109
327.6618730713975,30.120755427763616,10.87827540903497,0.005589986323231144,0.005534854538779847,-0.1605250445194975
473.44131790485835,30.983186239697737,15.280588453431996,0.0039649144392613555,0.003918369690845701,-0.11682533421115988
27.787058277857138,6.780165987034591,4.098285843000465,0.05785827594005875,0.05711342701384639,-0.42605827893674014
487.42456001280203,41.680602553813586,11.694278156931416,0.0037799668978814684,0.0037202133084794577,-0.15090519890616375
62.102022707244714,4.962069249438848,12.515347848937765,0.029822218442796363,0.02953560355678928,-0.14093022118470583
320.5651605578404,19.864673412875725,16.13744932499414,0.005874925756865483,0.005815173361936794,-0.11260787068991106
82.13023934429557,7.898705311813138,10.397936889918315,0.02221507769128664,0.02169118618255167,-0.16696830820621486
388.3464904646873,37.72421286426936,10.294356355742845,0.00469405660697553,0.004587404177910652,-0.16696830820621486
95.34106614671387,14.633965094474789,6.515053543670875,0.018185946186400764,0.01743770813807574,-0.2615867060009614
400.5536617742248,46.91756136142828,8.537393039006643,0.004469561161911165,0.004336142842706156,-0.2027771887621195
46.92184455773389,3.2176108429322516,14.582821493407632,0.03988874597894872,0.03908591552031512,-0.12277063113777566
633.3931087106474,36.16548071039043,17.51374781335817,0.0029870425554982196,0.002959225763917352,-0.1043886025963777
481.9775535809123,27.401030533259625,17.589760100295624,0.003926352741111159,0.0038888807000627126,-0.10415929565028174
94.35996614234327,26.18648903189288,3.6033836390751346,0.01659111416515092,0.016489042728935945,-0.48894165397246975
197.43379182793552,28.369764226086453,6.959303230528507,0.008857256435419084,0.008789949560634086,-0.24551035500853874
99.38635620877433,6.529251428905261,15.22170761701516,0.018882958277893106,0.018665722149783993,-0.11859574204555984
472.21242601333824,39.53213229988548,11.945027969429976,0.003908199838201033,0.003865202926142072,-0.14723000532158403
135.80327652443103,28.80353175640573,4.714813366393141,0.01215016572454152,0.011990387871032715,-0.36667374883688886
368.21062314745666,19.38976340280945,18.989949258179465,0.0051599535743513236,0.005090437614108795,-0.09814922923627628
718.9474993071315,38.103622841063974,18.868218969780674,0.0026418295165124834,0.002607079387285741,-0.09824036033183338
67.21049587516457,5.164567427477645,13.013770624346348,0.02763382729817917,0.027290688736514464,-0.13612029659673344
240.1491897945729,22.905771149957193,10.48422199900577,0.0076029738911547705,0.007475667907262427,-0.16682248512960882
278.1986660199272,42.25995104176299,6.583033324979484,0.006241055454642333,0.005976051966116488,-0.2612239303332942
268.9809829342626,37.729784843175615,7.129141712635942,0.006520801387225118,0.006451880176809426,-0.24201219289130485
68.05410465344089,34.2640052523773,1.986168988481554,0.01954688179679004,0.019655982559541235,-0.9281512709788704
40.922183586507245,2.300830497316754,17.785831522239906,0.04627164584407107,0.045802863916632706,-0.1030498638867562
264.6558767940349,27.715904301814817,9.548881173496671,0.006840605452768815,0.006732288754487862,-0.18063068011005493
37.40150273276197,9.020578382857773,4.146242197045568,0.04308294570031794,0.042431827839145606,-0.4210924005143302
554.5337211486266,42.755911747462974,12.969755490748742,0.003348459256362047,0.003307681125246297,-0.13642237085943215
31.3207134964139,22.642570638812366,1.3832666792138013,0.0370622365197087,0.04160185010913511,-1.0064011688390784
690.8740367116309,40.89472314090302,16.893965373752994,0.002733103829689368,0.0027068302482693048,-0.10786610765472404
130.98149239051548,47.44520042230881,2.7606900429264027,0.011209085190510528,0.011193503050001087,-0.6452154597789044
36.53691905990853,23.908438258726584,1.5282018283470502,0.03308773558003943,0.03566254795738211,-1.0065622288257217
368.41655350600263,43.343320131572966,8.499961525504679,0.00485719985857672,0.00471438614007269,-0.2035187682542239
215.51502288944477,10.920352991796108,19.735170012484943,0.008832542142394503,0.008763200818026999,-0.0946648783172613
242.84703520824493,12.892007692519305,18.837022207887678,0.007820471904933462,0.007718246197146142,-0.09832266537265712
817.6530908994882,41.893469278605835,19.517435652364256,0.0023268082180278975,0.002292357513040528,-0.095752505942238
395.6272569306973,21.207658024794483,18.654924389489782,0.004798062562042226,0.004737674599383291,-0.09942312934518888
490.6805160947591,43.706312819674835,11.22676529862465,0.003742607212200284,0.0036960114491362845,-0.1554470615674649
582.8530284177228,37.730177409005115,15.447927055827002,0.0032227749336781386,0.003182823147558398,-0.11611035730189036
66.69610153508323,3.514728395256551,18.976175122122026,0.02848563393972576,0.02810289001671727,-0.09814922923627628
459.98189979125783,32.15730843102827,14.304116925016828,0.004063890798752725,0.003987076998623677,-0.12487853954468492
195.9721963632572,9.921782866557155,19.751711864589442,0.009713737174255317,0.009637088627517077,-0.09463400814646526
18.14178186473236,4.326704695860782,4.192978985158847,0.08901356104276933,0.0880019917218792,-0.41329706145980005
503.63741491431796,36.52823282754205,13.787620586303825,0.0037025679221937137,0.0036414753910865697,-0.12956521288816658
230.37233136297593,34.50637996237723,6.676224269661262,0.00755062568068515,0.00747441002828806,-0.2590098444417892
250.06624973955311,17.642176613218783,14.174342272040603,0.007470814524771464,0.00733398951018404,-0.12722307658369517
142.57796232477634,9.058473763039737,15.739733431311686,0.013189442139366524,0.013074544986094288,-0.11449277768490264
134.90102167249552,10.820602519574129,12.467052682922585,0.01372479898634593,0.013596788964348357,-0.14093022118470583
507.2860254452588,41.28047073047981,12.288765522014737,0.0036458661145781688,0.003597963987250342,-0.1440771296373109
359.5676435285356,21.546268018374384,16.688163501071315,0.005247774849997379,0.005200909408764834,-0.10914581731440122
328.7287037546778,24.940625921545998,13.180451236016967,0.005654999832275404,0.005579017686905741,-0.1343395705167048
256.2131325356724,24.43570397025604,10.485195468382807,0.007126343457895475,0.007006961639065894,-0.16682248512960882
634.2879266633233,49.54292689757185,12.802794796009728,0.002924699857553151,0.0028917793412919558,-0.13649634443750008
287.6001387497331,29.545615309630563,9.734105576606089,0.006306248702373099,0.006194372230066593,-0.17952538509796961
103.57467832918194,12.424729932200604,8.336171401259369,0.017241467262431042,0.016769136256469468,-0.20594971400270712
918.0130747234589,49.42332843921574,18.57448908671733,0.002067319353976904,0.002041750011620346,-0.10006095341357696
268.38755360924966,20.736517652333973,12.942749506402375,0.006917445480319449,0.006834224233163886,-0.13642237085943215
323.6737715991041,28.022545014754296,11.550477354169114,0.005686724328693726,0.0056023178093198,-0.15347801774918865
546.3137953946322,32.443031094510175,16.83917244979851,0.00345568278154473,0.003423085333153817,-0.10808351469844871
642.7171197151995,33.688169798775064,19.078421996631274,0.00295680715542169,0.002916295752032892,-0.09755855859825942
297.79174242906686,22.47814018957416,13.248059666750768,0.0062447332969534485,0.006158610166558915,-0.13430770462602354
482.9116903913111,25.14021432181423,19.208734031049502,0.003936605652781308,0.003881358110145218,-0.09746965201511303
93.37043968812543,5.483470885657338,17.027616565330323,0.020231875384507284,0.02002859520166522,-0.10721876293292538
373.01016453398313,29.864957045649337,12.489894559829024,0.004964317459361111,0.00491734782897263,-0.14093022118470583
296.24677354990627,35.94448345950966,8.24178691797363,0.0060206280502539235,0.00586287530766796,-0.21101667776337904
275.79412798294015,28.438477234478974,9.697921787758936,0.006573917343838622,0.0064595367778999425,-0.17952538509796961
95.39696837733824,7.163754640279882,13.316615820556796,0.019500642557447996,0.019224754031875627,-0.13342349830142772
723.5244915589044,42.55719243178541,17.00122705976519,0.002610687661375162,0.002584679250160133,-0.10721876293292538
99.18229729403942,29.053788017862825,3.4137475372595216,0.015596234048594823,0.015512548333788043,-0.5143724538765504
828.9476508637342,47.253956104833264,17.542396852968405,0.002282579698660319,0.0022611237320369288,-0.1043886025963777
162.12284195462024,12.97812053986424,12.492012341589499,0.01142198176131098,0.011313771092597314,-0.14093022118470583
192.69333365381823,30.506976202701043,6.31636948786676,0.008960561037239006,0.008626620253043046,-0.2736349687365166
459.3265668499222,31.79500673987488,14.446500062346889,0.0040723114347863566,0.003992765463183345,-0.12367370116581694
322.7826853358358,34.95537573479862,9.23413576740646,0.0055906827303039055,0.005515521873199402,-0.18796039977881177
564.9283181703198,33.60233662853798,16.812173641833418,0.0033415164018159105,0.0033102938552836926,-0.10858988043330513
233.72301834874594,28.17500268012619,8.29540358885599,0.007636560185307839,0.007431265888541724,-0.2072744654045315
58.56285184669879,16.55018954534081,3.5385003710235656,0.026626534659425438,0.026272118452452912,-0.49859812720999536
337.7631909769223,29.469505051420303,11.461447702890537,0.005446138161525907,0.005368623294310556,-0.1537846802655089
145.1601613140815,14.259558427312653,10.179849681462983,0.012545499410263295,0.012272666940483953,-0.1709893682040057
602.0701764856371,46.50068678296913,12.947554501628247,0.003083703128322152,0.003046523136991261,-0.13642237085943215
300.1473658904697,15.368231682467886,19.530377475560737,0.0063388308387437526,0.00624477646313326,-0.095752505942238
104.25392778737042,8.911921475242455,11.69825475650683,0.017673176254426336,0.017393333503344904,-0.15090519890616375
274.22103439730375,49.92641597289422,5.492503899061818,0.0061700315634624515,0.006001251130476176,-0.3165272866883754
348.7126864917923,28.753467756815187,12.127674110165023,0.0052984882948810185,0.005234099364579217,-0.1467919710521373
203.8281381610061,24.88910770192969,8.189451409911454,0.008744421490623175,0.008521188042497272,-0.21101667776337904
652.5483286264092,39.76641498753076,16.409533744266955,0.002888859465219295,0.0028592583764226634,-0.11106247497193811
272.6193286203306,16.447241521465735,16.575383067399343,0.00691882149851827,0.006859670404805991,-0.1099622645995206
24.105223043484195,4.971464074481585,4.848717134901119,0.06878362696155466,0.06764959859085135,-0.3589647863203569
267.6405822102842,31.164232689173744,8.588069049531287,0.006693332571206931,0.006595988982083033,-0.20078050677274345
623.191160280625,34.913902906512256,17.849369689470763,0.003039028434630482,0.00300766975760732,-0.10257733072106687
329.4424668168059,44.66688362257844,7.375541790658476,0.005346030505923035,0.005272112944042114,-0.23475611431881827
214.32439247216777,35.08756063697905,6.10827280612633,0.00801886186715665,0.007678404094349048,-0.28410247130353905
77.46623623571155,11.132569135489705,6.958522807530171,0.022573667800831244,0.02240244467863094,-0.24551035500853874
82.19270627851854,11.230744630732957,7.318544671882043,0.021407901126910146,0.021131533103880572,-0.2360195071401
469.2251842698528,38.03336891640456,12.337197509407757,0.003942762497423344,0.0038898100783476396,-0.1440771296373109
251.4636449347227,16.416433273268975,15.317800203542582,0.00746602738575852,0.007377281558747826,-0.11647880534144663
66.21180039046129,48.63275824709132,1.361465044899471,0.017414843365038866,0.019679265939077092,-1.006376316892097
15.49245417110041,3.4666236033026747,4.46903267961963,0.1054903631810735,0.10512029998694031,-0.3881226250545297
159.18562146443125,48.424509747032474,3.287294436144217,0.009633441240701672,0.00957127620428859,-0.5355966764484775
350.14564796918773,36.6097291064805,9.564278581542588,0.0051712273921629345,0.00508856755319831,-0.18063068011005493
480.73629513737455,24.045001282457367,19.993190663213138,0.003962111936763558,0.003930535982521928,-0.0940391885972242
193.56961115411855,24.716053384991643,7.831736246032712,0.009162305752981137,0.008972781849725239,-0.22317195245009092
182.17773620296742,24.998546130646343,7.287533252969107,0.009653614677665763,0.009526043675275484,-0.23645026398012603
59.77409619241752,13.5206935634113,4.420934171171052,0.027287069199089267,0.027007070184812645,-0.3955206330648886
84.7697691456779,4.493074732175512,18.866761449265507,0.022405739198011487,0.02211110428722712,-0.09824036033183338
50.02745201010468,10.780290536276206,4.6406404207530265,0.03289054841124068,0.03254880858925504,-0.37355372042358304
86.551563796835,21.843331818753246,3.9623792063867986,0.018451053332739966,0.018133020973009784,-0.4449925416771312
72.00062091884874,15.727641109300025,4.577966932134122,0.022797670371701582,0.022615554406403247,-0.37960779006065687
344.7226242791347,20.03037992526746,17.209989304510493,0.005483162515309207,0.005424879623800637,-0.10582373326393549
13.686536407987388,1.9745820089206174,6.931358812222227,0.12770480030600923,0.12679855735593515,-0.24880816012122664
75.2940428742472,23.817190824140138,3.1613318056776123,0.020179347238137975,0.020225997724494557,-0.5535289477602169
396.06212039314204,24.65786296228509,16.062305196477507,0.004753755654887413,0.004706690911492739,-0.1130921114958023
325.2989976244535,20.48849994269779,15.877150525136017,0.005783899111654851,0.005727629395686284,-0.11398899085355466
51.54531893950179,33.25797947653929,1.5498632133038233,0.023583988327766356,0.025278718902065452,-1.0069103027035384
613.0014173657861,39.124367455119646,15.668021165299923,0.0030668929929664763,0.0030410076218936157,-0.11508397781127808
459.40121958481564,25.71882069739413,17.862452753572907,0.004122690950546047,0.0040799917938359,-0.10257733072106687
370.08446674075486,22.05217530508945,16.782220421372337,0.005100262983753968,0.0050531132981189286,-0.10880193727536132
98.464766178923,15.01794543649217,6.556473826284057,0.017623829846239995,0.016884513613918933,-0.2615867060009614
208.08969975241868,12.165943696671782,17.104279367111115,0.009080357573050231,0.008986887590015008,-0.10656027883392642
21.15125978921984,5.628151328131531,3.758118528813931,0.07468424123427143,0.07356089089383912,-0.4696049381421816
6.477643466001029,3.5505508903603475,1.8244051883857408,0.1994376982463749,0.2011533414933969,-0.997824328210271
97.80920917580433,5.02015250087855,19.48331433331702,0.01944969770685167,0.019163361219036647,-0.09583585117256349
378.4132267627577,42.53335963106988,8.896857197387563,0.004751196623623046,0.004704684813715544,-0.1946067979971986
233.57340675149672,44.553251625275465,5.242567000855857,0.007190968358346445,0.007045619257623899,-0.3311463425781078
310.5281682524203,32.11801497452795,9.66834869772285,0.005836924786858985,0.005737771852314783,-0.18007056360018975
154.91364739274837,14.936415218577029,10.37154130531106,0.011775091332033706,0.011499970098296447,-0.16696830820621486
142.5676605440285,31.073231845563328,4.588118199375019,0.011518024196239856,0.011421481936867222,-0.37860353983272665
41.97437948709874,22.69751412962343,1.8492941230210012,0.0309253353837603,0.03104273711990112,-1.0004275886910212
139.62909371207854,31.83894901636896,4.385480614962912,0.011663981043787752,0.01156151034275972,-0.39904674435376297
90.90414214634262,14.395960141993328,6.31455917144236,0.018993333876576292,0.018286209797220874,-0.2736349687365166
110.8522124368156,8.065254560725712,13.744415827445515,0.01681838715956968,0.016544399179098862,-0.13055290822122617
30.687995452713125,1.7929461169027343,17.11596079960607,0.0615745696815295,0.060938445562420306,-0.10656027883392642
201.55936916709055,36.87078588851493,5.466641524174165,0.008388200727100018,0.008164687652464933,-0.3165272866883754
688.3267263503842,36.63576219051839,18.788382858553664,0.002758763427919291,0.002723057429314659,-0.0988667621260604
331.96711383274925,48.77711047208,6.805797035123003,0.005252870227123318,0.005227725878312828,-0.2556930725164505
440.78746854558614,48.403299150235924,9.106558360359982,0.004088384597731404,0.004038941867231697,-0.18796039977881177
481.73696905253394,38.90799406441023,12.381439358067203,0.0038413893184073154,0.003788783024846827,-0.1440771296373109
274.48944744720717,19.06481488491718,14.397698016169308,0.006813050453129583,0.006681434457671371,-0.12367370116581694
8.981503795210605,3.1221238623578973,2.876728852271599,0.1652397162721197,0.1652759919347214,-0.6200479169228504
84.47184837430108,9.913484550070526,8.520903820211242,0.021189732959913863,0.02056138141935642,-0.2029974040101572
190.62582435085838,10.52048735518889,18.119486095559854,0.009943011050198998,0.009832630035133074,-0.10175601203112118
28.603278268516597,7.267921493127299,3.9355513533772295,0.05575503505011132,0.05486928130550249,-0.44527201881562434
35.74765590075506,6.528688463888622,5.475472768915523,0.0473077800376853,0.046035726013643474,-0.3165272866883754
500.61572849872243,49.36231842719666,10.141657532497566,0.0036365087864486997,0.0035586223352932307,-0.17124146754364714
242.84481923683555,18.24803778540738,13.307996294869254,0.007660109980831903,0.007552078970448796,-0.13430770462602354
409.47728788701806,45.80398832947527,8.939773649001562,0.004392888757957551,0.004347774623707732,-0.19282298516066276
323.0116773649772,27.954273010913933,11.5550018860754,0.005698558500783231,0.005613801178433748,-0.15347801774918865
379.92033173007775,20.249994147409506,18.76150328560363,0.004997871832736301,0.004933542770529914,-0.0988667621260604
38.02176266412709,14.828973686694066,2.5640184862047297,0.03784242449762813,0.03777364262590962,-0.6986694083805378
13.049312154663733,6.7967116404318,1.9199449447048633,0.1007758541786215,0.10092565502013554,-0.973929902677653
216.94725976186902,32.57937146119353,6.659037606673374,0.008015176537257517,0.007936939446340822,-0.2593360261650833
42.43921609968686,24.208071528005565,1.7531018962245817,0.030008723103218768,0.03070272610899122,-1.000392622563557
231.10439911103333,30.326396494654947,7.620569069317737,0.007650208137745818,0.007515468767808178,-0.22622522963494318
452.5149720735979,33.28234601793385,13.596246245074338,0.004116943271438911,0.004052867563777895,-0.13163321059959784
158.20277185241736,11.61963022638779,13.61512963580753,0.011777009249179689,0.011592611374418985,-0.13163321059959784
614.828650023169,49.692111119412985,12.372761715550796,0.003009687758379716,0.0029686268698093715,-0.1440771296373109
80.15759306767595,21.444907575893424,3.737838122360687,0.019684554881342717,0.01941058175622137,-0.46935586935996176
153.2631408508869,46.26196005220957,3.3129409276632398,0.010023801471331377,0.009941134850353582,-0.5321544291010726
336.3615839250793,22.56856855576263,14.903983967525186,0.005572114758753101,0.005515249657302266,-0.12033918442793407
195.69376091347817,41.50075008192539,4.715427083297651,0.008431898325162999,0.008320827154039789,-0.36667374883688886
300.7822793377194,38.017461653311,7.911687584000594,0.005903192234296748,0.00577446881992638,-0.21933465485851883
115.72455244726132,20.801063383594162,5.563395981886844,0.014649265544993717,0.014220571675376664,-0.31076489022478127
191.02683006508005,37.3694098572389,5.111850328781038,0.008756711584570002,0.008614859452551821,-0.3386509138713664
264.7895693937016,20.938033147788293,12.646343977236066,0.0069996737529395125,0.00692708827978303,-0.13962818154523823
196.95234212798835,19.537110682503517,10.080934961604596,0.009238325350430525,0.009045347181893103,-0.17124146754364714
896.2304408020134,48.98839001734901,18.294751888858105,0.0021159121409656018,0.002091374183080572,-0.1006659802439623
170.63425578177626,12.55880167113186,13.586826215593694,0.010917444295148154,0.010748036752868789,-0.13163321059959784
546.2057864350109,27.87213286992249,19.59684208539473,0.00348384763242855,0.003459412831333226,-0.0950353073059452
727.0234116180866,45.34350984509888,16.03368186763049,0.00258944284694529,0.0025640742136378396,-0.1130921114958023
273.81230116002735,15.543649996209819,17.615701667677413,0.006911902077728839,0.006845394447376568,-0.10411723658466654
296.32371095373287,34.561843701244484,8.573724061574383,0.006044385957209435,0.005862955848724608,-0.2022876414058329
533.7775980784417,42.49081909614919,12.562186595428946,0.0034706049132553177,0.0034363014284581428,-0.14093022118470583
287.8667953444234,17.416450764939462,16.528441944320793,0.0065512930220989985,0.006496333618740123,-0.11013814527328804
356.8308970343293,19.793838091048574,18.027372730491315,0.005310325672938615,0.005252777216217147,-0.1021196780289652
434.03151657202017,30.675197367205733,14.149265655126149,0.004303789766767947,0.004225461014733999,-0.12722307658369517
592.6197324715653,43.82967098044354,13.520971506630465,0.003142433615543186,0.0030947050055052665,-0.13159897144042307
330.0406544750294,17.346561842342105,19.026286446540453,0.005757264245938194,0.005679158553862533,-0.09814922923627628
76.4103087908793,8.49649588311621,8.993155512817683,0.023555238095216438,0.023299408017473548,-0.19250641300682483
150.27020400830457,9.985395647384632,15.048998488874423,0.012480063126012573,0.01234521589103532,-0.1189256494633792
69.85476907170133,17.90795613704177,3.900767264400989,0.02278871804906938,0.022467203634498813,-0.4485643884026976
139.13870422350726,43.66912872890265,3.186202891458596,0.010940450240557564,0.010945172648698768,-0.553417555242661
136.23976562674932,18.367493793094354,7.417439045384162,0.012936003183194012,0.012748538472830669,-0.23331583217330729
105.67944775861439,5.915867813927122,17.86372702747416,0.017921899227928778,0.017736213102338673,-0.10257733072106687
66.86003162794701,5.2017956499408475,12.853259937019502,0.02775394512669677,0.02743373998030259,-0.13642237085943215
531.5023584291195,35.082733277723825,15.149970049984756,0.003529919917191926,0.00349032902874661,-0.11859574204555984
19.734181099557052,11.291101198529335,1.7477640800994174,0.06446355526387453,0.06602754994572453,-1.000392622563557
371.78997758630123,27.704335912422327,13.419920216156294,0.00500632908259504,0.004932847475737116,-0.13297970256312866
643.7367127370914,33.012635525289014,19.499706778756366,0.0029553039173738312,0.002911676728851966,-0.09583585117256349
39.73054447715306,2.235476705944053,17.772739197644494,0.04765760354726102,0.04717663023878501,-0.10335061644426226
98.7389498052982,14.167962440803551,6.969170776521208,0.017713707338312693,0.01757597255342858,-0.24551035500853874
422.8298660915264,36.30740789507259,11.645829063685655,0.004355995719176516,0.004288541279737453,-0.15090519890616375
7.122809594371051,6.290425008230535,1.1323256512956446,0.14910646531240768,0.11762146244133602,-1.00897466511782
69.95012026677225,36.48018897131818,1.9174823990568999,0.01879163947110114,0.018827850070148637,-0.973929902677653
262.6615562417778,31.847149322195143,8.247568835265323,0.006790970732665019,0.006612531801278462,-0.2109211407674158
300.05344133469725,25.872955832573382,11.597184460730913,0.006136354764089783,0.006043334570579655,-0.15090519890616375
222.8214161140199,11.739497238399492,18.980490526048996,0.008526569799781907,0.008411907789981583,-0.09814922923627628
841.1022334355628,47.550655071238324,17.688551970008824,0.002250597534612856,0.0022284487324784248,-0.103664098523445
51.21660123683754,6.554664930224506,7.81376344665162,0.03461928624199496,0.033912010006099585,-0.22317195245009092
34.995106752737705,3.829689947900878,9.137843331656432,0.05151346999756741,0.05087325419061814,-0.18796039977881177
123.67807016589349,41.22642650100526,2.999970665972656,0.012128232039905675,0.012000425592937734,-0.5919498982836252
73.98538861688675,4.984417581526156,14.843336740304473,0.02532613534564043,0.025074114567116307,-0.12033918442793407
433.25625465686636,24.048865207014178,18.01566314781877,0.004373447646060275,0.00432619999327815,-0.1021196780289652
67.63551301378084,46.78918746111018,1.4455372423382542,0.01747874359032186,0.019265021733826253,-1.0062522822285689
784.975314499631,47.922168076635344,16.380212874432722,0.002401255907045997,0.002376895477069867,-0.11106247497193811
338.8569144703527,25.565801234566454,13.254304504730264,0.005488132088943222,0.005412264510840914,-0.13430770462602354
155.52061873214373,8.783496081918589,17.706004224478825,0.012172549678766935,0.01205212029931856,-0.103664098523445
805.5495792115156,44.09497420936052,18.268512311330774,0.0023539255232644194,0.002326800552510868,-0.10083178953271964
239.4641593909174,31.441928716540108,7.616077294423311,0.0073826321658990585,0.00725310166682056,-0.22854069888323758
251.77322266152143,12.812828142301488,19.65008972767639,0.007558977481707448,0.0075049732698620015,-0.09497468413321988
77.15976535128902,5.056368967147533,15.259915930307878,0.024326125481084676,0.024042557698647143,-0.11791630162372602
105.71114683476608,10.329752195874551,10.233657577670112,0.01723530252443063,0.016852549292831514,-0.16969828060194272
587.0633035082676,39.55193832846829,14.84284534004032,0.0031917512796809664,0.003159996714811379,-0.12033918442793407
367.3853229915079,49.107938416362146,7.4811799240405445,0.004801998460285793,0.004727619164204321,-0.23331583217330729
168.82102437291874,15.842558117897347,10.656172009380324,0.010830505793417424,0.010641227592061354,-0.16212800125053764
439.85178678533185,22.04676826980081,19.950850909420197,0.004329955091029194,0.004295881846818372,-0.0940458558566476
119.76502396384805,27.85500552632045,4.299587155015316,0.013548296981834705,0.013330377138840086,-0.4010922719424337
133.1384912130869,35.23639234215168,3.778437074950474,0.01187825617318905,0.011788035956205388,-0.4642557841030221
181.5256209030262,29.847885567894096,6.08169112984956,0.009461923745278598,0.009065768702459403,-0.28410247130353905
84.95292647191212,23.412949182232737,3.6284590126040124,0.01845599445330097,0.01831491366146726,-0.4858429126869703
88.63456543037177,14.323242879461894,6.18816326555943,0.01942543293055877,0.01856690202841854,-0.27526249160821264
100.81798130445343,21.567493704352774,4.674533939198797,0.016341808534518422,0.0161512255910753,-0.3707294000950962
511.6620300960925,36.323511386910745,14.086249114133581,0.0036497313315738892,0.003584364569902743,-0.1272999322756782
130.222933751058,13.076529683237352,9.958523928408104,0.013956786383342083,0.01368040376236856,-0.17405732920395384
188.7211736664719,20.386401183112728,9.257208860522224,0.009564455048740539,0.009433572962015403,-0.18796039977881177
65.04333305309113,5.993697400933538,10.851954762174083,0.0281543300334662,0.027882347355631748,-0.1605250445194975
14.763219778647509,4.44969271727846,3.3178065805130585,0.10409665897474384,0.10320306637926262,-0.5321544291010726
277.0477519529056,49.75657490823498,5.568063164794985,0.006119870012767001,0.005940020379435914,-0.31076489022478127
66.27295981706679,5.738097578290058,11.54963973910252,0.027773512462392434,0.027361435795906587,-0.15347801774918865
141.76051741275992,9.603833733966463,14.760825868047556,0.013213150816874193,0.013086282022172283,-0.12140666851256769
268.3201662473415,24.734146545843966,10.848167562604939,0.00682467349119493,0.006758943357550559,-0.1605250445194975
716.9128453620925,37.906304896363025,18.91275995700857,0.0026496413072127083,0.0026144784796505757,-0.09814922923627628
27.733785905985112,8.828758883382688,3.1413006371920615,0.054700787691933025,0.054603010697401096,-0.5674736749142755
20.026608957295572,1.3747503697409993,14.567451224667467,0.09345200785790171,0.09157732376717906,-0.12277063113777566
200.30229204852222,41.90473318344544,4.779944336399023,0.008257398802056011,0.008129382559888949,-0.36413272368373106
469.147902862707,28.723028862351676,16.3335108254421,0.004017105383257178,0.003977006533037161,-0.1114114205379759
437.4671642228166,26.850237264182283,16.29286027972608,0.004307398330527573,0.0042650155879936005,-0.11183877057244754
159.95000174124343,10.504153638836522,15.227309809128046,0.011733360184387321,0.011598112474381394,-0.11859574204555984
102.10019802099933,16.864113956257384,6.054287719226146,0.01681176452634261,0.01611817924524196,-0.28410247130353905
52.44701605951106,7.50339205852308,6.989774178191402,0.03336090716951041,0.033089262309281935,-0.24551035500853874
853.4745167030117,43.954573079738324,19.417195001637648,0.002228588333908544,0.002196144312808441,-0.09602694898365999
47.283810873077435,27.185467757104675,1.7393046643723922,0.02685671241602987,0.027556992639332315,-1.000392622563557
51.53083714748424,28.683310460888514,1.7965442732891574,0.024933257531633234,0.025285823020101843,-0.997824328210271
108.35690086167645,9.02675533410465,12.003970070207316,0.017038147088077174,0.016844306511842433,-0.1467919710521373
18.02074608095467,1.2478366476141458,14.441590664459326,0.10379590591448502,0.10177066166972969,-0.12367370116581694
327.40665431413817,42.497886047034,7.70406918480098,0.005406800354619098,0.005304894908933577,-0.22442948299034765
118.89830607901183,6.146645177695109,19.34360982971149,0.01599424830750796,0.01576433902042879,-0.09636579975439602
87.754384113587,9.806351522656195,8.948729189530157,0.02050005042455843,0.02028747599613313,-0.19282298516066276
439.02620337189336,29.62054492367806,14.821678821342168,0.004267606693685235,0.004225529356162358,-0.12107111210965613
31.276655064287333,4.985405807021863,6.273642763490722,0.055154063281119645,0.05261653745563867,-0.274895451004577
447.18287902402915,45.96492595594419,9.728784931637628,0.004055579239739736,0.003983833899729684,-0.17952538509796961
615.6798486826692,34.5309728663201,17.82978577134659,0.0030759254286716184,0.00304436341386629,-0.1030498638867562
73.014229492586,4.037753121833328,18.082886023361958,0.02595650276785642,0.025671067393439755,-0.10175601203112118
128.4092847384785,15.071639687653391,8.51992798392538,0.013939135170749874,0.013525952559889844,-0.2029974040101572
52.02720470001128,2.9782618732060224,17.46898255256692,0.03636002245954622,0.03600814872769828,-0.10482304948765182
87.29679020414616,24.792642017472637,3.5210765412828398,0.01784289526996335,0.017624590515091437,-0.49859812720999536
113.25220299404685,32.9547542754057,3.436596797159782,0.013679239602217383,0.013585344390261414,-0.5134022312408418
710.0458644611547,45.30976874917179,15.670922277089165,0.002647759428892888,0.002625382493926107,-0.11508397781127808
634.8584744281835,35.565688480068054,17.85030746091067,0.002983186034530952,0.002952395347124381,-0.10257733072106687
318.2821894294185,47.24126378316771,6.7373766902236,0.005471605125258029,0.00545249822129029,-0.2556930725164505
59.57149865486632,39.76798918449738,1.4979761329770445,0.020132980786392692,0.021872869704655917,-1.0067736043346858
279.9046452900616,14.258855941151984,19.630231657102208,0.006798940016790162,0.006696399068482353,-0.09499031415262117
151.80551753371122,12.93243050995025,11.738359422609046,0.012140493576318724,0.01194504234430536,-0.15090519890616375
277.3414385226289,27.936674706462252,9.927503592919555,0.006551403174125134,0.006423498494579594,-0.17405732920395384
594.1095435679287,37.47084657170234,15.855247423648953,0.003166659432788653,0.003137707519804897,-0.11406352644278
121.30641880561215,28.382214859736557,4.274029331576208,0.013361067911617784,0.013160993071921876,-0.40512960780328844
872.5629418043688,45.42126335692405,19.210450729820018,0.002178686723317416,0.0021481008603325344,-0.09746965201511303
462.4791129245714,23.639631857557557,19.5637189153907,0.00411422110640142,0.004052838611740617,-0.09516221184911976
147.02092405209427,12.744233487855883,11.536270438876697,0.012518374035965188,0.0123337772955151,-0.15347801774918865
814.9864811041901,41.60682426918648,19.587807899767043,0.0023348302951401527,0.0023185063187571658,-0.0950353073059452
24.156455831883743,11.902576474592141,2.0295148603707247,0.055464605455893434,0.055375271251822344,-0.9179797644601364
118.68574360478166,35.61690209007174,3.3322871064034927,0.012961540555533767,0.012837342586494254,-0.5321544291010726
335.90733963917614,20.171754556987473,16.652361037320784,0.005616729632821976,0.005567245843224967,-0.10946120500189957
81.21322645214885,41.10403460124914,1.9757969561868944,0.016350922043021333,0.016286874960078756,-0.9559836153523664
66.86723396408881,29.805272199536113,2.243469998074016,0.020688405415029393,0.020491407317053154,-0.8168780506651379
442.9706334389426,24.456361715631623,18.11269552640824,0.004278743035238297,0.004231326107179982,-0.10175601203112118
676.2441802220167,36.90727218283523,18.322789527006094,0.002804453378389268,0.002771710664288284,-0.1006659802439623
274.3435380206019,18.41016095121337,14.901745766786496,0.0068316813998396285,0.0067620259032058205,-0.12033918442793407
54.52821692349583,3.6602571521328633,14.897373232840149,0.03437106801255109,0.03402125019189988,-0.12033918442793407
90.19370239643307,12.136675914621541,7.43149961578632,0.019544538318040625,0.01925697523745001,-0.23331583217330729
682.0594964298388,45.87913609900624,14.866441577233894,0.0027474843491298684,0.002719877254378601,-0.12033918442793407
224.87511200009004,36.71218344922676,6.125353789188107,0.00764563124736119,0.00731814774005096,-0.28410247130353905
477.3482427740883,48.411658356269896,9.860191924457508,0.003804017757345315,0.0037320810117190822,-0.1788226028080648
63.92885050594007,14.524173790183145,4.401548165799932,0.025492962418516105,0.025251872954486557,-0.3955206330648886
266.9255747835451,16.314953950520938,16.360792411248095,0.007061136373876057,0.006989979420887957,-0.11106247497193811
16.121691066651145,2.117338272765442,7.614131040853811,0.10965495820974287,0.10773422505377617,-0.22854069888323758
453.06095585047893,35.61271686376914,12.72188689179746,0.0040927107631793785,0.004048507599408418,-0.13751371645582958
96.61698432445787,6.414549931244662,15.06216108067781,0.019411532735564452,0.01920074532902629,-0.1189256494633792
253.88150198471436,19.190283567495637,13.229689967413353,0.007324081453364247,0.007223776596970681,-0.13430770462602354
180.98062738458083,17.658134100237344,10.249136537146825,0.010068528342857487,0.00984360778598133,-0.16969828060194272
100.77171976706741,28.4639049001029,3.5403336302849686,0.015475609029249809,0.015267876584683754,-0.49859812720999536
38.21658570450116,9.68877024179094,3.944420679898066,0.041748985275096386,0.04106702084037701,-0.44527201881562434
103.94948963341385,45.19934600581977,2.299800745347721,0.013409424159620457,0.013371049423775034,-0.7845571358497296
587.361995667653,30.357047698774675,19.348455801627942,0.0032377178937214837,0.0031911380372059636,-0.09636579975439602
409.48882689969184,22.620571243938972,18.102497168784435,0.004628457535504032,0.00457729999662089,-0.10175601203112118
633.4172164822405,32.24239578244833,19.645476122684762,0.003004538600735675,0.002983106958531353,-0.09497468413321988
328.7008261334143,41.473278224744455,7.925605117400618,0.005402863075654037,0.005284008300353601,-0.21933465485851883
125.56321774173955,28.593858426797475,4.391265280381494,0.012973780054140606,0.012856656910646622,-0.3955206330648886
17.475227803322298,5.465133683401387,3.197584691550688,0.08718258433536295,0.08714605365848188,-0.5532592486038335
87.93576566116002,37.01121760250993,2.3759219868301935,0.016006789021704437,0.015849219916663788,-0.7607281560446899
845.5836230101721,48.353327743188316,17.487599354095998,0.002237294250242717,0.0022166384908352274,-0.10465353045628414
25.715320633934148,2.490405018354764,10.325758438650457,0.07090758892911868,0.0692778572818478,-0.16696830820621486
835.5592845647396,44.405397880120645,18.816615196658372,0.0022728184890821713,0.002243231857522404,-0.09832266537265712
79.15160602016041,12.20979768491624,6.482630430309493,0.0218910822173463,0.021004370835077096,-0.2615867060009614
46.16477340299543,23.24478851222848,1.9860268196765627,0.02881447375280625,0.028975996101963594,-0.9281512709788704
560.9425119011327,29.493000118665577,19.019513431803176,0.0033873301305307273,0.0033414354701549356,-0.09814922923627628
30.74801386547333,6.104099588049098,5.037272643073072,0.05427097152846832,0.05352115749255183,-0.34197935707601324
33.93646614663869,22.615187315162718,1.500605132016105,0.0353658978574504,0.0383952655105203,-1.0067736043346858
88.99367684978833,4.715179233181162,18.873869358672817,0.02134269997095266,0.02106164474076014,-0.09814922923627628
723.8668099046768,38.731508038327604,18.689352585712868,0.0026226126558929514,0.0025893619935842592,-0.0993449122371446
102.0291319854094,8.243998946613978,12.376169944480086,0.018136784392499723,0.017888977542692537,-0.1440771296373109
323.86691364016616,18.412760009873168,17.589264915553365,0.005843174906275274,0.0057874180011693345,-0.10415929565028174
445.71014608990356,46.92445597250371,9.498461662530005,0.004059804146170468,0.00399753023075722,-0.18063068011005493
444.805809866988,34.07279521616164,13.054573510775679,0.004176423792524061,0.004123109931925952,-0.13487604758876864
113.85102840069524,36.15148463597119,3.1492767045979635,0.013333109956038688,0.01330113772160436,-0.5642487625058341
50.950090039581596,8.386823346274044,6.075016479537135,0.033705831427300825,0.032299634630649214,-0.28410247130353905
376.2355449204495,18.977416097384797,19.825435822756557,0.005060562778227682,0.005019731522924586,-0.094202377341679
15.521523982855854,13.476008841416977,1.1517893884984862,0.06897138498368624,0.05397635451947122,-1.00897466511782
348.1122547648175,38.655844297818525,9.005423658136543,0.005171057294660968,0.005114197897062292,-0.19249598843847712
324.2527236355806,21.9888764086261,14.746216114452226,0.0057763134174075225,0.005721210572027026,-0.12140666851256769
332.6678999807652,32.31887882753706,10.29329952180513,0.005479650541123948,0.005355197519621376,-0.16696830820621486
112.7851370159276,26.838635944587253,4.20234237122896,0.014324208246152992,0.014155348654272188,-0.41329706145980005
676.8512957896481,35.270376832917954,19.19036190046999,0.0028085088221434127,0.0027692245219055668,-0.09746965201511303
97.8204999669723,7.859821716170783,12.44563852710763,0.018924999168686455,0.018658633429635436,-0.14259864811177586
122.05455827322646,13.486351210360171,9.050228365657906,0.014755692636415359,0.014586222640489187,-0.19249598843847712
104.67741438590642,11.596569927807359,9.026584157001542,0.017200752273216054,0.017007632178384614,-0.19249598843847712
217.93093808761523,44.947137039911524,4.848605549539228,0.0076080897923106175,0.007482685465149737,-0.3589647863203569
72.33631240474604,10.287325000678033,7.031595910499414,0.024206148056472566,0.023991174197848943,-0.24551035500853874
348.8037872321431,35.13932270634911,9.926309341446695,0.005209105068509761,0.005107462642454003,-0.17514405718807308
614.3061825255036,44.60778638371843,13.77127699727601,0.0030352976175491253,0.0029854546553661054,-0.13055290822122617
146.5313429238944,37.256414837922634,3.9330500146445333,0.010882117635887017,0.010710618562951009,-0.4485643884026976
521.3409481872344,40.24925940360459,12.952808471813642,0.003561315658582764,0.0035182748048733043,-0.13642237085943215
78.84464408382443,41.13180554876407,1.9168777794193759,0.01666993819307645,0.016703866091036714,-0.973929902677653
177.32660909330235,35.82725971577187,4.949488476095749,0.009382893264730918,0.009280441898098206,-0.34858878513836555
439.2702753037338,31.0141600189836,14.163539332835674,0.004252745465895687,0.004175067960546239,-0.12722307658369517
438.51480758114656,33.82172106593155,12.965478803586384,0.004234269167639089,0.004182802247599098,-0.13642237085943215
441.8396612336328,44.01188330282444,10.039099172229196,0.004116483774705638,0.004032010860819115,-0.17124146754364714
279.196670824282,39.00788748213615,7.157441452120203,0.006285265084336349,0.006215808614797248,-0.24201219289130485
73.57782677464726,16.39375153447501,4.488162860094457,0.022229242140539604,0.0221339974471923,-0.38035708239805305
61.186859777849556,13.947865149383427,4.386826164615906,0.02661885036428861,0.02638349503412117,-0.3955206330648886
544.0117905515344,27.7926292192685,19.57395920549948,0.0034976994420603856,0.003445427541347918,-0.09516221184911976
41.58614151961893,2.177449731435674,19.098554110913792,0.045700088654214474,0.045071582442915405,-0.09755855859825942
318.0720254104444,32.23850628914218,9.866214723402678,0.00570922030318839,0.005600939946025656,-0.1764936057294186
13.467845330339308,2.7380893660819816,4.918701886494988,0.12341157961358773,0.1221924704592449,-0.3504071231418031
204.16598142467882,40.91509213634177,4.9899919751942505,0.008160564873248108,0.008060448078536961,-0.3467380941253522
61.746543992416555,27.682161234285292,2.2305535853877396,0.0223641837923293,0.022190776013166293,-0.8168780506651379
22.789618982064884,6.5854498791490865,3.4606016901323007,0.06808494677746083,0.06751188696225044,-0.5114986826329992
293.84917558023864,19.617441934782732,14.97897516695227,0.006380264717993966,0.006313164251045793,-0.12033918442793407
299.31525339083834,41.465234728121,7.218462776187975,0.005868880612970546,0.005798010799891306,-0.2372210342329613
87.33542752056714,10.320966783881024,8.461942504937133,0.020479969737208514,0.019887208924614517,-0.20579264467921993
79.29427505706857,15.38209840924774,5.154971249527096,0.02112459451894357,0.020753948396561632,-0.3346807320267716
73.95029888646042,10.58727178638837,6.984830500104412,0.023658120100703894,0.02346755994045109,-0.24551035500853874
72.59271789248663,49.17842107245558,1.4761091614863822,0.016424253045508576,0.01794945369201884,-1.0066254819852019
827.6864444654658,42.76937497751872,19.352315644091842,0.0022976467677358107,0.0022645691717166415,-0.09636579975439602
569.8126078418063,30.393025191264073,18.74813725372717,0.0033321913189871765,0.0032894203816996224,-0.09925419767386341
170.12718959679555,17.48487132764337,9.72996520299389,0.010660295452995976,0.010471590796608336,-0.17952538509796961
403.67124183617045,30.71354271557726,13.143102558189646,0.004604212834166945,0.004543259619136469,-0.13470321933701077
247.0693055073678,42.961959211667036,5.750885435417294,0.006895808291349148,0.006660759778709502,-0.29973366683317254
293.1702238132393,49.152506272365336,5.964502037570897,0.005842439967395271,0.0056133575615971145,-0.29045381082250366
174.63785395909997,11.31169876008787,15.43869383927471,0.010755605328184386,0.010622657507615204,-0.11611035730189036
703.3980744446732,39.63371105282073,17.747469408232778,0.0026916748906790147,0.0026647118809132904,-0.10335061644426226
364.1619818140351,23.224913173328428,15.679799493598967,0.005162797259998276,0.005118991205932358,-0.11508397781127808
244.937473435904,15.189215302242456,16.125748997694615,0.007688561330257338,0.007610685111964949,-0.11260787068991106
587.0269226643018,47.70330197335668,12.30579222780362,0.003150944956405248,0.003109221707419307,-0.1440771296373109
625.817863527021,39.14939080458212,15.985379354964934,0.003007666899342758,0.0029787292614737843,-0.11346214160985876
522.7381833758369,32.695161232673335,15.98824302029891,0.0036007921011830383,0.0035661102282644407,-0.11346214160985876
151.33393985106673,11.833929218102575,12.788139683949476,0.012257315189623332,0.012120352675421187,-0.13649634443750008
196.47118481205504,28.705079033850975,6.8444746165082115,0.008881930829834942,0.0088330157594988,-0.2517689206604019
525.9884677273301,47.17077638113016,11.15072737996618,0.0034894316379926265,0.003447909824316665,-0.15772462057534828
515.1811587844277,32.590863763224846,15.807533133434536,0.0036511539795298933,0.003618420337497195,-0.11406352644278
74.52523634535169,10.220402427692198,7.291810363887965,0.023600034514533217,0.02328651550583813,-0.23645026398012603
351.5467014446666,30.418643114957334,11.556948813137739,0.0052360771166448175,0.005158129282930527,-0.15347801774918865
390.30777613715725,49.25578227291295,7.924100646185407,0.004549967716236827,0.004449969997553166,-0.21933465485851883
312.02522812618,19.64843048020185,15.880414898308691,0.006030023633482232,0.0059712867205328835,-0.11398899085355466
214.52258632171356,19.730900144592894,10.872417616512132,0.008537759801016525,0.00845393875046138,-0.1605250445194975
117.59452746652434,9.526294775897645,12.34420414577646,0.015733063747699488,0.015521103661111958,-0.1440771296373109
399.58841395160755,23.708088603531934,16.854518330595344,0.004724820516889283,0.0046800124203336835,-0.10808351469844871
239.98490263194455,22.42799908327952,10.700236866464724,0.007621576480909623,0.007485733156440804,-0.16212800125053764
73.47979316871695,11.806173379424733,6.223845001020756,0.023450516901523916,0.022396215635753686,-0.27526249160821264
211.5084676545209,24.192330330581306,8.74279016383779,0.008485334021340109,0.008380177212390937,-0.19849310542358004
469.5118164695315,28.7191580922853,16.34838371517772,0.004014202452504998,0.003973923997643942,-0.11106247497193811
28.0281840551422,6.441021620910799,4.351512183121479,0.05802280501605733,0.05736766639733226,-0.40036283062797057
140.81479732638527,13.886433825797004,10.140457880898971,0.012928145336041736,0.012651385697097015,-0.17124146754364714
102.09154529430359,35.86481990421248,2.8465651177663513,0.014497337597450075,0.014507590811166711,-0.6274572021233737
26.390658403260524,7.257955188613504,3.6361010391277935,0.059437812929177866,0.058956676633343016,-0.4858429126869703
648.0244086984476,39.313010372337395,16.48371372634516,0.002909779017565798,0.0028858152798148457,-0.11089714911713303
115.02625415034059,28.960304729579914,3.971859247491044,0.013890185414236662,0.01364420091019852,-0.4425362726858197
818.77341655294,46.7440431832747,17.516101748894116,0.0023107563891426796,0.0022892208858896926,-0.1043886025963777
579.9368217347851,43.534113515992516,13.321434040955992,0.0032078480117048976,0.003162384562778558,-0.13342349830142772
514.3433890884836,39.97467044665644,12.866732441855673,0.003608036876296673,0.0035661403678318893,-0.13642237085943215
67.03104695785963,37.56634661142176,1.7843376586819695,0.01912093534792791,0.0194387479731315,-1.0018388640172495
597.3553204062619,33.40716534095551,17.88105378919816,0.003170765613352463,0.003137752593731822,-0.10253805771853677
187.31850122636092,38.076595284885684,4.919518140339509,0.008873307498507206,0.008785407110899807,-0.3504071231418031
221.0630411116461,21.231435817037813,10.412062708177622,0.008254418447138904,0.008058797634720461,-0.16696830820621486
52.69013674491793,6.5694667339189765,8.020458718950836,0.033749803957332423,0.03296362471083491,-0.2128335309748802
45.71836589322984,2.403136402658772,19.02445730614714,0.04156146222747654,0.04099781716524154,-0.09814922923627628
114.77193381175246,7.284823320386467,15.75493718434666,0.016385819572732014,0.016242141441116503,-0.11449277768490264
257.083019192448,39.69046911471199,6.477197799034215,0.00673914644939579,0.006466898087091581,-0.26880319008702624
130.2506110700608,7.802306677199778,16.6938594519342,0.014487198334058293,0.014357542931672386,-0.10914581731440122
479.40281229043035,24.448598776500518,19.60860074939028,0.00396942423117343,0.003941468964510392,-0.0950353073059452
86.4524000214428,5.346387241580063,16.170246582417924,0.021786780192090977,0.021562640042133954,-0.11260787068991106
98.32024267138452,9.025471275652539,10.893640860241506,0.018631391291381912,0.01844544679792736,-0.1605250445194975
84.4870497751777,9.229408792952917,9.15411286578697,0.021340968604207627,0.021072045550144174,-0.18796039977881177
75.56689683804673,4.052281152428614,18.647989612655074,0.02511957609307716,0.02480389276803735,-0.09942312934518888
331.4091412515231,17.317043240554767,19.13774405063541,0.005735158668721748,0.005655707621419261,-0.09746965201511303
371.8981874982594,43.112178604789484,8.62629074970811,0.004819156732830599,0.004746875329758323,-0.20078050677274345
50.93520962743816,34.239293255763364,1.4876244450187195,0.023481205434712885,0.02558151105531264,-1.0067736043346858
132.62710724807047,15.95638170081442,8.311853510078738,0.013460445801538769,0.013095798661832879,-0.2072744654045315
96.74224967182752,11.596220163192095,8.342567518586785,0.018460663170207656,0.017953457765494164,-0.20594971400270712
79.75297950883316,8.496532039341052,9.386533133701736,0.02266301495513918,0.022340730015638688,-0.18344510331748873
7.7807872607607775,2.9367728562374933,2.6494344784735215,0.1866096367239367,0.1868134623349016,-0.6762156906787533
45.639385859415576,10.217780415234168,4.46666340483983,0.035805611587347595,0.035683465045225175,-0.3881226250545297
663.0425888621706,48.50316009463726,13.670090517163638,0.002810782023407751,0.00276601123856643,-0.1307087181154518
104.49357198157507,10.34392525215405,10.101926438400648,0.01741591421075116,0.01704891773772238,-0.17124146754364714
75.89435581653541,3.976355663441164,19.08641033152853,0.025040468063207325,0.024696872195809308,-0.09755855859825942
70.6724189400054,5.027081643744535,14.058339201223607,0.0264202535628,0.02595048082332987,-0.12820841775481742
98.87649514356522,12.777644960599341,7.738240923774061,0.017912457147886827,0.017565933047082524,-0.22317195245009092
146.30371286960707,35.16361279210937,4.160656464242414,0.011021267838201978,0.010912320037313097,-0.41691706595562816
512.5667067417303,44.78642825523848,11.44468819483897,0.0035883892534503774,0.0035377314039108263,-0.1537846802655089
342.9728487747588,29.760429755181075,11.524458873617231,0.005365767199236946,0.005287075468269027,-0.15347801774918865
251.31453539639608,20.922291546660475,12.011807350830546,0.0073465446334280765,0.007262599626036495,-0.1467919710521373
310.86800635869906,18.666489595038446,16.65380117541371,0.0060691673392541425,0.006015668071538845,-0.10946120500189957
195.22895769973408,45.404734763002395,4.299748885634158,0.008311388066780015,0.008177644117404872,-0.4010922719424337
889.143212927722,48.95788389725379,18.161389793597614,0.002131966380562868,0.0021080442146237436,-0.10137671602648096
604.3199911967831,30.588842997058226,19.756222595764786,0.003150058547443976,0.0031251678785964724,-0.09463400814646526
180.91302781830117,37.4482965537312,4.831008202435198,0.009159131113312478,0.009013771327029236,-0.3622301153929501
566.3819696064152,46.15467552576695,12.271388827990329,0.0032651107748311297,0.0032225546516880654,-0.1440771296373109
447.3431992523883,47.07283143265727,9.503214181886651,0.004045176280447198,0.003982937007039107,-0.18063068011005493
265.81600831550355,29.28292425010019,9.077508996206008,0.0067773881206953475,0.006697546067830283,-0.19249598843847712
286.1697538406643,21.99896757407218,13.008326544284829,0.006489951318934734,0.006409554811921795,-0.13612029659673344
193.36616179633901,24.00368005918788,8.055688182792801,0.009200908382356389,0.00898222252273578,-0.2128335309748802
907.4632023525262,45.93463986346553,19.755531012104093,0.002097760149479026,0.002081187887272829,-0.09463400814646526
783.5557838792486,40.0650223938823,19.557103355042504,0.002428301937939091,0.002392112016204711,-0.09516221184911976
508.9359296897098,35.61363667078097,14.290479076720175,0.003672760247275643,0.0036035641137757667,-0.12487853954468492
505.42241305205926,48.414342857918285,10.4395181926836,0.0036111723872748643,0.003524779010247708,-0.16696830820621486
350.40459121050793,19.504202707268465,17.965594209084262,0.0054067381821816364,0.00534911143575234,-0.10246971722880538
435.3630895500807,26.052959120997883,16.710696375337704,0.004334482959056555,0.004295446226843816,-0.1088860253336537
173.68878775539287,11.197832506869908,15.510929248926898,0.010817440424639642,0.010680701583829446,-0.11558483690206266
91.00783947681964,8.528229712274808,10.671363524112245,0.0200932186321371,0.01973965048510725,-0.16212800125053764
501.7337366960219,40.771157176996496,12.306095078878585,0.003686602687990002,0.003637779796922859,-0.1440771296373109
497.7751243071111,31.43862959644563,15.833232259060946,0.0037791912724257685,0.003744948052668919,-0.11406352644278
343.0925111094424,25.650061070145476,13.375894512343807,0.005423838067240971,0.005345448218938029,-0.13297970256312866
353.00349492622485,30.728268290853336,11.487907212503115,0.005211974070722402,0.005136842442362622,-0.1537846802655089
57.611161046030695,3.848613540777798,14.969328677876964,0.03254160975118957,0.032200672175140194,-0.12033918442793407
102.63513831215305,28.694094440828906,3.57687323166098,0.015228901883267783,0.014990676740265463,-0.4901323988167069
185.07766090459498,13.595324332133956,13.613331788425581,0.010066793920758267,0.009909263189717632,-0.13163321059959784
295.4742850945429,21.256325216009,13.900534645189246,0.006314514400862663,0.006206913240704264,-0.1295959871754494
160.78400189818504,36.34411985826459,4.423934395033177,0.01014568587261733,0.01012893951371653,-0.3899687936469957
64.61060996132429,4.222664683875129,15.300909448967019,0.029055714845893716,0.02871228288330522,-0.11682533421115988
193.1468011476478,13.672038704323274,14.127139728369281,0.009670298902321876,0.009495281524434813,-0.1272999322756782
683.0389504337383,34.51901545135577,19.787324218336337,0.0027872312692299893,0.0027649981361715964,-0.09447053967709336
370.48797598683365,30.901301354900088,11.98939720148985,0.0049826941398268725,0.0049264671705628186,-0.14723000532158403
488.1199564590398,39.11322913823247,12.479663970825447,0.003793387925182127,0.003757725326499374,-0.14093022118470583
223.70096415052672,19.524161382171805,11.457647771483588,0.008222834691192813,0.008106014839610608,-0.1537846802655089
41.86048461919398,12.07681324825471,3.466186299207987,0.03708009260892184,0.03675471496869513,-0.5114986826329992
254.29979361805715,47.021024343995336,5.40821466920109,0.006637443816616329,0.006471374865324747,-0.31977038553775505
483.9730234336418,28.498985032464624,16.982114376435646,0.003902652177991639,0.0038640144176783227,-0.10721876293292538
301.2364088650003,21.55552256278915,13.974906337228793,0.006195941736069733,0.006088185884804012,-0.12898848216919093
535.4766584086206,29.759787071400623,17.993296024729208,0.0035383422565781666,0.0035003453027338846,-0.10233045364330785
640.1759190337873,41.08824367648465,15.580513104291398,0.0029357187849767463,0.0028978255122003916,-0.11538752843956268
21.879812013224086,1.3238130355918154,16.527871704664577,0.08619342864713553,0.08547051223222078,-0.11013814527328804
885.2627956202408,48.36196937638218,18.304936855043863,0.002142188248409664,0.002117284511737586,-0.1006659802439623
90.42316019644375,40.30531546168808,2.243454967680251,0.015298885647762023,0.015153238665249874,-0.8168780506651379
164.9923977714304,11.460755422867042,14.396293410313055,0.011334453161048048,0.01111556215445529,-0.12367370116581694
102.62247625312331,6.903375285206982,14.865550837577912,0.018260529107140232,0.018077113106262435,-0.12033918442793407
520.519042858243,35.60478693059278,14.619355646557635,0.003596321345840214,0.0035233739814210948,-0.12277063113777566
51.499533658789225,6.195925341794915,8.311838961550524,0.03466477318396498,0.03372570138459156,-0.2072744654045315
356.381340631615,33.109670845015785,10.763663048775474,0.00513490668864896,0.005040844561315394,-0.16212800125053764
115.67691259538869,13.302308261081933,8.696003003765918,0.01550637371445762,0.015261077528859432,-0.2008093725696663
415.9254675099446,44.54204987646516,9.33781603369154,0.004343411694600953,0.0042803701632367006,-0.18556106459031488
101.81974575129021,13.301110761780237,7.654980668521441,0.01737304655801381,0.017058163726558297,-0.22622522963494318
297.724681395726,20.073083378237772,14.832035307465725,0.006293310468758383,0.006230985290758203,-0.12107111210965613
313.59853467288394,37.63974223262972,8.331580294432165,0.005694140221904171,0.005538475794964321,-0.20594971400270712
689.8716401329763,39.59961229874607,17.421171574319207,0.002741711881493504,0.002715582458735804,-0.10507824526938718
116.67960161568054,16.708099308203987,6.983415615586429,0.014993886139032164,0.01487349157608933,-0.24551035500853874
454.63327045414326,33.21081698474436,13.689313053123097,0.004099670471563398,0.0040339838098715,-0.1307087181154518
361.14519063066115,46.47462459965739,7.770803825563844,0.004906532816295829,0.004809306447052512,-0.22317195245009092
111.80946951906013,19.840137236119382,5.635518957777604,0.015191841808682908,0.01471851444923123,-0.3067169181709371
795.1185570200067,48.030142630807966,16.55457413757489,0.0023720608248916104,0.0023519495599797777,-0.11006211593169478
90.67355956377902,8.47652813595834,10.697016291272847,0.02017143954584014,0.019812423283256553,-0.16212800125053764
314.17473438912697,21.47114112847946,14.632419046065678,0.005958661034984442,0.005837462570015038,-0.12277063113777566
119.31649479587618,6.724570931158113,17.743361772425732,0.01586784424951926,0.0157090870729219,-0.10335061644426226
46.61069021821134,4.7499002816439395,9.81298289531236,0.038940362260936924,0.03822089534599065,-0.1788226028080648
727.0558090232237,48.87882735627702,14.874657358772644,0.0025775366973331284,0.002551548433351675,-0.12033918442793407
138.513467836851,41.7962451721063,3.314017019148198,0.011092025862747868,0.010999721359817482,-0.5321544291010726
849.7944743372774,46.278041805644804,18.36280104301265,0.0022319622173089873,0.0022056547348651436,-0.10052557411808749
257.05341907360514,42.54314825530921,6.042181399716368,0.006675643909512103,0.00640205175487645,-0.28410247130353905
408.7698173102862,26.80778018146965,15.24817849680968,0.004591604369730823,0.004538295226098532,-0.11859574204555984
175.57425897113978,9.624898478517581,18.241673859003818,0.010799185199012903,0.010675558119783098,-0.1009016411972466
135.56604456481486,19.198068869429086,7.061441725562803,0.012922892495034118,0.012801384574605357,-0.24566395106645328
104.85145381446041,6.2062387630410525,16.894524657811147,0.018008657964906867,0.01783550606388494,-0.10786610765472404
460.0387039255132,23.086706140241937,19.926562980919556,0.004139711880871248,0.004105309854945773,-0.09413255887406215
99.9310153826587,9.069730055562488,11.018080446768177,0.018348498369981776,0.01814812746983298,-0.15752546669499704
382.55830202757704,35.898449373067145,10.656680405660971,0.00477946644021316,0.004695919375310448,-0.16212800125053764
460.7775614874663,26.29369411708375,17.5242611188698,0.004106175383964327,0.004067804864311381,-0.1043886025963777
139.48330896183592,16.60959769108396,8.397753609451398,0.012812882038561154,0.012452084099161065,-0.20579264467921993
448.62102661607906,40.334739506031724,11.122447600014661,0.004090349554238664,0.004042522970967074,-0.15752546669499704
455.6936768540419,33.32247804860678,13.675263772079955,0.0040898444355036735,0.004024596665685944,-0.1307087181154518
449.48782332821276,47.23918019886167,9.515148684545634,0.004026356501254695,0.003963933371891573,-0.18063068011005493
21.92671841270032,5.189269867634749,4.225395666827103,0.07375722320437904,0.07281130296978632,-0.41329706145980005
433.1615296547602,45.608630161854485,9.497358901540565,0.004177369785882371,0.004113338007116408,-0.18063068011005493
81.52790180823808,6.681401195863791,12.202216184639383,0.022673345462292077,0.022387388983472804,-0.1440771296373109
261.72168845927183,29.43725721540881,8.890831321142063,0.006869100296285079,0.006802321090546107,-0.1946067979971986
211.1817075563474,37.95457110571886,5.564065181190449,0.008027734903726496,0.007792669695305256,-0.31076489022478127
22.55823583151054,1.1290263185900185,19.980256846166647,0.08443356548876248,0.08376325703193095,-0.0940391885972242
92.75509781595446,32.862064897194145,2.822558415185716,0.015921391287646525,0.015967881003675573,-0.6349492184263246
59.79017922504278,3.7777687104221087,15.826850135132315,0.03146239677314154,0.031178063130142944,-0.11406352644278
200.8055722574291,12.970193249203783,15.482080212625684,0.009355597418912974,0.00923837964065167,-0.11611035730189036
132.17324462578037,49.333684657913956,2.6791683115154776,0.011018863069817081,0.010997352845422241,-0.6762156906787533
35.67638869884795,3.1975344818800555,11.157468012001326,0.05144837043335808,0.05083364296378163,-0.15772462057534828
694.396584267266,37.44549920477537,18.544193534979247,0.0027328299986678836,0.0026992546456173707,-0.10021091784610414
71.87991013620866,12.907115192888469,5.569014381758434,0.023588514778494555,0.022894704369533968,-0.31076489022478127
16.732511070004684,4.077428352847337,4.103692234915688,0.0961079203240611,0.09484614223425376,-0.42605827893674014
406.80260559807937,26.119343553320242,15.5747637672298,0.004619770385678848,0.004560241465870295,-0.11538752843956268
711.1150781793922,37.718497687760134,18.85321849417542,0.0026708204125115405,0.002635794491635587,-0.09824036033183338
2.5641075149566004,2.2255444366255395,1.1521259574778044,0.4175668754677155,0.32673952878114115,-1.00897466511782
347.84987562918775,19.225183257684282,18.093449147755333,0.005448476957450751,0.005388396941622987,-0.10175601203112118
844.3232335284868,48.8449806077939,17.285772724695548,0.0022392198561768765,0.0022188224252639877,-0.10531834055107443
430.34029623231874,22.864618897598962,18.821231972403844,0.004413014804631303,0.004355514048752674,-0.09832266537265712
20.863529914656294,3.1558692814672327,6.611024745916087,0.08326602941520612,0.08253144462241369,-0.25994433674891654
93.76152598338082,8.116214497606379,11.552371614997709,0.019631373748156964,0.01933973787244867,-0.15347801774918865
201.61986404773464,11.600243919554728,17.38065729013341,0.009379978366331308,0.009291759686341572,-0.10516557549988748
119.58114027589592,6.784492103269765,17.625658406804565,0.015827088127877295,0.015674321232092038,-0.10411723658466654
469.24440172611736,26.85066982389124,17.476078057039462,0.004031485323470687,0.003994407176919823,-0.10465353045628414
43.309618819848744,19.739310840780668,2.1940795790282968,0.031721394966818764,0.03133583016847111,-0.8381026239288124
179.97064541953017,10.309370920884776,17.456995853640763,0.010510825248311718,0.010409493839160896,-0.10482304948765182
108.23585423278503,10.625640083584585,10.186290273467591,0.01682630705177463,0.016459447060889202,-0.1709893682040057
51.746292150150964,5.481726509342103,9.439779978436277,0.03494791619294052,0.03443222130736585,-0.18063068011005493
186.32309334008525,29.5778006531538,6.29942352797006,0.00926350958075528,0.008921557628341428,-0.2736349687365166
366.9610059833837,48.72839896030026,7.5307421095930565,0.00481128452208435,0.004733085710204025,-0.22854069888323758
74.08328045842195,8.379483906422958,8.841031415029795,0.024253370783827728,0.023925485344306757,-0.19542365953173144
221.35382836811664,29.776592470628547,7.43381999086896,0.00796398936186322,0.007846522946662623,-0.23331583217330729
91.13836735279176,13.972070984672087,6.522896101284781,0.019027605931761706,0.018241819919856652,-0.2615867060009614
709.0747760889456,43.69883929555784,16.226398401410762,0.0026568412589466697,0.002628643092350218,-0.11215402188639627
422.8432228094257,47.3666350731788,8.927026844025475,0.004253419970832114,0.004210342900688338,-0.19282298516066276
169.2651286588129,46.5122667690214,3.6391502804922133,0.009268811480620963,0.009192120822229605,-0.4852656732691057
843.3903542292828,44.844631129306926,18.806941499806634,0.0022516564118363106,0.0022224029437674753,-0.09832266537265712
293.73625108134235,36.8631462076326,7.968290319737374,0.006049617804511034,0.0059129844791988954,-0.21933465485851883
286.7884897007213,47.73534109115384,6.007886047217708,0.00597864730672747,0.005738268277065467,-0.2900572529041707
389.57009550103777,20.201326178201622,19.28438222642066,0.004880769849210126,0.00481133749132769,-0.09656825685257014
656.2225117759697,34.42519398386196,19.06227491655087,0.002895832395185697,0.0028562769066114335,-0.09807797984233034
372.85313960591986,49.643220680884504,7.510655724830718,0.004733768590674567,0.004658289576045374,-0.23109650268565193
647.6948559064655,48.99047333060529,13.220832783867758,0.0028707364947531894,0.002831554451477368,-0.13430770462602354
271.21881900187657,48.830914853313,5.554244064781747,0.006249028786585164,0.00606768106554501,-0.31076489022478127
28.99147077821077,2.0312700343985437,14.272583303674395,0.06446883633141441,0.0632594071018749,-0.12487853954468492
80.70860832173506,16.397529416411285,4.921998081062062,0.020596020463640962,0.020390257333107578,-0.3504071231418031
217.2289522715006,47.664042502041724,4.557501648379812,0.00755021853903613,0.007495934324858728,-0.37960779006065687
428.6459401598621,33.50223696635025,12.794546841466,0.004327616333870773,0.004279104386412336,-0.13649634443750008
239.20177163407928,16.74541022328197,14.284617005172276,0.007814112214427878,0.0076670972790556695,-0.12487853954468492
728.8068498166729,38.888619033199895,18.74087761240577,0.002605199693305877,0.0025718106333052913,-0.09925419767386341
105.63594216463478,13.497736419354615,7.826196843876856,0.016787864051306008,0.016441921736402323,-0.22317195245009092
25.767465472434075,1.9275471459037734,13.368007899154355,0.07221516839734997,0.07117437508174533,-0.13297970256312866
81.09903275809762,24.438005275737925,3.318561881096442,0.018950692925063833,0.018787024936931462,-0.5321544291010726
35.07810933377375,3.019056258936118,11.618898862830363,0.052497343801941855,0.05169387317273323,-0.15090519890616375
225.20950493542125,47.05021387117085,4.786577709339898,0.0073459269287674545,0.007230307442627538,-0.36413272368373106
109.9629562423701,10.592557779862455,10.38115236448566,0.01658986746662757,0.016200931420105008,-0.16696830820621486
458.7803646792248,32.58741653873558,14.078451543830969,0.004070270938486384,0.003997519060614658,-0.1272999322756782
207.11095363884397,49.49789849342515,4.184237309920435,0.007793963393628756,0.007708491074133544,-0.41691706595562816
335.3477857759652,28.380220598252038,11.81625014558976,0.005498614252822544,0.005442698381216555,-0.14900840765504592
55.497849510091385,49.509986302865606,1.1209425341101176,0.019046197691022393,0.015095995404808667,-1.00897466511782
291.07124670135977,46.827114730798684,6.215869766366774,0.005918939622918384,0.0056538366854408965,-0.27526249160821264
238.54222890800384,27.186915674693267,8.774155618176616,0.007526460837183719,0.007430459793136734,-0.19849310542358004
716.1579030570008,46.04040131811648,15.554988283197245,0.0026239890439531816,0.0025903758131463187,-0.11538752843956268
690.7866903430063,40.42228608428045,17.089253410920804,0.002735196181223146,0.002707172512814894,-0.10656027883392642
65.63337454048974,4.584116299872772,14.317563134755403,0.02848293176050599,0.027942845622078237,-0.12457965487104852
223.9238235911838,21.456664883339354,10.436096420793518,0.008150607297399897,0.007955840893852912,-0.16696830820621486
454.4150687492316,32.942592516953354,13.794150187644597,0.004103762306319096,0.004035920854229037,-0.12956521288816658
525.5157560874197,37.249823409260934,14.107872413611704,0.003553877623057074,0.0034898730079861986,-0.1272999322756782
176.26909770876634,13.08104577415206,13.47515334416697,0.010562442484657656,0.01040445135466156,-0.13245412726977307
12.100159872228437,8.982281487448542,1.347114303769781,0.09486567356593106,0.10768449689491649,-1.006370536956614
174.642789339732,34.9747297510601,4.993399250910251,0.009541187247492113,0.009423058912989822,-0.3467380941253522
467.1201501056333,41.66478470773444,11.211389987547912,0.003930934002072288,0.0038824289745244705,-0.1554470615674649
778.6597535789931,43.089477328954644,18.070763486744838,0.002433832518212651,0.002407153056735073,-0.10175601203112118
73.19711892486998,3.720981538627035,19.671454471090495,0.02600168215216312,0.025814558467542697,-0.09498312520530554
43.66803418687113,5.0056351484999855,8.723774883983888,0.04108997795542407,0.04042669573497951,-0.1996408386450624
12.635576828609903,4.070746741111315,3.103994827533876,0.1197151480787089,0.11958485509527171,-0.5733869349677637
144.81450347648064,28.761829412098567,5.034954536499855,0.011522308178291937,0.011363981184000945,-0.34197935707601324
281.42360843419976,41.517355843132364,6.778456930097386,0.006193082393481861,0.006166622201271535,-0.2556930725164505
314.1282998786368,32.53803048359527,9.654189119928791,0.005769236366018579,0.005672012944513372,-0.18007056360018975
51.23987973703411,20.005702051674696,2.5612637639349813,0.028071916177642407,0.028029349058831764,-0.6986694083805378
895.4935125272654,46.878225845115715,19.10254700094559,0.002122304732370586,0.0020930952371664255,-0.09755855859825942
53.68753476775264,38.15812494662779,1.406975181376077,0.021775661541542143,0.02427005884747052,-1.0064660546555555
281.94266799572756,34.11239441512272,8.265109290326938,0.006328011279883044,0.006160322969095145,-0.2109211407674158
173.09564921119107,39.79876119931132,4.349272288761247,0.00939432837218979,0.009289150362390908,-0.40036283062797057
472.55757563848186,35.624612279768954,13.264918420090288,0.003935596421025547,0.003880973127905132,-0.13430770462602354
83.7258259607245,7.616706590470856,10.992392179773946,0.021895604863802594,0.02166070963820728,-0.1597842630273994
26.612433984989046,11.89725310279259,2.2368553274488567,0.05193498444796661,0.0514873509163314,-0.8168780506651379
537.1573059118471,34.378466602141366,15.624818643842266,0.003499343516509371,0.003470383744062618,-0.11510358059965736
390.60896815548824,34.427927331319445,11.345700959469239,0.0047054738570620775,0.004642906213644366,-0.15525947258038955
157.0539486983929,40.81961381922554,3.847511870002612,0.010107464456359207,0.009993007718569149,-0.4561097175311457
13.436578729282783,5.942627600023709,2.261050099997714,0.10320340090375478,0.10273559800291704,-0.8013972431550005
254.41329309182214,19.234504911615165,13.226921839729249,0.007308664694516848,0.0072086769922789715,-0.13430770462602354
59.09797624931177,5.305279198461701,11.139465811044893,0.03105433081130285,0.030687358864939993,-0.15752546669499704
280.85303499383923,18.577063860888256,15.118268263325566,0.0066793552406711355,0.006605298427745795,-0.1189256494633792
181.81150669523444,36.75578804452122,4.946472824225982,0.00915049986038106,0.009051513419531554,-0.34858878513836555
24.09674814881502,3.24158522756232,7.43363091117485,0.07315734915019256,0.07207851793510398,-0.23331583217330729
38.75786084773098,9.26301027535497,4.184153930051182,0.041648557246569885,0.04119197764171189,-0.41691706595562816
352.95701648082775,35.17402448162501,10.03459290435228,0.005152898863849123,0.005047363360550774,-0.17124146754364714
73.76176254797024,6.453781837184606,11.42923086165987,0.024932823373946107,0.024583514173215335,-0.15431342543842827
119.88210557993152,28.54941274272005,4.199109335812899,0.013474227189757092,0.013317358164149348,-0.41329706145980005
14.435676654632005,9.300180360636878,1.5521931935568878,0.08426070306681714,0.0902624559528964,-1.0069103027035384
359.38379197277095,31.850494028157026,11.283460521995742,0.005112026403522456,0.0050463066110998595,-0.1554470615674649
302.63466949993324,28.284567071190107,10.69963944430278,0.0060437707421404216,0.005936077798507357,-0.16212800125053764
41.18521773224678,3.3830751988229837,12.173899577099455,0.04487495186529224,0.04431679498827386,-0.14563953835432356
124.9357146436665,23.24853414476135,5.373917936749512,0.013496711130583981,0.013172128541232874,-0.3230354954894175
85.17759492907882,18.668656536946628,4.562599068685321,0.019259241154740418,0.019116928119898603,-0.37960779006065687
283.25471669814374,20.65783998441797,13.71172963445357,0.006580840297720935,0.006474678599598986,-0.1307087181154518
103.03698849139676,13.047496127231314,7.8970698658686835,0.01722883128241119,0.016856644580281663,-0.21933465485851883
337.4494811107634,24.754081720087633,13.632074294920312,0.005521756838526736,0.005434837968646821,-0.13163321059959784
359.5981136560197,18.832347510683842,19.09470465389484,0.005284986821182384,0.005212355501333913,-0.09755855859825942
480.6197854735097,42.54186048665005,11.29757326020877,0.0038229102141641054,0.0037733794158465593,-0.15525947258038955
122.53696555230013,26.806788770586216,4.571116913740671,0.013391922608801777,0.013288512183615715,-0.37960779006065687
99.5857875878366,7.101444777098519,14.02331366555032,0.018746385632713625,0.018416114355909834,-0.12820841775481742
270.7772955599288,47.692985013897456,5.677507823866044,0.006280020843377785,0.006077574891477353,-0.3043354672995555
84.95013465685679,21.606122968674345,3.931762064856421,0.018769427948835876,0.018474853841189586,-0.4485643884026976
300.3838478035952,28.48604814534078,10.544946293391925,0.006081432276521115,0.005976604948066969,-0.16682248512960882
115.07229657231542,34.73614922503695,3.312753403574573,0.01335038214537933,0.0132404548807272,-0.5321544291010726
110.46677968122901,35.127260629221254,3.1447593038136086,0.013736826011115555,0.013708629986986588,-0.5642487625058341
344.0806113005496,34.0618422341553,10.101644207474044,0.005289012067555238,0.005177572505759496,-0.17124146754364714
534.4854953715648,32.8516032626022,16.269692870058964,0.003525240998367444,0.0034872873600250483,-0.11218122210291649
136.31641884536373,19.602740241416072,6.953947109769814,0.012827159995692778,0.012730917423094464,-0.24551035500853874
30.11622798362383,24.67571002372799,1.2204807057087426,0.036501720375936436,0.04326569811124762,-1.0050561326993668
254.38683620715508,22.506227034738135,11.302953436598305,0.007223005071285603,0.007129145644460517,-0.15525947258038955
4.575974097078403,3.2579683248846134,1.4045483690331668,0.2552992978851692,0.2847480340898117,-1.0064660546555555
135.94440559443714,32.58266748756884,4.172292082786149,0.011867529432655557,0.011743866402588064,-0.41691706595562816
145.8243422768847,31.573805845048856,4.618522803127696,0.011274074848996236,0.011166407022726236,-0.37860353983272665
168.3390923450161,12.485311287740965,13.482971186333522,0.011060454008530141,0.01089457728976072,-0.13245412726977307
404.269444930749,29.33862255043106,13.779428268516622,0.00461246030688026,0.0045365368949788045,-0.13055290822122617
332.75555165211733,32.5210656393796,10.232000246916424,0.00547530256612064,0.005353786898489181,-0.16969828060194272
77.88839540674655,20.923701440162592,3.722496023444564,0.020240436786789637,0.019976088934646065,-0.4762965897576839
500.87026960650076,38.0903442006948,13.149533828506712,0.0037108463007567145,0.0036615933580601205,-0.13470321933701077
193.90575236719943,20.518659774418456,9.450215291787748,0.009327296178753601,0.009188689667006499,-0.18063068011005493
464.7491319866716,31.51127649187662,14.748660915291088,0.004030142170985727,0.00399165481502318,-0.12140666851256769
233.0485370306284,26.690636080096397,8.731471828969118,0.007700032213267329,0.007605619256186078,-0.19849310542358004
220.03553944294768,28.709816337023966,7.664122154595308,0.008040351120240031,0.007893533462908576,-0.22622522963494318
596.0443567545506,37.81292292996928,15.762980234520441,0.0031552844214322653,0.003127522241115007,-0.11449277768490264
122.52790506946147,6.63604055789822,18.46400786740652,0.015484197159554387,0.015297357813484814,-0.10045286830664628
358.5403214910236,29.51737051686427,12.146756815149825,0.005153872842080778,0.005090632047177147,-0.14563953835432356
343.25449964146617,30.45614836323204,11.270450076210478,0.005351734050603922,0.005283429080313933,-0.1554470615674649
13.966880426313727,6.80060799364726,2.053769374644266,0.0963043753561297,0.0957744502239058,-0.9105188740307262
646.0194085102929,38.932429702101416,16.59334938644796,0.002919913325905736,0.002894771760228261,-0.1099622645995206
201.66761689700334,20.11264324424227,10.026907674342384,0.009017935134201106,0.008833854142008844,-0.17124146754364714
52.629536727840645,10.924492358161926,4.817572753256583,0.031469287294021285,0.030984666866201247,-0.3622301153929501
151.45738577976778,38.6289887749768,3.9208219159461737,0.010521532670002096,0.010362263375236831,-0.4485643884026976
9.184580708550616,2.3444886656134334,3.9175197744653967,0.17347453945258406,0.17087784095725703,-0.4485643884026976
176.7076055256143,16.353186552242246,10.805698630117154,0.010359431236527043,0.010166302335055765,-0.16212800125053764
156.9293107801695,12.184786968833176,12.879118131615325,0.011826335158458396,0.011688197148366553,-0.13642237085943215
355.62546436590236,34.29267657310853,10.370303513863805,0.005129281738940252,0.005009490296233853,-0.16696830820621486
84.85642513734803,16.434205599643843,5.163402917338884,0.019745162859071717,0.019393573203366703,-0.3346807320267716
22.145146610722662,4.320826741004016,5.12521050672281,0.07556873021144779,0.07431286509886251,-0.3386509138713664
291.7771933878452,15.882159964785334,18.371379839693546,0.006500696234993564,0.0064239195127659115,-0.10052557411808749
162.99055145314128,17.87337370888118,9.119182204093466,0.011058037130446823,0.01092281083404808,-0.18796039977881177
205.2459689507787,24.616121568841233,8.337867863415834,0.008700869271130594,0.008462324022736709,-0.20594971400270712
447.2578370471944,34.3740661764662,13.011490544968003,0.004152548837843988,0.004101036518142352,-0.13612029659673344
282.2965545461947,26.704465099906773,10.571136830116858,0.006472470551361279,0.006359537735018955,-0.16682248512960882
232.81125234450963,39.76117123388654,5.855241310047118,0.007337499420313765,0.0070686845077485155,-0.29491478773566954
754.4477796234813,43.02585403559159,17.53475431305539,0.0025079199055438837,0.0024844041650167975,-0.1043886025963777
45.66851272123535,36.44624310452897,1.2530375926609671,0.02435615840158755,0.028531685192872414,-1.006185247415505
55.61265643512763,9.058319724795341,6.139400918130445,0.030925774106985153,0.02959163251978162,-0.28013994684396
494.1369804892724,49.33228521785882,10.01650295150709,0.0036800609090519854,0.0036052802829504515,-0.17124146754364714
21.863304999651522,2.2212046261436904,9.842994536531808,0.08304092676472605,0.0814836692285563,-0.1788226028080648
11.514427474494623,1.015313521732129,11.340760492237868,0.15962021885386832,0.1575033417311901,-0.15525947258038955
537.3412711768781,27.396141525753066,19.613757312202658,0.0035414689287694185,0.003516482741039527,-0.0950353073059452
368.05697989979507,25.244034957243034,14.57995841485681,0.0050851635883192026,0.0049828786101006805,-0.12277063113777566
36.71657032796371,4.360980767671711,8.419337824222133,0.048688394187464214,0.04730446983767541,-0.20579264467921993
112.27783491412501,20.648775609165867,5.437505692312602,0.015045896319229231,0.014657116375069444,-0.31823888135364153
421.28716569356186,36.85391526377862,11.431272978141847,0.0043654675014533975,0.00430424537631976,-0.15431342543842827
364.2077455482215,23.464936140715572,15.521361036915861,0.005158991320427295,0.005093571273944313,-0.11554131269698573
21.38878891643883,1.5765909566960403,13.566479514294521,0.08708760800162595,0.08574507231830206,-0.13163321059959784
305.853082609549,49.3500077502987,6.1976298799608145,0.0056305816426705305,0.005380587563925328,-0.27526249160821264
121.00935187875574,21.895988414956093,5.52655352137929,0.013995278244251902,0.013599521583472569,-0.3137827145586913
30.13029028223787,21.237664918927848,1.4187195436624749,0.038934779322393843,0.04324550530324988,-1.0064660546555555
274.6560667120551,25.758268129104298,10.662831263943593,0.00665747192475844,0.006540772844317135,-0.16212800125053764
808.518157513464,45.83505302910425,17.639734309897552,0.002340952167464641,0.0023182574053113194,-0.10391568772892436
196.2824017698921,21.83370455989188,8.989880816215646,0.00916942830886624,0.009070171065804261,-0.19250641300682483
207.76416764592366,15.028647952845198,13.824541522152703,0.008976950152655873,0.008827235577823314,-0.12956521288816658
221.68652717634683,49.04996296991767,4.519606412594177,0.0073872568818466496,0.007345209383832943,-0.3805271236436497
909.6593026555453,48.70574570668505,18.6766322834616,0.0020868874584041236,0.002060500234002445,-0.0993449122371446
383.28046409490184,22.13324007232052,17.316961404770844,0.004933232348690051,0.004887813233967872,-0.10531834055107443
707.138992407904,37.42179556094596,18.896447426106047,0.0026861473667663433,0.002650614979668743,-0.09814922923627628
776.0142857274203,40.54882935844348,19.13777285325824,0.00244929015657252,0.002415359150543563,-0.09746965201511303
441.3907369629747,41.74985727347766,10.572269363023093,0.0041395817777654725,0.004067315964659575,-0.16682248512960882
439.38918392703175,36.02514491360302,12.196736057017755,0.004206856795581411,0.004153941238322579,-0.1440771296373109
21.6076908720137,1.857348355477086,11.633623174831659,0.08523318374242789,0.08392027384045873,-0.15090519890616375
131.34230338596362,39.234077265271466,3.347658783916983,0.011724952730057348,0.011600295651204696,-0.5274031674594236
84.9471583469322,8.774917337720819,9.680679039763607,0.02133968955968716,0.02097468376602797,-0.1797801710760859
509.93837436994755,29.959965238514638,17.020659747441997,0.0037044010941956465,0.003667264191728127,-0.10721876293292538
452.69677835090437,40.98694521210846,11.04490163900206,0.004051176703914007,0.004006127041506276,-0.15752546669499704
465.6397348531102,29.55898016850577,15.752902576430419,0.004038782693353108,0.004003399716368715,-0.11449277768490264
9.158591587044162,1.0859180185484045,8.433962261061717,0.19522652396247278,0.18964246599652115,-0.20579264467921993
250.0688957649887,22.54930665151435,11.089870727719017,0.007336267286160234,0.007252244625651844,-0.15752546669499704
75.35174922345534,7.090000738914074,10.627890179175981,0.02425955296816117,0.023825267622898556,-0.1639587842787852
50.90725646642904,21.761325686591324,2.339345368917325,0.027522210296996592,0.02730286131960677,-0.7719284058061981
47.745824378910434,5.427025499080979,8.797788841603156,0.03761318049698542,0.037123213682515324,-0.1974353578870094
57.3419858677166,48.45833501147214,1.1833255487243077,0.01890353435018179,0.015761784581810264,-1.0044352161638639
259.1839580871851,14.407813094989269,17.98912550977801,0.007310161381528819,0.007231748522621725,-0.10233045364330785
95.84542972674645,10.810633399992339,8.86584774272471,0.018751864088808638,0.01849309295100919,-0.19542365953173144
326.59626343257656,27.668040755251244,11.80409795986694,0.005645502457790999,0.005588541741428099,-0.14936537567964017
92.1318079134103,4.9286192624115595,18.693228875693364,0.020605720149748197,0.020344257303035396,-0.0993449122371446
70.74487741101082,12.004515539117499,5.89318887384368,0.02416936159526109,0.023262027625211935,-0.29251229739297796
451.76352375312797,32.13474169974853,14.058414658321752,0.004133100163374663,0.00405960896799439,-0.12820841775481742
371.50370401954933,46.437445999300344,8.000089066593944,0.004785362723698773,0.0046752101656855885,-0.21933465485851883
141.4533254745622,19.046575407644045,7.426706504823546,0.012461066885442103,0.012278664271731026,-0.23331583217330729
96.55207672097113,5.139771066391875,18.78528741334598,0.019667259898571095,0.019412873028106934,-0.0988667621260604
461.0335776545408,28.97322570142458,15.91240072491729,0.004081575982827937,0.0040413370988288825,-0.11351724158657407
418.79632711720046,23.67297731060814,17.69090223093877,0.004520087563105322,0.0044755722164194454,-0.103664098523445
87.28000798995096,11.592759206163718,7.528838168530692,0.02022801684141184,0.019899836556179294,-0.22854069888323758
164.5732661474406,48.12139923496063,3.4199601167847304,0.00940315073913219,0.00934884636275932,-0.5143724538765504
133.28737308791685,13.650758463205701,9.764100174153697,0.013611170762057515,0.013365874587831813,-0.17952538509796961
122.86606473387997,14.920187936124673,8.234887205166991,0.01451523618099957,0.014136188844201775,-0.21101667776337904
29.98620894260078,17.84771703237638,1.6801145428406754,0.04181132865920807,0.04345329650317456,-1.0075910092209353
100.80512090302618,16.34853593266588,6.166002956974776,0.017071596858517175,0.016325254887202486,-0.28013994684396
594.933611708888,31.825752021154916,18.693465949003475,0.0031910173437176407,0.0031505249814350843,-0.0993449122371446
344.9084780423204,47.834178663288064,7.210502776062755,0.005092393112518861,0.005031575569213307,-0.2372210342329613
236.77338325875112,38.99304779642992,6.072194830598221,0.007252514355526466,0.006950398182547158,-0.28410247130353905
586.365730512482,38.61095186424394,15.186513209364618,0.0032001193906854145,0.0031637560210946727,-0.11859574204555984
179.16380537510437,23.474855758126054,7.63215788080338,0.009869784910812475,0.009694245386146456,-0.22622522963494318
254.75814345673982,44.10077512466123,5.776727115036094,0.006692120849173368,0.006459731847420275,-0.29973366683317254
440.00495297118266,28.752240907868792,15.303327291291719,0.0042666011873858075,0.004216130063867574,-0.11682533421115988
132.8643943743601,19.58896221933228,6.782615275210276,0.013118766583344274,0.013061686540658209,-0.2556930725164505
285.3488999527551,29.79414570832828,9.577347937618237,0.006346324399462949,0.0062440744767006525,-0.18063068011005493
345.30858439641685,28.085692557188608,12.29482177422875,0.005356268490018934,0.0052856978750695114,-0.1440771296373109
735.0836485923733,46.071994622926674,15.955107969789866,0.002560309225659355,0.0025359589837301217,-0.11346214160985876
308.8797427578246,48.038543191849286,6.429831594273498,0.005603523491878485,0.0053816809088309825,-0.26941755323551964
77.09162339835285,7.232500920366991,10.659054765034314,0.023718004973767665,0.023302959043868688,-0.16212800125053764
77.51266264613378,34.262246229500185,2.262334527833569,0.017893103381773225,0.01780889604022647,-0.8013972431550005
316.6663810251583,27.833713901836312,11.37707968623858,0.005805513639767891,0.0057262893811746525,-0.15431342543842827
440.1611464958315,23.096627557255882,19.057377333755092,0.004317250809418275,0.004258334069024883,-0.09807797984233034
309.53847826057137,38.26792826854587,8.08871794909773,0.005750325360474826,0.00561112112258932,-0.2128335309748802
300.0007235175343,24.11631870867066,12.4397395448947,0.00617061042598364,0.00608397482974978,-0.14259864811177586
204.47530886185857,47.433374538786964,4.310789836271423,0.007939384911234365,0.007863597426742188,-0.4008401792128585
124.74935329411441,8.860696991164323,14.078954896946765,0.014968933816952254,0.014701344768634331,-0.1272999322756782
23.197244597432217,3.544234898469915,6.545064100420298,0.07479017757063441,0.07166927425610717,-0.2615867060009614
536.3365292879305,29.795688346137005,18.00047453367414,0.003532743655463088,0.003494733443706967,-0.10233045364330785
800.9235322580801,41.989086489912246,19.074564350203225,0.0023727251858806793,0.0023402398986827155,-0.09755855859825942
481.87286557156585,46.75519494060791,10.306295721441828,0.003783378426908047,0.0036970380366230936,-0.16696830820621486
149.88985581605314,11.392861285470088,13.156471588679441,0.012400584736807557,0.012235539506366822,-0.13470321933701077
17.592885417842684,2.317528017176538,7.591228795273091,0.10044994829099435,0.09872501595790124,-0.22854069888323758
282.12767216498287,16.587452715147116,17.008498954595552,0.0066953422623061715,0.006628483927026393,-0.10721876293292538
9.730078649308076,1.0419178883585976,9.33862328118439,0.18566660256588058,0.18297025393381008,-0.18556106459031488
312.9326875254695,29.83819395503643,10.487655117365074,0.005834801344156021,0.005736938525976917,-0.16682248512960882
28.20330133010773,10.094166684004364,2.7940197752826745,0.05222277355941722,0.05198475587685141,-0.6395235352944749
238.91876505871218,26.77004926389805,8.924853395055825,0.007527603317057669,0.0074515493197963995,-0.19282298516066276
86.58279415062863,24.981826505938326,3.465831216546452,0.0179268301028573,0.017769929877213958,-0.5114986826329992
162.7355214048756,42.33917229533806,3.8436160317379264,0.009752544128744033,0.009644122610884279,-0.4561097175311457
222.04996741292936,22.164402098743818,10.018315243681407,0.008189526291999793,0.008022979393289989,-0.17124146754364714
310.52219004165255,23.885304663694296,13.000553872509185,0.005980727201590503,0.005906890977774788,-0.13612029659673344
203.08792768642567,17.224777165889286,11.790453120555107,0.009078005743430392,0.008987224753238729,-0.14936537567964017
50.91638718748528,15.971558616809544,3.1879410400120527,0.029900753804754782,0.029909764301125276,-0.553417555242661
53.9677260851379,17.78239842110952,3.034895788920841,0.027874516089876,0.027501426985500992,-0.5861591085199922
67.57559198239458,16.924970671166868,3.9926563711874183,0.023668481453782437,0.02322497333036592,-0.4410043581247534
521.861490954431,44.33383002472851,11.771179946856547,0.0035323499257133846,0.003474721485432827,-0.14958899205843956
237.7888833778273,29.053553448494306,8.184502587587978,0.007495059720586085,0.007304201394740226,-0.21101667776337904
815.3353492746932,41.67475359998753,19.564251227509047,0.0023336947759324805,0.0022988739635189876,-0.09516221184911976
159.18869882082657,12.322117195078626,12.918940495421154,0.011661072149610253,0.011522304889371553,-0.13642237085943215
567.7627111705818,36.32511355342033,15.63003265868998,0.0033107768740642425,0.0032833117528933164,-0.11508397781127808
222.83575823113338,18.23656918319833,12.21917105090336,0.008296265363392764,0.008190771827985709,-0.1440771296373109
548.9350797935685,38.99865415846248,14.075744192686527,0.0034017439117776122,0.0033409838794245562,-0.1272999322756782
79.5666638635471,29.433195518264032,2.703296820563503,0.0183486475243448,0.018351969352354558,-0.6662888138216578
81.14002063900207,4.71741849087668,17.200089582029662,0.02329442876783861,0.02304755071033416,-0.10582373326393549
320.45995820407376,18.211234607470026,17.59682773361368,0.005905432887269262,0.005848946671804267,-0.10415929565028174
24.08512954213514,3.870784774807605,6.222285904111596,0.07154121225746837,0.06832719291786202,-0.27526249160821264
480.6539362265271,32.06445532879544,14.990241727102612,0.0039007767869083726,0.003859571243785973,-0.12033918442793407
570.9539468936018,35.05511600476615,16.287321565730206,0.0033002806763888512,0.003267871751823383,-0.11183877057244754
526.4431434397204,30.22808993986185,17.41569330007513,0.003592784897214623,0.003558605232245599,-0.10507824526938718
76.04251525215184,8.717812860768268,8.722659738930265,0.023595944524135673,0.023215359533591533,-0.1996408386450624
615.1267731121441,49.469420724733574,12.434485063711183,0.003009346154171463,0.0029671881156352288,-0.14259864811177586
141.95387231052177,19.87344263185126,7.14289290185746,0.012358853020036841,0.01222533097185297,-0.24201219289130485
120.10893953963023,13.838725018342211,8.67919113794332,0.014931204710436751,0.014697942869063797,-0.2008093725696663
109.42483826293439,12.247209922042893,8.934674832835869,0.016437629100805567,0.016269751817973587,-0.19282298516066276
262.3304078409432,24.850530924306124,10.55633010980702,0.006964250512583157,0.006843566500269682,-0.16682248512960882
725.4407495215947,44.945302906001935,16.140524206473206,0.0025961009985807945,0.0025696681412924315,-0.11260787068991106
185.64844464937383,20.57099779360826,9.024766154369905,0.009698406592060217,0.009589711158756252,-0.19249598843847712
62.694827989743324,46.80330755140385,1.3395384059318007,0.01826515118377007,0.020783207641978742,-1.006370536956614
573.4403811829773,29.84857304737342,19.211651433817476,0.003315160978790854,0.003268610421396484,-0.09746965201511303
74.76054013428778,13.100789447216224,5.706567564916753,0.022763142892627326,0.02201253883025926,-0.30407979389350853
176.1672513142409,30.991490992518603,5.684374829102865,0.009654432044380783,0.009341516544080481,-0.3043354672995555
431.47375008371756,48.48312146973906,8.899463091563188,0.004167041079184224,0.004126125774544601,-0.1946067979971986
270.62035233395846,31.049858798697198,8.715670950017758,0.006629756357085338,0.006523361292645097,-0.1996408386450624
60.06659643844824,26.429183470745606,2.272737502652543,0.023122515365485655,0.0229814078492143,-0.8013972431550005
176.84958924749623,21.313281658657274,8.29762361703982,0.010092708037860257,0.009821102220324422,-0.2072744654045315
396.69945891952347,22.798190933389844,17.400479716946496,0.004767607162283869,0.004722475119645821,-0.10507824526938718
59.746425436131936,10.593997676840548,5.6396487198353,0.02843315282291999,0.027544230147063142,-0.3067169181709371
340.01323830663387,40.6836708193929,8.35748671293835,0.005253523083734613,0.005108206675340381,-0.20594971400270712
226.717823686118,11.891240809566641,19.065951763731913,0.008381911241415435,0.00826733944208648,-0.09807797984233034
103.15944759073464,20.482659952045243,5.0364282682159125,0.016175719095600217,0.015952676474248324,-0.34197935707601324
668.2545048711138,44.147356401550255,15.136908737929497,0.0028074042316890042,0.00277606525201089,-0.1189256494633792
438.0240774543854,23.510694120937647,18.630844125707856,0.004333367978264228,0.004279109990658999,-0.09942312934518888
36.1652751700792,2.2407921874132826,16.139504311565606,0.05207510525312423,0.051545079462943365,-0.11260787068991106
27.974420436812206,2.625853933884134,10.65345641500811,0.06535889109266467,0.06421805759068228,-0.16212800125053764
558.3408033360885,29.112436436878557,19.17877277453848,0.0034045262917827127,0.0033570056044354706,-0.09746965201511303
89.46603290203319,41.89907500279412,2.135274654537528,0.015224742946574365,0.01516936446132684,-0.8675043306789361
77.1741390293389,10.32752227374642,7.472667401117418,0.022856708892331393,0.022505698352679446,-0.23331583217330729
366.8371031038585,41.23797924439422,8.895612971960196,0.004901058865175191,0.004853148567024317,-0.1946067979971986
227.09169024329324,29.929138742581674,7.587645344441489,0.007781470505294783,0.007648267057950361,-0.22854069888323758
398.7429255732473,36.08908832317128,11.048850056908512,0.004599477352365367,0.004548195564214938,-0.15752546669499704
692.4277993587857,38.09801966850171,18.17490266905563,0.0027377540230721044,0.0027069294556341813,-0.1009016411972466
864.144846510949,43.59153322439669,19.823685532293155,0.002203282852432452,0.0021855148850418566,-0.094202377341679
254.8864623773264,32.20255319266606,7.915101043459352,0.006966480399917631,0.0068142414368435695,-0.21933465485851883
52.38441153937462,10.617473379256717,4.933792595300279,0.031745081954024944,0.03141524824498987,-0.3504071231418031
70.72081029227219,19.22964614646993,3.677696914108569,0.0222344619380785,0.022000674302116476,-0.4763796078590647
746.7301032305118,38.41726937206095,19.437355008202978,0.002547292482646266,0.002510081216594061,-0.09599366970130424
339.017008901764,29.48191402443499,11.499151941789883,0.005427424276082754,0.005348768018789323,-0.1537846802655089
83.12025471921469,42.554031781413556,1.9532874146021424,0.015914154404131048,0.01591320513632812,-0.9559836153523664
394.07085979478245,36.063808346238545,10.927045086625856,0.004649706587575716,0.0046021185283752425,-0.1605250445194975
973.271956662344,49.389916138010705,19.70588396916328,0.0019556806146721795,0.0019404662920305426,-0.09471503595471148
232.044970949602,31.523534053002983,7.361007511386466,0.007588160049624416,0.007485005542306179,-0.23475611431881827
135.00753844140678,11.374252309057999,11.869574788128462,0.013662901579127251,0.013519221755009898,-0.14850079074907185
263.4715691825659,32.53302197325286,8.098588855323062,0.006756651956615048,0.0065922023351921355,-0.2128335309748802
109.00776292040841,41.52038913186634,2.6254032103168905,0.013286551204757026,0.01325599973637198,-0.6897160087604138
165.3352760737821,41.33430662326855,3.9999528135475964,0.009677282810077216,0.009492477097715241,-0.4410043581247534
168.86765480519452,24.501959338009357,6.892006164716541,0.01034288664670375,0.010276882649517911,-0.2517689206604019
231.1920686131881,16.301896529036146,14.181912405185496,0.008081005122087261,0.007932725648600937,-0.12722307658369517
98.6373487221552,5.1804512780495475,19.040300434847907,0.019264519186459893,0.019002469452661274,-0.09807797984233034
184.87201926903444,13.088847763436744,14.124392200929115,0.010103006871918495,0.009920285718154278,-0.1272999322756782
433.8795246921057,43.88721869560357,9.886238809103887,0.004186143191588774,0.0041059838306471245,-0.17514405718807308
699.8887219117995,46.44070299492702,15.070588444542976,0.0026797817870439083,0.0026505900901003863,-0.1189256494633792
30.57350510301455,11.309078406624668,2.703447973718628,0.04775254610403159,0.04776047011204276,-0.6662888138216578
55.961732110068375,3.1220761679839866,17.924524931178876,0.03385022154611067,0.03349348090759019,-0.10253805771853677
568.719842402668,44.55185955453536,12.765344658767953,0.003261197269688417,0.0032251744813525094,-0.13751371645582958
402.52881866081873,37.38518748286206,10.76706700602596,0.004546343085395598,0.004462942426467388,-0.16212800125053764
128.72029571504848,16.335609956412156,7.879736113834083,0.013787787479193235,0.013493271468758705,-0.21933465485851883
91.5170699088917,14.68533458216135,6.23186822178773,0.018831965336231993,0.017982102074678354,-0.27526249160821264
437.22606822343,28.351485939079108,15.421627958510863,0.004295739736847158,0.004242926589465027,-0.11647880534144663
45.52128298992772,4.722932007513124,9.638352387354631,0.039805577619271566,0.0391408076864583,-0.18007056360018975
744.4737329309763,44.0139521043381,16.91449409419427,0.002536501251646594,0.0025119472421847614,-0.10746765349852291
611.0859168155943,36.72306388158293,16.640384876003264,0.003087329845053374,0.0030602550130103706,-0.10946120500189957
363.00408905384506,26.096795896475424,13.909910262311996,0.005140055130574569,0.005052238549767154,-0.12898848216919093
399.88605647905337,37.67693511904029,10.613550577179732,0.004570770468259851,0.004489467842188694,-0.16682248512960882
380.3291908415658,32.14972538025114,11.829935912149145,0.004848732677828481,0.004798992280210556,-0.14900840765504592
457.9420987774615,25.983943581917828,17.62404145212748,0.004132862927254356,0.0040929916925919055,-0.10411723658466654
616.5226833401691,35.64633018456986,17.295544314041106,0.003066689705465642,0.003038660823596576,-0.10531834055107443
787.2437045337377,43.42831414585387,18.127429535712164,0.0024076891420745494,0.002380905931911362,-0.10175601203112118
329.06285877513096,28.93385799152571,11.37293405087937,0.005586643414117135,0.00551056822939269,-0.15431342543842827
29.036004995095485,16.663669510234826,1.742473647671755,0.043763987854371356,0.04487530665492955,-1.000392622563557
327.8084510072411,28.521238964745038,11.493485658615445,0.00561277955860831,0.005531655237891701,-0.1537846802655089
417.1728126158828,47.104435780104616,8.856338170854029,0.004307770856551164,0.004248787042836787,-0.19542365953173144
188.64559816116636,29.009082858465234,6.5029838785860505,0.009188867386774043,0.008812978947004182,-0.2615867060009614
73.39139453413803,25.55316204479096,2.872106176350842,0.020213340371125738,0.020226171722740816,-0.6200479169228504
565.7318373214065,31.89136769564526,17.739340711896048,0.0033465902649194063,0.0033131478243452377,-0.10335061644426226
130.10055192243146,13.770712273803532,9.447626915415691,0.01390131664702741,0.013695097805671992,-0.18063068011005493
37.99581247203997,5.259150548075034,7.224705230381222,0.04623746872861579,0.045674324585356314,-0.2372210342329613
24.338490134080843,5.424205536537111,4.487014728726315,0.06719821423885408,0.0669134125012765,-0.38035708239805305
470.1106337042506,39.92688439321832,11.774287947799403,0.003921280158879993,0.0038572267994689585,-0.14958899205843956
486.56118737245953,41.01704937479573,11.862413186440538,0.003790906941747356,0.003751217520336707,-0.14900840765504592
17.812639023871483,14.088234957497564,1.264362716664648,0.06269420709815202,0.07315028539245479,-1.006185247415505
810.864252861896,48.301332102033996,16.787616771085908,0.00232783998218919,0.0023062784352801736,-0.10880193727536132
144.00715160906674,8.5012181280252,16.93959023758387,0.013114034353968806,0.012986012982130394,-0.107277520106933
57.37604579912823,43.80389765870276,1.3098388240738896,0.019766763368804854,0.022709819229277978,-1.006370536956614
596.3863058325179,36.88637127071361,16.168202110626865,0.003158197206847082,0.003125729018607695,-0.11260787068991106
98.3119244457049,13.058917425813362,7.528336479972928,0.017958021744212706,0.01766680800334926,-0.22854069888323758
44.49421741438623,4.41011999895473,10.089117172533191,0.04089616802485103,0.04003896273178716,-0.17124146754364714
30.061561275997132,8.348437042038242,3.6008609904612405,0.05206977577660819,0.051757308921422225,-0.48894165397246975
211.72486534740116,33.11520605417898,6.3935844156005945,0.008168597519805709,0.007851190326638757,-0.2719234110987598
342.72047905638306,24.239662962212286,14.138830213549467,0.005450183197004137,0.005351250842933215,-0.1272999322756782
566.2725055170877,29.957914831152063,18.902267020541867,0.0033544078459328895,0.0033099844822462284,-0.09814922923627628
576.6261731898325,31.32428563688376,18.40827847996846,0.003289741739581545,0.0032505517320095554,-0.10052557411808749
91.43055943404936,22.517900714911896,4.060350056233343,0.01755179488503366,0.017357589570767464,-0.42605827893674014
41.273790312797274,11.473831126683526,3.5972108929519626,0.03791640163897571,0.037697180264532816,-0.48894165397246975
115.0112436212117,21.21062602272996,5.42234083510605,0.0146819303334158,0.014308768785225552,-0.31977038553775505
36.561300574655036,7.920140172993487,4.616244129027374,0.04496257239837108,0.04453709069676341,-0.37860353983272665
100.90559114553808,28.846699240993274,3.4979943563922156,0.015413986096445861,0.015247620703304854,-0.49900777214999764
623.2094538803926,31.318425071121002,19.899131340900652,0.003055637604319917,0.0030304441197459,-0.09418124858084448
345.3814132548671,27.850135954579464,12.401426471244037,0.005358603805697195,0.005284583306283871,-0.1440771296373109
961.6041499191604,49.92765970108952,19.259948406878287,0.001977199313930465,0.001949194173238358,-0.09656825685257014
731.0780013078949,36.586438791622165,19.98221268464376,0.002605304994641575,0.0025846097171045145,-0.0940391885972242
47.631279676075316,6.011578631116466,7.923256535235449,0.03728362102829753,0.036464648975082066,-0.21933465485851883
161.86987713572304,9.743736055397399,16.612711614458973,0.01165408712520181,0.011552975596237436,-0.10991373381799678
89.13819971771076,28.487233171231637,3.129057819757962,0.01700312552208268,0.016988768152146703,-0.5674736749142755
43.747809388191826,8.512625704072592,5.1391675035426605,0.038269868906928406,0.03761718165301679,-0.3386509138713664
59.3695313719574,12.203712447136041,4.864874654260655,0.027943403055129715,0.027467096760761943,-0.3589647863203569
69.17713026999368,4.3733903711755024,15.817735074813342,0.02719219364547257,0.02694737372257745,-0.11406352644278
216.70980786753282,18.20829213321681,11.901709742024405,0.008513605379890344,0.008422308472088542,-0.147704426351155
434.0917358031629,34.05073101797219,12.748382276258521,0.004272203745113659,0.004225421890057877,-0.13751371645582958
37.39426746688104,11.313852620704344,3.30517540934284,0.041060915436762165,0.04074446844390831,-0.5355966764484775
245.51748213063067,16.7288846631575,14.676261273493074,0.00762641642838338,0.00746986828198715,-0.12220993775424631
55.890957427249816,31.052744907686254,1.7998717212730377,0.02300339123235556,0.02331324579445645,-0.997824328210271
755.4034764150064,44.17496014414191,17.100263904033906,0.002501318080320756,0.0024756025074043606,-0.10656027883392642
441.294189061663,22.64836976978777,19.4845895553302,0.004310878495470374,0.004247400605862825,-0.09583585117256349
141.90774125977995,27.228276844766786,5.21177825790523,0.01182480244251556,0.01159675489207147,-0.3346807320267716
57.35592570739791,12.775833499965643,4.48940773277549,0.028517750340276763,0.028394126847645713,-0.38035708239805305
720.8773333072071,47.486753286174306,15.18059844948569,0.002602932691541062,0.0025734171748217098,-0.11859574204555984
115.55257816180111,27.784857682094326,4.158832824839978,0.013953089004453386,0.013816333333946188,-0.41691706595562816
11.596599289970872,2.247579860906609,5.159593877697915,0.14446504759895676,0.1419096453647748,-0.3346807320267716
215.38318493683306,37.55036160382673,5.735848490867356,0.007907215264063417,0.007640658174684354,-0.30258785065164684
279.5734813668704,47.64629111563184,5.86768612667834,0.006112100087432669,0.005886356905638111,-0.29491478773566954
43.27934907380057,2.1976428399156887,19.69353176399717,0.043978282552078446,0.04363747295878733,-0.0948925412368821
505.09498525336915,25.561571988939647,19.75993438400115,0.0037689160205491602,0.003739101515598134,-0.09463400814646526
401.95834553081585,49.68909410170255,8.089468178029092,0.004428232786235419,0.004320989756608729,-0.2128335309748802
56.521378271659025,3.2395355541805393,17.447370873494382,0.03346669038275708,0.03314503966481957,-0.10482304948765182
47.38271342051681,6.348480034371424,7.463631162732051,0.03722232601587688,0.03665593986160329,-0.23331583217330729
61.69733036821931,42.288334334354886,1.4589680898851727,0.019233420353858537,0.021119222183722874,-1.0066254819852019
49.31548801078149,36.93869122191838,1.3350632190649752,0.02318728226031022,0.026421712138468764,-1.006370536956614
699.9003844864229,37.73367381918176,18.548429390690057,0.0027113715499988375,0.0026780285416754357,-0.10021091784610414
145.05652777187456,45.500383965590785,3.1880286522762558,0.010495552125421964,0.010498646032928128,-0.553417555242661
148.4542820797655,14.982750513791865,9.908346397619779,0.012237128686579196,0.012000343054284095,-0.17514405718807308
456.1282797558118,30.645098437547276,14.884216498288353,0.004108688127980467,0.004067097333814905,-0.12033918442793407
68.99670754786546,4.10330782512188,16.81489921995215,0.027359775367968808,0.02710388374717186,-0.10858988043330513
155.93627088545554,19.276566411816336,8.089421505578308,0.01141468873428911,0.011138254645693513,-0.2128335309748802
109.73068411909642,38.38452314454164,2.858722087178003,0.0135030024056888,0.013497613509835875,-0.6274572021233737
238.8823248028298,35.36059351930372,6.7556084620701125,0.007292804540720148,0.00726480317522314,-0.2556930725164505
15.058616971401236,11.560635180324773,1.302576955030095,0.07513359085372798,0.08652850594869267,-1.006370536956614
388.65521566931216,29.51884193516956,13.166343602601078,0.004782697452484354,0.0047187923344412085,-0.13470321933701077
63.03697571567279,5.460137740232,11.544942401580215,0.02919831068921621,0.028766026835080644,-0.15347801774918865
393.4982085782187,32.65147170192878,12.051469292729433,0.004693186672544763,0.004638386683848379,-0.1467919710521373
64.26295387895392,3.9436325974580955,16.29537039540022,0.02932268133212711,0.02903390152528795,-0.11183877057244754
347.62983064803194,38.113824639560896,9.120833029367606,0.0051847903979364,0.005121295137247225,-0.18796039977881177
2.8225750425562457,1.555317004148426,1.8147908336549525,0.4568408673999718,0.4616350702969879,-0.997824328210271
435.2345632108205,41.35803359130688,10.523579711543714,0.00419645628870388,0.004124846101050021,-0.16682248512960882
130.95753175260924,42.540115596488725,3.07844795239387,0.011527533834368147,0.01143309839296005,-0.5763615350343534
8.285151532041793,3.933978058816591,2.1060492479040693,0.16367777959375107,0.1638328912954049,-0.872605087671327
232.5793933207561,16.412984370645276,14.170451154314495,0.00803237439853994,0.007885407328032936,-0.12722307658369517
216.11582476046638,12.52998124411906,17.24789690821766,0.00874715366508796,0.008668515259355997,-0.10557020432483132
99.33532098683395,6.781410772248054,14.648179312975616,0.018847169214941735,0.01846254921433257,-0.12220993775424631
70.40445726052353,30.53469158968086,2.3057202675109574,0.01981391781862593,0.01974184330860406,-0.7845571358497296
484.15390301198795,46.07360598414968,10.508270248665742,0.003771965743132668,0.0037080679922927525,-0.16682248512960882
266.179092706028,30.039281184553097,8.861034026436808,0.006751775636776577,0.006658969428615839,-0.19542365953173144
585.4501983547218,38.23825774856761,15.310587689541176,0.0032067292258312675,0.0031687035305237574,-0.11682533421115988
92.39518641145432,10.229292817452713,9.032411923316364,0.019488527640066644,0.019268481729467404,-0.19249598843847712
566.7089400616516,35.18566916334121,16.106243068188878,0.003322840858427401,0.0032894169310936708,-0.1130921114958023
320.67489420469974,24.364027304491593,13.161818044161452,0.005796447517433835,0.005719135752704854,-0.13470321933701077
321.16665061913403,45.62799037631843,7.0388077136490335,0.0054526423684167075,0.005403528256706527,-0.24551035500853874
106.0713689841001,20.090255416489054,5.279742182722185,0.01585268111045866,0.015514736054022723,-0.32832583858702225
15.932247332586156,2.0070009927084422,7.938335551635992,0.11148739142988344,0.10901524796628403,-0.21933465485851883
161.6924261297375,42.10854424473765,3.8398958935737695,0.009813495962875396,0.009706337885706084,-0.4561097175311457
139.87932890527682,8.328629487058441,16.79499960018996,0.013494551990964018,0.013369228712709484,-0.10880193727536132
465.24703570897134,32.547208068548684,14.294529802037093,0.004017724240487327,0.003941955803428626,-0.12487853954468492
100.59690989696124,13.012111169347673,7.731021399043611,0.01760423583645424,0.017265519342503314,-0.22317195245009092
571.711935332787,30.89269913358702,18.506376955298574,0.0033189256862769813,0.0032784923492863802,-0.10024824039633771
731.5911237999012,43.93412321975939,16.652002365916516,0.002578897344330168,0.002556180193386886,-0.10946120500189957
65.44157591404046,45.994917703439924,1.4228001523121787,0.017947441947206707,0.019910884021199407,-1.0064660546555555
632.8722047216047,44.72054763212311,14.151709633068265,0.002951625431430128,0.0028978729651236604,-0.12722307658369517
728.1917762530845,39.03414063279091,18.65525318216848,0.0026067941084653157,0.0025739829356886566,-0.09942312934518888
381.15968537823534,26.460508257426124,14.404851247377803,0.004906528261422783,0.0048115876961673755,-0.12367370116581694
182.23359437208862,11.102708837686569,16.413435408980785,0.010344668677304464,0.010238530832224209,-0.11106247497193811
56.76698988402473,4.704147308720879,12.067434576035936,0.0325355946113199,0.032152433210150634,-0.1467919710521373
211.04279667382093,36.505854961685955,5.781067088972906,0.008079219930249591,0.007797798923318118,-0.29973366683317254
56.941495525945754,10.51403601146096,5.415759986353095,0.029649162261673415,0.028901054977161705,-0.31977038553775505
327.8571663548091,41.45428064007108,7.908885675798979,0.005415483371214665,0.005297605396071802,-0.21933465485851883
345.6924460530183,48.22613067506983,7.1681563752681825,0.005077191374451347,0.0050201648648872214,-0.24021605750478014
117.83195301601786,7.3752672626781015,15.97663499088314,0.015973519702364165,0.01582034358869989,-0.11346214160985876
206.90714373719274,14.63572057736615,14.137134051135856,0.009027598366518763,0.008863798607023524,-0.1272999322756782
410.59605809644466,33.33648746439208,12.316716286771884,0.004505188952689478,0.004445237149253592,-0.1440771296373109
100.67381665141929,6.4340565380574395,15.647020826741844,0.01867276363953139,0.018516651543027243,-0.11508397781127808
286.5960890259903,34.34812695894278,8.343863680501885,0.006231612536970884,0.006060298657685235,-0.20594971400270712
95.72593502045206,26.52088321599444,3.609455018553863,0.01636034400610455,0.016253751016269778,-0.48894165397246975
103.30603121630877,26.169405276453745,3.9475880374423213,0.015446945414328044,0.015192155802487532,-0.4449925416771312
580.5818615127994,32.7376733940792,17.734365375451542,0.0032609429280671186,0.0032284046923207747,-0.10335061644426226
33.3690863078067,18.56946753391413,1.7969867066389198,0.03850704057134249,0.03904810626727108,-0.997824328210271
54.47708609121252,48.81702472744882,1.1159444147889899,0.01936218806811855,0.01537885634665478,-1.00897466511782
160.8248502507275,31.24555785233914,5.14712686554539,0.010412848182874598,0.01023268039803271,-0.3386509138713664
162.63828992773992,10.122135080354184,16.067587385135848,0.01157672539822877,0.011461888730317947,-0.1130921114958023
225.03340349799507,21.09211670387918,10.669076350056786,0.008125935085315748,0.007983094575082365,-0.16212800125053764
121.8910129786454,11.86028269698133,10.277243476638969,0.014953126172701864,0.014615534560753502,-0.16969828060194272
727.4072225456852,39.99264578636022,18.188524621038518,0.002606203209738658,0.0025767591355838264,-0.1009016411972466
442.21586422553975,25.03912653613374,17.660994028181534,0.00428031811225771,0.004238548088424731,-0.103664098523445
325.8188539033426,37.778595365516914,8.624430070810403,0.005500588642801821,0.005418208032678897,-0.20078050677274345
676.4343664219169,45.24934246950562,14.949043002730454,0.002771297142167997,0.002742495358840677,-0.12033918442793407
138.7111317374925,23.355700888000005,5.93906954035198,0.012340587938937775,0.011864003069281816,-0.2921750138427401
34.13647538175192,2.823787431902404,12.08889698852224,0.054112169333956545,0.0534676421738339,-0.1467919710521373
106.82886263557248,16.7110388575406,6.392712239273358,0.01618910146299164,0.015560328676296233,-0.2719234110987598
509.412464484923,36.314766956827924,14.027694714123534,0.003664834526795046,0.0036001931250255557,-0.12820841775481742
264.38596655431354,16.916803618383682,15.628600562993018,0.007109777122963137,0.007050835589860966,-0.11508397781127808
148.26659867177978,9.357600163510883,15.844510994382086,0.01268840707694825,0.012572905827344343,-0.11406352644278
403.0750577698574,24.39825087878125,16.52065386869208,0.004678654689160718,0.004639529795422653,-0.11013814527328804
681.6527932710321,35.52337617869207,19.188851584436584,0.002788715081727496,0.002749718367601539,-0.09746965201511303
170.2775808618475,15.617254993670885,10.903169662713127,0.010758771166480626,0.010650614110061497,-0.1605250445194975
135.2308718697048,8.045377239841427,16.808518462009392,0.01395904773072918,0.013828785649750043,-0.10858988043330513
862.0786380232347,47.00099089079647,18.341711987013515,0.0022000272983667677,0.0021742253239010597,-0.1006659802439623
49.041095203332226,15.878898930234035,3.088444319647132,0.030807150042022557,0.030811376006786604,-0.5753102566362456
103.6416178277724,9.041349865787117,11.463069051221769,0.017748911312302187,0.017496092525810244,-0.1537846802655089
14.748578394356228,4.851671819166171,3.039896131492872,0.10203951369050283,0.10063271447720583,-0.5861591085199922
27.353487899268217,2.7883301900065245,9.809988787305068,0.0663529981528106,0.0651288903044173,-0.17952538509796961
85.17729802813814,28.542738069933236,2.9842020698730174,0.01758705034419101,0.017427495156379817,-0.5945649205313847
297.4703089923049,29.130712103123013,10.211570109898345,0.006123679568704196,0.00598884076488027,-0.1709893682040057
575.7848800357767,32.39943446314598,17.771448470519633,0.003288476786264672,0.0032553011914237618,-0.10335061644426226
206.59376103803677,13.03158898433783,15.853305478428911,0.009106416904042486,0.009023224966109845,-0.11406352644278
351.1468664637749,39.410750044617444,8.909925999029118,0.0051208833612825565,0.005070000991859922,-0.1946067979971986
191.86750574627757,18.188698686914325,10.548720887015117,0.009521261251943155,0.009356850625224705,-0.16682248512960882
171.70886642640528,27.712140056037388,6.1961604581670215,0.010029033727578159,0.009584067071938316,-0.27526249160821264
146.77525684921184,9.088413551865981,16.14971149932727,0.012831726564974884,0.012700655563192461,-0.11260787068991106
512.1990429077653,33.932581905445225,15.094608607592331,0.00366212083155603,0.003621869537164487,-0.1189256494633792
198.77182977581234,33.018999180818426,6.019922914298503,0.008628469077066936,0.008279187722592568,-0.28410247130353905
80.71794437621355,11.856792162458309,6.807738827689633,0.021604166263703345,0.021499966149332358,-0.2556930725164505
35.2499443250834,14.198432702527993,2.482664464705829,0.04044622129626668,0.03993549675154794,-0.7319851383219487
273.86027771872114,37.07380445647419,7.386894378219038,0.006432231507104786,0.006342131498916957,-0.23459914221055408
918.4854855230898,48.4111882928899,18.9725870797926,0.0020684733479398036,0.0020406998646437867,-0.09814922923627628
153.46057865553863,42.97718744628536,3.5707450341495686,0.010181341600898144,0.010025833305916523,-0.4901323988167069
175.33115376666814,11.308016771976623,15.505031280212766,0.010715864168427004,0.010580653070596024,-0.11558483690206266
266.8169558122824,23.97420317823602,11.12933572092611,0.0068777881932277464,0.0067970223250363865,-0.15752546669499704
35.20010073067836,2.2306692200265155,15.780062958083917,0.05343197595544885,0.05295842749723347,-0.11449277768490264
56.919834325394426,7.387268326402012,7.705126145474315,0.031100763640828238,0.030514106623939326,-0.22442948299034765
23.81090692529216,8.828978827850603,2.6969038423992773,0.061274724278329556,0.06128515390075449,-0.6661774600663269
43.476920707094095,6.8934599424058165,6.3069809747702195,0.039705874250125534,0.03823389945031628,-0.2736349687365166
42.2770723866826,12.824687047711443,3.2965383271654116,0.0362964816464938,0.03603867214011118,-0.5355966764484775
588.0428380235617,36.341939390183185,16.18083261077712,0.0032031530433592106,0.0031700785417375535,-0.11260787068991106
289.4767739908391,17.26104568625691,16.77052359703317,0.006520226303053882,0.006460203057168731,-0.10880193727536132
326.8692192679785,23.02658766768878,14.195295628915344,0.005715987332102339,0.005610755446928097,-0.12722307658369517
68.77165125267167,39.11132615981315,1.7583564150104039,0.018538605885459636,0.01894675501394707,-1.000392622563557
20.949204846697548,4.867707131510652,4.303711024659805,0.07746859894352122,0.07675286600922697,-0.4008401792128585
464.60006411352424,42.97255561345496,10.811553036144195,0.003940322866658548,0.0038666868161219255,-0.16212800125053764
58.06460939462806,42.97232237066882,1.3512094806926382,0.019794742032011498,0.022440513107275382,-1.006376316892097
77.04886681934396,13.10858768971746,5.8777397415422605,0.022183412463125687,0.021358773472110328,-0.29491478773566954
700.9610182364374,48.78737089053534,14.36767354832852,0.002667561583331781,0.002616384085173669,-0.12367370116581694
738.4212538624586,43.19529955773924,17.094944621819543,0.0025587994410410063,0.0025325364492600174,-0.10656027883392642
326.09612139068895,46.75110963473017,6.975152545864724,0.005364127271374717,0.005321845179670498,-0.24551035500853874
164.49679379667504,20.035386345463348,8.210313041151931,0.010838218019531734,0.010558612441825928,-0.21101667776337904
398.1827696283162,46.827712044652785,8.50314380614255,0.004494276162847256,0.0043619614561506955,-0.2035187682542239
45.84176136909905,2.7928064735896814,16.414227696263254,0.041123013706405566,0.040700972626749196,-0.11106247497193811
40.90474521878685,9.65893949488345,4.2349105965986205,0.03955407940156078,0.039030017885237044,-0.4073345456068944
211.48315264928988,24.565508875748474,8.608946540410159,0.008472829233932574,0.008347493922340346,-0.20078050677274345
530.2297423581546,37.03622223579878,14.316518001818247,0.0035256830566797568,0.003458846431896578,-0.12457965487104852
350.9072900766716,47.58263421728419,7.374692381978424,0.00501894747663595,0.0049496204346240625,-0.23475611431881827
320.0216115012799,19.29896579119384,16.582319227038916,0.005894131195810508,0.005843601410361254,-0.1099622645995206
633.976317104613,43.59343593912033,14.542930683187759,0.002951725620891036,0.0028928261245101334,-0.12277063113777566
248.92170210213172,13.592702274010747,18.312892983617402,0.007618629555787384,0.0075298906851248,-0.1006659802439623
38.7966418658334,6.680838190512144,5.807151851234897,0.04397781050141843,0.04241782828442269,-0.2988432229232257
636.0002142780997,48.46703029369094,13.122326877140836,0.00292198058542775,0.0028836204945663917,-0.13470321933701077
396.5571460928272,38.485877663523134,10.303965250834947,0.004597246457904627,0.0044924226694369705,-0.16696830820621486
684.7236490073515,46.48187954144143,14.730980239232336,0.002735209078587459,0.0027092946375692124,-0.12140666851256769
62.93480627900607,16.390648147061313,3.839677706112536,0.025212587995496864,0.02493757293248936,-0.4561097175311457
45.55308836340331,16.609772321509343,2.7425474282036317,0.03217355150589801,0.03218534214125438,-0.6540486880916122
17.778496169175575,1.9367159321719853,9.17971287055886,0.10144450841912563,0.1001386700156653,-0.18796039977881177
35.15360090123895,7.596923639614848,4.627346879982749,0.046783051704751236,0.046320545205588044,-0.37355372042358304
625.9423098753956,46.54656769908942,13.447657707479918,0.002974026882367998,0.0029299557219674612,-0.13245412726977307
84.55061887583561,43.340425642480376,1.9508488350645734,0.015638311560693906,0.015621528492306615,-0.9666357833130587
319.44525871995495,34.67393280966477,9.21283606545246,0.005647815898824882,0.005573145672575389,-0.18796039977881177
279.39288992434535,18.97641448748054,14.72316543826925,0.006703102398360285,0.006639818611614541,-0.12140666851256769
3.0226229317853113,1.5290979647607736,1.9767359590058695,0.4393942522964513,0.4376032651712367,-0.9559836153523664
458.31506375172955,41.06327232547737,11.16119193129603,0.004004979502536505,0.003957017669261557,-0.15772462057534828
72.02613229487356,19.962216082854926,3.608123065892223,0.02174188400238986,0.021601958401045344,-0.48894165397246975
108.10038517117127,19.174026329295234,5.637855258705313,0.01571407776646973,0.015223528483005263,-0.3067169181709371
872.1654489214502,44.53620760783571,19.58328954726718,0.002181734903340502,0.0021490798658696485,-0.09516221184911976
586.8246040609401,42.46750138351342,13.81820415478352,0.0031781743052178434,0.003125266459090885,-0.12956521288816658
143.83281144381118,16.220353873459942,8.867427465879965,0.012495847839281581,0.012323185670041406,-0.19542365953173144
720.1357549804763,45.817166866906355,15.717596792319974,0.0026111265365712684,0.002588598010234173,-0.11465514354736822
128.64329773859959,25.142165720978298,5.116635502535937,0.013005130361529227,0.012792499272065693,-0.3386509138713664
307.11310084219195,31.121712480375837,9.868129879930153,0.005913051883552388,0.005800802075682401,-0.1764936057294186
102.58683732142286,19.878020258085645,5.160817626176547,0.016331215660799096,0.01604171973370219,-0.3346807320267716
119.98458850733603,18.854748681090783,6.363627038299759,0.014405139353882723,0.013854214407067576,-0.2719234110987598
301.6279702782778,28.615926794672628,10.540562688832127,0.0060561300836339226,0.0059519532934762835,-0.16682248512960882
443.3227137008033,30.70181964262863,14.439623411938163,0.0042191909053597345,0.0041369034244401305,-0.12367370116581694
22.65537498412189,1.4634143867185911,15.48117552330612,0.08292290169497446,0.08188423770397125,-0.11611035730189036
71.88299753094405,7.609815217218462,9.446089751075284,0.025159507266853256,0.024786665057792093,-0.18063068011005493
425.99055737847857,21.424105395760797,19.883703403679558,0.004470126185849163,0.004433434948662323,-0.09419635696719965
107.51790208487857,23.884563503394272,4.501564454782648,0.015220414556501992,0.015146979232484892,-0.38035708239805305
393.88063967125277,22.656074223095192,17.385211391554233,0.004801497522994547,0.004756271662115763,-0.10516557549988748
67.99618696536777,16.98592289120147,4.003090523894294,0.023534365096083774,0.023081313697401306,-0.4367098068195176
355.29347178317863,24.657103404381225,14.409375909095953,0.005263842537974088,0.005161882776050981,-0.12367370116581694
296.3959218718593,46.60049363350815,6.360360132724761,0.0058309647261275905,0.005608350493577531,-0.2719234110987598
46.5732718732732,25.57820023491376,1.8208189569843762,0.02771946214764843,0.027977412274887283,-0.997824328210271
264.99246419048137,19.474668173456596,13.607033600277635,0.007030689216641257,0.0069208883280644715,-0.13163321059959784
584.5897828952806,43.68607384283661,13.381604970919998,0.003183315065429381,0.003137214002197969,-0.13297970256312866
351.6915780768833,21.646270210929337,16.24721370702062,0.005357078070633132,0.005299826974299954,-0.11218122210291649
49.25404199751032,11.092447623134307,4.440322250860715,0.03314194433798179,0.03306472654736276,-0.3899687936469957
437.5112700190791,23.33488309961301,18.749237703544996,0.004339843104830897,0.004284125540131834,-0.09925419767386341
141.70855293453707,8.842013679441525,16.02672853402412,0.013284573050649019,0.013154759849266784,-0.1130921114958023
67.42593608140267,40.41928204383984,1.6681626360475845,0.018545096711449605,0.019324902313790315,-1.006486493863055
45.814344530336236,21.302565642403334,2.1506491424273113,0.029798749597569032,0.02962266237600235,-0.8632442808644746
461.8759135323685,24.96312722477109,18.502325825349548,0.0041081339674188195,0.004058131526386462,-0.10024824039633771
135.21835215813553,12.766045548295578,10.59203115378112,0.01351493827050312,0.013276863402408707,-0.16682248512960882
175.83528826019835,13.246400812185072,13.274193552897126,0.010577438829808468,0.010430120543989127,-0.13430770462602354
397.069261138615,35.66844325870198,11.132228515236436,0.004621737324196057,0.0045673664089581215,-0.15752546669499704
210.98730474527815,41.033178729653066,5.141870829344398,0.007935862880760414,0.007799849828234725,-0.3386509138713664
354.782177459575,22.808724495717694,15.554669772357716,0.005296737791200284,0.005228893186675982,-0.11538752843956268
169.8684674427527,17.683837825797834,9.605859831791847,0.010663691907898759,0.010488937764450425,-0.18007056360018975
864.4532780131279,46.9828154525764,18.3993502663903,0.002194339256848024,0.002168252760047706,-0.10052557411808749
267.1428693542162,19.626151714949067,13.611576697979759,0.006974254026963477,0.0068651776364997705,-0.13163321059959784
147.45451169777428,44.44718290383396,3.3175221029599835,0.01042200280801084,0.010332742845537493,-0.5321544291010726
86.51097054308627,19.444088886868304,4.449216985503087,0.018875927310693194,0.018825027852264118,-0.3899687936469957
346.36494597862156,44.8484158802674,7.723014050336094,0.0051122998215009895,0.005014531388893061,-0.22442948299034765
89.93064951797498,7.926053644307693,11.346207526940104,0.020438048037274042,0.020166214911989968,-0.15525947258038955
314.16993907919766,21.85757553184728,14.373503530683934,0.005951893559415868,0.005837551669698814,-0.12367370116581694
375.8838411439797,29.622407712002396,12.689172493958997,0.004932106485762965,0.004879754120777222,-0.13751371645582958
292.1256582369464,30.150982087121996,9.688760962838364,0.00620584848467106,0.006098410949542985,-0.17952538509796961
39.82217439498682,3.083560796734695,12.91434708767737,0.046613814937866205,0.04606028552240016,-0.13642237085943215
91.85731822140747,30.153039418286003,3.046370117027126,0.016392050959363327,0.01615755290097338,-0.5861591085199922
510.1530844368003,39.907715599891155,12.783319635519096,0.003635961697082561,0.0035954319962229605,-0.13649634443750008
720.9397901328634,49.97679213922749,14.42549149862277,0.00259431441220979,0.0025438785284731705,-0.12367370116581694
48.2584879104272,34.72035777737928,1.3899190849314396,0.02410252858330487,0.027000423855125338,-1.0064011688390784
185.75802268613685,48.158949811110624,3.857185910712719,0.008550042259218852,0.00844884812445805,-0.4535117153793148
129.7130127382971,10.959644028664423,11.835513306731398,0.01421740404969533,0.014071038920897115,-0.14900840765504592
175.3022699608874,18.02362484233402,9.726249380709266,0.010345225620373922,0.01016246003678176,-0.17952538509796961
61.506850565408406,6.414880398708629,9.588152349308066,0.029445657105773668,0.028968151787496347,-0.18063068011005493
19.945258983312943,7.10558084549515,2.8069850188191143,0.07393485794367381,0.07350828263466351,-0.6380250352537501
504.09198120468426,37.23168358042116,13.53932814012656,0.003694647269474095,0.0036381916809271053,-0.13159897144042307
469.12076006949314,25.70673008556045,18.248947202079183,0.004041812631253171,0.003995459944485498,-0.1009016411972466
167.80040747412065,48.485651990524936,3.4608260502903456,0.009247012983409237,0.009169049132775262,-0.5114986826329992
848.8646163228148,43.91785201199308,19.328463880496866,0.0022401873591115003,0.00220807083949822,-0.09656825685257014
826.9051830143161,49.364120426231835,16.751137787414176,0.0022824033572182456,0.002261539507465615,-0.10880193727536132
106.45633232240756,13.802932629482772,7.712587982572565,0.016630735276821285,0.01631521447086772,-0.22442948299034765
379.8440846783314,20.442015040544913,18.5815382644492,0.004996426309593598,0.004934533092891353,-0.10006095341357696
47.07628768481612,28.048862392613536,1.6783670947458218,0.026622242989713153,0.027678470250517284,-1.0075910092209353
99.18899347252754,19.08515972790255,5.197179111239661,0.016909865307686914,0.016591249039470974,-0.3346807320267716
387.9363740337708,31.83849819460574,12.184506054984,0.004764458599875196,0.004704887123135594,-0.14563953835432356
476.31786321511515,24.314757933258193,19.58966091797272,0.003994945426073737,0.003966996520742223,-0.0950353073059452
393.18793608020496,42.544572611581074,9.241788363227679,0.004589971966986501,0.004527898233624042,-0.18796039977881177
26.528076670793205,2.922065702433149,9.07853531448789,0.06791138645965378,0.06711059317843152,-0.19249598843847712
26.63982730838662,9.58038250657316,2.780664267852444,0.055217791675352304,0.05503570716111082,-0.6395235352944749
12.368317963813373,4.91999778839156,2.513886895029847,0.11568506896022662,0.11381693462322565,-0.7319851383219487
308.8405471838976,20.925931825553448,14.758747651407367,0.0060648978210507565,0.0060067181184205705,-0.12140666851256769
804.6035974878357,41.87003806319583,19.216691331243144,0.0023627434051127346,0.002329536198739888,-0.09746965201511303
266.9936236257204,24.093303112755155,11.08165295460763,0.006870799806811256,0.006792524782901311,-0.15752546669499704
174.82286917579444,20.00891502512028,8.737248819154477,0.010265265537667906,0.010138710394255186,-0.19849310542358004
390.74714345894745,20.660803381675205,18.912485455696988,0.004861354806971655,0.004796844295244795,-0.09814922923627628
257.6071692629378,17.147114425293083,15.023353951785083,0.007279231366850824,0.007201345039349177,-0.11970662873325257
164.33691529204233,12.86133273017078,12.777596127851687,0.011286793308189397,0.01116134326542713,-0.13751371645582958
667.2246437689478,42.49494981855937,15.70126913004477,0.0028180143511190854,0.002793874596584109,-0.11465514354736822
230.83627429750098,24.608464732565213,9.380360652569582,0.007829482053903632,0.007718629962175296,-0.18344510331748873
312.1864448717322,23.711392867343186,13.166094738436682,0.00595419135014973,0.005874640883893829,-0.13470321933701077
641.4802479403274,40.04128532121828,16.020470941286206,0.002934610136863372,0.0029060005953828734,-0.1130921114958023
169.19300785517777,11.599597415594943,14.586110344459733,0.01106239935535308,0.01083959246123669,-0.12277063113777566
693.7025365070268,44.03293704471382,15.754173649661332,0.0027109988223437804,0.00268723535570071,-0.11449277768490264
405.967054162863,42.124625147089276,9.637285857033069,0.0044633723238957255,0.0043888777793156105,-0.18007056360018975
149.10229291238545,11.81508167071753,12.61965825271612,0.012428738693888738,0.012301760669996662,-0.13962818154523823
472.0379271535357,35.76540379035048,13.198171336762362,0.003938532652557582,0.003885245542662552,-0.1343395705167048
17.02577101772237,2.352917002581343,7.2360270247712535,0.10320616121713357,0.10192977868231906,-0.2372210342329613
77.95735416808269,23.264289337582007,3.35094500574954,0.019758620100730467,0.019556325997931695,-0.5244389153491451
266.76341927745847,27.964334171247796,9.539416087787197,0.0067859235399359,0.006679100860138672,-0.18063068011005493
505.9319475956952,37.764338428045235,13.397082238304773,0.0036785243000771028,0.0036249603551553812,-0.13297970256312866
527.1637861858492,45.013707076211595,11.711183557784326,0.0034954188578752566,0.0034397721970987048,-0.15090519890616375
97.54306509850205,5.361577107354244,18.19298000297458,0.019435469159876054,0.019215648022660257,-0.1009016411972466
484.92190037025233,42.974675583067615,11.283899035675692,0.003788620898683103,0.0037399028667701394,-0.1554470615674649
198.1690458223419,12.196269906056248,16.24833226459985,0.009507270688016803,0.009405628938623293,-0.11218122210291649
250.54207679915956,17.98471022814774,13.930837562622386,0.007448046513872055,0.007320060869101477,-0.12898848216919093
105.39215516019935,7.929579241161115,13.291014813639338,0.017648865070458975,0.017401515792643516,-0.13430770462602354
93.3049220668806,4.720150037105035,19.76736360781159,0.02040294342123398,0.020241176810888366,-0.0945222206491304
674.6299658655417,49.1235168678218,13.733340136879653,0.002763371849274839,0.002718502505426019,-0.13055290822122617
527.2786135892934,45.913893227583905,11.484075440427207,0.0034892291441607367,0.0034390231052530413,-0.1537846802655089
102.67015106593635,6.227167002853371,16.48745746161802,0.01836592521715377,0.018214434486552643,-0.11089714911713303
212.78086131124184,11.04227753501547,19.269653442100676,0.008935626630514674,0.008808843024855377,-0.09656825685257014
93.5646233827635,16.73287199216317,5.591665520813429,0.01813277802185388,0.017588584586557862,-0.31076489022478127
557.8093647551764,29.910454232047385,18.649311054511326,0.003402982059455574,0.0033602039055169127,-0.09942312934518888
262.9945064683295,37.46172297781773,7.020352657672923,0.0066565436292891815,0.006598742669711501,-0.24551035500853874
495.75123385117104,47.908346763972446,10.347909442451913,0.0036787726572150665,0.003593540855148872,-0.16696830820621486
73.43324666186629,10.954645782647043,6.703388509210393,0.023700082346706768,0.023448469760682725,-0.2576953385014043
165.03057177342663,16.81263798749181,9.815864226435215,0.010998486017869652,0.010794983582075335,-0.1788226028080648
168.571549850891,44.87571008569107,3.7564096373962714,0.009369996132038547,0.00922994132164244,-0.4696049381421816
795.1455581814681,41.15041583929327,19.3229045676425,0.0023914978215001537,0.0023572453957624788,-0.09656825685257014
138.77018870702747,9.720260423288721,14.27638588515064,0.013468879727374162,0.013215974335185652,-0.12487853954468492
396.3928904791306,20.22301588938984,19.601076943577993,0.004800584829881379,0.004766864773628461,-0.0950353073059452
354.85945160547004,33.35684681021298,10.638279260161411,0.005151767218846896,0.005062463278206434,-0.16212800125053764
113.92949476244722,7.357826170550581,15.484124267361151,0.016489769784797628,0.016283036401947726,-0.11611035730189036
179.59055159208592,15.511367752964933,11.577995857764247,0.01025105240744898,0.010096986277752925,-0.1513427187950206
201.10092787366565,45.97300067167535,4.37432677735928,0.008094743187899633,0.008027427959539311,-0.39904674435376297
483.0330522721057,43.900726875335344,11.002848623526713,0.0037955433474694384,0.003754527349264502,-0.1597842630273994
81.04815783037519,7.219051509055369,11.226981512558918,0.022658470965237185,0.02237633592055124,-0.1554470615674649
560.9480416214196,42.56368392289699,13.179029395988431,0.0033139372697293806,0.003269435163976718,-0.1343395705167048
70.92970470671237,6.220335721617307,11.40287403784541,0.025923512014980037,0.02556507661405459,-0.15431342543842827
100.88968447997858,36.621584078648866,2.7549240978573435,0.014544262597267125,0.014532127264783774,-0.6540486880916122
729.5591412637091,48.565272605904525,15.022239186916659,0.0025702830605892416,0.002542793319345009,-0.11970662873325257
348.3979695495554,46.00800255340009,7.57255151742744,0.00507091712971811,0.004985269850647049,-0.22854069888323758
50.20403111146819,7.708314380282078,6.512971401359868,0.034534950760799425,0.03311546201037222,-0.2615867060009614
238.04464227380024,20.130882372645164,11.824848899681966,0.0077466677088731395,0.007667456126519539,-0.14900840765504592
904.2683162527043,49.371031743877964,18.31576704622613,0.002097228899165733,0.002072784340992492,-0.1006659802439623
431.955667638056,38.54715257398239,11.205903388298696,0.004250771545000885,0.004198488273740971,-0.15772462057534828
167.11608257939164,43.374809058114444,3.8528373082976834,0.009501598783876462,0.009391324266048485,-0.4561097175311457
195.15089293975296,24.088675627949335,8.101354177949306,0.009122440867157562,0.008900076589238309,-0.2128335309748802
285.84082219344936,49.803862855728774,5.739330361210527,0.0059586821692319165,0.005757292747931647,-0.30258785065164684
77.54663456614655,13.328228943304138,5.818224979178842,0.02200828615046015,0.021221672634592865,-0.2988432229232257
482.22748052973157,48.25368580925385,9.99358851955828,0.003770162122441817,0.0036943193508541822,-0.17124146754364714
22.860914614023564,1.8851814621937775,12.126638773235346,0.0808208290245076,0.07983918760922067,-0.1467919710521373
123.4562688051814,6.41377483380283,19.248612869058608,0.015400010225296041,0.015182325078543004,-0.09701747724045454
386.85727533960784,21.765933388685053,17.77352105380945,0.00489448459431453,0.004845076790500646,-0.10335061644426226
82.1316172548917,8.990070848102675,9.135814238018524,0.02194867151428769,0.02167636557958815,-0.18796039977881177
861.7146042971644,48.20407035919057,17.876386742367085,0.002197998629663614,0.0021751438314231895,-0.10253805771853677
147.3193937865711,21.724677391884093,6.781200527360038,0.011831234222279554,0.011780072040253513,-0.2556930725164505
212.49341731474672,30.58207079832864,6.948300483509437,0.008227896673273892,0.00816699685883327,-0.24551035500853874
678.4588706795189,45.43976676347497,14.930949672586618,0.0027628177434682595,0.002734311821458572,-0.12033918442793407
750.6278785684485,44.674836342089016,16.802028614512633,0.0025147657143669844,0.0024913526311885195,-0.10858988043330513
67.90235815033382,8.869505057217104,7.655709953632844,0.026051210905133917,0.025578756628403018,-0.22622522963494318
136.7467983031708,30.6962300810235,4.454840152755699,0.011944361131662315,0.011909393493728602,-0.3881226250545297
358.31914449026726,24.457564023263433,14.650647306879904,0.005224978311158926,0.005118295465484848,-0.12220993775424631
339.47186692569403,24.434560171208407,13.893103233578913,0.005495918321517943,0.005402460206937796,-0.1295959871754494
224.15882968014716,11.923741354785829,18.799370349489894,0.008471612246649336,0.008361719271370088,-0.09832266537265712
554.4206157377624,43.61332571478044,12.712183871588374,0.0033442917890952354,0.0033083559137048408,-0.13751371645582958
40.93015965438485,9.582424481580805,4.271378264765895,0.03959409391165899,0.039005783289420434,-0.40512960780328844
71.76019369265272,22.93490297442564,3.1288640624584905,0.021120417744874838,0.021102900237279957,-0.5674736749142755
681.6442738135185,40.61299172503888,16.783897094516888,0.0027690964084780547,0.0027434819188792443,-0.10880193727536132
151.67723717072465,37.25033452887743,4.071835571117905,0.010586067359083155,0.010463100162456024,-0.42605827893674014
89.24139848402396,15.498095821246254,5.7582169779647,0.01909499385371164,0.01844064885392595,-0.29973366683317254
122.89277382641727,19.682963171204726,6.243611429716221,0.014027632205284395,0.013391098934764293,-0.274895451004577
20.844640361502574,1.7675038044702887,11.793264777582529,0.08844804744388787,0.08756192571008856,-0.14936537567964017
322.318637666317,47.84293195984434,6.737016826996438,0.005403046032087738,0.005384215707466798,-0.2556930725164505
278.5164483045902,44.94452005408546,6.1968944816727,0.006183126236678619,0.005908696964559286,-0.27526249160821264
188.32941633674582,16.86316473028643,11.168094444247709,0.009746941091143255,0.00962972668120821,-0.15772462057534828
285.594608102596,15.203863079581636,18.784344913375442,0.006648969963642888,0.00656298526935395,-0.0988667621260604
640.4913865058184,44.56460021719671,14.372200881063076,0.002919469413831499,0.002863400337740974,-0.12367370116581694
477.25008745952084,47.22026861019133,10.106890568524173,0.0038133709119189223,0.0037328485832613875,-0.17124146754364714
646.3919512829943,48.66207492083127,13.283279686174803,0.002877474159704381,0.002837261894738562,-0.13430770462602354
166.86663451504828,40.522583390979754,4.1178676321064085,0.009643702889637387,0.009510673775462108,-0.4210924005143302
78.2380037247217,4.328173949878663,18.07644624054794,0.024222993680077496,0.02395706839069045,-0.10175601203112118
74.87011389003096,33.56736010381506,2.23044390915691,0.0184438084578907,0.018301077107153684,-0.8168780506651379
717.1290481050553,46.797052762746404,15.324235304748468,0.0026180542826433712,0.002586867894104154,-0.11647880534144663
532.0583811839393,33.58974786626718,15.839903988033917,0.003535767020671046,0.003503641796399947,-0.11406352644278
686.6143736334038,48.8886434053728,14.044455436003075,0.0027192274588515486,0.0026710528105258436,-0.12820841775481742
343.0280356230017,30.67946447094609,11.181030749342263,0.005351779130729815,0.005286917152589503,-0.15772462057534828
496.6775403650905,32.168331607520564,15.439953381013188,0.003781820197517926,0.003735055362295641,-0.11611035730189036
89.14325508557364,34.78492404981773,2.562697994047819,0.01613837961594677,0.016111375712084788,-0.6986694083805378
459.6553966668257,28.895807487720784,15.907338698257709,0.004093736711714925,0.004053454206546843,-0.11351724158657407
276.7274209075842,37.40993619160482,7.397163670374949,0.00636664170880033,0.006276421353278495,-0.23459914221055408
381.9824190064997,29.6994177489741,12.861613053666495,0.004858120571367198,0.004801845926643799,-0.13642237085943215
59.23442447243901,4.514118500399494,13.122035778900539,0.031373266065894946,0.030961442924025927,-0.13470321933701077
174.3877282312628,10.013134931395868,17.415897161684658,0.010845936215796423,0.010742747461220501,-0.10507824526938718
66.58721701464744,10.358463427582002,6.42829097965846,0.025992362254845393,0.024964134097371107,-0.26941755323551964
218.79001257386216,38.564150608385454,5.673404162214014,0.007771391670021994,0.007521683797708077,-0.3043354672995555
57.10703988070569,6.043757613076822,9.448929546271632,0.03167022554540042,0.031200002431777046,-0.18063068011005493
140.6674584144262,9.114024308703101,15.434176347335502,0.013352785428736842,0.013187969210384119,-0.11611035730189036
56.875895893130696,10.124723001728768,5.617526117348524,0.029850470532794552,0.02893438893286821,-0.30962730486686063
549.85152020754,36.77351027384659,14.952380561792486,0.0034093328720712665,0.00337385283534768,-0.12033918442793407
190.38696592168398,14.502549615889926,13.12782724170678,0.009761358431408988,0.009632924415610243,-0.13470321933701077
115.25790280759597,12.190677753598496,9.454593512946698,0.015692603175283693,0.015458721178745779,-0.18063068011005493
740.5792646949458,40.791547236588954,18.15521388290625,0.0025596041846713416,0.0025309285519306596,-0.10137671602648096
55.17807993759374,6.864231283961149,8.038493700892909,0.03223606536606836,0.03147731663708539,-0.2128335309748802
715.641739165106,42.43982408457008,16.8625048430701,0.00263823854444709,0.0026131493427097524,-0.10808351469844871
13.273727299095853,5.5099006521345455,2.409068354790315,0.10647570347926276,0.10499788470107191,-0.7607281560446899
13.342936874440646,10.373839512538522,1.2862100727810057,0.08432849251376452,0.0976546348416716,-1.006185247415505
80.16828036478506,10.508642929159086,7.628794783990269,0.022056328416841752,0.021665150926512628,-0.22622522963494318
459.7474717969572,32.89041312101581,13.978160447707932,0.0040597770923221045,0.003989110033107273,-0.12898848216919093
153.96337524265508,22.50437578079876,6.841486151063123,0.011333515548312198,0.011271726597297194,-0.2517689206604019
40.434918083190595,9.045723183746706,4.470059193923133,0.04041984802117731,0.040276362787464666,-0.3881226250545297
21.041035821787585,15.820785875869023,1.3299614814887835,0.05425667826197381,0.0619265914104735,-1.006370536956614
102.63574592099685,15.22057707687974,6.743223033041364,0.01696981501820682,0.016908661365097118,-0.2556930725164505
239.0025051422614,14.52795651297286,16.451212868708833,0.007888598423016003,0.007824515225067762,-0.11089714911713303
463.91340850679603,36.3209222094333,12.772621956892605,0.003998126232432757,0.003953799759010491,-0.13751371645582958
53.86319844204483,2.822144963548935,19.08590775376407,0.035282488908810916,0.03479840150972466,-0.09755855859825942
556.8605830476521,32.14609380422427,17.32280713292997,0.0033955472469167965,0.0033642232575906653,-0.10531834055107443
15.480916969281642,2.805515004186941,5.518030360264683,0.10937070735842616,0.106303088889542,-0.3137827145586913
276.5440151759384,17.476888874017895,15.8234121169623,0.0068022374343158455,0.006740850932011566,-0.11406352644278
86.65113144525569,10.836780050498888,7.996021977143162,0.020515364103241625,0.020044260988321388,-0.21933465485851883
571.2939666387883,42.41159253730849,13.470231426377925,0.00325889177651415,0.0032102268876235416,-0.13245412726977307
169.4813498940265,14.896483635019193,11.37727225072121,0.010847290922772085,0.010699250012896446,-0.15431342543842827
314.7027874375393,18.124905202527593,17.363003222419763,0.006009115359769295,0.005952928920581084,-0.10525203537375846
39.196433166057574,8.519587753015486,4.60074293526516,0.04191464337296741,0.04154291164164158,-0.37860353983272665
590.9254071709438,32.80417509894,18.01372555135637,0.0032065177872782256,0.0031718947658008483,-0.1021196780289652
226.12220920485657,31.601839102080948,7.155349676784054,0.007760238181646487,0.0076747572820680295,-0.24201219289130485
335.9898300730934,24.687503059838825,13.609712949045683,0.005545122513320998,0.005458448703765731,-0.13163321059959784
114.4783793531048,40.87811245324326,2.8004810516641676,0.012873617167495008,0.012807149636916707,-0.6395235352944749
78.32573728777936,26.11763007117179,2.9989603602753387,0.019149133646049504,0.018948937219075566,-0.5919498982836252
656.0192486131565,46.517531988852575,14.10262368971691,0.0028468260384690246,0.0027956241471847635,-0.1272999322756782
455.2307821357762,47.691621108461376,9.545298976113225,0.003976756627063055,0.003913926415059929,-0.18063068011005493
210.58848231111116,25.075927433155783,8.398033646909816,0.008486644216537895,0.008247639541160253,-0.20579264467921993
167.33666836332452,10.231822283246851,16.35453233363078,0.011263259560958697,0.011150002524220215,-0.11106247497193811
292.32271827710946,20.025806248843928,14.597300834965633,0.006403103722149383,0.006273830728073646,-0.12277063113777566
911.4056632530078,48.124523664322446,18.93848694711729,0.002084353392179743,0.002056552072865415,-0.09814922923627628
217.6713461216359,10.930149290855741,19.914764229592148,0.008748849155125485,0.008676389697275676,-0.09413255887406215
120.61078644698591,21.859930059387274,5.5174369780379156,0.014037972497390602,0.013644462001750682,-0.3137827145586913
127.764940355211,13.170249673198612,9.701026444108495,0.014190919951197721,0.013943592881440935,-0.17952538509796961
430.0394410911599,27.53000923954505,15.62075178941228,0.004370921176128596,0.0043348163082692305,-0.11510358059965736
482.11964870468216,27.130899282479188,17.770131527340464,0.003927339907448508,0.0038877345302563457,-0.10335061644426226
275.7313463444911,29.035532648437993,9.496341936724363,0.006562392890621169,0.006461868796460849,-0.18063068011005493
69.92054992116672,4.6109810823563535,15.163920361485232,0.026834280378669008,0.026531800916383377,-0.11859574204555984
128.15941867279605,21.099619588993615,6.074015606406904,0.013399523561796928,0.012840798668716853,-0.28410247130353905
442.50090429966576,24.299337542963677,18.21041020222381,0.0042844879259386764,0.00423581779782064,-0.1009016411972466
337.29255019912256,44.710216134054726,7.543970469474306,0.005235564179803947,0.005149410778852611,-0.22854069888323758
68.85655683098415,10.92957478332297,6.300021564978886,0.025067013020109413,0.02414137870420511,-0.2736349687365166
95.17612757165922,20.774291207853633,4.581438019684556,0.01724875184627947,0.017108638491926956,-0.37960779006065687
31.4172169729673,13.17344144364926,2.3848906231038907,0.04485244378573039,0.04436144963773038,-0.7607281560446899
294.68307355427464,19.63928323678405,15.004777414805963,0.00636289451510276,0.006295299177170982,-0.12033918442793407
195.3579131714395,26.566730283872257,7.353479750198485,0.00901206810050698,0.008890645203083428,-0.23475611431881827
280.4248596055788,27.665724108686486,10.136183622156882,0.006491597295472279,0.006352868698375572,-0.17124146754364714
95.53119200701047,5.1177977616079495,18.666464846198952,0.019871038990036487,0.019620326791763513,-0.0993449122371446
233.80075794320018,24.96416596091239,9.365454400089849,0.007729022812771627,0.007620761364607997,-0.18339008403643334
163.89342216872151,48.279101681704425,3.3947073673665646,0.009426291226143536,0.00938762617968906,-0.5143724538765504
67.62930863749384,10.637308427198418,6.357746332199337,0.025553678886451357,0.024579464853538825,-0.2719234110987598
74.60676383178183,19.31944364776192,3.861744944214516,0.021293311565204857,0.02103618011248244,-0.4535117153793148
442.52724776389823,26.919512791541162,16.438902560783056,0.004260334010258464,0.004225906426699186,-0.11089714911713303
59.431343583851735,5.790416722405608,10.263742047076915,0.030664612402497838,0.029975804102781597,-0.16969828060194272
590.4523244783317,32.37136641978304,18.23995678222251,0.0032111816381229664,0.003174436153910063,-0.1009016411972466
3.5580953449118224,2.64191420490251,1.3467868632180358,0.32258014829346393,0.36620705795652797,-1.006370536956614
136.33261921103514,9.237042629418166,14.759336367772356,0.013739126509698375,0.013607294580036079,-0.12140666851256769
333.43088461307065,42.80429936355328,7.789658739210159,0.005315823945174311,0.005209049232609574,-0.22317195245009092
293.08676083086823,15.030329454869777,19.499689724759097,0.006491038838985736,0.006395216217445885,-0.09583585117256349
76.10920620356374,32.63968760360376,2.3317994684226235,0.018390991668810728,0.01826209775131626,-0.7845571358497296
433.6639991630625,30.593243922529307,14.175155804373725,0.004307956482719375,0.004229041967929985,-0.12722307658369517
94.90762071746109,48.781600634549946,1.9455618405895856,0.013918928512392615,0.013916795003670566,-0.9666357833130587
543.1395527262436,34.13448135021501,15.911756418786844,0.0034645590862226535,0.0034304113773872026,-0.11351724158657407
673.114752168717,35.40776558609482,19.010370776772756,0.0028227754939076067,0.0027845968312910233,-0.09814922923627628
568.2686035660877,48.434649187118914,11.732687509941075,0.0032430508369644738,0.003190961674919433,-0.15090519890616375
69.54410130921302,4.0746512080935995,17.06749799125764,0.02716699117564959,0.026890544346817483,-0.10656027883392642
766.3181291011178,42.22026126468743,18.15048287590911,0.0024735993044129223,0.0024459204797658203,-0.10175601203112118
427.7402006203815,42.50390917707853,10.063549657005497,0.00425311015774642,0.004164916718725078,-0.17124146754364714
142.30831135204775,17.41011968382126,8.173884725461761,0.012522036355033109,0.012204894268791804,-0.21101667776337904
157.57477555420994,14.698467417847379,10.720490175926592,0.011609463927746455,0.01140070126299583,-0.16212800125053764
43.835368823819564,11.522353982501112,3.8043761622314256,0.03612865375617731,0.03580308238953357,-0.4606875429766859
197.97966365913175,26.37592345452557,7.506075152229883,0.008914420299178067,0.00877291061880201,-0.23331583217330729
415.0432554882178,40.00534873557049,10.374694099821328,0.004395134896439371,0.004292329267558038,-0.16696830820621486
276.86535831601304,35.35691264251919,7.830586372608304,0.006405692950281659,0.0062732943701812064,-0.22317195245009092
102.1249589873418,12.48456371013241,8.180098348527606,0.01745055692518015,0.017007183266896857,-0.21101667776337904
215.57136701432148,21.75237647051241,9.91024439589627,0.008427306811498232,0.00826409526231882,-0.17514405718807308
122.75826013436955,11.158900641307081,11.000927786734952,0.014934605754897846,0.014773431974102852,-0.1597842630273994
476.26505791389235,36.00825933992005,13.226550426054274,0.0039041658673958893,0.0038507617175907224,-0.13430770462602354
567.964816549252,36.23347013124244,15.675142747631071,0.0033101715845440956,0.0032821434147396575,-0.11508397781127808
325.5359493441067,26.930423772478274,12.088036641918363,0.0056743001674615405,0.00560674436867826,-0.1467919710521373
100.33624102614566,14.68006167437404,6.8348650878828145,0.01738883926053174,0.01729617388476875,-0.2517689206604019
546.7286917073751,39.69160262669084,13.774417144338846,0.0034105231679800296,0.003354466813720004,-0.13055290822122617
237.42131039137863,19.389382078867637,12.244913707185264,0.007787837728881626,0.007687586458766674,-0.1440771296373109
492.7484263592359,42.15083737606327,11.69012188211139,0.003739021785211733,0.003680018520682957,-0.15090519890616375
391.02112019723603,31.7840925635853,12.302415726199614,0.004730310648112537,0.004667770502694967,-0.1440771296373109
672.535610760348,42.71253272019651,15.745627054383064,0.002796232354085659,0.002771811563009137,-0.11449277768490264
226.82481061879471,32.318424835438506,7.018436442176842,0.007717739560109862,0.007650984330144021,-0.24551035500853874
78.55306782499876,49.937099191632434,1.5730402665872367,0.015565393418323822,0.016587507837272638,-1.0071209801278498
593.0537895868408,38.44921770723512,15.424339556204906,0.003167047467548555,0.0031280773229100094,-0.11647880534144663
74.00855815774506,40.07875058525516,1.8465784755518944,0.017530433683077908,0.017606066928255868,-1.0004275886910212
358.78875488139045,35.88177270191861,9.999192566709668,0.0050675179934175085,0.004965323713736738,-0.17124146754364714
166.4351236240961,9.575196009462648,17.381902517673506,0.011362970104047656,0.011256057519178495,-0.10516557549988748
563.4094964835066,29.691266908077004,18.97559636736958,0.0033721082882497283,0.0033268044249927234,-0.09814922923627628
192.03524096111158,47.3928779808941,4.051985216819464,0.008353237743493447,0.008264181704040826,-0.4303661218707792
72.38475618483561,5.926298186914105,12.21416032434359,0.025539178549503595,0.025215210314817292,-0.1440771296373109
14.907327987138116,5.833503948352739,2.555467197609018,0.09642814744463953,0.09634325320547356,-0.6986694083805378
42.983947206376136,9.461012184327531,4.543271519888793,0.038135218774800264,0.03788237389802806,-0.3801588369764024
94.1590506118222,22.317155619040456,4.219133128752661,0.017170888928472506,0.016955491024034007,-0.41329706145980005
33.98867178884533,15.351525035972891,2.2140257537411054,0.04053490112941738,0.040320528149839545,-0.8314766035315969
119.18730013225237,9.976813162370998,11.946430006505945,0.015484177059598586,0.015313685675924619,-0.14723000532158403
692.9586479932603,47.096025957129115,14.713739299873229,0.0027025030317342105,0.002677097855470423,-0.12140666851256769
299.6050406059185,47.614948801049096,6.29224745904415,0.005760037039963882,0.005548278531504694,-0.2736525396099106
371.6279811621274,41.887333996009346,8.872084845445949,0.00483658023460427,0.0047694967298301345,-0.19542365953173144
670.3897640194214,42.08211615578532,15.930514557245196,0.0028071283311675013,0.0027792669297485354,-0.11350322317138538
691.8054021493064,36.15228672430442,19.13586842859985,0.0027474124259813174,0.0027093648013747753,-0.09746965201511303
77.81550717354656,19.54477708408484,3.981396504998316,0.020542257197068873,0.020168747574626566,-0.4425362726858197
587.2243013124966,36.859436773686625,15.931450741312107,0.0032046981485741085,0.003172879761645948,-0.11350322317138538
171.49827519590508,17.61647584720257,9.735106878549626,0.01057558962993908,0.010387873060528501,-0.17952538509796961
198.34040738961417,40.72865307783171,4.869800310130298,0.008365783494064222,0.008221767234910074,-0.3589647863203569
119.38042188060201,14.498748523847809,8.233843195793272,0.014938843689858454,0.014548934123881389,-0.21101667776337904
18.22051080373521,2.00907516776726,9.069103583607657,0.0988650980211563,0.09770938808668732,-0.19249598843847712
167.47819007456695,31.161986328550398,5.374438853441271,0.010068456624510997,0.009826170750618082,-0.3230354954894175
625.5332001352424,35.27592459807942,17.73258127922462,0.003026592589512329,0.002996408832623129,-0.10335061644426226
41.38611690820972,2.6220966025466677,15.783597319799028,0.04544606200638352,0.04504268874935587,-0.11449277768490264
69.64501004591678,7.828185557643838,8.89669892634467,0.0258153802023894,0.025562706647412146,-0.1946067979971986
222.00095241592643,23.2452543546779,9.550377424510767,0.008155070067488291,0.008025820446983738,-0.18063068011005493
619.4465929708512,35.582914027195095,17.408540303849882,0.0030532975669536754,0.0030243177474584392,-0.10507824526938718
470.46603283921746,27.785087956496668,16.932321163633883,0.0040140401426613384,0.003974949538926784,-0.107277520106933
75.77906953344822,40.94021444238654,1.850969042677804,0.017135129105264855,0.017194716644202704,-1.0004275886910212
551.29071595107,31.54593005672054,17.475811141400253,0.0034314932214699265,0.003399936098598495,-0.10465353045628414
45.44302776814321,3.3118939735379165,13.721160197528574,0.04102149954412043,0.040357857794999674,-0.1306001227802952
11.684556235029769,4.019559467412445,2.9069245845867773,0.1273551493057945,0.12704179080149,-0.6139523441589809
865.9974629840431,47.91259396874734,18.074526784104407,0.0021883991589593736,0.002164386486220906,-0.10175601203112118
6.776527778173485,1.0512165150325417,6.446367309938724,0.2555014478099227,0.245336511479258,-0.26880319008702624
921.1687132102627,49.994527960360884,18.42539075357665,0.0020593860179358046,0.0020347556089395954,-0.10052557411808749
189.89507898264912,18.060142140816563,10.514594929653377,0.009617455090548432,0.009454039571327691,-0.16682248512960882
39.99446347250045,3.7163461399321105,10.761770289037463,0.045755272385326506,0.04491779078152616,-0.16212800125053764
169.04228946080704,16.45986709156093,10.269966854560813,0.010781545816883224,0.010538796643828539,-0.16969828060194272
120.10890075835039,27.742605438315575,4.329402334809796,0.01352708573248948,0.013387113714689772,-0.4008401792128585
435.1686168086165,35.48789026780716,12.262453854671088,0.004249383509904914,0.004194229042003983,-0.1440771296373109
92.09849070567347,8.647555742048027,10.650233829410563,0.019851895637788896,0.019505889064113612,-0.16212800125053764
183.2035130050393,22.142179860726117,8.273960114017042,0.009739673484690039,0.009480483562420946,-0.2072744654045315
68.19715631385935,32.177887107976574,2.119379562897216,0.019925271579657552,0.019903767307656892,-0.872605087671327
20.137240157292553,3.6778381588782656,5.475292627730628,0.08398040827108967,0.08172268294080003,-0.3165272866883754
76.88728111556603,20.852490766936423,3.687198904673681,0.020462499159546777,0.02023618849629279,-0.4763796078590647
695.5816966985122,47.25386276798398,14.720102356791692,0.0026923859184075655,0.002667002480481469,-0.12140666851256769
406.2427811694782,30.554769210424727,13.295560453157526,0.004578780257033282,0.0045145005337973885,-0.13430770462602354
917.9151234459113,48.61240141435705,18.882324195875185,0.0020692633665959402,0.0020419678879979794,-0.09814922923627628
53.85794478027648,3.981867233806739,13.525801242947843,0.03457825899422057,0.034052232403650406,-0.13159897144042307
64.39129985052236,17.01536035079261,3.7843042123714348,0.02456801439899501,0.024373499606594316,-0.4642557841030221
270.01181105763345,16.918197826551783,15.959844767500655,0.0069703409823796735,0.0069039275546470364,-0.11346214160985876
56.9436289814466,17.82410074039421,3.194754664531098,0.026749508209499225,0.02674394251091216,-0.5532592486038335
170.4900103753268,21.896716208231254,7.786099465966382,0.010395727582231892,0.01018744670024024,-0.22317195245009092
267.126801420817,25.40587022153049,10.514373217353421,0.006836843176427193,0.0067206868856044995,-0.16682248512960882
60.8197654671604,11.240004602307938,5.411008946977844,0.027754737464079117,0.02705813282962664,-0.31977038553775505
395.18654348627615,42.827597935182546,9.227380533560893,0.004566062624164441,0.004504998944433108,-0.18796039977881177
359.8187982679797,35.46244320956551,10.146475135444799,0.005059688622015256,0.004951109617980128,-0.1709893682040057
370.0694504345273,32.68227329757163,11.323246919363601,0.0049658384611417665,0.004900595829309574,-0.15525947258038955
28.43480752661593,19.333030765760075,1.470788924464737,0.041869175401207354,0.045824105788981516,-1.0066254819852019
477.1355469893818,30.688732943058874,15.547580536305574,0.003938370178491807,0.0038880316551089516,-0.11554131269698573
66.29347205258937,16.919926435277922,3.9180709387936794,0.024034591019517184,0.02367414577908659,-0.4485643884026976
501.2307676994831,32.09468135944563,15.617253279006876,0.003750055437123935,0.003719129196710857,-0.11510358059965736
485.0872394544144,40.82052910072401,11.88341381507989,0.0038029481965910746,0.0037626156747397246,-0.14850079074907185
448.49776292069964,31.131889768407376,14.406377712921074,0.004169883969405844,0.004089169231297186,-0.12367370116581694
341.3291704796285,17.353929602335793,19.66869627232362,0.005575952699034248,0.005535862356816954,-0.09498312520530554
501.44656884477286,33.32413418392576,15.04754980510944,0.003739920658841084,0.003699532962696787,-0.1189256494633792
297.985798214225,48.29997003040162,6.169482051990151,0.005775576657794208,0.005522643369379896,-0.28013994684396
204.52567921002878,33.53761499366136,6.098396658458997,0.0084011271317147,0.008046272228668248,-0.28410247130353905
51.68493515296811,10.870891485091482,4.754433914076842,0.031971442269826546,0.03150500150316101,-0.3644247719978251
204.18963344774045,17.34814284764052,11.77011483252294,0.009027805701784051,0.008880584701688421,-0.14958899205843956
505.6245740354145,36.343565046404926,13.912354866392791,0.003690253828183183,0.0036271639999690573,-0.12898848216919093
274.36938610666795,17.270992662404964,15.886138768613334,0.006857760946688533,0.006790816306512929,-0.11398899085355466
58.16354919220193,21.07245199873267,2.7601699695744935,0.02524105166767073,0.02520722608797568,-0.6452154597789044
561.4922536504642,44.15722147794435,12.715751463912158,0.003302240127552268,0.0032666892745731985,-0.13751371645582958
354.8929220979533,38.01531189034605,9.335525725045493,0.005090247103499387,0.005016484833609787,-0.18556106459031488
287.602830394846,45.59391699611686,6.307921085598778,0.006002459554784493,0.005779818691082668,-0.2736349687365166
467.40527267546696,30.529561539683538,15.309924188328582,0.004016589847851112,0.003968971295196542,-0.11682533421115988
75.22997172670587,16.983674299819192,4.429546304212085,0.021688763932235195,0.021647906979365163,-0.3899687936469957
319.8935980117443,49.61835270669513,6.4470821895822485,0.005412544834101886,0.005197133344876546,-0.26880319008702624
354.53879563785733,37.622957378560805,9.423469613791948,0.005099936402814552,0.0050255142880599145,-0.18344510331748873
382.06818212130764,19.925486176820396,19.174848670230844,0.004975202740051001,0.004905808161196579,-0.09746965201511303
411.1601827896838,33.82239596390109,12.156447557071898,0.004494557979330528,0.004439138144174394,-0.14563953835432356
278.693026965301,25.14466518415667,11.083584725594275,0.006582461793503225,0.0065073777593299105,-0.15752546669499704
35.540603840466524,6.43154576425687,5.525981644720995,0.047650644983284994,0.04630392044165008,-0.3137827145586913
401.00023625495265,40.84027643075762,9.818744418511121,0.004526520186759422,0.0044426465417391455,-0.1788226028080648
294.13687459420356,47.70135184680249,6.16621674662078,0.005850720736597191,0.005594909835591202,-0.28013994684396
59.49383325925839,10.69462146447443,5.562967652187222,0.028494714805620876,0.02766117431878652,-0.31076489022478127
109.57704010212386,7.2640405066819715,15.084860829358984,0.017117267228092276,0.016929806725418974,-0.1189256494633792
34.42541619741625,12.342023437709608,2.789284623478628,0.04276479566988846,0.04258893272805133,-0.6395235352944749
674.5612767681678,44.68373649773871,15.09634890990607,0.0027806935927418043,0.0027501105894490964,-0.1189256494633792
249.42552869336953,22.996770766436065,10.846111013873639,0.007341542905870263,0.007270951032377387,-0.1605250445194975
45.82688442069487,4.604653269734889,9.95229862841189,0.039657723947995625,0.03887461116667448,-0.17405732920395384
80.98434682876791,14.588001608742571,5.551435282282537,0.020926554936626783,0.020320831828856308,-0.31076489022478127
32.271979340477024,20.833901036842075,1.5490127981028698,0.03766061283213708,0.04037557208505935,-1.0069103027035384
73.1744130326802,5.37522843239872,13.613265734276112,0.025461605714510446,0.025063176818676702,-0.13163321059959784
289.4248568275004,32.96048458452712,8.780964857639477,0.006203756012106896,0.006124140339205743,-0.1974353578870094
231.53965164472464,29.86088064174917,7.753945853860849,0.0076510938310108785,0.007501341050158824,-0.22317195245009092
84.32738947174546,23.325163713054145,3.6152967888731626,0.018578286727363908,0.018450772914574396,-0.48894165397246975
91.80480739685245,8.792401287328996,10.441380505363789,0.019881267344890978,0.019405327055843535,-0.16696830820621486
379.28293820021554,26.406082131110146,14.363468852252259,0.004929884467582097,0.004835396132353371,-0.12367370116581694
73.18712587861863,47.00793472544292,1.5569100473373123,0.016639618882412024,0.01780367260698296,-1.0071452439729913
89.5697434135169,15.340479728280586,5.8387837277600045,0.019063919035771988,0.0183730490895748,-0.2988432229232257
239.79877707379038,25.359091470475573,9.456126508040601,0.007542676410019928,0.007430145411464434,-0.18063068011005493
296.68533936622003,43.76667609229138,6.77879532685086,0.005874542987523381,0.005849406227619875,-0.2556930725164505
915.0905659778703,46.82581115490193,19.54243916780659,0.002079182814166748,0.002048270712944471,-0.095752505942238
28.928733917640308,13.050129688068264,2.2167391902694926,0.04764302385088925,0.04737300987797882,-0.8314766035315969
65.82328354029401,7.030676006434664,9.362297946890282,0.027452179846411726,0.02706853391868405,-0.18339008403643334
182.68581256795036,19.642629673484247,9.300476341747638,0.009884917700366806,0.00974522835810061,-0.18796039977881177
546.4571332527108,34.64987796949107,15.770824178193694,0.0034417068825129803,0.0034113233573233757,-0.11449277768490264
510.90489731669317,46.801582170308805,10.916402258742744,0.0035861157679926373,0.003549703310497264,-0.1605250445194975
34.81489207347508,24.188323556782677,1.4393263754615435,0.03389645765296848,0.03742650201066432,-1.0064660546555555
288.9191583813659,32.8758166101775,8.788197166543506,0.006215137449093353,0.006134859490787092,-0.1974353578870094
593.8403813100365,45.21394592887134,13.134009189205493,0.0031296243758197856,0.0030883437875933967,-0.13470321933701077
563.3523203149683,28.187212896549482,19.986095197937455,0.0033810081790169324,0.0033541200382121274,-0.0940391885972242
584.1544757366769,36.525801183919285,15.992927103645698,0.003222270908820679,0.003191179833194082,-0.11346214160985876
201.83713972632307,24.091814943753622,8.377830404124625,0.008852340342655918,0.008605244287434434,-0.20594971400270712
185.9015040470937,19.178365137452158,9.693292557250304,0.009752298009319744,0.009583044106966152,-0.17952538509796961
396.50458496987426,24.00270864146578,16.51916002033597,0.004756160072335223,0.0047164113889302086,-0.11013814527328804
310.25893473547524,20.028204539789044,15.491100768373876,0.006055337196563327,0.005979257654752482,-0.11558483690206266
351.85390783155304,48.063053037743245,7.32067327381902,0.005001038204662828,0.004936304116461746,-0.2358049475882666
181.3444528652212,39.500843499854405,4.590900770660495,0.009056113183836319,0.008979232250877007,-0.37860353983272665
52.820802157163136,19.051247057761454,2.7725640215055636,0.027827229386757073,0.02775690021148425,-0.6452154597789044
138.18467612714542,29.634016465202684,4.663042429277407,0.011917623532309608,0.011783752043437793,-0.3728620331975914
567.6365216645123,40.93705686408944,13.866080396279074,0.0032863733664474297,0.0032309113005326955,-0.1296077570992934
52.34877963254088,14.853768155134105,3.5242760682545646,0.029760776426497357,0.029390755456570765,-0.49859812720999536
231.07001293994136,36.11055370717902,6.39896066988314,0.007485574363054281,0.00719388982401825,-0.2719234110987598
112.79548611626241,10.831998060183615,10.41317451217771,0.01617763245222657,0.015794092247613405,-0.16696830820621486
355.53527930741654,23.3870266868254,15.202243708376148,0.005278126857040693,0.005217817241895698,-0.11859574204555984
159.62464347332497,25.17207567932101,6.341338136229163,0.01082270296340033,0.01041375678939071,-0.27287827585148805
180.7750243042129,23.213777862974343,7.7874021786236955,0.009804459748534722,0.009607842124801586,-0.22317195245009092
79.2855877109328,12.852491745473154,6.168888436661195,0.021706551859986146,0.020756222413045717,-0.28013994684396
415.376535682224,38.34088533321475,10.833775278589691,0.004408029992597409,0.004366064641508208,-0.1605250445194975
422.79736068521595,21.157699562306576,19.983144171233487,0.004504960477046755,0.004469165330359179,-0.0940391885972242
431.89424895881575,29.016714849982883,14.884326195839861,0.004339232860665183,0.004295306350905682,-0.12033918442793407
31.923484677583765,19.732594475301507,1.6178047300136382,0.03871761141763484,0.04081633447441046,-1.003900024869933
115.65585556920652,12.440816946160918,9.296483990538619,0.01561320806174778,0.01539321076739199,-0.18796039977881177
60.988399824055335,11.780566828783883,5.177034408483655,0.027484243517452312,0.026983316457305586,-0.3346807320267716
202.6440333266976,11.327865584210063,17.888986395562778,0.009347021782672256,0.009249486280025166,-0.10253805771853677
257.909871584272,26.410520050667593,9.765421926167361,0.007034317828908842,0.006907460741581347,-0.17952538509796961
459.9831380339915,45.66412698898287,10.073183664388658,0.0039553264466072584,0.003872973084293793,-0.17124146754364714
58.69518595872948,7.479143993730401,7.847848097045912,0.030223199863705676,0.02959114730198298,-0.22317195245009092
323.6461069990869,44.80099575724123,7.224082892103478,0.005428187615096261,0.005362131767391164,-0.2372210342329613
11.38599841577026,2.3942461922581835,4.755567097730796,0.14513530469805952,0.14301196085094336,-0.3644247719978251
81.35460045265276,13.333157047450115,6.10167570689579,0.021122054770362757,0.020228349515832505,-0.28410247130353905
284.45521802537337,33.34089283959158,8.531721672659858,0.006293343221087504,0.006105909765617728,-0.2027771887621195
35.923319193678765,19.22410810817677,1.8686598614371692,0.036266424343837096,0.03640390319829651,-0.9935037220866388
114.94389682540806,10.918671351893986,10.527278743074316,0.015890347932378184,0.015618711742731876,-0.16682248512960882
428.5416212947746,21.806863912001532,19.651685039357,0.004441005278571563,0.004409259713053623,-0.09497468413321988
365.7743365626106,24.48415483752347,14.939226572854333,0.005124808413071503,0.005071755793219505,-0.12033918442793407
552.5174772298976,30.404196322775746,18.172408550592323,0.0034309926886245345,0.003392387179101576,-0.1009016411972466
152.8876732396459,12.85355850980831,11.894579475635496,0.012067003357519007,0.011938155719895559,-0.147704426351155
454.6617018068323,41.463814568419124,10.96526469016975,0.004031237930699924,0.0039888136567192995,-0.1601612996055388
17.85386481772299,11.070098535518786,1.6128008942683083,0.06914681696883845,0.07298137638499021,-1.003900024869933
80.86443575234944,8.435744747020198,9.585927286492826,0.022396371304245214,0.022033663706085276,-0.18063068011005493
224.73251963921442,23.487500749241473,9.56817509187188,0.008057367801638515,0.007928268619112229,-0.18063068011005493
560.9980873107837,34.396993301381656,16.30950945029982,0.0033591140826082513,0.0033258656613066925,-0.1114114205379759
927.4978412753733,47.26269141406008,19.624312825305033,0.0020517859853043685,0.0020208706937871546,-0.09499031415262117
18.10925908322129,4.92598884643974,3.6762687955149884,0.08682346315989622,0.08591767926406416,-0.4763796078590647
759.3876898560036,41.53384785772652,18.283586256136754,0.0024971235081392594,0.0024682428106513944,-0.1006659802439623
62.257985164775526,49.145905835657274,1.2667990162388039,0.01795269430932381,0.02092903624716385,-1.006185247415505
189.39787008997058,9.859623551304992,19.209442338688724,0.010037263660460427,0.00989637953739326,-0.09746965201511303
254.0692973951708,18.292399739960384,13.889336610119424,0.007343176448954597,0.0072184371399604,-0.1295959871754494
753.890247664566,40.41412969963812,18.65412550678573,0.0025179264485948576,0.002486241481158172,-0.09942312934518888
358.61535195334517,18.02057296513995,19.90033017524313,0.005310167904011965,0.005266370819305001,-0.09418124858084448
121.48999588405647,45.40559076356518,2.675661605564743,0.01198354036900173,0.011964407417226446,-0.6762156906787533
368.6119013917369,30.301369093103037,12.164859622651093,0.005013621125136289,0.004951540750301766,-0.14563953835432356
64.11811754248244,31.68584044441587,2.023557420070966,0.020875964229719095,0.02086259462135541,-0.9179797644601364
481.5760495294633,43.18336001260001,11.151889278392172,0.0038112703910260907,0.003765886628137588,-0.15772462057534828
57.7567371575157,13.509230284931679,4.275353661114068,0.02806388619666393,0.027642020932142734,-0.40512960780328844
154.8062819434218,10.053095702634145,15.398866828936974,0.01213155131698902,0.011983480819922055,-0.11647880534144663
376.01854849396705,39.911641590680546,9.421274934022463,0.004808499232991412,0.004738435883777135,-0.18344510331748873
149.58860300073968,16.43914583746546,9.099536221633935,0.012046179111595437,0.011901407764674687,-0.18796039977881177
321.78827098682984,25.644101519066865,12.548237291432272,0.00575651596762491,0.005700085702722759,-0.14093022118470583
758.4768711412801,48.030154884689814,15.791680725623761,0.002479829605273146,0.0024577440042910874,-0.11449277768490264
336.3238215469703,45.08560208075817,7.45967240150283,0.005243708928262044,0.005164242858662574,-0.23331583217330729
127.36292972139319,8.20257011330867,15.527197934553076,0.014753016087711448,0.014565604878362313,-0.11554131269698573
228.52355577842903,39.03140277160128,5.854864021046655,0.0074750997359147005,0.007201311423111091,-0.29491478773566954
114.10287728587795,8.855316548799927,12.885239805610471,0.016265691107085378,0.01607514872881229,-0.13642237085943215
26.836653569798703,1.8619125698195904,14.41348750999572,0.06968989287722656,0.06833874602401485,-0.12367370116581694
439.19335174281997,35.15651815838973,12.49251560590084,0.004216297140371366,0.004176339909238829,-0.14093022118470583
397.4913377617747,33.79066108904552,11.763348953555573,0.004637337067925706,0.004561919123193912,-0.14958899205843956
366.492262127356,36.254746960900775,10.108807614147812,0.0049658965923238575,0.004860954778400134,-0.17124146754364714
299.3579405227488,17.065253449501554,17.541956901407314,0.0063206491752162645,0.006261244324139837,-0.1043886025963777
118.61195363657099,26.011162541194576,4.560040461425823,0.013829047892604331,0.013728245001969043,-0.37960779006065687
359.9749939134212,19.041110550151203,18.905146995775553,0.005276820632280605,0.005206898361487461,-0.09814922923627628
471.61216951423853,33.19609761380326,14.206855727467724,0.003961900250521672,0.0038887530284257748,-0.12722307658369517
319.43169771437755,17.984036833141502,17.761957489195062,0.005927405853440825,0.005867774611586042,-0.10335061644426226
277.6251827601211,29.30964622569305,9.47214376530935,0.006516041228062899,0.006417788780670874,-0.18063068011005493
119.23061117035519,6.839680596152295,17.43218992381444,0.01586416571244369,0.01571243581103274,-0.10482304948765182
850.7513092213288,44.93613865878641,18.93245246729673,0.002232921768339544,0.0022031740482419005,-0.09814922923627628
251.71494395316822,34.390720606920084,7.319269253768363,0.006990424335271968,0.006900098446062825,-0.2360195071401
426.3867290113581,41.14324944332188,10.363467513637687,0.004277800552192548,0.0041781373378231715,-0.16696830820621486
191.4713158157332,44.32879138600781,4.319344377076121,0.008481760350892806,0.008397662625068266,-0.4008401792128585
39.110832923477275,9.366957919847572,4.175403931366623,0.041256005383244275,0.04082022340470196,-0.41691706595562816
166.01709303553082,10.96740680566714,15.137315135401519,0.011300424623594329,0.01117425968948517,-0.1189256494633792
183.1433618268185,43.550700993552,4.205290790932027,0.00882246308137666,0.00871728530892639,-0.41329706145980005
61.582107839977965,6.40872521717213,9.609104112463612,0.029415730181139098,0.02893275085321022,-0.18007056360018975
573.0832281482524,38.023869237520074,15.07167049645653,0.003272748767860347,0.003237083235652703,-0.1189256494633792
180.36526494694306,25.663897307894988,7.027976413054663,0.009707363647512164,0.009621769869286001,-0.24551035500853874
158.78326445238994,25.635331685436498,6.1939227625673805,0.01084489331273993,0.010364249018010384,-0.27526249160821264
490.8420269787631,30.59743103862675,16.041935885372705,0.003835536358534073,0.0037978450906397208,-0.1130921114958023
486.92829849508,26.64058921184686,18.2776850250199,0.003894316902509328,0.0038493412927061385,-0.10083178953271964
367.9448964599128,43.615677482875626,8.436069727550953,0.004859551975155965,0.0047204293641052745,-0.20579264467921993
124.00209048505994,30.373453753496953,4.082581174055102,0.012955419913593277,0.012798285244014471,-0.42605827893674014
739.4219618752031,44.25209670401248,16.709309093780348,0.002552081414594682,0.0025291090023514687,-0.1088860253336537
138.6805808642733,7.123675390659457,19.46756038969868,0.013717020691790245,0.013515614041295957,-0.09583585117256349
410.12164179837595,30.624750574516323,13.391836149015012,0.004537756938252839,0.0044718031567389654,-0.13297970256312866
37.95226905483525,22.938165598999685,1.6545468246375516,0.032845881481551195,0.0343325882915285,-1.003900024869933
4.459952049093104,3.430684255532888,1.3000182228662545,0.2534649834041233,0.29215552406083173,-1.006370536956614
35.5400947114182,15.993792970524973,2.2221179664458073,0.03880941434777053,0.03856042615433731,-0.8314766035315969
83.09412969011125,35.76752578231109,2.3231724272973233,0.016826284238183352,0.016726979013416108,-0.7845571358497296
147.14564636256486,24.907936483617785,5.907580760828747,0.011624285684233713,0.011183948240114823,-0.29251229739297796
314.45860538079023,17.529299003843615,17.939029125570823,0.006024315866890271,0.0059605721513473105,-0.10253805771853677
151.04222292680788,12.970795971181184,11.644792136303508,0.012194153936303903,0.01200540683195633,-0.15090519890616375
257.3365080542655,17.01437393128746,15.124653372114594,0.007289934646921667,0.0072089192648920435,-0.1189256494633792
442.6070626429335,24.408985198931152,18.13295632881595,0.004282508083484994,0.004234801846115948,-0.10175601203112118
90.33417485022946,23.565599481371862,3.833306889631084,0.017559297300952622,0.017373727320550345,-0.4561097175311457
18.327258556214012,4.678320431984544,3.91748680379287,0.08693543427122453,0.08563426530819968,-0.4485643884026976
497.3652830323859,37.10309819379723,13.40495288114602,0.003742036143301084,0.003687396999765111,-0.13297970256312866
34.98003040367966,10.170950810604642,3.43920947559869,0.04429582583173773,0.043984243663438165,-0.5134022312408418
187.1388387229453,40.179013262316985,4.6576265450117145,0.008798253117971862,0.008701207995074449,-0.3728620331975914
351.2756887738281,28.819604309321125,12.188775564146626,0.005261838376836943,0.005195909962225056,-0.1440771296373109
43.617522843950084,13.96015636209371,3.1244293912341563,0.03473568277809406,0.0347188035854719,-0.5674736749142755
28.1715336975768,1.7804420136801584,15.822775176680132,0.06677355842166809,0.06617112161704178,-0.11406352644278
496.4705419128147,27.170447502166358,18.27244626255162,0.003819410703952774,0.0037753563358718014,-0.10083178953271964
126.86970496531833,10.357882916198298,12.248613543112333,0.01457432890044541,0.014386388391825657,-0.1440771296373109
61.18237163339751,5.311142399232631,11.519625540869947,0.030078121589701915,0.029638003343589493,-0.15347801774918865
288.54454078750445,31.73124782658523,9.093387766041607,0.0062446181419284945,0.00616998317279181,-0.19249598843847712
98.67823278285086,34.71230000128389,2.84274544697992,0.01499356782116307,0.015009413146552087,-0.6349492184263246
45.41112418593394,14.997104404021933,3.027992801980865,0.033108072305443194,0.03268338992064996,-0.5861591085199922
517.9649132753234,37.01852274690781,13.992047084552812,0.003603711156381044,0.0035407480418776826,-0.12898848216919093
64.73338660719355,4.449087415795942,14.549812255287582,0.028909055772353493,0.028331334857693697,-0.12277063113777566
745.3711978555472,38.93463367254976,19.144168765637037,0.0025500256655025927,0.0025146574101290956,-0.09746965201511303
200.29630813993236,40.27161888474044,4.9736343779273255,0.008313660198746605,0.008216173867405767,-0.34858878513836555
23.346258305034194,19.191746055240703,1.2164739069512134,0.04701678017287869,0.04615901551380356,-1.0020547840458902
639.4417090290247,46.04621178612307,13.886955826010709,0.002917629821429531,0.0028681007612496845,-0.1295959871754494
141.2331068835077,23.02387912644282,6.134201196413601,0.012176042240777764,0.011652149619809406,-0.28410247130353905
507.219052520101,40.959154358387025,12.383533314237969,0.003648448579137569,0.003598439060439413,-0.1440771296373109
319.7808027001331,40.22168730840442,7.950457181176338,0.0055555171297636576,0.005431401381685644,-0.21933465485851883
162.33693595839972,35.663706352827106,4.5518806809469785,0.010100977333479075,0.010030582073461794,-0.37960779006065687
220.8232638397104,44.858181625186454,4.922697618124697,0.007527812100315639,0.00745242717665704,-0.3504071231418031
224.66807698044502,12.91279284135858,17.398875653054095,0.00841818620118737,0.00833853812211812,-0.10507824526938718
494.4112798186925,33.76058442951281,14.64463036328507,0.003786646232749979,0.0037094284198238604,-0.12220993775424631
401.92412274619414,41.706196853921,9.6370360537539,0.004508258141154067,0.004433025246097841,-0.18007056360018975
275.69134794708276,47.094363652172824,5.854020026329902,0.006196061127027323,0.005969245335160251,-0.29491478773566954
393.8258882864557,21.026672177942405,18.72982490779452,0.004820989890386939,0.004759344831645273,-0.0993449122371446
105.02548712400217,12.022079995339665,8.736049599130524,0.017087070233256518,0.01687665051030328,-0.19849310542358004
108.92726029486717,29.39049429843306,3.706207156259858,0.014459459712027995,0.014283894678064936,-0.4762965897576839
203.98232446397458,48.270907294584156,4.225781861093395,0.007928540641708316,0.007826721955814735,-0.41329706145980005
67.02252308735669,4.021172125191375,16.66740965090296,0.028151688816529224,0.027902243218708926,-0.1093124488965225
339.92832289093707,48.42976164174891,7.018996405670963,0.00514988635399882,0.005105291188957742,-0.24551035500853874
9.832485885272554,7.24817703196253,1.3565460448763753,0.11709147412433966,0.1325198574798521,-1.006376316892097
389.2451746291253,20.855683112121117,18.66374611354254,0.004876849102475913,0.0048153537362926714,-0.0993449122371446
147.6686985071099,18.170440741607255,8.12686387782402,0.012059879284590963,0.011761855499379387,-0.21237755365172084
861.1946447720086,48.429452184131556,17.782456871444616,0.0021987104417006613,0.0021764571079984658,-0.1030498638867562
273.5205331421745,22.280048648058706,12.276478272681272,0.006761311921348075,0.006672979281737047,-0.1440771296373109
280.3043082945907,19.95762947593267,14.044970051809793,0.006660850905213666,0.006542829340009602,-0.12820841775481742
168.72061334045932,34.05515791741377,4.95433360636938,0.009863111295760129,0.009753812886848562,-0.34858878513836555
24.277541967305087,1.749068237170218,13.880271479049457,0.07684442900121115,0.07554237800971764,-0.1295959871754494
289.2974153968068,16.141847810026707,17.92219941617255,0.006547946649038586,0.006478983586539641,-0.10253805771853677
8.357119643679566,6.005391960419531,1.3916026961703505,0.13925141055615892,0.15591491850597428,-1.0064011688390784
52.03461132657043,38.15472506866848,1.3637789613978817,0.02217557063770102,0.025041017795084896,-1.006376316892097
172.50820156706322,12.803832762307083,13.473168915085042,0.010792607221856059,0.010631281503030318,-0.13245412726977307
428.002388334348,25.899514773154383,16.525498337829294,0.004406238410342859,0.00436931846944295,-0.11013814527328804
422.9806978851643,24.646321908152707,17.16202115112549,0.004468005530415614,0.004421191675329523,-0.10656027883392642
352.5832080642753,28.693802923500677,12.287782452687862,0.005245530001451153,0.005176641453822927,-0.1440771296373109
596.3574824325513,31.02903698716309,19.219335833054316,0.003187827500421671,0.0031430027478463697,-0.09746965201511303
93.4420204231187,13.64368533295321,6.848737576601156,0.018676629022324923,0.018572298243060205,-0.2517689206604019
20.230630845280356,1.149535703484248,17.59895824371633,0.09354464079773807,0.09264927131135525,-0.10415929565028174
213.1009471649795,13.562245894403443,15.712806626881548,0.008823664632113539,0.008747694495218524,-0.11465514354736822
120.87869355451626,27.926935798368568,4.328390856313629,0.013440351744066777,0.013301860446342907,-0.4008401792128585
833.1184172275493,47.42088937822266,17.56859536274633,0.002271335288494309,0.002249804070136539,-0.10415929565028174
234.84541091193313,32.05812829078276,7.325612050141276,0.007493343872375481,0.007395749769508452,-0.2358049475882666
38.57764730157442,4.152035262074229,9.291261963488774,0.046805870767255744,0.04614887339662066,-0.18796039977881177
155.148533198494,26.372467269268018,5.882973770121593,0.011018008907212907,0.010607056726548155,-0.29491478773566954
367.212434147544,33.71446008023311,10.891837902005786,0.00498844060798712,0.004938723846768358,-0.1605250445194975
230.29148260610089,22.131034825154824,10.40581628584057,0.007923223412684158,0.007735858455007619,-0.16696830820621486
199.04213192870824,27.224454889052655,7.311152151250086,0.008839130992022411,0.008726081643077178,-0.2360195071401
9.23776778296675,1.2112235174086363,7.626806819876302,0.19140603552116545,0.18801705503190808,-0.22622522963494318
843.9913522902929,47.16046082333564,17.896164234949,0.0022442865183790912,0.002220820392173359,-0.10253805771853677
34.58221126406729,20.11456062962313,1.7192625730604998,0.03656522918550356,0.03767832016985161,-1.0075910092209353
18.484660085137953,7.6777831736404325,2.407551719954788,0.07644545963148654,0.07539837260110134,-0.7607281560446899
182.63709740379525,43.12894614666688,4.234675634844139,0.00885872812645968,0.008741449355990144,-0.4073345456068944
300.3963736006898,44.7674547636336,6.710150826906377,0.005794349916321425,0.005777143881367742,-0.25751221406617825
62.26199605941396,3.7377367648434943,16.657672804847984,0.030303152973748446,0.030035637446162573,-0.1093124488965225
653.8561231773516,37.063239976332376,17.641634233674313,0.0028946938046012353,0.002866614136571836,-0.10391568772892436
67.42048499181827,28.54486861805852,2.3619126048163217,0.020840854795684923,0.020615600193817033,-0.7719284058061981
47.29530728491624,7.130965990807223,6.632384356605581,0.036746958401285376,0.03640735968595107,-0.25994433674891654
289.79211764323657,39.82937152262925,7.275839576795475,0.0060675655736559045,0.0059885447742535815,-0.2372210342329613
301.63550611959755,17.014523669586215,17.72811933952502,0.006276478308579427,0.006213967414171316,-0.10335061644426226
816.4912937731817,43.04325217600115,18.969089288016626,0.0023268407412193105,0.002295619341294459,-0.09814922923627628
18.306522401378732,2.1418794268761854,8.54694347948325,0.09780715465188419,0.09487645198474386,-0.2027771887621195
53.4619673385426,15.773888471711214,3.3892700226973798,0.028886766496844553,0.02877877970496444,-0.5145785654666981
314.3294827828202,30.623853191161064,10.264204207769152,0.00579788565996316,0.005667627156901282,-0.16969828060194272
150.70018231002743,10.31784061652375,14.605786996620695,0.012420969799836045,0.012169748067510557,-0.12277063113777566
322.6674412032304,20.779461059574434,15.528191047792204,0.005823316462669983,0.005749319186202009,-0.11554131269698573
38.29521091065005,34.182851270375664,1.1203047577203817,0.02759455675021603,0.0218772859910822,-1.00897466511782
225.03429591359833,42.73358716570801,5.2659818854191425,0.007469155661986724,0.007312971056238549,-0.32832583858702225
53.906078005937054,31.063029517241958,1.735377355129375,0.023537966424496255,0.024171664427997668,-1.000392622563557
22.81307210097976,6.010450252518728,3.7955679096453308,0.06938777209362296,0.06879570250897511,-0.4606875429766859
65.26203815381604,41.235621457600956,1.5826616853809121,0.018779755417137747,0.019965659440759995,-1.0071209801278498
168.1406227258832,19.169605235775478,8.771209456733567,0.010677473524880812,0.010541643132580656,-0.19849310542358004
50.65679980478539,18.91138106231844,2.6786409537123,0.028748775303189283,0.028694189397584145,-0.6762156906787533
108.59870917377859,18.367569222533636,5.912524834290425,0.015752214093865183,0.015153672683565525,-0.29251229739297796
602.5004436403311,38.15440464213824,15.791111125736753,0.00312180576696141,0.003094009310893991,-0.11449277768490264
60.24192141089796,15.840996448977174,3.802912373911155,0.026287109593818123,0.02605231182567969,-0.4606875429766859
63.60861299755645,3.364957831899684,18.903242232205407,0.02986252599690213,0.029466971808617425,-0.09814922923627628
92.14594991474877,28.583877892471477,3.223703594781256,0.01656591445813683,0.016493508690877064,-0.5467782086077496
158.80192644667602,21.933112468840715,7.240282320727532,0.011065922866981456,0.01092828727310826,-0.2372210342329613
60.19601321998374,4.7004852229697525,12.80634027436684,0.030818303729562187,0.03047080071653292,-0.13649634443750008
251.32434093106818,14.90555660381041,16.861117475265594,0.0075123042848257915,0.007440897819077043,-0.10808351469844871
151.27713387280264,18.32197786736298,8.256594073409142,0.011792514592081712,0.01148129825808597,-0.2109211407674158
32.39819124409918,8.76150124487638,3.697789949301811,0.04859122794796611,0.04802445611544536,-0.4762965897576839
112.12961580264641,14.58724354302012,7.686826882128772,0.015783219457359412,0.015489733744196552,-0.22442948299034765
148.2197091569419,8.804586198760122,16.834375382435855,0.012736882502605507,0.012616937052108465,-0.10808351469844871
543.6911016684807,34.3777459068521,15.815205078937804,0.0034597955042705605,0.0034286784843825125,-0.11406352644278
43.01661923701693,34.21280252537679,1.2573252134229593,0.025896866173014454,0.03029060979919386,-1.006185247415505
114.54886021508506,14.42306059527436,7.9420632991458415,0.015507251403511344,0.01516259428824346,-0.21933465485851883
208.73513987261447,43.09906034246912,4.843148277804335,0.007941733085863094,0.007812334156241369,-0.3589647863203569
246.1989501813472,15.119823209418614,16.28318974179421,0.007653487631404419,0.007578441229222709,-0.11183877057244754
194.53118606703694,39.42015780457568,4.934815000777516,0.008548786114678427,0.008459668220549764,-0.3504071231418031
373.03592144116607,25.801641384148112,14.457836844067993,0.005014572814637258,0.004916371713897249,-0.1235659613914814
138.31374378237362,16.77576209116529,8.244856062617538,0.01289577904536503,0.012557377496446512,-0.21101667776337904
844.8014369749638,46.168827961834104,18.29809146711125,0.002244743824466322,0.002218690835441606,-0.1006659802439623
231.8416010762298,27.171515331727516,8.532523793603591,0.00772161668002137,0.0074915713381869115,-0.2027771887621195
629.5604747670693,33.976677392519676,18.5291948207294,0.0030141492356391447,0.002977240918241798,-0.10024824039633771
208.30370424671779,31.878517101615056,6.534297175202184,0.008327011003447373,0.007981277582419979,-0.2615867060009614
520.0917891473616,31.031566802578197,16.760087959985018,0.0036289516283568024,0.003595670570729,-0.10880193727536132
80.55419593564217,15.976684940550923,5.041984381327133,0.02071875841022445,0.020429342923265644,-0.34197935707601324
543.0921523824543,33.54310868086757,16.19087120247221,0.003468396983410237,0.0034320225470932464,-0.11260787068991106
186.78136898324698,20.548839039729973,9.089631225497273,0.009646447659852606,0.009531544666103849,-0.19249598843847712
473.552851139038,37.167757935788075,12.740958223984332,0.003916035430062268,0.0038733178743281752,-0.13751371645582958
115.91427181449819,19.10417531657448,6.067483672741048,0.014812790714875042,0.014197296561641603,-0.28410247130353905
143.29600121909107,28.822757014069122,4.971627146880662,0.011619883971569826,0.011484404859009534,-0.34858878513836555
566.980598730844,45.08756187711533,12.57509998602566,0.0032676099309159063,0.003235067878621793,-0.14093022118470583
369.104348089528,37.147452395684276,9.936195466594363,0.004923055104275903,0.004826554664163788,-0.17405732920395384
464.8880759340732,26.115625631292893,17.80114642848241,0.004073289047768503,0.004031837560510065,-0.1030498638867562
309.3133589012632,26.241638785280067,11.78712051606963,0.005960274809759467,0.005862415194353782,-0.14958899205843956
189.79184299343055,32.671560263616016,5.809084153375686,0.008990242757767618,0.008670916867244546,-0.2988432229232257
355.4229207590528,37.42420536637261,9.497140080318626,0.005091038897816588,0.005013013171307199,-0.18063068011005493
163.8631290772866,14.039255624285845,11.671781856712368,0.0112421202411365,0.011066085123909174,-0.15090519890616375
156.86857755391566,48.11991585215255,3.259951202655697,0.009756645198802143,0.009712649751437555,-0.5438102070094567
62.29609218749392,8.383743476249911,7.430581859281704,0.028296613612896766,0.027880687738720236,-0.23331583217330729
160.5111698017802,14.702242805375258,10.917461500710356,0.011414651254377333,0.011298657953798159,-0.1605250445194975
214.90003162685656,11.832357550626059,18.16206370601825,0.008820971751126526,0.008721977338927527,-0.10137671602648096
218.5667542032611,11.074620726747561,19.73582297724887,0.00870923195181866,0.00864084490693192,-0.0946648783172613
245.8814467377348,15.29013878645996,16.08104741047039,0.007657800889732399,0.007581466626187944,-0.1130921114958023
166.91382074603007,17.844525037357513,9.353783325507179,0.010824950783792028,0.01067460905984913,-0.18339008403643334
152.25806572577363,42.64282195164064,3.570543851399958,0.010261625915784714,0.010105015936567744,-0.4901323988167069
165.8528967495266,9.351426332945618,17.73557218380871,0.011415243441559144,0.011301299179687689,-0.10335061644426226
49.09989966147939,6.138040787137388,7.9992788194518045,0.0362069980118182,0.0353739601424211,-0.21933465485851883
83.95658091079954,4.823247099033011,17.406651408681007,0.022527639947426972,0.022313954479814085,-0.10507824526938718
127.83127623281905,6.791729334089099,18.82160933463696,0.01485630180055661,0.014662712140732235,-0.09832266537265712
72.53432462969047,8.38601842338652,8.649435401597769,0.02471566388056668,0.02433819216529536,-0.20078050677274345
481.3017763565022,49.336579688136716,9.755475134248801,0.0037690452965140606,0.0037014247616553144,-0.17952538509796961
218.36799803047893,24.59187372894834,8.879681167743916,0.008231812049935347,0.008116933144291344,-0.19542365953173144
184.45930002413243,15.812630836122045,11.665313756820114,0.009986421918484211,0.009830479324176862,-0.15090519890616375
131.8834976004348,28.110491659467264,4.691611203321592,0.012500469606711926,0.01234676050690114,-0.3707294000950962
33.04893732248496,17.295761165811847,1.9108113835320573,0.03972612926592305,0.039835938544566234,-0.9859858068284907
257.10977148608004,37.00279782098564,6.948387328167485,0.006800117399647471,0.006749774859592375,-0.24551035500853874
251.21855007778672,20.662190939388047,12.158369401131237,0.007356166503436371,0.007265374512440471,-0.14563953835432356
52.43155502384246,38.412588805889705,1.3649575999366974,0.022015728429876234,0.02485143970260765,-1.006376316892097
216.23335145929582,11.712934907218923,18.461073434808107,0.008773996856365542,0.008668196618767589,-0.10045286830664628
147.58555159947167,16.83732868152978,8.765378071010169,0.01216375723732589,0.01200983715314099,-0.19849310542358004
126.31343949566171,22.487232357312248,5.617118082323188,0.013440799527949361,0.013028457615024304,-0.30962730486686063
81.91395115147657,18.05065582481946,4.538004155995582,0.020007081110960074,0.019878591336339017,-0.3801588369764024
193.00386147088275,24.805099717260138,7.780813770991811,0.009182358655447627,0.008999083647267212,-0.22317195245009092
232.62057071653132,22.913281721391748,10.15221536334351,0.00782675164530641,0.007658404015376453,-0.1709893682040057
189.3871406139676,29.176917869387506,6.4909920047680245,0.009150635350927616,0.008778471862712921,-0.2615867060009614
83.26344602283596,9.769174626602638,8.523078888988184,0.021497835770275798,0.020859788737853747,-0.2027771887621195
101.30205205745084,12.85921117415512,7.877781201777847,0.01751907734186926,0.017145337713761546,-0.21933465485851883
162.8513577214278,23.945850787426735,6.800817359428978,0.010706798115268389,0.010656546534299708,-0.2556930725164505
160.4055064371563,21.01829819706487,7.631707616535595,0.011023911685857948,0.010827919391299162,-0.22622522963494318
206.27818195522843,18.038762007065525,11.435273766261355,0.008915955989201536,0.008790669560161928,-0.15431342543842827
680.6145916228094,48.621413429214265,13.998247759985126,0.0027425963421229046,0.0026945987861766597,-0.12898848216919093
700.1935789367602,43.260904325953575,16.18536620642699,0.002690144514594664,0.0026619845828296687,-0.11260787068991106
618.8114528032405,40.134747439547496,15.418346751410812,0.003035149150663745,0.002997872941860856,-0.11647880534144663
54.846215308854056,15.401338327259966,3.56113307450546,0.028470742345848853,0.028052440299951627,-0.4910462853069257
520.7184349140024,45.36016806150871,11.479640776636995,0.003533078250065073,0.0034823490267611593,-0.1537846802655089
263.8565238156139,19.686946034837426,13.402613251882816,0.0070535921742611645,0.006950683750091979,-0.13297970256312866
402.0097743433908,25.715616092566357,15.632904648144915,0.004675897304019079,0.004637056363830155,-0.11508397781127808
751.3829983117089,39.22946210552864,19.153538131378454,0.002529684390433868,0.002494537686101173,-0.09746965201511303
458.0967756698483,47.49843300127289,9.644460811108694,0.003955733689123935,0.0038894396943621175,-0.18007056360018975
246.82905492837614,12.5622523645136,19.648471290517108,0.007710358611754538,0.0076553034110592635,-0.09497468413321988
7.105123219069724,5.736197517131106,1.2386468907059656,0.15574721954898466,0.18338874471477193,-1.0050561326993668
344.90900808188354,17.72752377546876,19.45613005236335,0.005515164150055146,0.00543434112204825,-0.09599366970130424
45.89098933291799,4.158341404206265,11.03588783895861,0.03996057430826929,0.03951888664238163,-0.15752546669499704
206.95687451586429,18.48272951699645,11.197311215616164,0.008871555681531779,0.008762988954084306,-0.15772462057534828
55.992489521624954,22.901101638551513,2.444969259791751,0.02535060162161246,0.02511585441568411,-0.7320924499778871
452.9819967012966,36.438780264477835,12.431316125663072,0.00408646321147061,0.0040292922546124165,-0.14259864811177586
78.45669250761797,5.565849110476696,14.096086859404354,0.023803136176129315,0.02337574009078791,-0.1272999322756782
511.61759359703484,38.4838856294622,13.294333075487433,0.0036356928230991473,0.0035846758895579428,-0.13430770462602354
746.4025205382081,39.49053756198761,18.900794129899932,0.0025448755137687123,0.002511182846264657,-0.09814922923627628
346.7578167352932,26.93115380521041,12.875713355742132,0.005352044501359515,0.005289630497806792,-0.13642237085943215
334.7242722002902,17.1938130611911,19.46771614935205,0.005683140718710051,0.005599693125518809,-0.09583585117256349
68.24085466934719,3.682626430926513,18.530485225507505,0.027807330365609752,0.027466731110948182,-0.10024824039633771
397.175197126801,35.9714344089262,11.041405594552637,0.004617374012373069,0.004566148184664559,-0.15752546669499704
527.5647008086759,38.86538401683063,13.574153817191522,0.003530885900271552,0.003476319112385134,-0.13163321059959784
73.5314633699179,36.81289140829572,1.9974378690978813,0.01812507766273948,0.018191808415994014,-0.9281512709788704
342.0939695080585,36.29490255382451,9.425399861612549,0.005285567699445753,0.005208334381666541,-0.18344510331748873
272.497546672709,29.384358665786415,9.273557737708622,0.00662510725098754,0.006533324732637468,-0.18796039977881177
402.2518780624311,26.990904617556083,14.903238100466949,0.004659367799996436,0.004611832067529885,-0.12033918442793407
10.241231911190228,6.65265288478294,1.5394207526768284,0.11838603282512739,0.12723075109403928,-1.0069103027035384
235.8664738628333,25.85302623034618,9.123360327773703,0.0076417691432543,0.007547978023765997,-0.18796039977881177
465.87076520845903,25.77249939041897,18.0762741770264,0.004067990236033764,0.00402333296262012,-0.10175601203112118
179.38134144734508,47.10815407468577,3.8078618228800045,0.008830431607391956,0.008749189346627176,-0.4606875429766859
181.1464361623307,20.0251614791266,9.045941344900028,0.00994176127966407,0.009828042985424508,-0.19249598843847712
72.31765732557967,3.81789869126782,18.94174339695875,0.026268935365198285,0.02591833412890809,-0.09814922923627628
677.5208502952722,42.613246376006664,15.899301459387274,0.002777260525844736,0.002750014409695435,-0.11351724158657407
200.69136287845956,32.70045658895302,6.13726485232802,0.008569280639586644,0.008200000583352443,-0.28013994684396
134.11466356556443,14.218271600958973,9.432557439437215,0.013483182259925851,0.013285197425698121,-0.18344510331748873
61.14229872440027,37.271460307996875,1.6404588985551962,0.020322361625691114,0.021310936215569266,-1.003900024869933
282.8903729187668,18.896088259084866,14.97084312054685,0.0066272025331889925,0.006557727968371502,-0.12033918442793407
40.78856401354724,18.406673303199977,2.215966097820414,0.0337865019325494,0.033598662536455715,-0.8314766035315969
602.5474997543198,49.145681335466,12.26043638791698,0.003068928842642676,0.00302913355632809,-0.1440771296373109
105.89618020038566,14.183597964059139,7.466101370662351,0.016655593727538987,0.016401515997417647,-0.23331583217330729
231.03174525904848,15.49495184022893,14.9101299340105,0.008112711619198755,0.008029710845115058,-0.12033918442793407
54.709865191742615,5.598616011003704,9.77203385340485,0.03316283149755269,0.032562725325514574,-0.17952538509796961
297.22998753360935,41.40429416095342,7.178723694169721,0.005906076579110013,0.005838687698145023,-0.24021605750478014
406.9841075123456,35.84225968499581,11.35486744109262,0.004516442895345297,0.004456097355839178,-0.15525947258038955
202.70273039752792,15.84872737374689,12.789842718431832,0.009151162936158959,0.009048820995941922,-0.13649634443750008
34.732675713202106,4.011176448181823,8.65897478255928,0.05162109311353929,0.05082690277001321,-0.20078050677274345
59.256665337608425,4.879261047003677,12.144598283790854,0.031183770356825354,0.03080154511544888,-0.14563953835432356
544.5954899629888,34.35095494376233,15.853867551995961,0.0034545509651106553,0.0034229846129787697,-0.11406352644278
323.8515798826452,17.913037228088797,18.079099359812922,0.005851980865977085,0.005787692024425094,-0.10175601203112118
210.49299057268124,20.65156077459092,10.192594781100793,0.008652594181184893,0.008463475709988118,-0.1709893682040057
232.27178528927465,29.857382822787518,7.77937526098242,0.007629826220426507,0.007477696404059319,-0.22317195245009092
65.95917291011149,9.898259161076858,6.663714481177074,0.026365247878719404,0.026105501142746467,-0.2590098444417892
39.08467383442546,26.338460245527497,1.4839392079141143,0.030570226084794715,0.03333786623649152,-1.0066254819852019
434.0571150271733,24.6851702728765,17.583719708188738,0.004359746341438437,0.004318217905187227,-0.10415929565028174
51.17219765832137,32.5879392499365,1.5702802581608806,0.023877706911947766,0.025463038286710923,-1.0071209801278498
147.98936286174595,32.22684514575647,4.592114499337914,0.011097780949406836,0.011003047301489198,-0.37860353983272665
183.8054845990581,42.581202316118826,4.316587475255009,0.008834441756503837,0.008747897355216704,-0.4008401792128585
78.4986346278843,15.943787879965683,4.923462054241358,0.021176923959503068,0.020964304672027895,-0.3504071231418031
30.58009533545941,4.32883495728601,7.06427841144394,0.05729193026621124,0.05675041404203692,-0.24566395106645328
225.5825704090334,15.529252053316128,14.526299762187344,0.008294906403074894,0.008129986501685432,-0.12277063113777566
294.63076974067275,16.142932777728266,18.25137809823272,0.006435550961335215,0.006361702165846475,-0.1009016411972466
39.153768162100505,11.17139712406123,3.50482287285,0.03974154855980084,0.039295583869733496,-0.49900777214999764
423.16311721486244,32.185235460125625,13.147740296606509,0.0043922416502679895,0.004333986535763546,-0.13470321933701077
407.88435468288145,44.20312048264102,9.227501367082477,0.004423922603181478,0.004364754227074944,-0.18796039977881177
665.4227993024831,39.598028531083706,16.804442644919526,0.0028367956250962517,0.0028103616862470526,-0.10858988043330513
771.7170092077055,48.57039824861913,15.888628404022723,0.002438169819285551,0.0024143462939788976,-0.1135737964442619
361.98733445231284,39.675957994960626,9.123594054068967,0.004979294940830424,0.004918169205984681,-0.18796039977881177
371.0299976055265,23.511817593452108,15.780574859038376,0.005069171182758774,0.005024235222141992,-0.11449277768490264
56.50458713509091,25.6352679275772,2.2041738473232795,0.02434871596101688,0.02425362730925457,-0.8314766035315969
265.4366212951528,36.95236358878332,7.183210910376639,0.006613997532904997,0.006538031803089314,-0.24021605750478014
29.309700753170578,2.6534321422306166,11.045958284251158,0.0625720891173267,0.061875787154126734,-0.15752546669499704
6.565917974496376,3.9309189370273288,1.670326475737937,0.1905335880568314,0.1984489652856073,-1.006486493863055
137.3727764581005,9.639429779545818,14.251130990091937,0.013604312534205392,0.013350412648901513,-0.12596979872875796
162.95316244346887,12.616929198595457,12.915437653530557,0.011391461844637017,0.01125612228232899,-0.13642237085943215
162.5191063695046,13.300918004044243,12.21863831654999,0.011375268585737319,0.011230660145506959,-0.1440771296373109
289.50188955866753,27.951546107761704,10.357276425516849,0.006300136572160275,0.006153681122946952,-0.16696830820621486
158.0755934677903,18.542016086580663,8.525264606052936,0.011323899157316523,0.010987514615758516,-0.2027771887621195
40.51127349804467,2.2418269093782754,18.070651810170144,0.0467802330343451,0.046267447160719836,-0.10175601203112118
39.66505352320585,3.5994034962605004,11.019896370166542,0.04622732232835195,0.04572187969677932,-0.15752546669499704
295.0357264078505,16.64615023160761,17.723961534820134,0.006416799146501305,0.006352970295513261,-0.10335061644426226
106.71375125484316,10.096392515976559,10.569493122021457,0.017121800688166083,0.016823282566602534,-0.16682248512960882
165.46767953404805,41.412878958657316,3.995560890592399,0.009667413963746237,0.009484881434213027,-0.4410043581247534
175.22223685869284,14.42772612547623,12.144826934944962,0.010545744214919509,0.010416468157859,-0.14563953835432356
648.3216841722952,40.47557707310399,16.01760199740561,0.002903612009699115,0.0028753349270136987,-0.1130921114958023
170.41954242494683,10.368413481879491,16.436414570347047,0.01106268384953006,0.010973382005989999,-0.11089714911713303
128.8833192229028,11.892145194498855,10.837684632586093,0.014207021147307076,0.01407133845007351,-0.1605250445194975
49.53174636503172,3.2700970400569567,15.146873550935664,0.037877465463776856,0.03745311333868317,-0.11859574204555984
398.8124703413013,25.2165030527725,15.815534354889577,0.0047166588263799795,0.00467423192871984,-0.11406352644278
638.7295834315956,33.16714501812624,19.257900644825543,0.002976647921198593,0.0029345019466833332,-0.09701747724045454
179.66034859461516,11.683388196145124,15.377418397677927,0.01045239333956907,0.010325695819829013,-0.11647880534144663
591.4604186400535,32.61859735251297,18.132613498001525,0.003204722396921326,0.003169025596495463,-0.10175601203112118
208.2732067922681,17.47409444187874,11.918969963508761,0.008859463608495521,0.00876347408722551,-0.147704426351155
21.061992566610265,1.8994579109319933,11.088422883914246,0.08710251131373978,0.08610585155316132,-0.15752546669499704
608.6223614582525,31.419719976028034,19.370712467285085,0.00312479453775628,0.003079665363417345,-0.09636579975439602
61.33062467477309,7.784819418813347,7.87823344065723,0.028937092515702867,0.028319585897458872,-0.21933465485851883
16.485259315787083,7.104399892586212,2.32042953170334,0.08478291196721009,0.08431252046690696,-0.7845571358497296
17.485700459535405,1.7047028756387674,10.257330300439222,0.10421875794211118,0.10188338276509513,-0.16969828060194272
170.2103896960527,10.140847528522492,16.784631582055955,0.011089472025687186,0.01098686598188506,-0.10880193727536132
559.7300844348273,38.439693740433945,14.561252444268524,0.0033435323431101334,0.0032765493644901387,-0.12277063113777566
107.17836512508286,13.967469660151004,7.673427451993058,0.016509028177036218,0.016205303109401242,-0.22442948299034765
293.5197613194501,46.51302405451529,6.31048544544066,0.005881785774864079,0.005663305963632431,-0.2736349687365166
42.514766003704715,11.238396545942912,3.78299215816981,0.03720711312851137,0.036915205447397806,-0.4642557841030221
685.8389718212345,40.60137338237581,16.892014104107684,0.002753151051156761,0.002726702356019513,-0.10786610765472404
481.2639652975967,39.061170982738595,12.320776699456108,0.0038437504947338563,0.0037925067788085157,-0.1440771296373109
658.575796142857,33.0356933935607,19.93527994999573,0.002891796955745466,0.002869147814432971,-0.094047063670495
111.14673179586298,23.428842161793785,4.744013000228998,0.014861537953605798,0.01465030895083546,-0.3644247719978251
75.18773352892148,5.193110455818091,14.478362085421283,0.0248815501412215,0.02439205394767606,-0.1235659613914814
66.12075576011152,40.40499514734173,1.636450035917444,0.018774803115328868,0.019706363201840972,-1.003900024869933
523.9518727169861,29.49062606601454,17.766725994359152,0.003613744886592419,0.003577338499172973,-0.10335061644426226
843.2805527453294,49.7380081405025,16.954449610510874,0.002239595107649381,0.002217623463777095,-0.10721876293292538
205.67799380098538,30.703324607787124,6.698883473642471,0.008460905512598142,0.008371810867844423,-0.2576953385014043
74.02509437861217,3.715701404590011,19.922239792241882,0.02572651823088425,0.025512989084787403,-0.09413255887406215
17.002953723088847,8.527543289937544,1.9938865327312079,0.07833768371134893,0.07867281861484827,-0.9281512709788704
58.04744453619724,34.12774711676033,1.7008870915973766,0.021697812221861835,0.022447148855561615,-1.0075910092209353
162.14011678983482,23.6185848400536,6.864937839750219,0.010766655787597309,0.010703292350416541,-0.2517689206604019
306.64102777190715,16.176569418139614,18.95587499708405,0.006195449124858503,0.006112532362689825,-0.09814922923627628
461.97844896587645,42.2869476956302,10.924847361674578,0.003966165462157461,0.003925639408967944,-0.1605250445194975
777.9517241042424,40.78300427146495,19.075390300477686,0.0024427936554832744,0.002409343855034758,-0.09755855859825942
343.75802561585544,31.936584346736478,10.763769283642358,0.005323472700870371,0.0052259520034731825,-0.16212800125053764
28.376770822317063,5.178199779780316,5.480045581308364,0.05960368804122834,0.05799353643801218,-0.3165272866883754
22.869466791126644,14.501875736969147,1.5770006036409674,0.05351694278835177,0.056975514124996574,-1.0071209801278498
245.17875026076993,44.2629205374685,5.539145345215674,0.0069098550823186175,0.006712120405731925,-0.3137827145586913
112.50736890148497,11.282484289245222,9.971861339858467,0.016156413053648948,0.015834538930464066,-0.17405732920395384
134.05798397650122,9.226852138018021,14.529113718440668,0.013958211170381745,0.013680522398146914,-0.12277063113777566
189.97204972197233,34.5251275563292,5.5024286126684085,0.008908797982438184,0.00866269167009375,-0.31490181318164073
85.07366679921573,20.102857856447663,4.231919033936249,0.019015650179997717,0.01876624104199342,-0.4073345456068944
108.30314208413391,5.668720714962933,19.105393885124943,0.017548190850626765,0.017306545035675736,-0.09746965201511303
33.947192836297994,2.3806137997596784,14.259848800223264,0.055054245912410024,0.05402459229206017,-0.12596979872875796
105.03876434080367,43.86832713383284,2.394410072222562,0.013431193774546742,0.01326856134733233,-0.7607281560446899
35.330587023059145,4.367424205491834,8.089570731103374,0.05038035755709574,0.049160176492070606,-0.2128335309748802
687.1218651731488,48.56965190235001,14.147144116960469,0.0027185307341184885,0.0026690800357208793,-0.1272999322756782
455.09175805379533,47.6987849972048,9.54095074078856,0.003977799558169359,0.003915122064106885,-0.18063068011005493
563.0630632809377,43.04855123939743,13.079721548576304,0.003299722282310595,0.0032571542550747772,-0.13487604758876864
94.80957419161298,9.754917456330881,9.719156990926884,0.019126951878977814,0.018790320788005823,-0.17952538509796961
104.9642327456855,7.12514222537596,14.73152807699176,0.017842904383366824,0.01767381194475215,-0.12140666851256769
61.82943751517097,17.956010199506952,3.4433839604785215,0.02506722788787541,0.024884104440581485,-0.5134022312408418
373.0863630407366,19.445588914101517,19.186169402675304,0.005095126626099741,0.005023912401160572,-0.09746965201511303
38.85375174561946,18.945805603361435,2.0507838283068778,0.03460234112044222,0.03442834305760557,-0.9105188740307262
97.10963598684152,13.390038561766001,7.252379112942137,0.01809960081936914,0.01787086373145747,-0.2372210342329613
81.7836636706937,9.313056404019832,8.781613696164568,0.021954687263819023,0.021672768879652065,-0.1974353578870094
34.01308040886392,24.32325937941442,1.3983767503482827,0.034283947317549475,0.038308780402301054,-1.0064660546555555
31.338964480601497,2.39292535990028,13.096507315174877,0.059291074690947375,0.05852086317581304,-0.13470321933701077
370.51554766727554,21.659964949667625,17.10600864443971,0.005099757469950698,0.00504723419054549,-0.10656027883392642
213.12769358689675,22.241874920343417,9.58227192402564,0.008497275211423428,0.008359963706092247,-0.18063068011005493
49.309312934725696,30.819904312466047,1.599917781535131,0.02495968472810825,0.026425020967415447,-1.0071209801278498
18.27021746311105,6.6734285342521575,2.7377557681687916,0.08018074022584429,0.07990969507208864,-0.655170824603331
654.2298344173782,45.009543874937684,14.53535801729526,0.0028602508126536075,0.0028032705877349532,-0.12277063113777566
107.75362192749469,32.510088904142314,3.3144671564944606,0.014258855609493061,0.014139752553400097,-0.5321544291010726
287.8125041024517,19.70976073521758,14.602536680629804,0.006503594141568036,0.006372145845991832,-0.12277063113777566
8.820315910820389,7.710107274397698,1.1439939286070981,0.12098903806579189,0.09498472499758549,-1.00897466511782
149.31275188274967,17.561883011501262,8.502092388667256,0.011985044948667048,0.011632348019316821,-0.2035187682542239
442.21471367068426,27.31232280704044,16.191032772821952,0.004259605612923813,0.004214931015420775,-0.11260787068991106
62.16887684824663,37.40751185879287,1.661935631616553,0.020085082678426264,0.020959034395451284,-1.004628789289184
68.66348970952612,21.80127980488977,3.149516465273094,0.022108053894740676,0.022054635074771647,-0.5642487625058341
533.1821800254311,38.60984898074583,13.809486286551424,0.0034977752373991115,0.003439693450282734,-0.12956521288816658
375.6191184431856,22.943988163917588,16.371134597859303,0.005018025920727195,0.004967277177953024,-0.11106247497193811
172.13637029181731,23.318678440562987,7.38190934493033,0.010232531791687954,0.010090011138712912,-0.23459914221055408
105.82205372716925,32.44390195622063,3.261693179506094,0.014464876694446219,0.014397845223412283,-0.5438102070094567
804.0879567240963,48.065596000687016,16.728970898698588,0.002346994850405713,0.002325714151886786,-0.1088860253336537
802.3486693473178,42.2276123219974,19.000569182770363,0.002368051345281655,0.0023360831488746306,-0.09814922923627628
190.15149994421702,38.55066151710811,4.932509390528386,0.008744998242345915,0.00865451649426873,-0.3504071231418031
199.1745496667548,14.705294461623463,13.54441083696368,0.009351044780075346,0.009207919663980362,-0.13159897144042307
136.01738525525283,19.684814068841227,6.909762255288586,0.01284503371617122,0.012758906285954082,-0.24880816012122664
30.777341699742053,18.437178926580035,1.6693086194098692,0.040638412699082804,0.04233632783821277,-1.006486493863055
775.7026357087955,40.24281383215552,19.275556598603945,0.0024511442537306816,0.0024163295568430916,-0.09656825685257014
529.4831586339972,48.76400537957164,10.858073583426552,0.003458728593008835,0.00342515295487981,-0.1605250445194975
390.6299251746065,29.463783435709765,13.257968924016987,0.004760842543003239,0.00469493793037279,-0.13430770462602354
517.9698417052115,36.166974501803516,14.321624875738008,0.003609216968635482,0.0035407143520234273,-0.12457965487104852
397.67296550939517,29.892362811008834,13.30349721845806,0.00467764775936477,0.004611787603142001,-0.13430770462602354
151.11587226258493,37.129290943022795,4.069990792296077,0.01062444296545103,0.01050196846380393,-0.42605827893674014
199.40883075939487,19.15452324878673,10.410534794804963,0.00915066484532962,0.00893391885429684,-0.16696830820621486
100.9393471539549,11.036560179605537,9.145906470068523,0.0178609849888716,0.017637472516485245,-0.18796039977881177
104.62582515046932,24.994719096957372,4.185917222938725,0.015429652850263396,0.015259262569105324,-0.41691706595562816
251.69000491163,48.94340542137868,5.142470221364915,0.006652620538032083,0.00653847693814846,-0.3386509138713664
62.75049411688219,15.62209206660806,4.016779177163489,0.025519127253469588,0.025290862601429695,-0.43200507672748756
151.17812175546996,8.002661276697129,18.89098095350906,0.012564330705647064,0.012398309915610747,-0.09814922923627628
143.63126233176973,17.40235705300057,8.253552199528302,0.012419766801746179,0.012092478095821013,-0.2109211407674158
277.9851274205786,32.69942489889549,8.501223745680258,0.006437397627492655,0.006248024524687114,-0.2035187682542239
314.11421680833894,32.63212008453165,9.625921208755175,0.005767905201022822,0.005672267244868955,-0.18007056360018975
65.38031026363021,12.151029613479224,5.380639529600304,0.025796020076140663,0.025170717086557163,-0.32135846776810545
39.87867961320475,14.327799473972128,2.7833080498961715,0.03689595844776278,0.036765052122775296,-0.6395235352944749
770.1332777443374,49.26878155511587,15.631262910019537,0.0024408042148562543,0.002420544646377153,-0.11508397781127808
244.55984725514315,33.98626138069179,7.195844359452906,0.007180139797302844,0.007096148820872257,-0.2372210342329613
518.0529582265411,43.82767369373882,11.820224861730448,0.003559474889114458,0.0035231858477087494,-0.14900840765504592
370.3042074143922,39.9609943433082,9.266641471257651,0.0048748955344771975,0.004807709244490342,-0.18796039977881177
25.836953973393214,1.3654634779133057,18.921746638641054,0.07352287728030367,0.07254544045379548,-0.09814922923627628
601.4981702666809,37.99939581932665,15.829150892992788,0.0031274552180719567,0.003099164843035943,-0.11406352644278
98.08940009888212,18.77465030229614,5.224566024906775,0.017113902805304747,0.016777238835370554,-0.3311463425781078
793.5041103176737,47.13964908599723,16.833050854283577,0.0023791290634438823,0.0023567347868762617,-0.10808351469844871
59.22284145248138,12.908688190378761,4.587828025517107,0.02772712584777367,0.02749503265545888,-0.37860353983272665
377.95052334069584,22.359594444057866,16.903281689044114,0.004996126530769821,0.004947945894572068,-0.10786610765472404
157.2568498311908,18.532408372623813,8.485505319615749,0.011377259455075167,0.0110447201218039,-0.20579264467921993
125.34225388816682,12.490114858340487,10.035316352953103,0.014510379660370455,0.014213102585694222,-0.17124146754364714
617.5335566682762,48.25107364831431,12.798338150343941,0.0030039744219522912,0.002970236520670898,-0.13649634443750008
678.6694584183657,47.87534979375746,14.175759787490023,0.002752755201598078,0.0027023217704757628,-0.12722307658369517
94.35232101815373,48.63180791866467,1.9401359944494625,0.01398756641643603,0.013998700694992918,-0.9666357833130587
324.2741441921925,30.994130015946993,10.462437372023286,0.005629548555828175,0.005493815479098991,-0.16696830820621486
290.42519932589846,17.387535399889423,16.703068758539835,0.006497456974227143,0.0064391063332506,-0.10914581731440122
559.9397492173667,47.52469745914103,11.782079195743863,0.0032923737528050877,0.003238425808444337,-0.14958899205843956
288.94070957093436,22.528958075922226,12.825302821249382,0.006421171008753232,0.006348086863494076,-0.13650847462556942
60.74357072646868,11.001223957674888,5.521528419034826,0.027876586849331707,0.027092073663033345,-0.3137827145586913
879.6709977370974,45.50784012337863,19.330097744744126,0.002161744214367358,0.0021307434379511394,-0.09656825685257014
233.35379904778227,33.599754679996444,6.945104250618504,0.007491939972597126,0.007436918013822139,-0.24551035500853874
24.696753289478906,6.6491038281212855,3.714298035929003,0.06380428496488719,0.06300040719461211,-0.4762965897576839
93.61385048351107,41.83835463976578,2.2375127150563094,0.014765355781249729,0.014636762832057412,-0.8168780506651379
356.6187048432413,27.236089598029924,13.093608888297853,0.005210303554788593,0.005142700670305861,-0.13487604758876864
4.030915441950369,3.3123970598526826,1.2169179506908638,0.2723566509676562,0.26734381179921735,-1.0020547840458902
298.3543864291648,25.350551950281876,11.769147552065323,0.006178466136514734,0.0060777498757166384,-0.14958899205843956
91.25501415463589,4.900517974791875,18.62150381328037,0.020799635296156957,0.020539728401204046,-0.0997607700709778
141.93735553526133,37.66909304402829,3.768005653052557,0.011135457639857923,0.011057281683572784,-0.4642557841030221
61.935376409691656,28.464460919826934,2.1758843978861564,0.022123933616271373,0.021912240445956736,-0.8391768893416431
846.453651784708,46.23134147147263,18.30908697094628,0.002240431972206398,0.0022143601153261794,-0.1006659802439623
97.55095657224821,9.350352720464768,10.432863816863515,0.01870884475814677,0.018262274153254755,-0.16696830820621486
184.84824684486225,14.63757187641002,12.628340848167896,0.010025775329896817,0.0099228461944533,-0.13962818154523823
116.27216576424743,14.006259729436854,8.301442926970651,0.015351736040876215,0.014937864812320492,-0.2072744654045315
164.41487167202865,28.41754171297918,5.785682425758004,0.010371700301270482,0.010009248408866031,-0.29973366683317254
682.7071767920336,43.044557768878065,15.860476031784028,0.0027557633068697016,0.0027305147006075788,-0.11406352644278
592.9596332226492,41.08813890174763,14.431406461133935,0.003154336452124006,0.0030929310355808084,-0.12367370116581694
410.2445645990758,36.06735565196946,11.374400955748314,0.00448117092385752,0.004420103254290515,-0.15431342543842827
377.3073688213765,24.705617794376288,15.272128467366743,0.004974963661837164,0.0049167290749380635,-0.11743965188742715
239.87822555324874,42.19990610273493,5.684330789013355,0.007090234142784087,0.0068604363271474005,-0.3043354672995555
68.95029156123647,4.744530998542556,14.532583216848387,0.027138948579157784,0.02659862940263478,-0.12277063113777566
219.69169223920815,33.27502029362186,6.602300773992873,0.007906178563871087,0.007837789614295767,-0.25994433674891654
321.0404742145657,48.63859881763749,6.600528839620868,0.005410097963066948,0.005363489659651781,-0.25994433674891654
652.9752236026854,43.51776394579529,15.004797222945927,0.002871529269863304,0.0028410237378336135,-0.12033918442793407
107.03346272390664,18.82453585381033,5.6858487006064315,0.015890924872486396,0.015375278448406157,-0.3043354672995555
205.26422699055558,33.79796733149558,6.073271359111422,0.008366023769135627,0.008017321463193313,-0.28410247130353905
64.7153360577135,27.968404092718433,2.313873034842275,0.021578758008188554,0.021477347536680243,-0.7845571358497296
214.7493717145897,11.710722552934955,18.337841302607664,0.008831578060006172,0.00872809634328216,-0.1006659802439623
37.944622797411476,10.824523709928904,3.5054311685424446,0.04100953457733722,0.040547779031680886,-0.49900777214999764
690.614292809824,40.343858853629655,17.11820119427398,0.0027361347505990142,0.002707848302279386,-0.10656027883392642
54.6718150429219,6.735866396329047,8.116523076039227,0.032569215334706116,0.031768798827301964,-0.2128335309748802
132.01993834856984,32.2279202254897,4.096446107128957,0.012176718876966044,0.012021018527457007,-0.42605827893674014
174.6721682521602,39.94447383731802,4.372874429728329,0.009318941814242709,0.009242017358895398,-0.39904674435376297
11.06615009199474,5.867848903191506,1.8858955427389912,0.11810559340227501,0.11815415056760194,-0.9903485014615288
28.329212163995017,17.71722597366131,1.59896431902543,0.04343441275568326,0.04599491227098162,-1.0071209801278498
109.24468603312269,18.425408702078478,5.9290237627564455,0.015665375702494568,0.015064067209440311,-0.29251229739297796
265.68233059988654,14.878343231617873,17.856983567584777,0.007128582821985717,0.007054865868393027,-0.10257733072106687
234.83294287887375,17.94586461809222,13.085629913987296,0.007912055681424186,0.0078097358486322295,-0.13487604758876864
849.5258266183907,44.482981215843715,19.097771853380436,0.0022371144249071387,0.0022063522346875233,-0.09755855859825942
150.0258078547986,12.05564795993921,12.444441671931095,0.012339474555843317,0.012165885835815031,-0.14259864811177586
642.1532818536592,34.33759736373295,18.701171053158646,0.002956433059842178,0.0029188563835937844,-0.0993449122371446
61.588438667332206,9.82954615573439,6.265644180469366,0.028004150564523347,0.026720425591013768,-0.274895451004577
606.1210196995822,45.64486191453088,13.279063497541784,0.0030685865222753825,0.003025770750121717,-0.13430770462602354
97.26547228268048,11.365017533964227,8.558321356918606,0.018411037300630432,0.017861763208251297,-0.2022876414058329
491.3975700698501,37.159388966835195,13.22404871911169,0.0037838873669264984,0.003732178106172263,-0.13430770462602354
4.1766040632987345,3.259644337465586,1.281306679779088,0.2689528230114575,0.3119758560881758,-1.006185247415505
410.6343747266758,27.402567259163746,14.985251959900026,0.0045658249528749886,0.00451768830046738,-0.12033918442793407
68.31395923825323,6.6559980445691895,10.263518525819348,0.026677352802203774,0.026078159320578095,-0.16969828060194272
248.52958255481755,19.68775243562195,12.623562967255808,0.007456639594421774,0.007380291327497546,-0.13962818154523823
94.06096295106153,9.073000633941644,10.367128444715869,0.019392253826758018,0.01893986896308444,-0.16696830820621486
243.49141400142673,19.77466001450486,12.313304695141357,0.007596877066199458,0.007495939264522514,-0.1440771296373109
494.4660636487034,31.533203561718548,15.680806508634838,0.003802286665924033,0.0037700099551530326,-0.11508397781127808
36.60700948124998,28.125746638215258,1.3015480069606753,0.030896259017752482,0.035594265870211805,-1.006370536956614
326.357092328445,46.21416222117473,7.061841579352755,0.0053681006668581735,0.005317589574507386,-0.24566395106645328
648.4909846405643,46.762522524072374,13.86775027601932,0.0028766485596834223,0.002828078255332196,-0.1296077570992934
197.215592442752,24.050660924692313,8.200007187339907,0.009038884012189212,0.008806899455103807,-0.21101667776337904
291.5361700007842,39.21601324889557,7.434110350546524,0.006046823275207924,0.005957606884996037,-0.23331583217330729
27.99586185825596,21.459800278086842,1.3045723396989515,0.04044026333094603,0.04654257957072761,-1.006370536956614
351.1044835713781,42.419287952205465,8.277000876746765,0.00508228509870373,0.0049468405414679105,-0.2072744654045315
143.9190420927908,10.808561813803593,13.315281401175138,0.012925941780933646,0.012743159110651232,-0.13342349830142772
90.60872074826574,15.474347796001929,5.855414518450729,0.018853149964882614,0.018162372000033605,-0.29491478773566954
575.3735676056384,47.89683671101803,12.012767587912155,0.003208880104282775,0.003172194472510759,-0.1467919710521373
162.88253698607423,28.581795082008778,5.6988211033883935,0.010445809819495873,0.010103411471408155,-0.30407979389350853
270.8066820903059,25.907658306598616,10.452765699064825,0.006740489850691643,0.006578502048337818,-0.16696830820621486
159.66797237620307,43.62029217934906,3.6604058432188564,0.00983824621835691,0.009744631252384712,-0.4852656732691057
79.97383460769188,6.758210280124138,11.833581864549927,0.023059527797216237,0.02282242510617159,-0.14900840765504592
137.97854395376643,24.684785960463998,5.5896188111477905,0.012295334179218916,0.011926994194319031,-0.31076489022478127
297.3881649231186,23.549260896904283,12.628343888372836,0.006231744380979647,0.006167766371032593,-0.13962818154523823
305.8300476775861,49.420370944635906,6.188339784422054,0.005629831508029344,0.005380992826486665,-0.27526249160821264
107.40932428375527,49.44057239158681,2.17249354301636,0.012751044421404546,0.012635242508505905,-0.8391768893416431
200.3227587770629,42.813578815539856,4.678953834720134,0.008225837486090556,0.00812855199092578,-0.3707294000950962
407.1937745124038,40.656114460250635,10.01556051084311,0.00446578206056476,0.004375072568257986,-0.17124146754364714
149.66907456861884,25.58262879549142,5.850418100699484,0.01141215726642449,0.010995386304220615,-0.29491478773566954
10.127716052786637,4.657489927110336,2.1745009031227713,0.13527035083037353,0.13400285443691748,-0.8391768893416431
429.7365311866666,25.021044910373867,17.17500339118513,0.004397947621158973,0.004351686683817546,-0.10624381247035732
64.70113263680203,4.749164154155784,13.623688408450764,0.028797573119376405,0.028345458227693753,-0.13163321059959784
156.2443816937455,24.56345836671012,6.360846235947676,0.01106146724241201,0.010639052724357584,-0.2719234110987598
90.80846429190564,7.291480448346959,12.454050303665381,0.020387371321111004,0.02009941325425645,-0.14259864811177586
350.13043175268086,44.28890696620715,7.905601102773515,0.005070745279620904,0.004960602495840461,-0.21933465485851883
250.47450309769926,14.90147238117288,16.80870834040258,0.007536477242866432,0.00746614412719495,-0.10858988043330513
229.49111061467144,36.504386203454864,6.2866722189387705,0.007518924282268939,0.007243383895228483,-0.2736525396099106
331.8962721131612,37.45156529376815,8.862013363387724,0.0054149498046106,0.005340459022274913,-0.19542365953173144
187.19953331871864,12.239758661365535,15.29438108200686,0.010028114220339883,0.009909843670998843,-0.11682533421115988
336.81690404341504,21.59930330136386,15.593878160975088,0.005580104802783367,0.005534585586597104,-0.11510358059965736
597.5816605264904,38.712243584884625,15.436502904208295,0.00314320157253923,0.0031043759087887954,-0.11611035730189036
458.61029641503745,33.2530561126912,13.791523247092062,0.004066169983435086,0.003999001476367224,-0.12956521288816658
577.1857175237017,31.246726586437365,18.471877875816567,0.0032871356867319817,0.0032474005317140978,-0.10045286830664628
298.5218410691672,49.75312945562086,6.000061590807967,0.005742588957760467,0.005512726595759757,-0.2900572529041707
832.578320026854,43.29233339969371,19.23154181457783,0.0022834421865553737,0.002251263527885036,-0.09701747724045454
343.9637075960623,36.711418157726136,9.369393089590387,0.005253823706079372,0.005180022612275167,-0.18339008403643334
209.7186320387998,33.26100782577158,6.3052398513403975,0.008231142334043842,0.007926297241996462,-0.2736349687365166
592.7273039723586,30.18989295285863,19.633302605540848,0.003210699608025278,0.003187893139860906,-0.09497468413321988
104.23570199836536,43.16667285461087,2.414726341069656,0.013568302423857573,0.013370786225681037,-0.7607281560446899
632.7413918162032,34.15880775669057,18.523520970730317,0.0029989494699219914,0.0029622737349364182,-0.10024824039633771
167.09643481762117,22.287189247995673,7.497420736114064,0.01056057518102541,0.010394344412660602,-0.23331583217330729
166.19906710169462,45.40649133793455,3.6602490570075106,0.009451547562114715,0.009361698237872857,-0.4852656732691057
442.7107814084879,25.724350130918005,17.209794578110465,0.004269534595809356,0.004224154501874316,-0.10582373326393549
76.65993136463355,21.255573368808548,3.606580261773979,0.020425774298408115,0.02029620280014824,-0.48894165397246975
34.97868262182741,4.391186399746633,7.96565653050976,0.05080027060552405,0.04965475436568364,-0.21933465485851883
219.03058906785864,25.698874790415854,8.522964170771553,0.008172289386284202,0.00792975036506862,-0.2029974040101572
90.81716063045401,5.2031309487702035,17.45432923457736,0.020828930709399524,0.020628296587552584,-0.10482304948765182
387.78657007199035,27.761003163725164,13.968752057876083,0.004812926675101814,0.004729362474054933,-0.12898848216919093
161.3836280190115,20.287012618451765,7.955021818847163,0.011008933490751226,0.010762293021553833,-0.21933465485851883
68.35586338196428,6.846474228224936,9.984097084622592,0.0265949179713932,0.026062172646109764,-0.17124146754364714
35.90876200207645,8.624668416548996,4.16349478817931,0.04491008173409273,0.04446026118605803,-0.41691706595562816
475.62831174200807,36.76545601433775,12.936826121686702,0.003903248099128018,0.0038564161919587953,-0.13642237085943215
77.25456245407716,22.7795031003206,3.3914068324427094,0.019993189209254074,0.019915589859751025,-0.5145785654666981
230.69878407617622,14.669910909329332,15.725983988727792,0.00815099905111426,0.008080415290899017,-0.11465514354736822
60.32295482059138,21.54877562258879,2.799368088336167,0.024428456430245122,0.02430487264636543,-0.6395235352944749
641.9240967923009,45.54412145048825,14.09455438700573,0.0029092253967930655,0.002857009514996199,-0.1272999322756782
280.858970041021,46.88105557237122,5.990884091921808,0.006102397765597402,0.005859415109429499,-0.2900572529041707
323.8658599433973,30.175005452600224,10.732918025553806,0.005649065391824145,0.0055469352125943035,-0.16212800125053764
81.77900090087928,11.91606156400903,6.862921986563286,0.021345842004742658,0.02122101092719053,-0.2517689206604019
149.880211421952,10.652369450639078,14.070128915117573,0.012458530157110773,0.012236326830883647,-0.1272999322756782
54.64308849510525,4.760148190069614,11.479283062888454,0.033668199101668406,0.033184861708572745,-0.1537846802655089
327.2046502906239,38.69692276232847,8.455572870749254,0.005465950811068432,0.005308169954428722,-0.20579264467921993
692.5911981874779,43.94732977890332,15.75957405539466,0.002715404454838361,0.002691547318706091,-0.11449277768490264
109.54976790735073,6.681961013471976,16.39485290118869,0.017207005510194245,0.017031567572316827,-0.11106247497193811
52.37054167438279,7.06436555770813,7.413339704262587,0.033650258629833146,0.033164787647625885,-0.23331583217330729
547.7160787864103,32.59821751479018,16.802025403318613,0.0034464082872808287,0.003414321420796238,-0.10858988043330513
249.09595060201323,15.773674213173132,15.791878749085912,0.007550884709394317,0.007483630215327469,-0.11449277768490264
155.15506999042805,31.51266274830359,4.923578538242708,0.010714224524274304,0.01060660984380782,-0.3504071231418031
650.0448934660943,49.100760870138004,13.238998376936298,0.0028606342435165337,0.0028213178364681728,-0.13430770462602354
75.49169727304744,5.77557175392348,13.0708612912244,0.02461015392723781,0.024293840497552652,-0.13487604758876864
111.49655323599829,33.18887667558832,3.3594554683439544,0.013823091939680081,0.013673601450443922,-0.5246138084080867
499.8434300054848,34.95549137953753,14.299425076830314,0.0037397233240867426,0.0036691154516541725,-0.12487853954468492
325.65416709478194,34.4781139891613,9.445243066287096,0.005553514930625784,0.005471263577078777,-0.18063068011005493
94.14809009398509,45.21712595087814,2.0821334420118465,0.014350783192243446,0.014205628839875035,-0.8894878488730429
104.24620174130344,9.763556159948724,10.677072987907197,0.01754235810001693,0.017232886308272927,-0.16212800125053764
95.102003743948,11.974722094447452,7.941896521176535,0.018678195325270604,0.018263105142330666,-0.21933465485851883
575.9898552371113,31.62785528952276,18.21147371405602,0.0032915432933423895,0.003254142740435346,-0.1009016411972466
60.42029719405521,25.115938582488713,2.4056555559576553,0.02338190337513599,0.023066971750034113,-0.7607281560446899
185.44353991001844,33.19514466131466,5.58646578594769,0.009147512042167814,0.008874233599486307,-0.31076489022478127
520.5654595219634,26.929743596793752,19.330501890999873,0.0036530000420226154,0.0036006100130144543,-0.09656825685257014
332.35956742380864,28.71620070037233,11.57393942505421,0.005539003656739882,0.005455908337752496,-0.1513427187950206
99.62552405268612,7.500878789546309,13.281846947257758,0.018669533811804053,0.018408768936272378,-0.13430770462602354
894.9154145211229,46.007455727478394,19.451530200280693,0.002125572736340844,0.002094447336106323,-0.09599366970130424
249.76977945866392,31.728314566482734,7.872141425454618,0.007104843842464301,0.006953835237338997,-0.21933465485851883
4.310594414001243,1.129744511063778,3.815548003806938,0.3676241549557681,0.36408930436069337,-0.4606875429766859
114.64429463576808,45.59393575313283,2.5144636614945153,0.012481415921443752,0.01227905881892369,-0.7319851383219487
71.22435739275683,4.835035825162737,14.73088514093059,0.02629524001420512,0.026046119310598335,-0.12140666851256769
382.32594145454783,22.32669620235271,17.124161048702746,0.004942510721246732,0.004891320565903273,-0.10656027883392642
201.3732502339968,10.128411108322355,19.882017828890415,0.009456190496598346,0.009378611224119015,-0.09419635696719965
499.1355444754619,47.44477374329685,10.520348293282385,0.003659114558895508,0.0035967696770403414,-0.16682248512960882
79.63387980258571,15.266031498729369,5.216410028317696,0.021074835293047156,0.020665441602956164,-0.3311463425781078
7.407178256280512,2.448397475030615,3.025316898837225,0.20293081343244185,0.20037177817956517,-0.5861591085199922
316.32909052592163,30.942570526591197,10.223103159903186,0.005759179985888826,0.005631800445140092,-0.16969828060194272
269.52934008287593,38.07123528767879,7.079605850617231,0.006501938423199228,0.006438753833622216,-0.24566395106645328
85.80653110919958,36.56044909105227,2.3469769448264164,0.016344278470605617,0.016198228101025634,-0.7719284058061981
230.28951207066066,37.72200804875771,6.104911270179445,0.0074623657934884905,0.007146088755323856,-0.28410247130353905
14.337069564081682,1.1937807771044353,12.009800994498201,0.12877594954966623,0.12730613063076876,-0.1467919710521373
569.2108414587576,46.705287260239146,12.187289166794926,0.0032471953675895253,0.003206539155350306,-0.1440771296373109
229.36984952036994,34.26539580905585,6.693920910720978,0.007586239076269552,0.007507077618876881,-0.257982956104573
54.4832218927763,36.981359745572775,1.4732617261132146,0.021866387668048375,0.023915612603698375,-1.0066254819852019
82.61799490994593,33.00335080113445,2.5033214175060685,0.017297843989791353,0.017038951848456753,-0.7319851383219487
73.54072722033138,5.546070674937975,13.259969360407371,0.025288670842995804,0.02493833446800502,-0.13430770462602354
100.90920516148711,40.42199355559274,2.4963935789734304,0.014151157127051952,0.013950402590465398,-0.7319851383219487
101.75655989718071,27.055958544407442,3.760966728647436,0.015526441251181099,0.015290468891580086,-0.4696049381421816
241.15708347998222,37.476907753181116,6.434818076993354,0.00717787514419367,0.006892985230775491,-0.26941755323551964
124.6097206612494,20.538150729056284,6.067231772963774,0.013779051534431104,0.013206588410152249,-0.28410247130353905
104.7743213415865,24.484658436398764,4.2791824772131415,0.015472812824572748,0.01523763568246216,-0.40512960780328844
69.77629255148682,7.120017126732599,9.800017515338114,0.026009050478094556,0.02553162754412759,-0.17952538509796961
560.7702106053775,49.8672180014026,11.24526759422603,0.0032752659865006397,0.0032340533984437357,-0.1554470615674649
225.8817936329834,19.89948499466423,11.351137664796372,0.00813731628042325,0.008028804695525993,-0.15525947258038955
461.7193003964824,34.38080369279863,13.429566816473045,0.004031444427272421,0.003972074052061691,-0.13297970256312866
10.09034302699441,1.5973647502540635,6.316868470641738,0.17111995252766674,0.16474090229413668,-0.2736349687365166
182.97688891239864,48.57974364104709,3.766526440822831,0.008637195911623818,0.00857726530876904,-0.4642557841030221
750.8525695651871,46.32454147272291,16.2085267483394,0.0025088527659757275,0.0024823841426091903,-0.11260787068991106
137.35249271360618,27.376319156875372,5.017200885426961,0.012141166911180692,0.011981357310409736,-0.3467380941253522
37.662540649502084,13.494149944188221,2.791027282583511,0.0390955704286055,0.038928381072621886,-0.6395235352944749
704.2136556841205,46.01524400844826,15.30392092574428,0.002665853049408743,0.0026343114699618466,-0.11682533421115988
361.8118309818716,21.50531227558953,16.82430026336147,0.005217611670075157,0.005168650055582787,-0.10858988043330513
41.758076709887206,15.905723464442346,2.6253490954522416,0.03468380498603262,0.03460424881573374,-0.6897160087604138
46.16324121336764,4.732087207166124,9.755365696443523,0.039296337445247694,0.03859136113516159,-0.17952538509796961
183.50475288271022,17.721202610918933,10.355095921630264,0.009939075677855685,0.009708208015589217,-0.16696830820621486
41.04029984329482,20.510998535660438,2.0008923393925517,0.03249322195750483,0.032594067277307605,-0.9281512709788704
776.9298194844139,41.109542803447695,18.899013866416823,0.0024448701275284306,0.0024125128923846817,-0.09814922923627628
568.8293320099159,32.280129717283785,17.621655705594858,0.0033271810333068024,0.003295106459017092,-0.10411723658466654
12.65820470364128,6.215230217372023,2.0366429337179937,0.10596905165223741,0.10567614645925513,-0.9105188740307262
69.21756042563142,19.534834481241795,3.543288810155886,0.02253460317435462,0.022228032469924865,-0.49347214306518206
847.4320381959456,49.34815444145344,17.172517347155047,0.002230200908115589,0.0022067595465190045,-0.10656027883392642
264.0266631437729,20.86371651999986,12.654824124487995,0.007020244075494572,0.006947104133028793,-0.13962818154523823
760.5056802636863,42.97478322556667,17.69655651948104,0.0024891706654753673,0.0024646143409926494,-0.103664098523445
70.65416947044794,5.099731985831456,13.854486797883858,0.02640128048262016,0.02595718364799452,-0.1296077570992934
458.36903776986196,42.20016630319386,10.861782735087727,0.003995451545413307,0.003956551721246241,-0.1605250445194975
46.30777402729906,13.21458425455698,3.5042929187371192,0.03360081921703112,0.03322487882321688,-0.49900777214999764
33.92387607036583,17.032972821865048,1.991659144011438,0.03924889477035401,0.039431528738007295,-0.9281512709788704
52.48629837962175,4.012155419586019,13.081820839591845,0.035399198836624526,0.0349421336436445,-0.13487604758876864
535.9239175200711,36.54259013325912,14.665734299778102,0.003493654167120541,0.0034220962948015095,-0.12220993775424631
139.6587491545172,38.78075934008412,3.6012381276445184,0.01120828014419525,0.011140766497203889,-0.48894165397246975
361.0007823548397,26.445123984377226,13.650939302387286,0.005162010921465146,0.005080275007931317,-0.1307087181154518
73.61761551706138,6.843792751719379,10.756844660231168,0.0248566367782057,0.024402623340344716,-0.16212800125053764
17.97780057467544,8.461379213496556,2.1246891459490973,0.07564531184491331,0.07548992738921297,-0.8675043306789361
19.35670254746321,11.518151661800543,1.6805389541499864,0.06477763381308263,0.06731516512143441,-1.0075910092209353
386.049205489888,27.492206125184115,14.042132658690104,0.004836275023072217,0.00475064635896261,-0.12820841775481742
234.3357657908,25.952673629579206,9.02934969766348,0.007683783438302834,0.007597282281054758,-0.19249598843847712
440.27177396519727,43.78539554552683,10.055219748041672,0.00413174336829173,0.004046369579385006,-0.17124146754364714
150.99018741683412,25.236470988344138,5.983015116755878,0.011349020733296909,0.010899180409214376,-0.29045381082250366
296.689574515624,44.02176273601946,6.739611412081571,0.005870071762604233,0.005849322729204608,-0.2556930725164505
48.72422650259312,36.73521210725983,1.32636300997331,0.023402915260543406,0.026742335829992706,-1.006370536956614
202.24175653351608,22.325901396479004,9.058615504116283,0.008906001952531668,0.008802904957784045,-0.19249598843847712
408.2695055727821,26.556112714627176,15.373842924981494,0.004599545003528399,0.004543856656327543,-0.11647880534144663
260.71867708360236,20.113767777757616,12.962199820757231,0.007121684251929475,0.007035248656803141,-0.13642237085943215
317.3028427789331,17.210817949208362,18.436244210783016,0.005978829072769604,0.005907142808960352,-0.10045286830664628
549.6388924027873,31.599342431285706,17.39399778960602,0.0034409298634164066,0.0034084256966145305,-0.10507824526938718
227.04598344199997,13.439886589065422,16.893444891620042,0.008316496930741274,0.008236563853562648,-0.10786610765472404
76.2838758628362,6.364162504951106,11.986475173047497,0.024199001446349087,0.02392637802081838,-0.14723000532158403
390.3770524386252,26.540887869336817,14.708515192124942,0.004797107072251852,0.004752118750023355,-0.12143784495473162
55.527129406224326,35.91943443513494,1.5458798357891161,0.021870696021663354,0.023466000171853223,-1.0069103027035384
192.87900114750286,26.686087421974776,7.227698766686787,0.009108916235411142,0.008997522080722117,-0.2372210342329613
194.9041834756524,11.009271692961201,17.703640069148694,0.00971281841860352,0.0096167930957644,-0.103664098523445
42.76576965151481,29.083437746213644,1.4704509839825404,0.02783607603252741,0.030468284303234155,-1.0066254819852019
391.8443512786638,29.264995892917106,13.389523535641445,0.004749360263392825,0.00468038711405767,-0.13297970256312866
33.10611720513016,2.9712463099453594,11.142165189845528,0.05543642342834357,0.054780232732133845,-0.15752546669499704
186.42902577024793,14.763146197296523,12.628001056061304,0.009940744614669364,0.00983870786846448,-0.13962818154523823
944.8121297031445,49.47675558873327,19.096080946712174,0.002011487837775529,0.0019838369418194966,-0.09755855859825942
90.62071308499091,37.20790119694669,2.4355233746005354,0.015645949158056414,0.015518518529841156,-0.7320924499778871
821.0545487728018,46.40586438074744,17.692904975032327,0.0023055807154694677,0.0022828607536317463,-0.103664098523445
144.56697531140085,17.49370839873992,8.263941070483037,0.01234105616620234,0.01201420926100731,-0.2109211407674158
170.10162042785834,37.11050136252062,4.5836519093663,0.009651944986226485,0.009572712803024888,-0.37960779006065687
536.3597215631759,46.40651043095719,11.557855063486462,0.003431907839197064,0.0033807969952601774,-0.1513427187950206
25.154730054913657,8.556086905719074,2.9399806631346497,0.059328137978251524,0.05901184173228421,-0.6067618118297364
307.4049856406733,19.81657101951232,15.512521582971544,0.006112066761166863,0.006034769106317926,-0.11558483690206266
472.20015117870054,39.86727061891222,11.844305964469472,0.003905735680233278,0.003865303402024261,-0.14900840765504592
406.74636288835615,49.43748353030851,8.227489221594242,0.004384197326804271,0.004270125198633381,-0.21101667776337904
3.0718949029095177,1.7817519126509076,1.7240867716196937,0.41206129658799046,0.42416803613784176,-1.000392622563557
8.04056280999716,1.0675735503265642,7.531624221616957,0.2195838886110962,0.21601198008957043,-0.22854069888323758
830.3714584598707,46.94333069304006,17.688805762199223,0.0022796834439906062,0.0022572466658002713,-0.103664098523445
456.84410230266354,45.98778282877966,9.93403191459723,0.0039774725094793625,0.0038995847902057045,-0.17405732920395384
150.1071323628474,8.221849822591818,18.257099752708488,0.0126319260844963,0.01248676979221387,-0.1009016411972466
225.0191400283321,13.680570333943047,16.448081807673915,0.00837872822285622,0.008310754098871321,-0.11089714911713303
761.807697399711,42.93554878025108,17.743052529705107,0.002485264722001465,0.0024604020310926345,-0.10335061644426226
259.436920264091,17.56221160839518,14.772451559578839,0.007220239234975944,0.007150555551553895,-0.12107111210965613
498.4372744893057,36.26115499765816,13.74576387656422,0.003740426172410818,0.0036794664972037406,-0.13055290822122617
172.0044630073519,33.67854938898663,5.10724084403706,0.009723700449048864,0.009567596467580179,-0.3394645446927401
562.256623240431,42.758342868892306,13.149635498373954,0.0033057033495574872,0.003261825964576856,-0.13470321933701077
24.19912595428506,4.731475436129158,5.114498908628484,0.06913095144515988,0.0680053195221193,-0.3386509138713664
180.44137823009774,37.8273060180558,4.77013557729882,0.009163018537859351,0.00902417159332821,-0.36413272368373106
40.029444534812576,16.471192419936223,2.4302699837543136,0.03539783102979519,0.035131619525068054,-0.7320924499778871
15.4075269580084,1.519031198962454,10.142995725520466,0.1181575120856062,0.11562545486306423,-0.17124146754364714
117.84638699331623,34.831640252412775,3.383314312484984,0.013099461894284778,0.013055726356016184,-0.5145785654666981
96.01410591452552,25.61245772176939,3.748726770290304,0.016443776262401733,0.016204967997172817,-0.46935586935996176
484.7036308681527,32.36498557936133,14.97617323757564,0.0038679585965608753,0.0038273245594421046,-0.12033918442793407
242.14005462589316,21.03615033778095,11.510663820984838,0.00759947123743979,0.007488737614439537,-0.15347801774918865
762.449724176023,43.116653003669974,17.683416291870458,0.002482725268403142,0.0024583302302454884,-0.103664098523445
49.25690686860141,16.339601205552196,3.014572158093058,0.03048942784788329,0.030131601289199644,-0.5861591085199922
206.41471189462837,12.273195580620454,16.818334763650313,0.009145453093817547,0.0090598132427189,-0.10858988043330513
758.2377165598692,48.523064173349745,15.626336248078806,0.002479049611437871,0.002458519197513113,-0.11510358059965736
26.738271073776414,4.445522212933808,6.014652450950319,0.06413587922455706,0.06154733371265569,-0.28410247130353905
63.87456130385319,8.675456703929795,7.362674206525565,0.027567188195397073,0.027191699765416195,-0.23475611431881827
142.93204717570538,38.32855896592683,3.729126558156505,0.011033837095509067,0.010885630929985795,-0.4762965897576839
134.03150650717018,10.357081734234775,12.941049413961489,0.013851510180681155,0.013684996688877639,-0.13642237085943215
12.47331606025568,1.036774511028569,12.030886106450556,0.14803749756134188,0.14632811691536568,-0.1467919710521373
389.544900150375,33.186843597147096,11.737931599613233,0.0047311327563668995,0.004654979013560126,-0.15090519890616375
140.90788405104678,47.6825022925088,2.9551277151237976,0.010604994447365918,0.010534733090457403,-0.6020077306178833
204.22266491653164,15.11825733490062,13.5083469207183,0.009118225543464179,0.00898031201967968,-0.13159897144042307
45.33771584430108,2.414085274928296,18.780494755160507,0.04188323692767709,0.04134202994304259,-0.0988667621260604
550.5844066798556,29.825707890709808,18.46006165879983,0.00344583932945373,0.0034042976576234905,-0.10045286830664628
383.41030798873874,31.339020730171345,12.23427851463189,0.004822189842181683,0.0047604271788149475,-0.1440771296373109
460.96728970738127,26.246695420311823,17.56286962322302,0.004104972478316326,0.004066130608039624,-0.10415929565028174
48.71854622752527,5.875465123280901,8.291862040757122,0.03663405473447531,0.035650856359928644,-0.2072744654045315
247.1754650390117,22.018877476984773,11.22561607862943,0.007429576644543163,0.007337139246680881,-0.1554470615674649
162.22492191615376,46.73717665606728,3.471003888616242,0.009571113678822307,0.009484178894690018,-0.4992515173048229
14.509086036129542,6.247863813950339,2.322247486210151,0.09635327032368887,0.09579609356533542,-0.7845571358497296
421.5975345380415,33.77098692913584,12.484015803941732,0.004392047112866054,0.004350643854608216,-0.14093022118470583
372.479912627748,22.098734726764235,16.855259689444114,0.005068697998255047,0.005020616352495484,-0.10808351469844871
239.10328421539202,17.95532609348652,13.31656595767031,0.007780326819618389,0.007670255381305566,-0.13342349830142772
88.84849354243184,42.970303863499986,2.067671986325,0.015172342938625537,0.015052960050690595,-0.8957062176745823
176.26122381921002,12.860013189483142,13.706146426300371,0.010575226937142274,0.010404916139252781,-0.1307087181154518
247.96610218984574,13.765708197773858,18.013319665598168,0.007641409720270684,0.0075589090179319154,-0.1021196780289652
186.7021182232702,35.66250753420625,5.235249317345168,0.00899423635026065,0.008814411471803282,-0.3311463425781078
65.91386880019418,5.597481318532335,11.775629975211219,0.02796758831541435,0.0275104976850339,-0.14958899205843956
460.51463901991235,39.203525072443334,11.746766092307706,0.004002255958881593,0.003937601937907045,-0.15090519890616375
397.7311721028142,33.110818846931565,12.012121293088244,0.004642073061614098,0.004589021376266644,-0.1467919710521373
65.82277114626292,13.54632029115367,4.859088647804085,0.025198726151187234,0.0247742329050701,-0.3589647863203569
240.92115030374092,20.39734089681692,11.811399903667715,0.007653495896182224,0.007575909580733314,-0.14900840765504592
17.625838589521173,2.97449512141243,5.925657252768193,0.09708580589345027,0.09336686503276732,-0.29251229739297796
38.71843624444627,32.525733136019724,1.1903939592238926,0.02807247270045888,0.023343195552475323,-1.004157209098783
483.3888453293325,28.558123708879194,16.926491749142432,0.003906654636040476,0.00386868410056272,-0.107277520106933
712.5820693198747,41.28652104245646,17.25943604177984,0.0026529822645067914,0.0026290351741694576,-0.10531834055107443
262.1104407407149,28.368788604771108,9.239394899528165,0.006885173871145425,0.0067922321454602684,-0.18796039977881177
551.4569842363248,27.87650761206977,19.782140284945843,0.0034522430139830042,0.003424748400815496,-0.09447053967709336
253.7788291978682,29.16938403179486,8.700177861872135,0.007068431276421041,0.0069562710845391205,-0.2008093725696663
158.54721111401912,26.642496376043677,5.950914241526599,0.01079973626562005,0.010379679851282174,-0.2921750138427401
134.37963401092856,13.036113606453608,10.308258892773312,0.013567071580378263,0.013257234445881607,-0.16696830820621486
20.730105507632846,10.44419145306144,1.9848454139124727,0.06415541632010738,0.06380621959901195,-0.9559836153523664
120.007970504366,6.8693329096132345,17.470105479444996,0.01576326061623754,0.015610657499255462,-0.10482304948765182
357.85547951207496,31.98580753452324,11.187945751434627,0.005130292933187801,0.00506785814158013,-0.15772462057534828
71.73285289049612,6.999890961414723,10.247710040900188,0.02540239171343779,0.024835235753890905,-0.16969828060194272
644.1883579928736,44.544209881821736,14.461775384543605,0.002903884749013161,0.0028469673965471347,-0.1235659613914814
61.322492673592954,6.951768902106458,8.821135100594555,0.029293615981221422,0.02890421383065233,-0.19747117789036508
305.4753935658206,23.247067210712682,13.140384152416948,0.006084159857149547,0.00600370206920047,-0.13470321933701077
349.76301977408434,36.651733097233695,9.542878063806562,0.0051757858237519985,0.005094134263537783,-0.18063068011005493
86.04616251666216,27.878566380902384,3.086462960147271,0.017555451036432138,0.017560616068170273,-0.5753102566362456
165.22350747200028,20.791562028913205,7.94666159484491,0.010751817072488196,0.010512171785945079,-0.21933465485851883
120.8509499321462,42.52436353657046,2.8419226034556817,0.01224175156905185,0.012255612101030556,-0.6349492184263246
60.003072540855925,6.867843149629337,8.736814635042203,0.02990836867341672,0.029539794644003706,-0.19849310542358004
341.9500147108904,31.16949782774411,10.970661657773618,0.005360212834735923,0.00530358452210522,-0.1601612996055388
559.9599070944407,39.36924514570821,14.223282794018315,0.003337064437003404,0.0032752045801944037,-0.12722307658369517
236.21172956047937,15.297511875901462,15.441186218824866,0.00795199408410565,0.007853624008952776,-0.11611035730189036
225.03212492425166,21.204989168509787,10.612225412424776,0.008122252436919676,0.007977863568175753,-0.16682248512960882
306.1132020097385,35.311302945187855,8.668986315370583,0.0058578103533137825,0.005766998351678936,-0.20078050677274345
237.2079236308804,35.33190757533462,6.713702709798676,0.007338376893932676,0.007316083902967733,-0.25751221406617825
274.88020994487783,41.595133745730315,6.608470395244105,0.006319607640446186,0.00626417327069425,-0.25994433674891654
279.52113838038423,49.688893119966004,5.625424935619405,0.0060751490192602845,0.005887459181844304,-0.3067169181709371
237.31296099804703,44.22215770060693,5.366381319624981,0.007103909484701747,0.006934595083876218,-0.3230354954894175
157.24167852086802,11.79269178205806,13.33382415371041,0.01183191321632284,0.011663467788519895,-0.13342349830142772
240.0930829429895,43.19645826135068,5.55816593782664,0.007059914713043979,0.006854296977259992,-0.31076489022478127
96.17269598029101,35.76040244104465,2.6893627983869406,0.015159198290127993,0.015143647963783912,-0.6700938817765106
271.1303816532595,24.88170073365599,10.89677850222343,0.006756480964806744,0.0066888881810141035,-0.1605250445194975
181.42567415164305,29.541202811914182,6.14144506257114,0.009480161193007958,0.009070763001832073,-0.28013994684396
301.3257315859135,17.538597985557022,17.18071945283507,0.00627226006335625,0.006206170082032197,-0.10624381247035732
56.46183519528005,6.806597018751684,8.295163506776113,0.03161134123308398,0.03076162663885995,-0.2072744654045315
109.14131990921715,28.164340623336226,3.875159776287663,0.014566041867777376,0.014379900507711027,-0.4535117153793148
481.84931622348284,24.424442149680473,19.72816055615774,0.003950431889708657,0.003919485534780653,-0.09471503595471148
320.3080390980389,20.319432621234558,15.763631055490453,0.005871517026813065,0.005819841386717035,-0.11449277768490264
477.64176427515446,30.255173737868507,15.78711027784713,0.0039378067680902575,0.0039028035692604784,-0.11449277768490264
519.9618857374966,47.33626073517073,10.98443091325898,0.003525483050553843,0.003487872582779864,-0.1597842630273994
387.89616640779644,20.07209822561264,19.325142894768646,0.004902342102019024,0.004832100361656419,-0.09656825685257014
273.0718585628009,24.453105157700506,11.167164938838376,0.006722125010924543,0.006641331753844012,-0.15772462057534828
587.4374000884158,48.230970640900594,12.179671946934858,0.0031462946594390966,0.003107049109424578,-0.14563953835432356
318.38812617141275,33.25897948417578,9.572997461419343,0.005687520152544202,0.0055961250960419266,-0.18063068011005493
27.98667818449104,2.208307823218051,12.67335916226911,0.06623616250358187,0.06553906507462355,-0.13962818154523823
244.0245976309654,15.518226219778413,15.725031596713626,0.0077058574393493815,0.007639156054505857,-0.11465514354736822
79.42809694180765,10.836261762492807,7.329842955319656,0.022157139636385784,0.02186704655525792,-0.2358049475882666
388.49344143125074,28.108767529276488,13.821077036786411,0.0048007426676642964,0.004720757307213109,-0.12956521288816658
140.09109423591767,20.132697144328077,6.958386808862572,0.0124825407186475,0.012387890045385479,-0.24551035500853874
13.9918543300092,1.560552787092076,8.965960296723786,0.12859745664713337,0.12723938652230607,-0.19282298516066276
406.39856449067815,48.62906772968414,8.357111979808828,0.004395337466080375,0.004273779598111466,-0.20594971400270712
52.322920652768964,3.0038655870823243,17.418529270342813,0.03614885548077292,0.035804639751608885,-0.10507824526938718
85.52084633805644,10.148707347986502,8.426772337170974,0.02090529246706182,0.020309175692162815,-0.20579264467921993
181.4654263294182,13.553810306742584,13.38851748863159,0.010255398567328598,0.01010651609806749,-0.13297970256312866
241.24204484522724,16.068589635825205,15.013268140681982,0.007772706340076566,0.007689862319242992,-0.11970662873325257
246.73628962076387,46.49063948900561,5.307225117415594,0.006820655954321645,0.006669749695946938,-0.32832583858702225
404.025370110503,33.487319028677824,12.065025861416505,0.004571295986717687,0.004517530298377552,-0.1467919710521373
241.10365945355883,47.46586867181279,5.079516423065828,0.00693073871310169,0.006825567460929197,-0.3394645446927401
333.1468435085157,19.5314723155221,17.056924236262333,0.005670890185938912,0.00561337673387609,-0.10656027883392642
223.7894900463706,14.837854423353761,15.082334929377751,0.008381269147692957,0.008289567620392043,-0.1189256494633792
793.2618338981074,44.17579193594897,17.956935215745936,0.002388237569345031,0.002362843043605963,-0.10246971722880538
753.1069690818994,42.04952835983088,17.909998006097215,0.002515228142428103,0.0024888273285656164,-0.10253805771853677
72.64342545494692,20.925034740155713,3.471603577103851,0.021374723874153054,0.021179758126688764,-0.4992515173048229
21.411368008238277,10.347815054884448,2.0691680219131414,0.06297391201860938,0.062463679263448965,-0.8957062176745823
103.66764072074386,13.924989227715265,7.444719635000613,0.017007868612825484,0.016754098786724896,-0.23331583217330729
104.24643527256305,9.739924601686761,10.703002285511495,0.017545959027083658,0.01723284770342629,-0.16212800125053764
288.63771406038603,23.32477380397201,12.374727252927679,0.006411027215777316,0.006323487063113143,-0.1440771296373109
420.32379433557173,37.243803187692734,11.285737716347624,0.004370938875098805,0.004314675566300316,-0.1554470615674649
254.99457208749178,39.95886465919576,6.381426856401179,0.006780731297996855,0.006518931760453538,-0.2719234110987598
79.0665972592751,25.200810485223514,3.1374624758848837,0.019181449345138483,0.019152818775520185,-0.5674736749142755
117.57380810470337,23.465849005260996,5.010422085233037,0.014180408836648407,0.013996903895565264,-0.3467380941253522
93.27516282086351,7.780284024804071,11.988657807799303,0.019791115297866237,0.019567876330516005,-0.14723000532158403
181.66732655630202,12.034408535933903,15.095658919493722,0.010325152735713236,0.010211622230800573,-0.1189256494633792
34.55188200631915,12.063240540542946,2.86422888528127,0.0429045316354023,0.04286604023880876,-0.6274572021233737
510.37924449743264,36.97663797084726,13.802748776127798,0.0036539298545236755,0.0035933735006149345,-0.12956521288816658
255.5767391705371,13.974797074394894,18.28840431885867,0.007419731409665091,0.007333817670838831,-0.1006659802439623
168.32281420581825,29.85218672754654,5.638542185939629,0.010092090276676666,0.009776864178761344,-0.3067169181709371
372.4910875565311,19.24903662956858,19.35115479931837,0.005105425450495548,0.005031941081542765,-0.09636579975439602
178.12277373341539,37.216458386297134,4.786129079896519,0.00928767127249785,0.009141638239487892,-0.36413272368373106
19.301653424367423,17.19114086678488,1.1227674517902577,0.054805340036263014,0.04340536340391573,-1.00897466511782
728.7144305085227,38.60977532223234,18.873832453744253,0.002606460196097515,0.0025721368035435525,-0.09814922923627628
281.97441355507834,39.07428426568524,7.216367973314517,0.006229584525885753,0.006154576402349001,-0.2372210342329613
420.30327524636226,27.469773268743197,15.300573147598902,0.004466548414721148,0.004413760776394276,-0.11682533421115988
765.0929091448081,44.89294936376564,17.04260735790142,0.0024691789109535793,0.00244425051907129,-0.10656027883392642
287.1231648956402,48.88679146518277,5.873225799654486,0.005952204576498645,0.005731579662948171,-0.29491478773566954
355.1477721766347,25.81392696000547,13.757990898745435,0.005249871586914191,0.005164000441846509,-0.13055290822122617
452.29424687370425,26.12657518558746,17.311654652815314,0.0041804200565336925,0.00414200122525,-0.10531834055107443
53.96319531688788,7.770267412159223,6.944831169187836,0.03239734030112896,0.03215956841586763,-0.24551035500853874
735.6426506130247,47.06476288804575,15.63043358707486,0.0025552332397797903,0.0025340319527253088,-0.11508397781127808
170.31907596946533,13.537827886209195,12.580975131392172,0.010878025018685055,0.010769320537440816,-0.14093022118470583
41.45028457803472,9.273430778027318,4.469789614028066,0.03942928837055266,0.03928975268997333,-0.3881226250545297
438.36718133374274,27.460126719149198,15.963771246111888,0.0042934365706462875,0.004252467022666359,-0.11346214160985876
282.8621113547012,28.20568292317813,10.02855035012317,0.006429466620428678,0.006298129870778952,-0.17124146754364714
465.6635105315472,23.621647677173126,19.71342206502991,0.004087595886460214,0.004055721314143945,-0.09471503595471148
478.08581470281575,31.42144643257271,15.215270746009105,0.003925361133309838,0.0038803036053801474,-0.11859574204555984
148.15869430150605,14.636653985663239,10.12244290577813,0.012285363316843803,0.012024284644472171,-0.17124146754364714
133.00493687634994,27.837874858601158,4.777840893097304,0.012434500357378423,0.012242658039068465,-0.36413272368373106
162.40018254981717,13.719822276007646,11.836901330260838,0.011355893397674585,0.011238884231103079,-0.14900840765504592
625.5549599969539,36.64319659760339,17.07151717320065,0.0030202439860075535,0.0029894715251303685,-0.10656027883392642
891.6039338401438,46.190632094859694,19.302700426551763,0.002132663242728382,0.002102226263080066,-0.09656825685257014
644.3423278506759,36.98670748769288,17.42091609708913,0.002935439261012469,0.0029074658667443062,-0.10507824526938718
726.1191328288792,45.20562106778965,16.06258504312997,0.002592941546211457,0.002567267405802207,-0.1130921114958023
575.9463489726879,31.460307304474075,18.307079565328362,0.00329268699862155,0.0032543885542942056,-0.1006659802439623
385.3892731591919,41.3715982046971,9.315310258317188,0.0046864652647469335,0.00461952390803688,-0.18796039977881177
431.11101384999023,39.28227329690419,10.974696158533316,0.00425176135512206,0.004206714157354789,-0.1601612996055388
297.42470291447125,33.63420296070876,8.84292406934455,0.006041220956472517,0.00595941905126772,-0.19542365953173144
232.27586692003263,25.53133577145016,9.097677810487687,0.007757735156815595,0.007664657481927579,-0.18796039977881177
327.2917304566743,45.29532642928668,7.225728485865524,0.005367872992464542,0.0053024042780146375,-0.2372210342329613
390.0403965637345,23.10452736333394,16.881557039886246,0.004840916308469654,0.004794577066351077,-0.10786610765472404
129.72285941242896,8.067973039179952,16.078742303979524,0.014514753735175995,0.01437018880777414,-0.1130921114958023
252.48127588979034,23.251332962094,10.858787162929692,0.0072534039710709115,0.007182951682111909,-0.1605250445194975
87.1930004889012,24.42383587271204,3.569996168632918,0.01791844371507228,0.017645569850824962,-0.4901323988167069
70.10046659510168,11.020372766750837,6.360988696008471,0.02465457724221367,0.02371299786527474,-0.2719234110987598
244.3284693296134,30.175089492736156,8.097025508024721,0.0072858800395165,0.00710870042442301,-0.2128335309748802
16.082001973495696,1.225599153286331,13.12174696789998,0.11555616433205013,0.11403948684146925,-0.13470321933701077
197.08836447469372,18.379128940817193,10.723487772970081,0.009282142602100859,0.009115012687153494,-0.16212800125053764
215.04715626691183,11.494625190127405,18.708496598185146,0.008828393540196799,0.008716010192935756,-0.0993449122371446
58.39343293423875,28.66889382668558,2.0368219746199268,0.0229720485818402,0.022907889242950993,-0.9105188740307262
401.40818063858666,24.177526066819258,16.60253325874689,0.0046994059445337934,0.004658795785725931,-0.10991373381799678
871.824169686006,43.75345489054135,19.92583607093568,0.002184413365196638,0.0021662641281923667,-0.09413255887406215
18.47711750936974,1.3661414326944286,13.525039990133003,0.10078989574441106,0.09925699998990278,-0.13159897144042307
36.202258733285134,16.269174723225696,2.2252056019536863,0.03811597793793135,0.03784857009662328,-0.8168780506651379
221.4462199685822,16.615841379088792,13.327415381280334,0.008401170638773714,0.00828184492244276,-0.13342349830142772
509.91053075703144,47.311060768386675,10.777829168813616,0.0035892363655990315,0.0035230944142496377,-0.16212800125053764
695.1266355792555,47.650517075006356,14.588018729892509,0.002692597628848896,0.0026383440923863745,-0.12277063113777566
344.204949531884,25.509375382798623,13.493272350525165,0.005409582115763385,0.005328172226852484,-0.13245412726977307
387.24462573589506,41.52310896122054,9.326002686782255,0.004664530089729848,0.004597391010596068,-0.18796039977881177
115.58057774300225,27.727188811720882,4.1684924688125555,0.013955977739952321,0.013812986304932837,-0.41691706595562816
299.160882156939,27.79846949334405,10.761775292289702,0.00611696833231798,0.006005006168335691,-0.16212800125053764
256.9976975994992,40.91423232657925,6.281376503612043,0.006713393453213722,0.006468121038636296,-0.2736525396099106
448.6496007846963,48.21096352720055,9.30596627739184,0.004025274178822793,0.003968163480243913,-0.18796039977881177
55.20478150786993,5.552196570115838,9.942872304810738,0.03291802955428201,0.032270797278324104,-0.17405732920395384
209.88736542418803,13.32774291212035,15.748155318430916,0.008959966979415604,0.008881630290958504,-0.11449277768490264
57.084997991929725,19.906639406159712,2.867636110104346,0.025976847195220587,0.026003801367020372,-0.6200479169228504
260.4851696580999,39.27025363030915,6.633142024248476,0.0066721061392630895,0.006610346631401725,-0.25994433674891654
175.73313640199228,15.578497060827418,11.28049360062328,0.010454147318692401,0.010319970624127381,-0.1554470615674649
875.5699693383464,45.28458427991525,19.334835093687317,0.0021718956507751556,0.002140723496262291,-0.09636579975439602
697.5103338224524,39.302858047695004,17.7470639151994,0.0027143922259639333,0.0026872049274346073,-0.10335061644426226
638.799614212844,32.92451288259048,19.40194579311825,0.0029774127790348857,0.002934180241003917,-0.09602694898365999
29.072114732677193,25.37417464869356,1.1457363691699043,0.036733449105979234,0.028817830724897926,-1.00897466511782
380.09027337420713,22.02277340907915,17.258964904824857,0.004973725712207181,0.004928837847107977,-0.10531834055107443
27.302629407571427,8.654600719604614,3.1546954379680208,0.055621636953854914,0.05546528819249861,-0.5642487625058341
574.8258128461463,45.97733142872309,12.502374430696937,0.003221633167364358,0.003190915720492948,-0.14093022118470583
280.6990247194387,47.09440140508265,5.9603480741798816,0.00610140362985878,0.005862753867143028,-0.29045381082250366
147.55197692485785,32.57492443026378,4.52961839530085,0.011103283212855497,0.011035663456507146,-0.3801588369764024
56.95455479334719,9.249688726950719,6.157456372277622,0.030209543885005036,0.02889442817432741,-0.28013994684396
784.1218591288067,45.36037934243523,17.28649254031371,0.002411142646870961,0.0023891737016563234,-0.10531834055107443
233.790377897947,24.62569899054416,9.493756014305156,0.007739456554256947,0.007621099718344107,-0.18063068011005493
149.40948351449913,33.68048605876365,4.436084540283018,0.01092359130683949,0.010900053943643802,-0.3899687936469957
593.4334498036386,31.86398667495627,18.623954869716663,0.003198477849618473,0.0031584893076122642,-0.09942312934518888
405.96455581545155,23.110968651695245,17.565882327726367,0.00466118407122785,0.00461703658394335,-0.10415929565028174
274.99218368544854,26.294436784105784,10.458188777470726,0.0066381971986774774,0.0064783743630779985,-0.16696830820621486
72.00151215100271,11.30349184446114,6.369846870485814,0.02400816162386721,0.023086906997706158,-0.2719234110987598
486.8640663090061,32.36154177659206,15.044526298223758,0.0038518901395754833,0.003810340994225321,-0.1189256494633792
650.7681759257223,46.40621731435056,14.023297169805737,0.0028687226888886863,0.002818182142714786,-0.12820841775481742
86.97913968013313,6.895037646485416,12.614744710562778,0.02130511347163507,0.02108805317575312,-0.13962818154523823
741.9316323263198,37.13635191935037,19.97858147018816,0.0025671700550453157,0.0025467997640389877,-0.0940391885972242
511.6642468541482,38.66328335232767,13.233853995055084,0.003634199436196887,0.0035843490408344453,-0.13430770462602354
114.54107862042206,24.124697017005314,4.747876358392519,0.014423169601917106,0.014216157026783196,-0.3644247719978251
619.6993333708385,38.04245155444831,16.28967924119961,0.0030407069245679454,0.003010821819827811,-0.11183877057244754
46.58361383103289,4.176199690989214,11.1545465442048,0.03940124798000492,0.03893130343928319,-0.15772462057534828
723.121679411336,37.839762762506965,19.110100767540533,0.0026282540601355415,0.0025920301649787164,-0.09746965201511303
220.09796435679837,24.060734675639495,9.147599494525764,0.008191393581001545,0.0080887388779925,-0.18796039977881177
758.3290614669997,42.03326009186831,18.041166918996726,0.0024988682576968318,0.0024716884809323878,-0.10198567389152059
8.425497352278562,1.6082515152864445,5.238917714172278,0.1993272929587843,0.1953201364702959,-0.3311463425781078
99.71375231382008,28.15841159959984,3.5411710621929084,0.015640620591625916,0.015429869450582088,-0.49859812720999536
204.30911490422085,23.643956649262453,8.64107128662808,0.00877373569204463,0.008640604861143432,-0.20078050677274345
118.49011715308703,18.755443985415624,6.317638614432473,0.014572420291113688,0.014028952411083862,-0.2736349687365166
557.0808861654021,29.40430656548864,18.945554282148553,0.0034101457714341677,0.003364597947142168,-0.09814922923627628
159.24215958094157,23.200508861839786,6.863735641715307,0.010962347882053976,0.010898075461292497,-0.2517689206604019
345.3324466642401,23.84082330811774,14.484921187543689,0.00541751032015333,0.005310775949831585,-0.1235659613914814
114.42854451947255,6.8031998147780275,16.81981238753401,0.01649732923487233,0.01634276437027236,-0.10858988043330513
123.32066318732946,6.638880925637716,18.575519664932617,0.015389404553939513,0.015199019836092089,-0.10006095341357696
641.8283751485502,47.40132889865133,13.540303406278797,0.002901790198907375,0.002857435606545866,-0.13159897144042307
165.92699354579057,28.692855638446595,5.782867890063162,0.010276444095415454,0.00991803236778959,-0.29973366683317254
94.38796528002383,13.980085231722867,6.751601561472864,0.018455624056679023,0.018386168899644333,-0.2556930725164505
2.45575797994278,1.1520032449027442,2.1317283530309004,0.5543604122763516,0.5526370558843189,-0.8675043306789361
79.05811310560824,40.14638740427481,1.969246007355324,0.0167778900246655,0.016730852943122897,-0.9559836153523664
204.58379638255275,44.00689149215309,4.648903602269483,0.008045353657849147,0.007959251849253036,-0.3730514471226063
89.2616536534777,13.383696046360546,6.669432221434137,0.019484565115210007,0.01929044772645707,-0.2590098444417892
581.6556378706356,48.35292476039378,12.029378589877437,0.0031745600276409567,0.0031379337394015576,-0.1467919710521373
466.31408377669,29.462412442279824,15.827423660240031,0.004034075869374532,0.003997610295925892,-0.11406352644278
105.20678270757253,6.298808763564126,16.702647541253846,0.017936320265317836,0.01777526783147563,-0.10914581731440122
23.595884604257183,6.569229788144005,3.5918799258388696,0.06630175420464557,0.06593969837186481,-0.48988020124277654
278.6630187166305,23.99223189261175,11.614718462372107,0.006608178764366447,0.006507226338789216,-0.15090519890616375
169.6074069534447,10.379884120978858,16.340009674159074,0.011111895668083661,0.011000724014121692,-0.1114114205379759
26.905278587870097,11.695817100725884,2.30041888960458,0.051812000781906946,0.051659519485190986,-0.7845571358497296
436.14166090250507,45.00155332457286,9.691702367623657,0.0041567665112202746,0.004084687321885726,-0.17952538509796961
74.1777870443108,12.248707981127138,6.055968283234792,0.02314105181994641,0.0221854730135601,-0.28410247130353905
205.29470706553428,18.61516838062964,11.028356169969298,0.008932165211627178,0.008833938445258625,-0.15752546669499704
10.723893399920726,3.0363569947041595,3.5318289050413796,0.14534619230339385,0.1434712303873978,-0.49859812720999536
147.5589147135985,10.114607445852684,14.588694173603587,0.012684437898060345,0.012428820420647425,-0.12277063113777566
73.43881717051762,7.051769642570376,10.414239388532991,0.02484762602916934,0.024258319802430567,-0.16696830820621486
488.4808222688025,45.24589312624773,10.796136146673353,0.0037472360710286974,0.003677652961549846,-0.16212800125053764
118.63055670205301,18.19568310403713,6.519708879505167,0.014617079317785798,0.014014346145360358,-0.2615867060009614
52.503496223498736,5.469052257344114,9.600108712253471,0.03449908710949467,0.03393564069647921,-0.18063068011005493
52.81781924916744,18.099265418320606,2.9182299959921965,0.028201948929196474,0.02810466183422172,-0.6099512912906137
511.8208094473936,33.4151920523021,15.317009360481357,0.003668136356548195,0.0036245460837658955,-0.11647880534144663
10.685860647681213,1.1764138387681178,9.083419707873308,0.1686017299873364,0.1666047331102117,-0.19249598843847712
79.97976359138501,10.936581332206103,7.313049769571061,0.021998244668556148,0.02171621689825965,-0.2360195071401
89.04776050266378,9.701656619448014,9.17861392085945,0.020253284103204733,0.01999281005170912,-0.18796039977881177
452.46559076022527,34.19352542573796,13.232493143852546,0.004109652801070217,0.004053309886746341,-0.13430770462602354
561.9539389432948,32.95233240619608,17.053540611821145,0.00336187412424344,0.0033278149875263442,-0.10656027883392642
169.20847274161432,31.077791738256725,5.4446749037615465,0.009985707233563196,0.009725690835766508,-0.31823888135364153
508.867019453388,48.05193255105651,10.589938685872887,0.0035911868195572533,0.0035279857457274424,-0.16682248512960882
712.9517732120332,35.87107921567031,19.875392343940955,0.0026708586597163093,0.00264898902821049,-0.09419635696719965
276.18866252122285,19.72958418569573,13.998706709767562,0.00675862344501124,0.006640327795135393,-0.12898848216919093
79.10335623289788,4.564560931624742,17.329893809685935,0.02390402519602881,0.023682981531260104,-0.10531834055107443
81.55244308299046,46.88781847912403,1.7393098192294922,0.015571441350832096,0.015977444438580467,-1.000392622563557
17.31318411857957,10.998216132403186,1.5741811135690529,0.07064292059982356,0.0752605424435282,-1.0071209801278498
217.43408278747248,29.914021261727147,7.268634359956943,0.00808577048806561,0.007981421539274296,-0.2372210342329613
148.24908628637257,34.77412988791707,4.263200452871274,0.010927575428985122,0.010769124973872238,-0.40512960780328844
158.319836035858,15.491784964070963,10.219599381416561,0.011506710474789354,0.011252552790865395,-0.16969828060194272
517.2512998656097,27.412928409840212,18.868881577786336,0.003671987063171976,0.003623680030328081,-0.09824036033183338
26.970938675908542,9.442772248309584,2.8562521647958623,0.05492436637843014,0.054914750361744924,-0.6274572021233737
482.275419564338,33.32115375513271,14.473551039331866,0.0038790017302166445,0.003802771565877581,-0.1235659613914814
85.34838346250977,21.656216988095967,3.941056903402115,0.018690785177252426,0.018388647305361067,-0.44527201881562434
783.4392509630724,44.77656305857513,17.49663657610801,0.0024148295240686204,0.002392467831653995,-0.1043886025963777
230.75606272656458,32.47342873747347,7.105996246718421,0.007597932848923337,0.00752063911659254,-0.24201219289130485
71.19069023835623,23.07798072233342,3.0847885304567546,0.02121595626222424,0.021225017190244583,-0.5753102566362456
191.76537388763273,38.500500823021824,4.980854009383805,0.008685611806409189,0.008581681141463347,-0.34858878513836555
520.0433547708151,45.442348221659195,11.44402468451106,0.003536782609031968,0.0034868695434797127,-0.1537846802655089
366.795457798579,41.840217825549125,8.766576200150675,0.004894335270520147,0.00483233476091592,-0.19849310542358004
358.76539345466915,48.360717999346406,7.418529093375286,0.004912482751001093,0.004841208001968292,-0.23331583217330729
509.7316915650879,28.718315522539076,17.749358981902464,0.0037143652589357685,0.003677136887897257,-0.10335061644426226
316.3689825837922,29.483647333426934,10.730320404596297,0.005782809864648727,0.005678378860043151,-0.16212800125053764
639.1954828641568,35.19608696490531,18.16098146085134,0.0029656361222115206,0.0029323630348348276,-0.10137671602648096
63.83345285340336,10.079763023518295,6.332832697005468,0.02705876041613921,0.026041082542439694,-0.27287827585148805
248.6615074732572,33.97167643493333,7.319671372401178,0.007076309909347631,0.0069848281355281375,-0.2360195071401
478.06415247518726,42.00017695103761,11.3824318652871,0.0038456780956435802,0.0037930543958396594,-0.15431342543842827
413.44541702617823,32.23452380193747,12.82616797960353,0.004487525277183913,0.004436427753750546,-0.13650847462556942
103.2083455268442,6.3069618739615505,16.364193662394317,0.01826228723150427,0.01807803685953263,-0.11106247497193811
413.71368591261194,30.551436327137623,13.541546180764227,0.004501816370182423,0.004432976995661522,-0.13159897144042307
123.91548501879433,43.44356486024879,2.8523323400694953,0.011950354650348922,0.011952520414900601,-0.6274572021233737
22.70545883187587,9.8625485862151,2.302189807572794,0.061409958992119186,0.06121496040913681,-0.7845571358497296
355.47842120528446,32.71611360629453,10.865545507119494,0.005152056045742003,0.005101746539790727,-0.1605250445194975
12.545348859500844,2.338508201358982,5.364680291568078,0.13437377098033362,0.13117764289439166,-0.3230354954894175
90.24717908066889,17.173909718608968,5.254900052425489,0.018618318082188764,0.018235132770257092,-0.32832583858702225
96.73930022533888,7.557047545631345,12.80120306789163,0.019176126899399237,0.01896045059746534,-0.13649634443750008
515.2705751264492,32.07176873994872,16.066172692391177,0.003654020235072813,0.003617792422909998,-0.1130921114958023
497.6942752145503,44.16756497204082,11.26832044124695,0.0036909777579305016,0.003643925388879599,-0.1554470615674649
122.1843455941242,10.557988240549628,11.572691957058243,0.015066783461039143,0.014840881016484099,-0.1513427187950206
122.50197526966832,46.93276866079241,2.6101587177831753,0.011803954452345607,0.011795784299432592,-0.6897160087604138
587.3138788984872,45.91730216217099,12.790687850610402,0.00315840416552137,0.0031230672195181287,-0.13649634443750008
17.947705889458604,4.517013264886302,3.9733569146183076,0.08902848890559932,0.08744523290280783,-0.4425362726858197
44.857238039987806,7.860412273349922,5.706728410680514,0.037937957934631124,0.036686817213537316,-0.30407979389350853
15.71161199858502,5.189097306507878,3.0278121743603434,0.09569053235493102,0.09446449407212974,-0.5861591085199922
75.80831870879612,5.581624464934905,13.581766237596606,0.024573060528263264,0.024192374711354016,-0.13163321059959784
24.57775412382277,20.30190952552832,1.210612927464673,0.04456361383690802,0.043846166491136034,-1.0020547840458902
73.1655193166101,17.855911598481445,4.097551609901141,0.021972847272261415,0.021690738201616298,-0.42605827893674014
22.601467174723023,13.988853884135521,1.6156768354235864,0.05465926349164402,0.057651108138954,-1.003900024869933
693.5368903531275,37.16251446234034,18.662270311551236,0.0027371036390882015,0.002702600585572152,-0.0993449122371446
106.22048012391843,21.950966401905482,4.838988779769524,0.015604099463736965,0.015352111578974563,-0.3622301153929501
95.27125809887367,19.19125946308054,4.964304624308431,0.017472968816341784,0.01727351276257179,-0.34858878513836555
207.48084014620892,35.45425129092631,5.852072250621996,0.008232651726716656,0.007931668733929767,-0.29491478773566954
433.96596897128234,39.8465610708911,10.890926526864202,0.004221078745684464,0.004179039222023289,-0.1605250445194975
761.6536122601963,47.16301107941517,16.14938475784954,0.0024727483860828444,0.002447493128679755,-0.11260787068991106
255.49101944879905,15.466147453286439,16.519370465106302,0.007381240447951431,0.007319547843010303,-0.11013814527328804
411.19893535482277,40.241031355719095,10.218399516651125,0.004430267914852955,0.0043324584760838225,-0.16969828060194272
27.02641490797962,3.3000385192963484,8.18972710468311,0.06594902383808508,0.06426519756822187,-0.21101667776337904
283.7470218065679,20.48682619583671,13.85021862801913,0.006573890489608481,0.0064634449403708025,-0.1296077570992934
89.83167173203528,7.324730942810981,12.264159930707429,0.020585364885250108,0.02031796598678359,-0.1440771296373109
57.07071546821708,20.187116219766537,2.827086090302258,0.025887343150883077,0.02595205530994755,-0.6349492184263246
403.52668237280204,29.962727490095197,13.467621814676123,0.0046137228603405885,0.004544887197190598,-0.13245412726977307
34.7546359673448,10.43759467872967,3.3297552776378443,0.044255394597870465,0.04383903063231547,-0.5321544291010726
13.929983368510614,1.4205053252259625,9.806357724350484,0.1302890116336202,0.1278897659606555,-0.17952538509796961
140.11938691931027,21.369550219239876,6.5569647223157315,0.012384749292665734,0.011865093914497079,-0.2615867060009614
402.4622719823936,34.772461676045026,11.574166814299847,0.004574202015621135,0.004505573469303223,-0.1513427187950206
25.412649754256424,1.5124459606006113,16.80235222696138,0.07428014448603862,0.07358849857841906,-0.10858988043330513
37.92371135411293,8.633380552938844,4.392683853279642,0.04295800957656184,0.04256764840415031,-0.3955206330648886
400.7314746809623,47.81234605088634,8.38133887541236,0.004458873152542331,0.004334218805759708,-0.20594971400270712
168.58056527418475,48.698606354995,3.4617123135987544,0.00920474790567274,0.009126616571296592,-0.5114986826329992
191.27887573437542,27.789136327860625,6.883224922057202,0.00912958483154451,0.009072790003963844,-0.2517689206604019
270.7633767830324,13.543705205252545,19.991824443877032,0.007034647135812154,0.006978607404707704,-0.0940391885972242
227.39056949760214,41.81229072826077,5.438366698811594,0.007429341569112554,0.007237192361640658,-0.31823888135364153
739.7289396013869,39.70883681645549,18.62882418391164,0.002565952101002398,0.0025338378771476385,-0.09942312934518888
20.548074473053582,13.688401595115801,1.5011303058485224,0.05841722717074426,0.06341224964400967,-1.0067736043346858
73.29594668207551,30.190676749116825,2.427767594981774,0.019326169254423386,0.01918658914792024,-0.7320924499778871
637.5823808161222,46.14113069209424,13.818091825074516,0.0029251590245715363,0.002876464763805735,-0.12956521288816658
74.73246776998823,8.101981529193097,9.223974098276065,0.024144543929741153,0.023822510006484734,-0.18796039977881177
592.9246522957837,43.66700767128409,13.578321115089771,0.0031417313888521003,0.003093113510021594,-0.13163321059959784
327.6295634687696,31.869434017510592,10.280369688672671,0.005563297850576975,0.0054375505493858235,-0.16696830820621486
527.6088007553864,36.17071411884317,14.58662936600768,0.003547486113336645,0.003476028545799843,-0.12277063113777566
43.66823904044624,13.478922152682994,3.2397426549239343,0.03499736396775661,0.034890565414744786,-0.5438102070094567
22.549609729113463,5.26732750185921,4.281034304617307,0.0718986415863608,0.0708000252181341,-0.40512960780328844
144.2279191845736,9.398788728497733,15.345373042301214,0.013018569669094824,0.012862406397879042,-0.11647880534144663
266.75061091962056,31.614209825374047,8.437680789526564,0.006703203128995401,0.006511167444506476,-0.20579264467921993
244.8024871657849,47.408479940735745,5.163685641720782,0.006844370078933189,0.006722436980645082,-0.3346807320267716
177.1301394445414,34.14256020298456,5.1879571535194255,0.009466438415075273,0.009290735601732061,-0.3346807320267716
10.934370934493925,3.2550590079731916,3.3591928464923178,0.1409499894012134,0.13942817937864344,-0.5246138084080867
609.6908812760122,44.72071226648686,13.633299882231679,0.003056180574634204,0.0030080542595661446,-0.13163321059959784
419.32497647351806,21.062408915820996,19.908690318824014,0.004541456150547622,0.004503908736285738,-0.09413255887406215
136.19019621344452,11.374082065660946,11.973730752709363,0.013553415659426514,0.013401822609366508,-0.14723000532158403
243.28575910199083,20.59826862872807,11.810980985202034,0.00757908698453286,0.007502275749819941,-0.14900840765504592
275.2203263993531,43.31038158150929,6.354604054489657,0.006278829481395438,0.006039859905959026,-0.27287827585148805
294.74250070872,18.651649956411845,15.80248939892832,0.006381740041271675,0.006324646014601022,-0.11406352644278
234.7098765020587,35.63025084334671,6.587376483370631,0.007398087807529441,0.007083339268958234,-0.2612239303332942
197.45712269807723,32.77584060216388,6.024471655657276,0.008686853399840272,0.0083343121290868,-0.28410247130353905
124.39764769775724,49.93089330825445,2.491396397211907,0.011472590709808272,0.011316323605305552,-0.7319851383219487
673.7691067352157,48.65759475366031,13.847151922455657,0.002768446952304124,0.002721975872903418,-0.1296077570992934
402.58741218700953,27.366982016081568,14.710698167245422,0.004651656145315007,0.00460798836306065,-0.12143784495473162
130.10238458070128,24.315263296111002,5.350646752055114,0.012951887478531687,0.012649032513745913,-0.3230354954894175
292.5238328764727,27.844856877110647,10.505488829319015,0.006242807315341371,0.006137194270459574,-0.16682248512960882
400.939037937091,23.099058526895117,17.35737573331235,0.004716557348685914,0.004672539083156961,-0.10525203537375846
607.5209068114324,41.24079690036358,14.731066140142325,0.0030827960228806514,0.003053587275224832,-0.12140666851256769
233.80496921067115,14.70717445722996,15.897341116786304,0.00804789645480141,0.007969001289712811,-0.11351724158657407
533.8088226144472,42.67816239117507,12.507774297349489,0.003469289076804561,0.003436100425939763,-0.14093022118470583
779.2027526606169,47.60379869595676,16.36849944764594,0.0024189455159958784,0.002394504213793921,-0.11106247497193811
406.8138807422296,33.954190427688665,11.981256970582477,0.004537533752595682,0.004486564832687961,-0.14723000532158403
657.3719246408245,42.03654512066522,15.63810543311419,0.0028595593082852344,0.0028357493111064586,-0.11508397781127808
291.31476780623575,16.606985977187776,17.541700113819626,0.006495156563075106,0.006434116677637687,-0.1043886025963777
401.65511625613806,32.19626564063917,12.475208172874433,0.004609873526865575,0.004566655940680738,-0.14093022118470583
371.5958493705816,33.720921986604054,11.019741676049115,0.004934412147079645,0.004880465722171508,-0.15752546669499704
282.80530112555795,21.503763629655033,13.15143274433838,0.006572265606378848,0.006484967732718368,-0.13470321933701077
65.2757852290589,34.14584786022787,1.911675630262803,0.020116346290589258,0.02017609397037722,-0.973929902677653
390.52495451309494,20.257283203056744,19.27824923996552,0.004868759689122657,0.004799573457018101,-0.09656825685257014
92.71289835234745,7.2484503104537445,12.790719999644136,0.020007733256446787,0.01978387856870903,-0.13649634443750008
796.2145965707336,40.15295498913306,19.829539240293027,0.0023912931536737665,0.002371975385801799,-0.094202377341679
145.64002509659872,7.774009160693828,18.73422349859958,0.013036616954129344,0.012869767117528639,-0.09925419767386341
248.9789221428661,34.35977513286016,7.246232583890043,0.007058689897390663,0.006970200757542351,-0.2372210342329613
82.18855473298136,14.249842875767266,5.767681471965425,0.020738627451215193,0.020023095649068234,-0.29973366683317254
138.07889183837545,16.332807607979046,8.454081818175581,0.012952386426488605,0.012578735753869459,-0.20579264467921993
549.5105476702912,48.75458868097001,11.27095033589684,0.003342999413600685,0.003300320281463415,-0.1554470615674649
105.91103935507141,30.920440354390674,3.425275906202679,0.01461651956294453,0.014527004833479138,-0.5134022312408418
73.04908733701826,6.7103056238508945,10.88610436421479,0.02507541652155279,0.024826604567793044,-0.1605250445194975
429.6943118078833,39.61265534900169,10.847399852954123,0.0042616030444129725,0.004220583692914174,-0.1605250445194975
36.3479148975076,2.939484620513609,12.365404004446404,0.050906907164537475,0.05021462320284448,-0.1440771296373109
114.09143059115014,6.763443155615593,16.868838543637587,0.016548774062606002,0.016391053478998264,-0.10808351469844871
325.9016264662476,24.83199777680518,13.124261261438354,0.005702333228860978,0.005627413622714411,-0.13470321933701077
327.30064572070216,26.656276370291046,12.278558384301766,0.00565040510631927,0.005576514665189235,-0.1440771296373109
540.5652501667158,37.96980776610104,14.236712850817367,0.0034570074407353417,0.003392713926533986,-0.12596979872875796
282.38438208668083,48.73581251891638,5.794186399930766,0.006040102755986337,0.005827763138019475,-0.29972069979973437
742.2172530796527,46.243406165689365,16.05022887847622,0.0025365881944119525,0.0025115853541616477,-0.1130921114958023
530.3072713972249,39.43149530900459,13.448824784388123,0.00351038075144928,0.003458340760836383,-0.13245412726977307
30.293068988317135,2.6011348466554733,11.646097097683274,0.060800985183706774,0.059859347223574444,-0.15090519890616375
153.401451020965,45.76646977470714,3.351830538298201,0.010041777772294038,0.009938363828376607,-0.5244389153491451
65.53960406131833,44.22556359558406,1.481939374716357,0.01822071648677734,0.019881103141390664,-1.0066254819852019
638.603339279332,46.1433594755606,13.839550187444898,0.0029207880865095,0.0028718660546163243,-0.1296077570992934
25.37100910110143,3.020548914879987,8.399469704369768,0.07044347474253486,0.06845836863251313,-0.20579264467921993
112.25875940421102,18.799571827159774,5.971346604928023,0.015260380482559278,0.014659606977764566,-0.29045381082250366
19.956259315860134,12.516976945563934,1.5943353896591388,0.061589180206712564,0.06529277895048317,-1.0071209801278498
257.19485872348514,47.95473814208556,5.363283560457363,0.006554162353624447,0.006398531062576388,-0.3230354954894175
231.20521057521412,11.91712487367484,19.401089862366963,0.008226311236716691,0.008106881334209809,-0.09602694898365999
355.14740921709773,38.39139039800782,9.250704533887545,0.005082091021154886,0.005012890183218415,-0.18796039977881177
468.74637116399145,39.528010191852374,11.858587591151016,0.003934882562180123,0.003893783425469665,-0.14900840765504592
830.0809982793484,43.40753448150033,19.122970428857624,0.0022896694403973105,0.0022580365167610703,-0.09746965201511303
55.143307223227396,4.010405019074131,13.750059398229595,0.0338102195819551,0.033258492186853034,-0.13055290822122617
62.79292392402874,21.482837295184723,2.92293438996084,0.023731615960106374,0.0236400354698383,-0.6099512912906137
560.1801983790966,42.23781005185341,13.262529418343169,0.0033199538725762422,0.003273916603528021,-0.13430770462602354
187.1947970354865,17.21442405409317,10.874299160242666,0.009784294413623964,0.009688094082072881,-0.1605250445194975
138.48966474444654,20.1446099975088,6.87477517616737,0.012607615871496421,0.012531137792373597,-0.2517689206604019
774.6748532629167,44.21312579924543,17.52137717609954,0.0024423364991760115,0.0024195353677604345,-0.1043886025963777
54.31993671577136,4.169465662437162,13.028033113485323,0.03419422867526413,0.03376698931652757,-0.13612029659673344
444.3326963903305,26.26484366755287,16.917393532376185,0.004249915968013773,0.004208735381184199,-0.10746765349852291
12.976136196167397,1.197878744730013,10.832595747486994,0.14110328007551629,0.1397612338478676,-0.1605250445194975
321.67128230626577,28.598853701533628,11.247698444956065,0.005709878731869583,0.005637931966919027,-0.1554470615674649
29.34862297253837,21.79035035303499,1.3468632902660351,0.039109115219562854,0.04439730032336435,-1.006370536956614
604.8498358401823,48.7307070665453,12.412088234513327,0.0030600666156694626,0.003017603283717627,-0.1440771296373109
224.33798403151505,12.581147169380023,17.831282077162925,0.008441699029801457,0.008355041675514666,-0.1030498638867562
264.23747051847505,39.89869069015315,6.622710318253322,0.006576001985597696,0.006516476487611302,-0.25994433674891654
563.4895870885681,28.217505076361004,19.96950423376116,0.003380050748897448,0.0033533029703435076,-0.0940391885972242
653.1660809682173,35.54288329902466,18.37684566761473,0.00290398427168422,0.0028696425925942358,-0.10052557411808749
51.854250400579815,26.9737106223722,1.9223995959077098,0.025371707881898256,0.02539831096964285,-0.973929902677653
243.02313468537764,35.50241227793223,6.84525695839652,0.007180669858853054,0.00714102002666951,-0.2517689206604019
76.63140753650062,5.8707281150425805,13.053135153738047,0.024241796702660145,0.02393252729394789,-0.13487604758876864
85.84956570113502,11.912253279945016,7.206828438215618,0.02045788448747115,0.020214814804931962,-0.2372210342329613
492.46077875361374,38.555098635030994,12.772909321678302,0.003766365724948412,0.0037246026524146735,-0.13751371645582958
706.3137211931166,43.20845524167733,16.346655237788546,0.002668366677972461,0.0026416084222375324,-0.11106247497193811
674.3795958109412,36.42186383817947,18.515790372705148,0.002813725229246544,0.0027793741353196533,-0.10024824039633771
193.11853733911025,37.430919939913124,5.15933184781775,0.008674928250121587,0.008521550107783908,-0.3346807320267716
692.2763864880214,37.47699721275009,18.47203452715527,0.0027406519033285922,0.002707521508126269,-0.10045286830664628
84.08484183424424,20.739224291089506,4.054387023065797,0.01907958805574937,0.018873962182272493,-0.4303661218707792
50.28009049530831,10.825260903037778,4.644700108909037,0.03273035755840745,0.03238526310601969,-0.3730514471226063
245.29396090388627,12.717754864692305,19.287520754538537,0.007751585985319685,0.007641252964718039,-0.09656825685257014
121.88582219018686,17.958292361872683,6.7871610359213825,0.01430163869538795,0.01423818653021323,-0.2556930725164505
288.9440114207366,19.02096748848456,15.190815693032732,0.006494244920587351,0.006420337633408051,-0.11859574204555984
53.82258023706711,5.4918343623402786,9.800474064940893,0.03371861652024097,0.03309953378280705,-0.17952538509796961
388.3880091883976,27.23449138820177,14.26088718354589,0.004812059013228037,0.004722038809265412,-0.12596979872875796
91.46884572057135,10.334868651612675,8.850508777999647,0.01964564861246814,0.019377946960005325,-0.19542365953173144
81.43423798019298,27.240118715511763,2.989496442018831,0.018403605604955454,0.018228536124817063,-0.5945649205313847
182.60151555165692,11.98687430850587,15.233455432337612,0.010278105499702535,0.010159379591499824,-0.11859574204555984
47.73459842795966,7.672601420542163,6.221435965663211,0.03609639190337244,0.034475398282878295,-0.27526249160821264
478.8373995695453,27.324644493454908,17.524012057475865,0.003951303783953953,0.0039143834789622045,-0.1043886025963777
36.4076256935761,7.824984260677208,4.652741076622335,0.04521550959955698,0.044725079668470356,-0.3728620331975914
260.1486961147169,35.580513791778046,7.311549733012347,0.006762943709998648,0.0066764043778107214,-0.2360195071401
413.5228454279739,24.69067927678613,16.74813563419306,0.004563985105999343,0.004522310583299285,-0.10880193727536132
94.73972344538339,35.98012116758143,2.6331129626863277,0.01529989578798535,0.015252386475124838,-0.6897160087604138
24.834144631015867,1.2585747720719316,19.73195807042326,0.07664973393931952,0.07604857960451664,-0.0946648783172613
38.72992528113946,13.64370168552013,2.8386669669158033,0.03818715861082479,0.03824180794716663,-0.6349492184263246
50.50946201805623,30.8324696446749,1.6381906023145882,0.024587564606808457,0.02579713931071325,-1.003900024869933
376.84788887613195,27.82265119538749,13.544643399713351,0.004942292067138196,0.004866640643550922,-0.13159897144042307
154.18563797996836,26.750629538155284,5.763813436990274,0.011053615880518083,0.010673298202333016,-0.29973366683317254
95.16760918516053,14.16609181134363,6.717986192137635,0.018292621412897638,0.018235543443733893,-0.25751221406617825
276.3143086985993,27.785413371483237,9.944581532919951,0.006576789963455087,0.0064473762550526816,-0.17405732920395384
260.03979040395285,13.715948403760285,18.958936177731747,0.007305782916955782,0.007207947687823394,-0.09814922923627628
490.1668762893749,39.0092902759108,12.565388214511174,0.0037794597080616165,0.0037420331962069488,-0.14093022118470583
156.74642787141468,12.172399835376106,12.877200058436257,0.011840006393316907,0.011701834278868476,-0.13642237085943215
165.84259900445196,13.661139923662875,12.139733575028462,0.011141829200565745,0.011005597245484588,-0.1467919710521373
329.1379926555338,47.99084579257186,6.858349487694976,0.00530322742813848,0.005272661043261987,-0.2517689206604019
447.59250478460245,47.398794774723065,9.443119955094208,0.004040475058411197,0.003980718542208483,-0.18063068011005493
9.289726066388914,5.807086795725283,1.5997222692154822,0.13247829315146686,0.14026243819000747,-1.0071209801278498
393.65831091627774,38.85726257866825,10.130881199345916,0.004624110951286637,0.004525504132474752,-0.17124146754364714
356.8184953870208,32.90268020289864,10.844663510287106,0.00513187408144453,0.005082586325541405,-0.1605250445194975
324.78321718354425,49.42845141452861,6.570774683183378,0.005344568777057904,0.00511889037696128,-0.2612239303332942
170.09377141004563,34.40406887214711,4.944001595920254,0.009780054387078806,0.00967507086846787,-0.3504071231418031
129.593552017401,23.52970663495793,5.507656938861478,0.013061373024594973,0.012698697327596941,-0.31490181318164073
36.28356250766775,6.774201917605031,5.356138324334971,0.04644922992857703,0.045355780384833726,-0.3230354954894175
30.325319771682594,3.7470479598593123,8.093122932117794,0.05869859164934214,0.05727418232350854,-0.2128335309748802
72.88514088980547,5.018089593273451,14.52447979157349,0.025672876305616273,0.02516264947904445,-0.12277063113777566
48.33439473356613,31.499735208595663,1.5344381282410469,0.02505194208853982,0.026958020998742328,-1.006728321167321
159.3987394466818,23.558485138354698,6.766086126105392,0.01093151694083784,0.010887370111937293,-0.2556930725164505
181.56395811721717,15.691888166459853,11.57056156602591,0.010139116470716745,0.009987242808777577,-0.1513427187950206
432.6812670051201,31.20952511320899,13.863756831788315,0.004311359556992114,0.004238647226710748,-0.1296077570992934
64.40833325833803,10.080678762434065,6.389285362247383,0.02684959762175766,0.02580865131313138,-0.2719234110987598
878.9786007388336,49.45740849037264,17.77243546656787,0.0021541603084313946,0.002132421886504116,-0.10335061644426226
74.03453172021382,22.41302202199247,3.303192744270204,0.0207366586543582,0.020579714835575937,-0.5355966764484775
246.67574753194737,38.40659118232628,6.4227451574890395,0.0070155170222751615,0.006738774408737216,-0.26941755323551964
209.57731705862605,35.70646928058755,5.8694494661942525,0.008153820641182181,0.007852325412758359,-0.29491478773566954
162.07168582442344,39.51079893901509,4.101959215620546,0.009921496911534967,0.009792050454766938,-0.42605827893674014
562.8432319686093,41.537652200615526,13.550193671279978,0.0033091715049015447,0.0032584264112519865,-0.13163321059959784
354.91680301509,31.093294121630876,11.414577099059526,0.005181211618129305,0.005109150425211829,-0.15431342543842827
261.84109283817537,42.996382217969305,6.0898401058669815,0.006560873132910059,0.0062849924541608605,-0.28410247130353905
507.4384539741137,27.96054558863126,18.14837455033202,0.0037355318213769173,0.003693754762385173,-0.10175601203112118
40.59876175332723,5.315956039234396,7.637151521511504,0.04355901759073881,0.04278105584044579,-0.22622522963494318
40.30401183053701,3.030050648148755,13.301431728595434,0.04615306956239604,0.04550373943299106,-0.13430770462602354
570.5008981789346,47.22958594939125,12.079311870111532,0.003237657929124516,0.0031992883036880662,-0.1467919710521373
86.80762139820519,30.56481652478202,2.840115900182858,0.017039775567346406,0.0170618931904068,-0.6349492184263246
421.7885449883953,31.82099289371796,13.255040356445445,0.004409078365807581,0.004348110621381155,-0.13430770462602354
694.3253217741054,42.039590812608104,16.515986677155528,0.002716044675423725,0.0026933753986339267,-0.11013814527328804
178.95742537313347,32.158167624661345,5.56491363133188,0.009473483088579301,0.009195870410215605,-0.31076489022478127
497.60892192489825,41.75109765114111,11.91846322419497,0.0037080983525106066,0.0036679343363197774,-0.147704426351155
503.438707964635,42.97180650133963,11.715558384750254,0.0036602516735144953,0.003601875077048606,-0.15090519890616375
13.588899358802763,1.1662042922624933,11.65224605068091,0.1355463199240629,0.1334415162817963,-0.15090519890616375
360.95029294537534,25.606412562163914,14.09608987862346,0.005173885154505469,0.005080985632330522,-0.1272999322756782
672.0688311941636,42.78474869488234,15.7081402063851,0.0027977757351518398,0.002773736700642179,-0.11465514354736822
261.5568589292129,26.4576353803065,9.885874348540625,0.006944094965757757,0.0068111473739512485,-0.17514405718807308
13.899845675983862,5.914379605529397,2.3501781426049817,0.10093758254913993,0.09999490612086856,-0.7719284058061981
20.7507929355874,16.355430211552736,1.268740269572975,0.05389931473406085,0.06279276325649923,-1.006185247415505
49.67994972540022,17.235294517654793,2.8824543540298126,0.02988855562919918,0.029879799738604485,-0.6200479169228504
157.17374708852526,12.230600857685047,12.850860633700249,0.01180607241931621,0.011670019686702601,-0.13642237085943215
713.0094092597687,46.98501237977925,15.175252131392941,0.0026315982631627327,0.0026018143468799176,-0.11859574204555984
163.27525346101277,16.233875264929438,10.057688062550385,0.011141494664894804,0.010911036884472128,-0.17124146754364714
96.21080723302113,29.164914062759117,3.298854473768993,0.015952051795432534,0.015836158063794667,-0.5355966764484775
63.648945545866226,8.232538044487644,7.731387963458534,0.027823577089724813,0.02728808590191719,-0.22317195245009092
247.56305254881218,29.37180600216846,8.42859484127517,0.007221914967529528,0.007015820316238788,-0.20579264467921993
96.56610983589607,8.281348066923,11.660675176979485,0.019075331343309805,0.018778050996575528,-0.15090519890616375
131.45104602364145,14.182429243040602,9.268584652953246,0.013733106322826032,0.013543558724817247,-0.18796039977881177
213.50213919981928,18.43009403847237,11.584430266830912,0.008623208478077998,0.008493232629122553,-0.15090519890616375
241.95458977735126,29.604316643718917,8.172949664375592,0.007364884570933081,0.007178445737360548,-0.21101667776337904
271.7626348890092,33.012069967787546,8.232220371342638,0.006562224384532607,0.006391084242804015,-0.21101667776337904
342.50121471410284,44.804434391610236,7.644359746191489,0.0051638802703187795,0.005071099952366184,-0.22622522963494318
72.19354474237072,8.476141412301445,8.517265254399373,0.02479246040656829,0.02405835452214161,-0.2035187682542239
305.3810084765975,23.815419675477287,12.822827085892088,0.006075400061983919,0.006006335272471499,-0.13650847462556942
14.019877082026989,1.0224533879527238,13.711996309288224,0.132958121349045,0.1308130764421644,-0.1307087181154518
8.354879615835298,1.219683817628194,6.850037276121494,0.2088868086674237,0.20771491051086552,-0.2517689206604019
8.287153200068436,4.562091457345694,1.8165250034005345,0.1556511727594806,0.15723127070683524,-0.997824328210271
100.51421411902183,22.379549587623597,4.491342139191599,0.016274218802299168,0.016202399275306083,-0.38035708239805305
24.69334022823901,2.186697885136223,11.292524859555853,0.07440465640578167,0.07344331664293695,-0.15525947258038955
240.72145881406925,16.7545962594886,14.367487887256125,0.007767712610901327,0.007618694492282445,-0.12367370116581694
22.659795753260084,2.960890652719589,7.65303363447312,0.07806192107067106,0.07664931813748427,-0.22622522963494318
16.01510522509952,1.0232216150853817,15.65164866436403,0.11738241781364346,0.11639898434881252,-0.11508397781127808
12.350379974949453,4.036081879902744,3.059992423951284,0.12205197300769231,0.1212311158736555,-0.5763615350343534
606.8668011282409,40.417147329335535,15.01508248920293,0.0030898340747763527,0.0030568785555966245,-0.11970662873325257
17.798454546396155,3.172595448172192,5.610061174566164,0.0953695690257767,0.09246135884367454,-0.30962730486686063
180.25069838187687,20.1028607108755,8.966420300786472,0.0099823532412225,0.009876882460050666,-0.19282298516066276
444.7809554326493,39.47227721333678,11.268185846707825,0.0041300705192444265,0.004077424591145625,-0.1554470615674649
92.89857540668433,21.885736700799082,4.244708628121824,0.017423983846566165,0.017185548115148396,-0.4073345456068944
128.49423939065744,17.81172450983701,7.214025757005897,0.013669982731259262,0.013505921198973713,-0.2372210342329613
706.5714276964869,45.9124035384437,15.38955430867076,0.00265786441778785,0.002625520984510176,-0.11647880534144663
247.75831416860234,27.617728837589027,8.970988006493554,0.007262795914149414,0.007185692101732328,-0.19282298516066276
655.2099004278951,41.787017064689046,15.679748076144971,0.0028694531493696014,0.002845106554744575,-0.11508397781127808
573.2370621433913,40.73181507351136,14.073447527659473,0.0032574941079520562,0.0031993452160673217,-0.1272999322756782
259.91424812753235,40.12159377174612,6.4781635945520595,0.006665870275163314,0.006396454588451862,-0.26880319008702624
148.83645201090755,8.047304758760031,18.495192672911895,0.012748292373800974,0.012593374678448321,-0.10024824039633771
338.49855736069935,23.454844944394004,14.431924754275753,0.005525573146330545,0.005417994294394224,-0.12367370116581694
622.0090486677113,43.68164316371024,14.239598229776826,0.0030043983257414643,0.0029484832356847152,-0.12596979872875796
15.072686724857235,1.6599612546756042,9.080143697572504,0.1195268078576908,0.11811530311472757,-0.19249598843847712
617.1381894079747,49.606059448473786,12.440782361457295,0.002999650920769479,0.002957517266170688,-0.14259864811177586
85.95543522689883,20.36711369722267,4.220305169633339,0.01881068522376497,0.018573728738222984,-0.41329706145980005
647.5631863879582,44.30975147808628,14.614462162086724,0.002890704189368404,0.0028321301936120205,-0.12277063113777566
631.1245869283382,35.567642101600825,17.74434709856498,0.002999884973775788,0.0029698624404836844,-0.10335061644426226
200.587903615189,39.354519622932116,5.096947073349746,0.008335333006181993,0.0082042299810573,-0.3394645446927401
106.04464217443348,13.17855630540708,8.046757149789164,0.01677525872062709,0.01637855395622043,-0.2128335309748802
66.92871342299695,17.78928135920102,3.7623056306532527,0.023607735347629662,0.023247204884823507,-0.4696049381421816
217.70627984747264,39.41028804969879,5.524097656249852,0.007778573027623251,0.007559126424052347,-0.3137827145586913
322.5943332123368,42.62637448209582,7.5679514650685284,0.00547614074959115,0.00538403100986532,-0.22854069888323758
40.02919152036733,8.662000564404309,4.621240927282272,0.04107519069399634,0.04067866219222849,-0.37355372042358304
35.315748647777724,10.668487560186875,3.310286340827782,0.04349316559168149,0.04314249617028227,-0.5321544291010726
35.78483156682016,2.42771295433426,14.740141128683502,0.05233883336119641,0.05184090658659168,-0.12140666851256769
635.0667185800903,35.552849226948226,17.862611081497363,0.0029823167948112607,0.0029514272298428925,-0.10257733072106687
248.95797265953422,31.2203347705586,7.974224955919004,0.00713831137872449,0.006976510432936849,-0.21933465485851883
219.33647175861185,25.934159406650178,8.457435165697655,0.008154257974133116,0.007918691678115099,-0.20579264467921993
655.319195442403,34.746971643661894,18.85974991325433,0.0028982727967165507,0.0028602141048514294,-0.09824036033183338
291.43870394799376,42.004533273490736,6.938267878146432,0.005998022382056983,0.005954710366959241,-0.24880816012122664
78.27504404651023,9.721304950335197,8.05190706869156,0.022728215690763463,0.022189165330779297,-0.2128335309748802
39.47245300133917,13.7266716700085,2.875602618774863,0.03759460352694812,0.037606655678797965,-0.6200479169228504
363.32856991830823,23.500454393903865,15.460491266609614,0.005170242857438194,0.005105896601771643,-0.11611035730189036
592.528672444143,38.08135652628947,15.559547413577318,0.003171532180141991,0.003130849521290163,-0.11538752843956268
580.8499637344171,49.61687416081203,11.706702075826836,0.0031722524957488083,0.003121844621253138,-0.15090519890616375
154.53497541609383,14.64099113701033,10.554953142854622,0.011822010187080574,0.011617276841494845,-0.16682248512960882
81.71537406966397,9.8446928563236,8.30044931439128,0.021843583858634538,0.021254970847240345,-0.2072744654045315
107.46584966281503,20.03016373795165,5.365200757655156,0.015686764994865113,0.015313416288435994,-0.3230354954894175
108.95124272213417,22.98388815977075,4.740331225281288,0.01515896476269235,0.014945529018314103,-0.3644247719978251
597.5598186652057,35.29263416711771,16.93157319557503,0.0031602943009054075,0.0031295255837185195,-0.107277520106933
367.79069615998765,39.19496280117014,9.383621513451404,0.004914178069824513,0.004844439518868514,-0.18344510331748873
202.36836783273264,48.564592044105424,4.166994085916455,0.00797025628272042,0.00788914272807651,-0.41691706595562816
66.4647705879158,11.115260485517881,5.979596310362048,0.025779829839290634,0.024760023665475056,-0.29045381082250366
76.51452605939134,4.920251337757897,15.550938520603736,0.02455953173723556,0.02424530616621058,-0.11554131269698573
170.74079703837003,47.96186208287654,3.5599284436316396,0.009144836226665265,0.00901114559213498,-0.4910462853069257
395.3356713494962,21.83272902444315,18.107478497392258,0.00479422697933796,0.004741168940273117,-0.10175601203112118
77.00097902883164,4.42710468935759,17.393078418483285,0.024561550618355573,0.02432960396546318,-0.10507824526938718
834.5556845092683,41.94358705524934,19.89709853403732,0.0022818045204191406,0.0022630022896463963,-0.09418124858084448
424.24855389876313,43.82237182342075,9.681095208818082,0.004272856719126939,0.004199754523087369,-0.1797801710760859
757.4777056826385,49.116281786066615,15.422130465452314,0.002479562247019102,0.0024490728856509506,-0.11647880534144663
32.88783220872307,21.59491380078158,1.5229434352978417,0.036708869256536644,0.03961950486488351,-1.0065622288257217
157.52406054334077,12.833966182402971,12.273996853702688,0.011739981017858133,0.011586781374806052,-0.1440771296373109
13.528990592395585,10.831055348343904,1.2490925544447709,0.08210165140350661,0.0963116663649223,-1.006185247415505
248.57717768686817,31.823072074457787,7.811225047828872,0.007132661264397522,0.006987197737879063,-0.22317195245009092
57.90299059348626,19.334207875509374,2.9948468003611324,0.025894258720464015,0.02563234581308309,-0.5919498982836252
136.62040223349928,20.51100687418889,6.660833525701889,0.01272819999106177,0.012603514816451908,-0.2590098444417892
28.177598662600747,7.33262563006994,3.842770664173671,0.05632180702426034,0.05569819275117557,-0.4561097175311457
620.2515028804953,31.97897279600994,19.39560431903194,0.0030664007196621163,0.0030219244891461165,-0.09602694898365999
304.1698462947098,29.1739360998645,10.426081871623849,0.005999811922793353,0.0058569326793443885,-0.16696830820621486
183.65267943318887,13.469678112571398,13.634526222403474,0.010145982550638465,0.009986150259833976,-0.13163321059959784
95.76978075376336,15.987681842437189,5.990223079093001,0.017895896645634783,0.01718359674340695,-0.2900572529041707
49.852676922040985,3.6393335100007653,13.698298544238256,0.037388761122389945,0.036788059652421594,-0.1307087181154518
540.8731521829405,48.5210458556184,11.147186600066068,0.0033933147062794084,0.003353024268324057,-0.15758167991498312
341.6877134175373,24.162451348456432,14.141268553009018,0.005466718871861781,0.005367425226086034,-0.1272999322756782
846.6194352885208,49.10623631560932,17.240568587811058,0.002232826481815862,0.002212804533699335,-0.10557020432483132
373.31971281175004,43.46490413864194,8.588991974328426,0.004798641597269055,0.004728800196810178,-0.20078050677274345
162.4016441616371,11.175458476244755,14.531989404000567,0.011522257081179758,0.011292885992062959,-0.12277063113777566
108.22930832483301,18.968052176568232,5.705873608811121,0.015723596717071558,0.015205394159389353,-0.30407979389350853
29.06887648763943,5.906724788392466,4.921318925297452,0.057182719582595465,0.056612758782642714,-0.3504071231418031
370.12168312476155,47.25611260001314,7.832249898707467,0.004791821751147564,0.004692667230297293,-0.22317195245009092
28.364720925140038,14.941368317053184,1.8984018279481298,0.046182881784010074,0.046414538666406165,-0.9859858068284907
147.2781062016746,34.106060965377054,4.318238519282093,0.011026320716063574,0.010917518931134535,-0.4008401792128585
31.440557222487968,3.5224606456179104,8.92573697355607,0.05720329999958181,0.0566247903515675,-0.19282298516066276
286.25655220034577,36.76814026641346,7.785450940031147,0.006191477142899252,0.006067486945788587,-0.22317195245009092
88.13613910991701,37.7795339251754,2.332906998918405,0.015883646187894375,0.01577007771728198,-0.7719284058061981
427.1247836999548,23.899817655470628,17.871466211884954,0.0044343479135940085,0.004388303553232681,-0.10253805771853677
120.84928223025149,27.43426137997033,4.405049604086778,0.013487673354078999,0.013358153075552635,-0.3955206330648886
547.1939363581956,40.099177095676914,13.646014107785481,0.00340545454081352,0.0033516147211843576,-0.1307087181154518
527.9063331128616,39.44975885360256,13.381737897864314,0.003525122984170262,0.0034740694274809085,-0.13297970256312866
333.6135537054293,18.541704861834102,17.99260403460165,0.005679313176060355,0.005618336500918212,-0.10233045364330785
225.51829229676656,23.364207792088447,9.652297835372412,0.008035920562056265,0.007900644178366513,-0.18007056360018975
41.839408929147645,6.512521677438049,6.424455994380166,0.04136339490294506,0.03973029871285693,-0.26941755323551964
42.729023229485186,29.285295107127908,1.4590607017337223,0.027772254826484582,0.03049448664414684,-1.0066254819852019
885.1299252689205,49.98294684951212,17.70863826684441,0.002138779242199009,0.002117602345683641,-0.103664098523445
57.88089974822976,4.986682932093377,11.607094442624154,0.03181289807451079,0.03132852707761906,-0.15090519890616375
269.69492857337247,20.04002973254,13.457810800323081,0.006902860502902549,0.006800214086865918,-0.13245412726977307
573.8902302332126,31.87374459817699,18.005108513859273,0.00330161594795512,0.0032660482915392516,-0.10233045364330785
767.6233261697678,43.777186313749965,17.534779888963882,0.002464873966961694,0.002441761658464401,-0.1043886025963777
218.54830046374485,18.806234506097056,11.621055793646018,0.00842621355540613,0.00829712851205715,-0.15090519890616375
540.0828379355706,36.50142413621165,14.796212770223816,0.0034687037638065268,0.0034348769858407314,-0.12107111210965613
122.961696703552,14.402185476266483,8.537710954089704,0.01455986805455794,0.014125194594617809,-0.2027771887621195
262.78986199733805,18.090470503815496,14.526424945217016,0.0071204700670588475,0.006978896516409459,-0.12277063113777566
75.47335650007477,4.1263558006079,18.29055955110704,0.025125718952916962,0.02483463427232622,-0.1006659802439623
343.7159680187369,25.18090908014952,13.649863351823674,0.005421569344063275,0.00533575225792527,-0.1307087181154518
192.0903188105148,38.92707388231,4.934620038261038,0.008657356819273454,0.008567164148967426,-0.3504071231418031
237.14304473479325,14.27343208711056,16.614297338405542,0.007954928114821775,0.007885867968028943,-0.10991373381799678
425.30113397910725,38.57418670079875,11.025537292022818,0.004311503351953674,0.004264180507554022,-0.15752546669499704
347.4842353913868,29.787846250900188,11.665302434575505,0.005301213891295336,0.005218433385897189,-0.15090519890616375
457.74321650147675,30.387637187589693,15.063468530828024,0.0040972620044091215,0.004052748448466535,-0.1189256494633792
554.4775516044899,36.1628366227235,15.332800283041816,0.0033861551628782626,0.003345704627904758,-0.11647880534144663
402.39182326136415,35.272087856089406,11.408222413800063,0.0045697165089384545,0.00450636228227125,-0.15431342543842827
114.86287125484036,11.30119067107257,10.163784914173029,0.015852374832180466,0.015509818737528491,-0.1709893682040057
38.55515989726766,1.960640766609359,19.664571171772153,0.04936345739757663,0.049009038250043456,-0.09498312520530554
149.62475290115233,41.20291201316832,3.6314120917796475,0.010480660657342196,0.010398717347589782,-0.4858429126869703
106.8618735192467,8.004717757652024,13.349861513492245,0.017411503012035735,0.017162185090369295,-0.13297970256312866
564.8606701949001,39.0840631726682,14.452455152869359,0.0033115612894711265,0.0032467887201425186,-0.12367370116581694
473.2955228380091,42.15826733029104,11.226636026807075,0.003880076232142909,0.0038317725772678457,-0.1554470615674649
183.46789685572267,12.175582315695609,15.06851106572646,0.01022267651582523,0.0101114044596657,-0.1189256494633792
245.0974483651839,47.41950301082917,5.1687055494700385,0.006837210597853932,0.00671434690019781,-0.3346807320267716
376.390536289339,41.08548754308118,9.161155405413302,0.004790694281410574,0.004729967386563828,-0.18796039977881177
324.0359685597976,31.770554970365946,10.199254273714855,0.005621032408728306,0.005497853589379808,-0.1709893682040057
166.3233758222496,32.396924215375726,5.133924897207118,0.01006439704258359,0.009894395688768957,-0.3386509138713664
128.46610678322378,9.854063436261915,13.03686622418951,0.014459207191737914,0.01427785716158586,-0.13612029659673344
642.9824088268715,34.7713463825193,18.491731719371096,0.0029509242621342667,0.0029150925130347343,-0.10024824039633771
635.7013375279282,36.134969311516905,17.59241393143561,0.0029769156260826468,0.002948480827920086,-0.10415929565028174
62.99205665232072,22.31661243062595,2.822653162442983,0.02344427619724527,0.023512525913930177,-0.6349492184263246
552.6894344311385,41.60550265891571,13.284046558988075,0.0033653323883136793,0.0033182889669830435,-0.13430770462602354
115.11583009175273,12.073933282925028,9.53424434227657,0.01572453589765999,0.015477799897107772,-0.18063068011005493
360.2397748406927,39.063103207000914,9.221995828947104,0.005008729237762007,0.004942027742625432,-0.18796039977881177
28.66966488997841,1.7855535926483617,16.05645722873829,0.06567019051729683,0.06502140815369498,-0.1130921114958023
19.944579075731323,1.0788885558468637,18.486227300905984,0.09513178487243992,0.0939780778961124,-0.10024824039633771
73.33411129103662,4.51791096541007,16.23186287921467,0.025689762989225193,0.02541661007834158,-0.11218122210291649
6.835597088517952,2.9858397497070337,2.289338230288029,0.20363619223370752,0.2019450434234757,-0.8013972431550005
186.43169536626465,32.07067044708624,5.813152415190707,0.009153218971132058,0.008827196949767985,-0.2988432229232257
131.36823851048777,34.88246636748276,3.766024945786187,0.012030024182261468,0.01194688563514161,-0.4642557841030221
142.49059164608596,31.480131450559984,4.526365840303734,0.011496187199779241,0.011427659474735346,-0.3801588369764024
210.50339195197012,12.203250244278395,17.24978081562054,0.008980423665305883,0.008899634857911733,-0.10557020432483132
82.05056094033064,7.581997776625445,10.821760089838653,0.02231332038969957,0.021894584535303803,-0.16212800125053764
336.2287950342857,43.61669200515861,7.70871837310632,0.0052652988339764424,0.005165702400488742,-0.22442948299034765
67.00963454705848,14.362423341366435,4.665621737667232,0.024578461598480695,0.024299997615141723,-0.3728620331975914
326.08701194072484,43.71685203721503,7.45906891152948,0.005408272316265758,0.00532636330188388,-0.23331583217330729
168.22112500580545,44.61919541052822,3.7701514663823916,0.009396715791856688,0.009329632776624462,-0.4642557841030221
46.337947784374876,2.930489578395466,15.812357131720749,0.040593940198949734,0.0402292736638961,-0.11406352644278
580.1363894655055,33.268489969393514,17.438013868354766,0.0032604892250653527,0.003229246361274499,-0.10482304948765182
130.53916601013842,40.18688185910257,3.2483029280006335,0.01171467403457848,0.0116716660398234,-0.5438102070094567
627.2054319820866,44.352521659265854,14.14137028781665,0.0029781495240366195,0.0029240551164316526,-0.1272999322756782
141.97618394287946,18.648113435543763,7.613434164995445,0.012451416333906788,0.012233445394763027,-0.22854069888323758
44.89195810973335,20.5193641172654,2.187785052849682,0.030575746398449857,0.030231313516835615,-0.8391768893416431
83.19981150787294,9.678796955430215,8.596090184658157,0.021533483684676554,0.021218249169353862,-0.20078050677274345
96.33177004543988,12.85494694594522,7.493750884427056,0.018317246411555733,0.018029959304212598,-0.23331583217330729
224.97713528811622,45.330757375356534,4.963012936784111,0.007398970042247177,0.007314829085051886,-0.34858878513836555
153.82271563979853,30.473488623247572,5.047755363409573,0.01085209545143642,0.010698480298129528,-0.34197935707601324
195.1439381007526,11.379508185248604,17.14871459504024,0.009684130475095438,0.009583073696859807,-0.10656027883392642
49.603728737637645,20.24867960111615,2.4497265853771215,0.02863179735050608,0.028350675463028198,-0.7320924499778871
280.5757473987585,36.54761123215737,7.676992775710785,0.006306694053173487,0.006190335086779965,-0.22442948299034765
96.13315379992588,7.089657076582056,13.559633810422879,0.019375562271722362,0.019077531319297663,-0.13163321059959784
123.64842064039972,19.542879043060406,6.327031977630069,0.013967329051564002,0.013443699532230723,-0.2736349687365166
745.5294097648972,46.806405692140245,15.927935476790667,0.002524182248212968,0.0024991530538931526,-0.11350322317138538
148.68423293003013,12.574156113705726,11.824589386795155,0.01240245553648417,0.012275658385689947,-0.14900840765504592
26.428432288894616,2.001994395233336,13.201052086768872,0.07034716792050658,0.06939432624657027,-0.1343395705167048
475.7844010514194,43.58711609751115,10.915711881167265,0.003850808013074958,0.003811728172143949,-0.1605250445194975
93.9979008270271,10.389455617307817,9.047432732706012,0.019159408458307978,0.018939943824234327,-0.19249598843847712
718.8311797105304,41.357868339535614,17.380759903028448,0.0026309245116463193,0.0026061798341563583,-0.10516557549988748
15.605598134345732,4.206128010157119,3.710205228338447,0.10095031525331977,0.09970175447474311,-0.4762965897576839
55.717107935324876,7.446272672959786,7.482550046502411,0.03166391635057094,0.031172793384002476,-0.23331583217330729
144.87062620984423,7.794477119473014,18.586317464184045,0.01310057083370098,0.012938117650359725,-0.09995500380429617
600.6430515219494,38.34898300373854,15.662554896524746,0.0031299294700669676,0.0031035770375058163,-0.11508397781127808
396.9212101522716,30.693665517381348,12.931697907749118,0.004677105764545638,0.004621120453734987,-0.13642237085943215
792.9579336283542,48.07894671934705,16.492830807153823,0.00237801700107748,0.0023583580679469363,-0.11039008129265553
197.529292616108,19.115914557217266,10.333237890599918,0.009231683571932962,0.00901892721449137,-0.16696830820621486
118.76359073133841,15.33552541255797,7.744344424879317,0.01491434140292081,0.01462449798735951,-0.22317195245009092
8.082885071850251,2.73784455178124,2.9522804961996583,0.1848304199036802,0.1836506316276371,-0.6067618118297364
8.478979618482104,4.356329841278602,1.94635850071295,0.1558201620514171,0.15577462869847933,-0.9666357833130587
751.6454246423116,40.90747881476397,18.374278895208626,0.002523490849981246,0.002493666753677384,-0.10052557411808749
37.29450775796221,28.239913398703397,1.3206310951249072,0.030518313348932007,0.0349381103685647,-1.006370536956614
485.7022669640336,41.89118741155497,11.59437812522022,0.003790797598819753,0.0037334051298007374,-0.15090519890616375
375.0543980879448,43.7033043818473,8.58183158900287,0.004776031552862658,0.004706928755981081,-0.20078050677274345
126.21491148445243,20.461189823891072,6.168503032852971,0.013635486505027744,0.013038628109166677,-0.28013994684396
35.76628996576183,3.9646178934320546,9.021371271368599,0.050338643332490385,0.049776338640773014,-0.19249598843847712
200.10037499001038,25.287568618933975,7.912993851065062,0.008873589101420915,0.008679933227055453,-0.21933465485851883
44.09459454929723,8.544147016485477,5.16079539177159,0.03799482929318509,0.03732133857897994,-0.3346807320267716
263.7168975912582,16.29963244535205,16.179315605761335,0.007142435483142776,0.007068724072926975,-0.11260787068991106
196.33053257003297,18.90566740699233,10.384744867426337,0.009292117219192141,0.00907399521365413,-0.16696830820621486
61.24719294242084,40.162380970910974,1.5249890933204704,0.01972200377953733,0.021274438314486357,-1.0065622288257217
513.6824553146865,32.64839581550491,15.733773206423077,0.0036607853938004993,0.003628977324715041,-0.11449277768490264
495.9023881007314,26.589659778605466,18.650196814467844,0.003827809453019418,0.003779681749795323,-0.09942312934518888
219.1772940803075,45.60357472405618,4.8061428387255365,0.007553415807687083,0.007440135027112558,-0.3622301153929501
353.1400445981641,28.392093207773698,12.437971445566932,0.005242022366716794,0.005168478847716866,-0.14259864811177586
503.18037332983977,28.592262129494692,17.598480702608626,0.0037610058634785534,0.0037250125508285566,-0.10415929565028174
117.49733548247161,9.208410058386377,12.759785319884102,0.015784603858828745,0.015610743130677517,-0.13751371645582958
150.5852488944678,24.831597516468953,6.06425940959279,0.011401413495456076,0.010928489375678974,-0.28410247130353905
42.10504913336327,24.7804335253109,1.6991247990216514,0.029901854939229117,0.030946398472588482,-1.0075910092209353
694.2658350126543,41.26858502325921,16.82310732537503,0.0027191113638194487,0.0026936061750480276,-0.10858988043330513
329.9605109943489,34.980908100069286,9.432588486566344,0.005480331624080623,0.0053998576307821315,-0.18344510331748873
206.38555202545817,24.12010327543454,8.556578289432718,0.008676576708668086,0.008417899495395221,-0.2022876414058329
791.2477537462739,41.737210126665786,18.95784963453386,0.0024010037236459315,0.0023688575381223677,-0.09814922923627628
301.9905129297778,18.6504354480494,16.19214273956066,0.006237506501020264,0.006172063135504525,-0.11260787068991106
52.55680151857605,23.179870149814572,2.267346675321927,0.026407286667638415,0.02626520090607565,-0.8013972431550005
546.238713601314,33.2347030785848,16.43579340274864,0.003451409404522866,0.0034235558442675383,-0.11089714911713303
38.698416410762974,3.426006220463239,11.295489243312133,0.04747839554998268,0.04686395396918452,-0.15525947258038955
802.6320485937431,40.64259352439514,19.748544051746467,0.0023717065592965035,0.002353010234503876,-0.09463400814646526
670.748766329508,35.6370750725979,18.821655956980063,0.002831313827058309,0.002794419162693574,-0.09832266537265712
173.15708565852296,46.00318304652011,3.7640240129344997,0.009125741685833124,0.008985514555785458,-0.4696049381421816
323.93301837157713,17.45452726488085,18.55868185117464,0.005858444531921475,0.0057862369677740555,-0.10021091784610414
254.62344712784733,45.11455055425819,5.643931813564624,0.0066724940296730385,0.006463149058895857,-0.3067169181709371
607.0782170137542,40.145797383311056,15.121837317549998,0.003090120198743152,0.0030558139931257176,-0.1189256494633792
96.74686451536236,11.446393637116529,8.452169965712795,0.01848544016653386,0.017952601382200378,-0.20579264467921993
91.31981601814442,22.191390407040195,4.115101142521169,0.017619405722008624,0.017378639095884343,-0.4210924005143302
437.0484757532146,45.37601071614074,9.631707786902291,0.004145726546007413,0.004076755513399136,-0.18007056360018975
160.84651466952553,21.127983388066767,7.612961053366446,0.010990550991200035,0.01079823145183212,-0.22854069888323758
354.29240937562923,27.752398555689012,12.76619059302902,0.005234988039307547,0.005177138076393901,-0.13751371645582958
304.5431052611402,23.022170144393954,13.22825360732982,0.006105653285513701,0.006022081014995685,-0.13430770462602354
544.872874273802,46.33414619537559,11.75963989875319,0.0033829097604639643,0.003327975057404241,-0.14958899205843956
154.92518067857932,12.60472220004155,12.291042850438117,0.011938167250350788,0.011781150377188245,-0.1440771296373109
343.94818850301147,29.41528168142912,11.692840212377018,0.005356710443611436,0.005272082818437328,-0.15090519890616375
286.2333683923466,17.840032725052016,16.044441891095918,0.006577359258160917,0.006512664798346372,-0.1130921114958023
136.04994991083734,25.293145317895476,5.37892572081887,0.012395944165845095,0.012096066876582335,-0.32135846776810545
479.93274223611246,45.240059000928845,10.608579052168317,0.003808270335571477,0.0037406816270500265,-0.16682248512960882
436.9343825758029,25.889446825629296,16.87693002939171,0.004321298673377709,0.004279999045372732,-0.10786610765472404
99.84055300385592,31.633060844599214,3.156209052748113,0.015212177877040236,0.015167666473616703,-0.5642487625058341
287.4426706608076,31.45394005732544,9.13852668813311,0.006271625137363921,0.006193634915675678,-0.18796039977881177
523.9108853061169,32.460103961179406,16.14014810096379,0.003594723733949298,0.003558127984593681,-0.11260787068991106
313.2601647931552,41.71376770133155,7.509754741793692,0.0056342165351284295,0.005544458213411493,-0.23109650268565193
508.3595697661827,37.13689235778414,13.688802091153626,0.0036663849151518236,0.0036076497060623367,-0.1307087181154518
143.12048929768002,42.447285773445714,3.3717229898174956,0.010777733360403906,0.010750174123774894,-0.5145785654666981
343.76205450355513,43.62122623091818,7.8806141919023105,0.005162845428455322,0.005052500329422149,-0.21933465485851883
449.4477622326172,32.98325617116573,13.626543113276023,0.004145670414430212,0.004080525939946152,-0.13163321059959784
352.4290451452775,19.567470491547976,18.010965970154732,0.005376394444383909,0.005318384599122953,-0.1021196780289652
143.4712338997309,37.146507362272935,3.862307497728425,0.011073109352523699,0.010939066173165094,-0.4535117153793148
252.98128857825967,28.86303169393368,8.764889678288032,0.0070961160333778755,0.0070063618176165075,-0.19849310542358004
496.06744641728494,34.8742288347386,14.224470704944927,0.0037668920961057627,0.0036970441533432617,-0.12722307658369517
48.58554077724177,4.721391680231101,10.290512642845089,0.037518572309437566,0.036667335267556174,-0.16696830820621486
825.9346681661075,44.29362736077369,18.64680581336973,0.0022982474946865485,0.0022693722375718125,-0.09942312934518888
745.6140835161871,47.678634785934825,15.638327038175659,0.0025211374740468865,0.002500143202298398,-0.11508397781127808
453.6362252410261,40.82534026905526,11.111633663097052,0.0040448037613132195,0.003997830650298594,-0.15752546669499704
92.82383129514078,6.813451978039574,13.623612758161519,0.02007280743009124,0.019757676739388712,-0.13163321059959784
86.6950482159062,34.24520954249651,2.53159637140845,0.016537090602165874,0.01656634957172078,-0.6986694083805378
933.1099004360462,48.59608787102118,19.2013378301688,0.0020372698382424667,0.0020087164492717936,-0.09746965201511303
18.88753360699271,8.546983133852155,2.209848002646056,0.07290086495390581,0.07255797533725729,-0.8314766035315969
96.57691694401582,40.33743317641619,2.3942256444934324,0.014607672594149326,0.01443112218328373,-0.7607281560446899
409.05986032082853,38.511430228237685,10.621777947392204,0.00446856186317595,0.004388784540468759,-0.16682248512960882
469.84066683432815,39.12000560033343,12.010240275382875,0.003929576700755308,0.003884714499247443,-0.1467919710521373
149.27178633050164,7.826534354022931,19.072526814345892,0.012730880834915354,0.012556647522354018,-0.09755855859825942
357.0234879377113,20.61268983786707,17.32056760888296,0.00529610275101492,0.005247283128473765,-0.10531834055107443
239.81643690073764,14.195316768330112,16.894053215900783,0.007873651400421592,0.007797958990980273,-0.10786610765472404
87.3802484286829,13.257235128241199,6.59113665733674,0.019873310910727707,0.01902637855734956,-0.2612239303332942
9.605518050328035,1.9193814607465642,5.004486209110233,0.17353730486570784,0.17132540733927043,-0.3467380941253522
182.31256859560463,20.406244294084495,8.934155936203052,0.009865882556683647,0.009765179520940413,-0.19282298516066276
659.9778894801417,37.13445743852107,17.772654698746724,0.002868978018880728,0.0028400242430252657,-0.10335061644426226
402.4805315392769,28.015176454391295,14.366517812033603,0.004645807061169159,0.004556700532636749,-0.12367370116581694
118.71695936328095,43.63651399625546,2.720587610950506,0.0123188001994324,0.012297884937487033,-0.655170824603331
518.4480104921593,39.68171325703874,13.065161958454427,0.0035833963232868834,0.003537448722582534,-0.13487604758876864
302.50435034355047,32.13699666114442,9.412962683886903,0.005976547781383215,0.005889964164568563,-0.18344510331748873
608.7543655172276,35.78551804331765,17.011193320726633,0.003102988738185864,0.0030719759007001943,-0.10721876293292538
23.85293720812066,1.5836115032685019,15.0623667224501,0.0786270190462004,0.07777315197228087,-0.1189256494633792
15.50565629816036,1.3135965681442454,11.8039713822225,0.11891134617559408,0.11771167989864116,-0.14936537567964017
522.2180553544356,26.407633854542862,19.77526870566631,0.0036454727500705403,0.003616499670046976,-0.09447053967709336
336.0240269945336,25.356883066885963,13.251787536669038,0.005534326646252798,0.0054578932014012795,-0.13430770462602354
392.2914817184569,37.1411194269056,10.562187886945457,0.004657308259004308,0.00457638178437637,-0.16682248512960882
328.6348084723736,45.16623779844802,7.276116508505519,0.005350439812709848,0.005280734197936221,-0.2372210342329613
780.5142388743628,44.696327654367785,17.462603301774614,0.002423623837504955,0.0024002167179245602,-0.10482304948765182
86.20575801380048,5.704743277489549,15.111242315488823,0.02176029911600027,0.021519654292413502,-0.1189256494633792
550.0724659182879,47.20235048397862,11.653497342362073,0.0033485423210159147,0.0032965171816266396,-0.15090519890616375
139.87998390385232,12.478491463693612,11.209687029144154,0.013126936293995119,0.01296512020333729,-0.15772462057534828
83.3064573544319,5.8725181003998825,14.185815340230153,0.022426810689398186,0.02201489909285378,-0.12722307658369517
42.65947550298472,30.867140852346203,1.3820352104215763,0.0272010341171506,0.030544201793990887,-1.0064011688390784
308.19879968834067,35.70615335513582,8.631531843348528,0.0058155603235733565,0.005727972766936467,-0.20078050677274345
87.22026793441009,23.999985783198195,3.6341799833677766,0.017982336248558314,0.017838806856132258,-0.4858429126869703
67.84196595805983,11.108894659739995,6.106995163427689,0.025332212775766638,0.024257393921846615,-0.28410247130353905
152.24698974137146,13.63174530062578,11.168561793359094,0.012057000552202423,0.01191196494876585,-0.15772462057534828
207.47920624127863,25.021029659870038,8.29219296974193,0.008602141809655338,0.00837123837654481,-0.2072744654045315
134.03545163037617,27.45082207827683,4.8827481832117865,0.01238495355715693,0.012166248876689588,-0.35579358566393204
82.63994806453593,5.886776594962678,14.038234122091714,0.022592047855521862,0.022192454078126166,-0.12820841775481742
35.75960038724753,11.140846391594241,3.2097741168236658,0.04264351701021026,0.042587084960423946,-0.5515561863791927
322.92872470378296,41.47206374509267,7.7866567405147435,0.005488462328836575,0.005378455865811372,-0.22317195245009092
105.42562172991637,25.321647783849937,4.163458185259037,0.015296686557491904,0.015143500330216943,-0.41691706595562816
51.551403875001284,11.014174467010793,4.680460077094834,0.03196645908181468,0.03158660748858217,-0.3707294000950962
241.85725526906305,35.913546294732605,6.7344297687621,0.007200180828007798,0.007175443506136033,-0.25751221406617825
485.2077157007883,29.081936357646956,16.684161251635683,0.00388885911274908,0.0038541817860707245,-0.10914581731440122
96.39999377218551,10.519157574446945,9.164231364530522,0.018705722733582026,0.01846799871654681,-0.18796039977881177
635.4880088612878,44.17142359341854,14.386858225596658,0.0029426502517248348,0.0028859447021308956,-0.12367370116581694
450.11538649348944,30.82491191646636,14.602325148998798,0.004158520312421794,0.0040744735849359195,-0.12277063113777566
46.86887308243943,15.437597603091982,3.036021166470365,0.032099394781871876,0.03166684797164507,-0.5861591085199922
113.88624714226259,26.354220731699336,4.32136652044043,0.014261218821641813,0.014118574919672961,-0.4008401792128585
321.15386974248537,28.99842983444022,11.074871004259148,0.005711800272100216,0.005647015266571503,-0.15752546669499704
126.57410393011664,12.184599664719729,10.388039608441916,0.01441351027492899,0.014074777205756388,-0.16696830820621486
140.32883922346136,20.967379029024936,6.692722014955018,0.01239954675731631,0.012270444716196626,-0.257982956104573
177.4578404062861,9.60009021269174,18.48501800240159,0.010691874936186702,0.01056224510392417,-0.10024824039633771
76.41532096140615,23.602164871503874,3.237640334157074,0.01999650344481979,0.019938534990344495,-0.5438102070094567
222.09106277288706,15.712933829177656,14.13428359002453,0.008410287583798477,0.008257798533371863,-0.1272999322756782
186.28996955023288,37.17387668728096,5.011314023483916,0.00894999362838431,0.0088339125109654,-0.3467380941253522
297.9816385744574,24.10364440303978,12.362513883455652,0.006209535504109736,0.006125199054274397,-0.1440771296373109
98.4292403349826,28.01247442399993,3.5137645766363463,0.015817564668529762,0.01563123087604589,-0.49859812720999536
29.13593906847772,1.7501802860940026,16.64739301429477,0.06475400735974823,0.06418460499659012,-0.10946120500189957
188.07454256666495,19.736095519459234,9.529470628130511,0.009624146378738938,0.009473582967870573,-0.18063068011005493
159.21406777233682,17.575808724323565,9.058705079783715,0.011312864965080625,0.011181894829830919,-0.19249598843847712
363.35458819634715,28.50248744391541,12.74817115212569,0.005103901713991416,0.005048018608656571,-0.13751371645582958
222.93908160086818,45.260321781843004,4.925706950901622,0.007457138139662711,0.007381699434931003,-0.3504071231418031
427.9934862019038,35.192756100340645,12.161408585949342,0.004317917540165049,0.004264543526081549,-0.14563953835432356
436.8259814494312,42.98384212871455,10.162562484325193,0.004168318157984241,0.004078288353919443,-0.1709893682040057
379.380581972361,19.18629571156479,19.773518957267214,0.005017978442217803,0.004978118318716375,-0.09447053967709336
151.05715471408388,10.313918106130167,14.645952504150847,0.012393795028110338,0.012140988991301005,-0.12220993775424631
88.71501093980157,34.228528389896276,2.591844146182716,0.01626762992918723,0.01618914837147967,-0.6986694083805378
184.0653856770486,15.843773741475276,11.617521726860355,0.010004544093014064,0.009851517320159976,-0.15090519890616375
104.79239732540641,23.22067544221164,4.512891865966562,0.015623404366135303,0.015538665029569448,-0.3805271236436497
206.4431203814013,48.0637606047702,4.295192839340839,0.007858333701039184,0.00773342766051383,-0.40512960780328844
782.8733666768525,45.28928998403716,17.28605961702617,0.002414984524977134,0.002392983852135177,-0.10531834055107443
153.18251906438954,38.198486613648626,4.010172460854934,0.010450357875977602,0.010360282195220958,-0.4330514386223166
124.61892790054408,18.374311867743582,6.782236461291088,0.013986675196959559,0.013925918806790718,-0.2556930725164505
45.68098295885646,7.997209489227497,5.712115334778993,0.03725907875780921,0.036025260099139554,-0.303332941006122
275.5808889916817,44.76633928576311,6.155984460389501,0.006243225548584579,0.005971637941580336,-0.28013994684396
24.75350149651831,2.236473182597483,11.068096719929866,0.07410158860013874,0.07326481894326813,-0.15752546669499704
61.78653110072985,4.256693813911941,14.515145744990162,0.030283197142249176,0.0296825735280562,-0.1235659613914814
232.29003328837987,15.063312617916418,15.420912994402862,0.008085599136215649,0.007986214837592182,-0.11647880534144663
40.440044400980405,15.4866075306065,2.611291357455654,0.03576112516884668,0.03573207937675759,-0.6897160087604138
279.17419159254206,20.485526166688768,13.62787508218868,0.006674237081164678,0.006569315171932743,-0.13163321059959784
376.79497309504075,43.354447526154324,8.691033898373002,0.0047602112530417875,0.004685185465497278,-0.2008093725696663
430.6006584065563,37.54952753195756,11.46753865385075,0.00427213330267197,0.004211148542479239,-0.1537846802655089
282.4790322920352,37.47838537402262,7.537118514391224,0.006250831796896849,0.006148625898103588,-0.22854069888323758
195.42756359235113,37.69318535855587,5.18469218595747,0.008579244914922528,0.00842086583093223,-0.3346807320267716
176.84943611145263,9.115711288850994,19.400508694011517,0.010754703383719817,0.010598581749522865,-0.09602694898365999
291.6327648649695,37.86676185636697,7.701550134420431,0.0060698114498095625,0.005955633601136139,-0.22442948299034765
129.6178638609647,17.828670178652033,7.270192479984768,0.013564238813932577,0.013388841784908638,-0.2372210342329613
433.62812269069207,45.38904258772165,9.553586019194737,0.004175215722880333,0.00410891196837924,-0.18063068011005493
522.569977170674,43.18033721558002,12.102035576093742,0.00353512839346748,0.0034927319412214977,-0.1467919710521373
357.0492069564528,43.97790468579792,8.11883170668104,0.004987193987483233,0.004864477668014767,-0.2128335309748802
561.2924894283024,33.560809274961734,16.724641078517088,0.0033621735045596137,0.0033317366177831927,-0.1088860253336537
153.3415146915757,13.89815387497506,11.033229022430207,0.011958885216303373,0.011826939423430414,-0.15752546669499704
138.4267790573291,21.049722063792572,6.5761808463702085,0.012541032603173363,0.012010173872143898,-0.2612239303332942
626.0046401703407,43.549316951465194,14.374614436961432,0.0029870632213083283,0.002929663990896144,-0.12367370116581694
120.15916139601995,34.632255056358005,3.4695737023327444,0.012920613079442334,0.012804435073902602,-0.4992515173048229
547.1207783947589,30.85627558617093,17.73126432147779,0.0034603449846747542,0.0034258490629501693,-0.10335061644426226
750.7705207332607,39.5469015742129,18.984307008840634,0.0025306287619987432,0.00249657272658177,-0.09814922923627628
392.35232273946355,28.433421962377697,13.798983578501845,0.004753012727218581,0.004674327501455312,-0.12956521288816658
175.5883686816106,13.300158954177638,13.2019752009398,0.010588255544330183,0.01044478780804926,-0.1343395705167048
549.9343560815101,29.8330499098758,18.43372895975555,0.003449659258750595,0.003408321711957998,-0.10045286830664628
58.460167868724064,42.1997720451072,1.3853195179878264,0.019868877347950693,0.022288674078304784,-1.0064011688390784
98.11736062323413,8.796699408526816,11.153883526829054,0.018706613511879168,0.018483587347180235,-0.15772462057534828
520.7088068359019,42.725976193308874,12.187171674674287,0.0035496566066570154,0.0035052160186770202,-0.1440771296373109
59.758369122037756,3.96720630004933,15.063085860015573,0.031384573411114405,0.031043653595765695,-0.1189256494633792
193.3293040746664,19.280212740221685,10.02734288669698,0.009406916632717493,0.009214859182168293,-0.17124146754364714
114.3305461764924,6.652738715930184,17.185485716239608,0.016531209263977123,0.016356772558648626,-0.10624381247035732
386.10877381903845,21.516782979054792,17.94454004554912,0.00490646370583346,0.004854469344078475,-0.10253805771853677
97.61270140301181,5.789315166472661,16.860837352284918,0.01934198254882227,0.019158149640731693,-0.10808351469844871
91.41429672304479,12.259951718282686,7.456334153969218,0.01929119361913545,0.018999849650259353,-0.23331583217330729
258.1727184143442,14.54965547677364,17.744249602781217,0.007333465059960513,0.007260074641101628,-0.10335061644426226
189.14330740572643,33.43724771442765,5.656664957029763,0.00898551088130926,0.008700647753542148,-0.3063191799507209
220.08991268221536,13.922713952208456,15.807974898981827,0.008546547375515827,0.0084699110455487,-0.11406352644278
11.188671890726805,1.7170653865329584,6.516159476791156,0.15496983682784637,0.14859044051665132,-0.2615867060009614
8.774618185009478,1.8434847848001419,4.759799623711439,0.1883575630869833,0.18557319821241663,-0.3644247719978251
408.6645617940572,47.89410370865115,8.532669580373414,0.004380598050412288,0.004250081988996445,-0.2027771887621195
97.4530589874474,23.985128576745083,4.0630617707813155,0.016469284004611777,0.01628490825604877,-0.42605827893674014
114.33168076901924,6.832096207883749,16.734495137391168,0.016506583484775756,0.01635661023905546,-0.10880193727536132
506.0115559584647,26.513631945777494,19.084958145051534,0.0037556908958072356,0.0037041707524523523,-0.09755855859825942
148.15236435095895,21.242768880394742,6.974249222646813,0.01180671464314428,0.011713839865702087,-0.24551035500853874
103.10771945245821,7.0087900081296395,14.711201124996105,0.01816258079553299,0.017992039008561476,-0.12143784495473162
18.32601022162493,11.688320407323207,1.5678908160442744,0.0666348360296613,0.0711011077933057,-1.0071452439729913
90.4419210139595,39.568478741287564,2.2857062968050945,0.015383384742798486,0.015262999009641535,-0.8013972431550005
2.5947705365068017,1.0455972730365348,2.4816156310079975,0.5493950349623844,0.5425235169279192,-0.7319851383219487
58.68642517717206,3.5291644922538112,16.62898550237126,0.032146283763068544,0.031865610056657306,-0.10991373381799678
103.0499195512278,8.044847012115957,12.809431850727464,0.01800264820629192,0.01779934162727885,-0.13649634443750008
221.86864761541406,12.282396217927612,18.06395459638165,0.008541495127493479,0.00844803096845502,-0.10175601203112118
326.90940689745065,31.73078372690516,10.302594783382476,0.0055766198331486634,0.005449529059876492,-0.16696830820621486
215.4749074198057,11.261008451504116,19.134601341234678,0.00882083454804379,0.008698707559170613,-0.09746965201511303
178.18140671251405,10.899188751630263,16.348134780752584,0.010577500007816843,0.010471374702165432,-0.11106247497193811
363.6746610442484,48.67825267338302,7.470988399776797,0.004850214303007322,0.0047758562244476065,-0.23331583217330729
109.16609542109637,24.466167275865743,4.461920585689018,0.01496644567439077,0.014918289636704163,-0.3881226250545297
662.486053992098,35.40651479354009,18.71085188291304,0.0028657705919982535,0.0028292719442009695,-0.0993449122371446
192.51937393373692,12.847120481626417,14.985410482377945,0.009738686954235614,0.009636007392746625,-0.12033918442793407
237.19981577752412,19.014250748437195,12.474844205839657,0.007805972666209358,0.007732808378216739,-0.14093022118470583
27.109390231830382,4.37034427449843,6.203033108859973,0.06353293734411616,0.06070476977180068,-0.27526249160821264
150.7011792986918,28.39462830637587,5.307383413251182,0.011167207243679825,0.010920082379816193,-0.32832583858702225
121.84939021893985,9.21837438755619,13.218099536445749,0.015259282143130982,0.015051230450522821,-0.13430770462602354
21.389587411390735,13.000411037173365,1.6453008562751874,0.058156443449432806,0.060917473681380195,-1.003900024869933
582.0197807201047,35.72680163053899,16.29084480438346,0.0032375735570881158,0.003205740314078674,-0.11183877057244754
297.5220053955618,27.870466400012653,10.675171384840073,0.006146423698629653,0.006038084276451182,-0.16212800125053764
19.507542116506343,5.273838010484606,3.698927058003024,0.08070575527880608,0.07975917746734043,-0.4762965897576839
289.10439297675293,17.967539156794693,16.090372223701195,0.00651313191050684,0.0064479891268578605,-0.1130921114958023
121.3812634394569,6.72568564807454,18.047418477580273,0.015611955590585981,0.015441866008580066,-0.10198567389152059
855.4720708524646,42.7930992587527,19.99088838318927,0.0022265140256438674,0.002208781993617657,-0.0940391885972242
248.041009042267,18.662939718353396,13.290564765546556,0.0074989515876838254,0.007393871116402482,-0.13430770462602354
100.1452164051284,29.145610152655948,3.436030876711719,0.015469001577665172,0.015363391641251993,-0.5134022312408418
39.483040005676706,20.294324107234463,1.9455213091625903,0.033457480597877766,0.033452588798155436,-0.9666357833130587
226.27483730343965,18.47030215227942,12.250738262855926,0.008171765962125892,0.00806628289976305,-0.1440771296373109
234.51469568842822,45.574814872046815,5.145708136101879,0.007140574439927744,0.007017339735773192,-0.3386509138713664
21.097409523892807,1.628470823992123,12.955350021054388,0.08800539162330569,0.08694056588694699,-0.13642237085943215
266.62183598479237,27.82028388904371,9.583720894012673,0.006792506455451989,0.006682647640500208,-0.18063068011005493
16.755808441540385,1.5216755037185532,11.011420240776586,0.10942425149927637,0.10823475403658932,-0.1597842630273994
124.43285520020501,15.987599534454425,7.783085567789165,0.014242939205539745,0.013958193684678752,-0.22317195245009092
25.926758989541053,1.49023758692717,17.397735245023135,0.07294745047736495,0.07225752071364365,-0.10507824526938718
307.88690699090984,25.24294179089557,12.196950321454059,0.006003664959215249,0.005928140526096777,-0.1440771296373109
599.7262845130708,40.02011787963334,14.985620140271449,0.0031262387604210603,0.0030932746460806643,-0.12033918442793407
153.58937146774548,10.258191864015082,14.972362917730633,0.012206467763883526,0.012078427646030343,-0.12033918442793407
16.09449109371655,2.3286649738162533,6.911466988461049,0.10855903259293383,0.1078277692427202,-0.24880816012122664
59.37580571789285,24.699428361043008,2.4039344089251435,0.023788218039598397,0.02347274738680207,-0.7607281560446899
163.70279639335183,15.960275441297542,10.256890427452616,0.011131948149259491,0.01088254050684619,-0.16969828060194272
236.44743455880587,14.921009846713515,15.84661071789893,0.007956448172044642,0.00788395943444809,-0.11406352644278
678.3684384390338,40.92032130191486,16.577788659916745,0.0027805244735373017,0.002756730169549343,-0.1099622645995206
73.50748334394267,32.577053425450785,2.2564190316400756,0.018852889034597,0.01864032973230263,-0.8168780506651379
14.29893594403886,10.838513937901547,1.3192708913752882,0.07956256539120413,0.09112563573181044,-1.006370536956614
208.3383386441452,14.638640500603698,14.232082455713925,0.008969535813388474,0.008802908117518889,-0.12596979872875796
32.360472443499056,12.763475973205514,2.535396510436005,0.04432236251869338,0.044381937791220794,-0.6986694083805378
118.51554668716057,8.8555264344742,13.383229959744055,0.015702152388164872,0.01547462171593417,-0.13297970256312866
374.57103785235216,48.49483087080895,7.723937399641949,0.004727396246915695,0.004636925224065719,-0.22442948299034765
191.87694256808908,44.053933838223486,4.355500765781935,0.008477059172855631,0.008388573339039834,-0.3992829470072451
60.27769645116238,4.203903090682322,14.338507608504102,0.031016600304744606,0.030425569662020136,-0.12454269401183515
917.9378961805986,48.10415838585719,19.082298224979983,0.0020703032446114035,0.002041917229676597,-0.09755855859825942
20.428509442318674,4.860704331905753,4.202787918661409,0.07908509998988042,0.07815122008721101,-0.41329706145980005
272.04151123354694,34.52399947641558,7.879779728863307,0.006523891077532766,0.006384532587495292,-0.21933465485851883
824.2228378139761,49.467713603466386,16.661834109030252,0.0022891400127370907,0.002268899446264834,-0.1093124488965225
568.0595101223788,37.29457152790154,15.23169423457221,0.003303851515377114,0.003265710858485209,-0.11859574204555984
695.3917592162115,39.40055218689696,17.64928968298751,0.002721857549354237,0.0026953917430613053,-0.10391568772892436
209.21819182289215,34.67584886969418,6.033542036969241,0.008200282361637851,0.007865804012254637,-0.28410247130353905
239.07925505546206,46.37960444398491,5.15483600866434,0.007006263541818272,0.006883362976412989,-0.3346807320267716
187.18367529117282,20.63303934685273,9.072035978050174,0.009623864969107962,0.009511058902388153,-0.19249598843847712
271.99013755238457,27.64443756733137,9.838873982873398,0.006674797123132137,0.006549878348039488,-0.1788226028080648
111.16992172256228,8.089535368895753,13.742435956212072,0.01677015851637019,0.01649711742190363,-0.13055290822122617
96.97860026257533,18.904722040137294,5.1298612091030265,0.017258738878538207,0.01696940653114623,-0.3386509138713664
124.28268377407733,8.648954143430814,14.369677733633774,0.015045327292522469,0.014756546903788975,-0.12367370116581694
248.07638400118404,37.1904249377124,6.670436931459362,0.007010980378121718,0.0069409963012493315,-0.2590098444417892
64.44733825935619,13.020390436316168,4.949723940658583,0.02581720199719406,0.025535101016189048,-0.34858878513836555
483.97299868107064,37.12660459891371,13.035746304019174,0.003838037848064547,0.003789923668788439,-0.13612029659673344
262.36900688181447,20.39715492539109,12.863019761408411,0.0070729820966471645,0.006990996171975984,-0.13642237085943215
109.34276651624936,31.93840352560773,3.4235514129120443,0.01415616815324692,0.014071074197681614,-0.5134022312408418
47.8183815293297,4.668227194091253,10.243370671816312,0.038104957600500214,0.03725559619247988,-0.16969828060194272
169.8014808354992,23.665517037453974,7.17505899265859,0.010337680441567453,0.010220364764742786,-0.24021605750478014
28.47106468463345,23.260145663460897,1.2240277897037561,0.03866138036481637,0.04576574998588788,-1.0050561326993668
66.63743602361879,7.369854192999181,9.041893405017355,0.027024364682804045,0.026716438499056784,-0.19249598843847712
97.12454780874604,14.216179286303767,6.8319726315155815,0.017962878922935646,0.01786811996437432,-0.2517689206604019
331.2439625031611,46.74624517928017,7.086001479536623,0.005291142361233465,0.005239138726085377,-0.24201219289130485
76.29774621743418,13.852587886717274,5.507833398450641,0.022185164590620185,0.021569042000104673,-0.31490181318164073
57.63953446903434,34.97058444754612,1.648229086805522,0.021595912232890244,0.02260600541263889,-1.003900024869933
226.25769193144282,13.53815224995962,16.71259768349242,0.008340428112202921,0.008265260395574103,-0.1088860253336537
315.7164167333307,37.789884235244884,8.354521934176145,0.00565760778385047,0.005501322711036218,-0.20594971400270712
195.46383791167307,12.634998566362967,15.470032456674673,0.009610817791434847,0.009490850738901069,-0.11611035730189036
918.1541980304503,48.40522106935958,18.96808190824771,0.0020691950856602994,0.0020414361879572754,-0.09814922923627628
101.8529220019082,40.407950468521996,2.520615889223388,0.014058679419498937,0.014100925595978312,-0.6986694083805378
640.4330081163118,45.65717469364267,14.02699602885165,0.0029150686748042214,0.0028636613497408417,-0.12820841775481742
18.747205755603648,1.2790767606859814,14.656826182620454,0.09986875988457543,0.09782701893548892,-0.12220993775424631
44.938637322200364,8.538715678640255,5.262927003719675,0.03739900888453775,0.0366203648071941,-0.32832583858702225
138.08354253256067,24.70033016994265,5.590352095802826,0.012286229383761576,0.011917924920626292,-0.31076489022478127
654.9151819603434,39.769855961830906,16.46762770750032,0.0028790025562981255,0.0028554518078467727,-0.11089714911713303
58.456399330439595,3.568492527882443,16.381258717424817,0.032245118694739894,0.031917878898061074,-0.11106247497193811
64.9313062067278,19.254323205658224,3.3722975101844446,0.023757023781374082,0.023695352373344122,-0.5145785654666981
227.14462258762435,43.10426116835691,5.269655863035011,0.00740058560910054,0.007245028625066061,-0.32832583858702225
96.22175478994676,15.669565936005274,6.140677743271112,0.01787448737778748,0.017102881736772324,-0.28013994684396
29.87322350749486,2.16666686896017,13.787640331543752,0.06242218610927985,0.061392211388932263,-0.12956521288816658
475.97466810028743,29.69144021652864,16.030703281120115,0.003955179054133752,0.0039164730969425705,-0.1130921114958023
351.4599028636681,26.846339134576283,13.091539263579195,0.005286722178930585,0.0052181863065965456,-0.13487604758876864
216.73508307047288,24.698988070169676,8.775059223265739,0.008283834963934896,0.008178087348644928,-0.19849310542358004
256.4712216514209,34.58484364032822,7.415711469412528,0.006871528335941867,0.006772135612090904,-0.23331583217330729
698.2846780167835,49.21130602488936,14.189517296363064,0.002675599658992282,0.00262641199238352,-0.12722307658369517
301.290289339817,21.984839566349788,13.704457038702929,0.006186680697544526,0.006087097119723118,-0.1307087181154518
58.79552715559051,11.090423816731182,5.301468016658722,0.028618055162361593,0.02798970214727786,-0.32832583858702225
284.78397766582924,22.727961788450898,12.530115120597433,0.006503812513911686,0.006440744095892269,-0.14093022118470583
571.9994179354187,33.13523459684653,17.2625733571796,0.0033050495317541936,0.0032751839704423004,-0.10531834055107443
110.28819257587324,37.66866082723683,2.927850105468254,0.01351745427128663,0.013459527390456413,-0.6067618118297364
141.30420061307433,12.378412991507389,11.415372932703137,0.013013833855961793,0.012832763125030485,-0.15431342543842827
139.76210573997318,48.70744571459374,2.869419730176851,0.010611793706540053,0.010621097478172428,-0.6200479169228504
370.53108335235896,22.17021593679695,16.713011925940293,0.0050929294189254746,0.005047022569322739,-0.1088860253336537
41.7487955013883,3.341670670049852,12.493390170242444,0.044355274403147966,0.043934698012902215,-0.14093022118470583
524.2572988341053,44.4940653157875,11.782634270734686,0.0035164750821993734,0.003458842326224196,-0.14958899205843956
4.773924483071804,3.3818366595219005,1.4116366234396154,0.24522542593295688,0.2729409802793016,-1.0064660546555555
485.38156014256236,26.93188012475516,18.02256500081518,0.0039038601036046013,0.0038616077739618538,-0.1021196780289652
58.99725428729076,24.123592350651876,2.4456247406989746,0.0240613526076267,0.02383668921859973,-0.7320924499778871
70.43056560877213,7.1963462695546205,9.78698953199914,0.02576426076480823,0.025294448474694056,-0.17952538509796961
82.66585554001496,18.685616983564433,4.424036712982318,0.01973330974085947,0.019700654149906897,-0.3899687936469957
556.6576133864946,46.105312220796634,12.073611186508876,0.003318054105575546,0.003278850063117961,-0.1467919710521373
140.88212592717198,17.448859956048253,8.074001756105469,0.012631766225943508,0.012328447503126859,-0.2128335309748802
329.04624257874235,38.76644489481784,8.487913799460319,0.005437550329592064,0.005278461410196497,-0.20579264467921993
427.8322959773347,39.79304915251105,10.751432852949327,0.004276928145211332,0.004198988621402104,-0.16212800125053764
259.94037488745374,16.371866106765292,15.877260001536381,0.007238188191748781,0.007167767231188336,-0.11398899085355466
81.47218053659468,7.581810559056486,10.74574204960529,0.022458285983520253,0.022050016715463413,-0.16212800125053764
179.0786484400919,31.939812233275497,5.606753325040666,0.009477843756503242,0.009189645482653391,-0.30962730486686063
19.028691072266106,1.1661200442806665,16.317952140171087,0.09903534073469421,0.09805216068513706,-0.1114114205379759
157.5567347969311,44.36714359253406,3.5512030308717946,0.009904722591265088,0.009765181936607954,-0.4910462853069257
169.66789346506718,41.95891411261267,4.043667407828978,0.009450598546055556,0.009353650195513503,-0.4303661218707792
200.48853634555738,12.961583706488748,15.46790429978013,0.009369870579188875,0.009252988446556379,-0.11611035730189036
149.76455657329493,24.770430468570286,6.046102297790997,0.011459020531627081,0.01098837622419543,-0.28410247130353905
536.8961265397008,36.07859295411501,14.881293381438928,0.0034905553979185395,0.0034552644706690094,-0.12033918442793407
95.57013477160534,48.35888566868533,1.976268341383464,0.013895738287399135,0.01384019879737259,-0.9559836153523664
949.6891054541412,47.790954793996335,19.871733250523892,0.002005052611781003,0.0019886523010904295,-0.09419635696719965
22.161663550507487,2.6046603973163216,8.50846566152788,0.08075481868901815,0.07837218039447559,-0.2035187682542239
253.90615868071376,20.20014127662782,12.569523905978366,0.007296439375203176,0.007224010367792743,-0.14093022118470583
255.6614483252872,44.28934014910228,5.772527824180495,0.0066677604355447955,0.006436908276383233,-0.29973366683317254
45.31575149156765,6.509433045663552,6.961551209403108,0.03859127599561561,0.038296464576014204,-0.24551035500853874
117.3986679466282,25.446782160813097,4.613497581136874,0.014001145983268622,0.013870122959361967,-0.37860353983272665
556.6412803992063,29.659160992055128,18.767937520158277,0.0034112203553081093,0.003367255128186006,-0.0988667621260604
241.1867949448086,17.499697073852506,13.782341141503661,0.007731366196947477,0.007603995288633526,-0.13055290822122617
532.701044337597,34.57219878123407,15.408364614250374,0.0035256378196230997,0.003482475077140581,-0.11647880534144663
646.1514842134732,38.672766038471934,16.70817865912868,0.002920457327941008,0.0028941800583980873,-0.10914581731440122
107.05258769223789,16.027127761992226,6.679461802638734,0.01624963132729815,0.01608459263712294,-0.257982956104573
181.65547996355076,25.462569754228724,7.134216291479461,0.009656328855573978,0.009553430879599662,-0.24201219289130485
120.45793933682269,10.61955416976773,11.343031676390737,0.015258149560965188,0.01505555229766366,-0.15525947258038955
278.35494955731144,42.69256219387327,6.519986977901683,0.006229607540300831,0.005972696687030048,-0.2615867060009614
31.995581250828067,4.79204145755243,6.676816453747886,0.054366111554807944,0.05381672082406577,-0.257982956104573
804.3350149065664,49.52587896632614,16.240701461420876,0.0023423019069634594,0.0023173235997223126,-0.11218122210291649
22.969486753905617,10.033304804801023,2.289324126076038,0.06060093421013561,0.06009777082334776,-0.8013972431550005
165.89622281622906,18.065926808185097,9.18282380846726,0.010871801640083542,0.010731497866783743,-0.18796039977881177
85.16480557682073,8.834885755643844,9.639604623344031,0.021276665610807835,0.020921080851202478,-0.18007056360018975
50.1002459695631,20.822515165795714,2.4060612068546217,0.02819969172072874,0.027818491936160268,-0.7607281560446899
265.74727334699605,19.858193901725308,13.382247885287674,0.007002667068198268,0.006901230742060127,-0.13297970256312866
303.06303145002664,30.56387456154056,9.915726844114849,0.005994720341682088,0.005878322751247228,-0.17514405718807308
94.67639819766043,25.67928975969439,3.6868775999506918,0.016617411556890043,0.01643393224965856,-0.4763796078590647
124.32548613757197,49.67662699779608,2.50269580789146,0.011494113283808595,0.011322891876963195,-0.7319851383219487
56.80106519404921,8.781266793497398,6.468436334961474,0.030496018354147253,0.029269339920997568,-0.26880319008702624
77.68006135649026,38.99058522387392,1.9922773897973398,0.01714227235916084,0.017220252801222385,-0.9281512709788704
318.60288949804396,20.985903331979603,15.18175722331368,0.005889475866775945,0.005822665680763797,-0.11859574204555984
34.58017132949588,19.228456515801632,1.798385185055205,0.037168760477410794,0.037680542868726484,-0.997824328210271
933.7485401606583,47.90677061730962,19.490951448588717,0.0020373750114131076,0.0020073425824706035,-0.09583585117256349
652.6288218594848,40.107004002618794,16.27219080779186,0.002887103460415112,0.0028559947855433436,-0.11218122210291649
144.78370460272603,14.983494848358827,9.662879459566437,0.012518214044381058,0.01230621766474719,-0.18007056360018975
548.4577307669028,35.74856903856492,15.34208908264933,0.0034234481905894734,0.003382426769476744,-0.11647880534144663
6.3241202026228205,2.291414947687399,2.759919240731764,0.23213880102711743,0.23183331239638236,-0.6452154597789044
131.10101509949175,18.53932019214223,7.071511454614072,0.013365380370888642,0.013237373260727799,-0.24566395106645328
633.9997595242985,35.12855523570094,18.04798846039556,0.0029889633361537735,0.0029563941907337836,-0.10198567389152059
195.04514681804548,10.056269277740032,19.395378289022748,0.009751273482509596,0.009609842831581993,-0.09602694898365999
219.2239063798631,40.36543053959301,5.430981497022167,0.007704476708226843,0.007506796680402229,-0.31823888135364153
529.9551711459342,37.63732402793832,14.080575195849379,0.0035236547646517653,0.0034606384696186303,-0.1272999322756782
283.1543013070599,23.795951536261228,11.899263657331709,0.006515713805327519,0.006445944286779916,-0.147704426351155
353.9945731473008,20.495182443032075,17.272086946835227,0.0053406000301590845,0.005292180916979388,-0.10531834055107443
140.43782462915325,29.794797001392084,4.71350164334369,0.011748629497938333,0.011594696542650778,-0.36667374883688886
101.69040935485206,11.244041299301678,9.04393773092666,0.017709387953944413,0.017507206161865022,-0.19249598843847712
570.2577439714062,47.8521860499917,11.917067767304333,0.0032356703926933574,0.0032006524594936857,-0.147704426351155
79.29260089868225,49.483361432524674,1.6024093473683139,0.01553084879968573,0.016432802221406643,-1.0071209801278498
273.6262034879993,34.950371399776934,7.82899272680535,0.0064813733859330185,0.0063475568914152704,-0.22317195245009092
658.6445564241723,36.16287900567413,18.213277663009844,0.0028784953902554157,0.0028457734717496908,-0.1009016411972466
237.17559416804556,21.14043488269656,11.219049914728751,0.007742454106892187,0.007646489984417924,-0.1554470615674649
192.14729109243098,44.53850854028536,4.314183330109326,0.008450021095915153,0.008368119599588587,-0.4008401792128585
260.18066325139284,15.199475667667908,17.117739383921325,0.007262687889731352,0.007187616162343492,-0.10656027883392642
268.1614923551755,37.47723864966289,7.155316187031502,0.006543673288475797,0.006471596859379538,-0.24201219289130485
226.2781745448994,19.832132863957884,11.409674193748883,0.008126437372968077,0.008013690841754429,-0.15431342543842827
109.6177448684342,47.341495370203724,2.3154685759551765,0.012742161576210722,0.012679642015376018,-0.7845571358497296
40.00270431114737,2.2761679524695726,17.574583750617197,0.0473049514549398,0.04685566234235655,-0.10415929565028174
696.384861014207,41.514244487447726,16.774600371801693,0.0027103976479823976,0.002685409814325083,-0.10880193727536132
41.894868318322125,3.873610876847727,10.81545608226281,0.04369819655731687,0.042880262303903884,-0.16212800125053764
253.16308661490717,34.423763498924565,7.354311698743116,0.00695442089653392,0.006860628525453341,-0.23475611431881827
54.95544047101119,5.345024033532265,10.28160773950605,0.03316724035930612,0.03241721470278056,-0.16696830820621486
61.84634563362176,5.5898859277589175,11.063972759533044,0.02965764773168847,0.029323653431326067,-0.15752546669499704
702.8671400849403,49.425170949011836,14.220833769296105,0.002658541062650495,0.0026092886519340076,-0.12722307658369517
72.52756858758087,7.497280992807806,9.673849580555547,0.024992236917495324,0.024566379624295018,-0.1797801710760859
901.9494146947682,48.88987817756031,18.448591985012325,0.002103404870825574,0.0020781134456620922,-0.10045286830664628
709.7519681964912,38.021041055329036,18.66734703985735,0.0026746084376608986,0.0026408566512989883,-0.0993449122371446
425.3618955778195,40.47702390598562,10.508724568431482,0.0042933295530914305,0.00422058395396143,-0.16682248512960882
20.244952431665872,2.9273665053540108,6.9157559856747834,0.08630987711828954,0.08572176583718857,-0.24880816012122664
677.9957899627282,42.053109998123254,16.12236978413691,0.0027775891333334983,0.0027494890234398407,-0.11260787068991106
351.439450205897,36.947183404680864,9.511941583113286,0.005149507802076764,0.005069834311730634,-0.18063068011005493
717.0423756648344,40.65345153364257,17.637921224756266,0.0026395816476842016,0.002614006186519131,-0.10398188862679351
773.1107402480919,49.680500406278846,15.561653645307944,0.0024307502330838966,0.0023995503022983897,-0.11538752843956268
302.71797482829294,15.329762037398199,19.747075922626056,0.006288364192462665,0.006238814943027873,-0.0946648783172613
280.57373195969484,18.064402338083628,15.53185799943048,0.006697068359011904,0.006611873811262323,-0.11554131269698573
87.15867156490515,17.807970137786803,4.894363079594502,0.019053672362547427,0.01870965485769586,-0.35579358566393204
106.5422482306918,33.84427266320361,3.1480141201712795,0.014246381969331704,0.014213593514799663,-0.5642487625058341
37.792122587770734,3.8929316724389142,9.707882328202807,0.04797882683600329,0.047139514556166454,-0.17952538509796961
82.94847238245552,9.52160688871874,8.71160439113837,0.021628617773051494,0.021282541808337316,-0.1996408386450624
469.56411277339316,33.09674894024533,14.18762047055346,0.003978825789582524,0.003905714262550568,-0.12722307658369517
48.05291868607702,5.348185723575854,8.98490089344697,0.03745240893629302,0.03704904946337163,-0.19250641300682483
244.86627169051812,44.44037194937425,5.509996000246483,0.006913080096734497,0.006720685871989328,-0.31490181318164073
53.173200327343324,23.114339067888668,2.3004421701684556,0.026216601241237585,0.026139366351997248,-0.7845571358497296
66.45921978903542,9.84945959719043,6.747499102183534,0.026209338388327702,0.026112751206546648,-0.2556930725164505
108.9164776253807,8.468158094641765,12.86188524211631,0.017038004912076046,0.016840617349605503,-0.13642237085943215
423.8607945175408,34.49559654565984,12.28738844845024,0.004363416849846497,0.0043061233178334655,-0.1440771296373109
760.8034513306582,42.83630619892687,17.760715590125223,0.0024886772726974904,0.002463649714924369,-0.10335061644426226
120.13467497701758,14.426179931181844,8.327545861073682,0.01486316359512168,0.01445759015000721,-0.20594971400270712
104.11328269163937,21.641292341835033,4.81086254217715,0.015903993945887245,0.015662830146893417,-0.3622301153929501
710.9129941548182,47.934360238526395,14.830968654160412,0.002635576164851871,0.0026094868510287,-0.12107111210965613
230.94485638003306,43.92372540512307,5.25786130957591,0.007276204457456865,0.007125810544007622,-0.32832583858702225
341.1215337100916,20.51995142433338,16.623895771291934,0.005530338974403293,0.0054821480191405364,-0.10991373381799678
31.279316361970203,4.671382661825817,6.695943926320229,0.05563174164363775,0.05504906961051848,-0.257982956104573
88.33555001446089,13.112545310895904,6.736720287331114,0.01971451502944189,0.019645919128235302,-0.2556930725164505
45.092810253738826,14.135303141359051,3.1900844150840997,0.03376774787098881,0.033772504558334776,-0.553417555242661
457.31062806524585,48.36750064193082,9.454915428662723,0.003955085036232883,0.0038961259017479036,-0.18063068011005493
105.24340437309941,36.88217627525319,2.853503101000971,0.014072062121937108,0.014073113400615381,-0.6274572021233737
378.4854477966277,47.574010191802046,7.955718810979031,0.00469418050110347,0.0045889687535762705,-0.21933465485851883
367.5658933310629,26.137536420326427,14.062759680947485,0.005079965905460702,0.004989535987195348,-0.12820841775481742
667.0023360581843,34.214954673786785,19.494467913739395,0.002852182948757987,0.002810114904636177,-0.09583585117256349
345.5864183121365,23.976727684979455,14.413410489231765,0.005411795038717437,0.005306873057680398,-0.12367370116581694
24.02091922230126,2.059957232991164,11.660882487070689,0.07668453947199129,0.07548933986489005,-0.15090519890616375
73.99218003500974,13.923793127311496,5.314082115301915,0.02274899461452079,0.02224112456071046,-0.32832583858702225
134.63797603152543,7.800782685426448,17.259547081481752,0.014041122079519897,0.013914375274668067,-0.10531834055107443
343.71311105084106,23.341840567799792,14.725193159145956,0.005448775424988519,0.005397286431119112,-0.12140666851256769
719.4410850069665,42.127435745239794,17.077732652841565,0.0026261589673173286,0.002599349382857183,-0.10656027883392642
518.262184516346,29.709348232384734,17.444414480672226,0.003649824635903283,0.0036147791227961416,-0.10482304948765182
361.59618011651287,21.034995704363453,17.19021887137843,0.005226965616979086,0.005171732565627179,-0.10624381247035732
43.986664687246225,3.301376426335442,13.323735014389687,0.0422939913115914,0.04169407399903866,-0.13342349830142772
159.73444619332966,10.365673211409248,15.409944239561188,0.011757781281982339,0.011613763685180065,-0.11647880534144663
573.5351947298848,30.081191944548955,19.066238990367392,0.0033133626656804446,0.0032680700734799848,-0.09807797984233034
80.9062403207436,5.2710650720657934,15.34912569179031,0.02320796630718137,0.022929233927049826,-0.11647880534144663
526.3249130302656,26.657363332769307,19.744072452329373,0.003616752444859539,0.0035882805053031722,-0.0946648783172613
18.269401087981684,3.8269990759362855,4.77381904867903,0.09051248099977272,0.08912902792178667,-0.36413272368373106
410.2152143890974,28.780701406179382,14.253134716898243,0.004555851041066834,0.004470783111182645,-0.12596979872875796
132.80542396147013,7.616226348081116,17.437168735791317,0.014242817938623554,0.014106376598503433,-0.10482304948765182
236.22375393581166,14.277531659887499,16.54513956354785,0.007983990961339553,0.007916556693206693,-0.11013814527328804
252.24896470751298,30.77819952082795,8.19570243336727,0.007066459523250701,0.006885490672423428,-0.21101667776337904
717.5589999705553,47.23621199198193,15.190866703967641,0.0026150791332333395,0.002585317877064555,-0.11859574204555984
74.54975873717198,15.816986831547801,4.71327184697901,0.02213203526820706,0.021842243184525826,-0.36667374883688886
37.69914966134457,28.898970163220394,1.3045153321527052,0.03003087782760937,0.034563103939849016,-1.006370536956614
142.14593980781115,19.134991137219096,7.428586655121354,0.012400722070990926,0.012218835768157509,-0.23331583217330729
604.6764965633397,47.45749182260214,12.741433930466508,0.003066854412771954,0.0030333917940926144,-0.13751371645582958
102.58856710988208,36.30274741254288,2.825917442117258,0.014399748514707062,0.014437304332587546,-0.6349492184263246
320.22774154460404,31.448871429112863,10.182487542244925,0.005687042942913788,0.0055632354156502795,-0.1709893682040057
42.60326267906567,2.231266800346913,19.09375547220162,0.044608475280606505,0.043995531987865065,-0.09755855859825942
590.4263879170026,37.110775757042724,15.909836856615804,0.003187062242322971,0.003155672136799914,-0.11351724158657407
266.6946556207943,13.508206329927479,19.74315827778936,0.007137685839738969,0.007081512077869454,-0.0946648783172613
37.77853864046771,31.98166346229144,1.181256212173303,0.028669641711386272,0.023923954214894114,-1.0044352161638639
37.36581018769513,4.871739588571703,7.669911231575094,0.04735123156040161,0.04648254339722597,-0.22442948299034765
50.18150717511505,11.872273903194227,4.226781456045565,0.03223010693701458,0.03181476658142352,-0.41333838848449134
504.0832809864811,25.981665686444398,19.401499775646798,0.003773122543857049,0.003718340355022645,-0.09602694898365999
213.9872396549338,20.23851011565372,10.573270385621063,0.008538770830956463,0.008389638531705643,-0.16682248512960882
680.6692268661922,36.73610549530614,18.52861694751946,0.002787824274202922,0.002753691708105848,-0.10024824039633771
284.54139000871237,22.91120833361899,12.419309617607018,0.006505067808121469,0.006414521454089741,-0.1440771296373109
70.869869864536,27.027140232860017,2.6221742017074865,0.02042963312168814,0.02038957993428642,-0.6897160087604138
73.86225154837098,41.80990201343864,1.7666210153908037,0.017290246082703877,0.017640941087961104,-1.000392622563557
359.84263936139723,18.216286768807375,19.753896275808145,0.005290180608805925,0.005248409216410646,-0.09463400814646526
113.14618659309592,28.866623436429727,3.9196197242212003,0.014083236572702022,0.01387091663300095,-0.4485643884026976
290.1816845958411,20.1156169716071,14.42569149161213,0.0064454314939160606,0.00632012063406165,-0.12367370116581694
612.0280696222492,44.28099178578198,13.821462549507824,0.0030473447916584354,0.002996567222109438,-0.12956521288816658
257.8511340221876,13.020862229913078,19.80292314512177,0.007383561341418991,0.007324386732072232,-0.09424755040194334
115.55497881987264,5.899134905453129,19.588461812096252,0.01646712440323837,0.016351967915525033,-0.0950353073059452
516.1829271066248,40.301485731336435,12.808037166363487,0.003593991051430161,0.0035534315965026517,-0.13649634443750008
149.97750833679535,40.7719764420565,3.67844586955301,0.01048495623628409,0.010374258986407783,-0.4763796078590647
152.98973989159632,9.19425556456085,16.63970930733027,0.012331673013572141,0.01222355657078729,-0.10946120500189957
168.82522017648196,13.644523480293508,12.373112217536406,0.010960721267641985,0.010811162271131212,-0.1440771296373109
391.57123128273423,20.05976192784892,19.520233225655424,0.004858720633256193,0.004786749015866475,-0.095752505942238
66.2697325414225,17.48256898632847,3.7906175341419237,0.023879940771983542,0.023682626462900085,-0.4606875429766859
385.2691885406965,24.756588791051787,15.562288964461501,0.004877742109325525,0.004815121908656036,-0.11538752843956268
267.9255556233212,46.224083927430236,5.7962328911472305,0.006366392789309238,0.006142263244909813,-0.29972069979973437
2.489320293145697,1.756809582839498,1.4169550971609886,0.47101715171535025,0.5234359080977906,-1.0064660546555555
398.7637404632817,35.35511289122359,11.278813949488736,0.004607033268759655,0.004547958154990082,-0.1554470615674649
106.64906083695296,9.743663749107554,10.945478372724141,0.017183204595586254,0.017004939294561025,-0.1601612996055388
210.19432062112799,21.514360108163146,9.769954558926177,0.008631528148643819,0.008475501657562747,-0.17952538509796961
137.78537193690846,33.82976341706645,4.072903798889662,0.011653983757754128,0.011518016046061692,-0.42605827893674014
46.977998888846884,4.356298394310237,10.783925855539389,0.03896030735490761,0.038240516521951436,-0.16212800125053764
403.629243851682,40.5392811232348,9.956497319838876,0.004502795420078324,0.004413709710016151,-0.17405732920395384
266.96756939056047,14.903237290395168,17.913394532248077,0.007095449236301236,0.007020902240159984,-0.10253805771853677
56.40947697347627,4.659956483030944,12.105151019948202,0.032749607893847114,0.032356209429943994,-0.1467919710521373
823.8709345623294,44.34916565127259,18.576920725873645,0.002303563347022206,0.0022750568412514484,-0.10006095341357696
40.393431097489504,2.257977567523727,17.889208324504335,0.046891768937999734,0.04640242621282907,-0.10253805771853677
106.78857790509748,30.652742551206185,3.483818054019292,0.014551664618471521,0.014407628707231607,-0.4992515173048229
43.40382318459768,3.005353646267796,14.442168308045474,0.04309492511123047,0.04225395640013007,-0.12367370116581694
43.83805193824399,14.856683344901338,2.950729373476804,0.034074606356974506,0.03386160842434457,-0.6067618118297364
192.3588849463253,12.419369561745302,15.488619127563267,0.009766662015967018,0.009644046912572207,-0.11558483690206266
122.96778039901301,12.75355041945087,9.64184688614009,0.01473607713643134,0.014489484785104792,-0.18007056360018975
33.468567884008046,6.756425612032996,4.953590819441793,0.04972033122135472,0.04917059189328203,-0.34858878513836555
210.27002027787015,30.050177322257163,6.9972971547868426,0.008322230174460129,0.008253354755180613,-0.24551035500853874
965.0208359938806,49.428975433465816,19.523383350173887,0.0019715120230403213,0.0019422929910667104,-0.095752505942238
142.4411544887281,13.358964770879766,10.66258927482354,0.01283696064871057,0.012611965615733101,-0.16212800125053764
99.9707316624896,29.730566302796582,3.3625572632663214,0.015420046147381567,0.01527856253951852,-0.5256144831778897
135.02091934679495,45.17247591022466,2.9890086081430254,0.011099185944897099,0.010994051558827087,-0.5945649205313847
457.2576158989841,31.225467866401225,14.643739458296343,0.004094307595225927,0.004010831506513612,-0.12220993775424631
105.17422371188951,27.163852490876007,3.871844899290931,0.0151128084780048,0.014922300029274041,-0.4535117153793148
225.55623307324703,13.446639428726188,16.77417129155624,0.008368100261989479,0.008290964584905407,-0.10880193727536132
638.8395582721718,46.94444447174916,13.6084166180009,0.002916370157363996,0.002870804145881638,-0.13163321059959784
94.35575999943734,40.921363957752284,2.305782380490821,0.014784465706359403,0.014730566141090437,-0.7845571358497296
12.519424125721025,3.819865726223064,3.2774513616476644,0.12240434058779093,0.12169965131680154,-0.536427828735979
147.52521189287506,9.993998546055595,14.761380163608282,0.012696864048689409,0.012574922527950875,-0.12140666851256769
197.2690888915063,19.240865412749663,10.252609987115703,0.00923745056631184,0.009030823444490247,-0.16969828060194272
17.702195106227116,6.650045285360159,2.6619660989674574,0.0821279671947933,0.08211161379430831,-0.6762156906787533
200.64623746615283,21.653640771770988,9.26616634962041,0.0089968560300309,0.0088729047887587,-0.18796039977881177
268.21130348838005,48.93617172373975,5.480839510751233,0.006306214478492465,0.006135719379733234,-0.3165272866883754
596.5388877482299,39.868541481357916,14.962646376897554,0.0031426408746062706,0.0031098024765409704,-0.12033918442793407
212.21917565616712,15.094627331385285,14.059252407968595,0.008798409835717363,0.008641929961184678,-0.12820841775481742
437.7592927690313,38.80451599773551,11.281142967859136,0.0041967097861995055,0.004142826515189922,-0.1554470615674649
38.84380506027484,8.654919246582232,4.488060945873526,0.042106393996591475,0.04192615598479365,-0.38035708239805305
261.2796491252591,42.18356245747543,6.193873487775027,0.006590584702405455,0.006298497790343485,-0.27526249160821264
635.4366390363482,41.08814319548333,15.46520698229555,0.002956284902678761,0.0029194383775001755,-0.11611035730189036
466.4433778986568,25.513015971918204,18.282565197782343,0.004065400968294284,0.0040183938604258385,-0.1006659802439623
3.36428994865096,2.9977797950829594,1.1222605323343497,0.31436310517812616,0.24902588479838023,-1.00897466511782
68.77462267503685,42.46728771787977,1.6194729254178633,0.017978835431141166,0.018945936415321496,-1.003900024869933
539.8727051568176,33.4058704674022,16.16101294781799,0.0034887052910049553,0.003452928745303886,-0.11260787068991106
448.82736867611646,39.30957888908174,11.417760794196107,0.004097210854404479,0.004040135387438692,-0.15431342543842827
925.6443547272223,49.8697394959354,18.561243032012758,0.002050201029225193,0.002024917233505523,-0.10021091784610414
177.2275028470925,10.828664092219013,16.366515882087445,0.010635120520378518,0.01052773550759466,-0.11106247497193811
15.834970407761816,13.347810564044106,1.1863346675309836,0.06853356443075938,0.057076963547537586,-1.0044352161638639
38.47861557653625,4.326759741944676,8.893171304039615,0.04672310393541892,0.046267645927091386,-0.1946067979971986
80.56993237881282,28.23345117689237,2.853704702057649,0.018381781288778022,0.01838281751864705,-0.6274572021233737
351.96683405260444,31.622277923954435,11.130344085236926,0.0052139123284662475,0.005152646868662854,-0.15752546669499704
418.0807421097671,29.857728179298185,14.00242977627624,0.004464898937368234,0.00438667240013517,-0.12898848216919093
504.4016219924002,34.069494216193924,14.8050810144592,0.00371421964855258,0.0036778591296845434,-0.12107111210965613
21.067435561274937,1.7670758500321773,11.922202185543599,0.08758672186914614,0.08663592896623752,-0.147704426351155
590.6586461434174,45.14489475003861,13.083619962208735,0.0031456257654518907,0.0031049799480894025,-0.13487604758876864
355.7129292259137,20.421385076692708,17.418648533879086,0.005317249514201372,0.005266615775820194,-0.10507824526938718
182.26075056564926,19.09487450092611,9.545009083815112,0.009932675083394012,0.009775773322670664,-0.18063068011005493
780.3463524382054,46.53937494646659,16.76744376854704,0.002418713896931962,0.0023964727130098935,-0.10880193727536132
395.9731751995298,22.287335808339808,17.7667343734893,0.004781708880861502,0.004733535813479715,-0.10335061644426226
170.45161917274868,18.938658331319175,9.000195060854443,0.01056020417920895,0.010444693748878593,-0.19249598843847712
211.9175655879039,27.809792637322495,7.620249757040517,0.008342810828128256,0.008195912824893199,-0.22622522963494318
286.22686219749664,31.920830886849647,8.966773553360508,0.006286388502806985,0.006219943675417245,-0.19282298516066276
851.341369826053,47.95148880343056,17.754221841077563,0.0022239696232526376,0.0022016470389160363,-0.10335061644426226
179.49683485286536,40.829440427724286,4.39625997742017,0.00907744660709651,0.008993602658373517,-0.3955206330648886
13.605410364028554,3.677601278379001,3.6995338358228698,0.11572057239680228,0.11435932265120921,-0.4762965897576839
931.6288939581941,46.86746708378371,19.87794416738473,0.0020439524147746924,0.0020272035755115156,-0.09419635696719965
453.63615299234635,28.591046889490887,15.866370851886778,0.004147422626699761,0.004109332931567287,-0.11406352644278
598.5363064936286,30.903395745078672,19.367978568793518,0.0031774290577582993,0.003131561420166254,-0.09636579975439602
417.73612327089984,24.773225363089715,16.862403548522025,0.004519678524699937,0.004476698652901089,-0.10808351469844871
100.87672510880401,18.37078563746158,5.491149213732966,0.016771838569071624,0.016313666912780654,-0.3165272866883754
137.33527835547133,20.978963597728573,6.546332840309654,0.012633102210673063,0.012105627228104978,-0.2615867060009614
551.8705955325211,47.11492518860138,11.713286040960037,0.003338978874801827,0.0032857763209681885,-0.15090519890616375
9.654845309710009,3.2286386466366173,2.990376553835713,0.15523751236673566,0.1537494285202052,-0.5945649205313847
261.71516033037267,30.794585103165783,8.498739614565142,0.006837379031716476,0.006636443572583061,-0.2035187682542239
83.98776145951568,19.318245784017442,4.347587374056564,0.019359958373816627,0.019144593029467524,-0.40036283062797057
265.5509880200096,45.995042215413186,5.773469818254064,0.0064195971249856095,0.006197187609609505,-0.29973366683317254
400.2247766126946,29.883796187311038,13.392701988197674,0.004649988692343437,0.0045823830997243,-0.13297970256312866
113.94620318064445,41.25738903064372,2.7618374758521793,0.012886299675830167,0.012866964353718601,-0.6452154597789044
132.21489382653027,14.741715090915257,8.96875926655299,0.013609459382146753,0.013465313246748637,-0.19282298516066276
433.34951714243624,48.92723645019191,8.857020109516863,0.004146996480965304,0.00409018210647631,-0.19542365953173144
612.0370426060526,35.148354706049965,17.412964211969353,0.003090304583982305,0.0030609312742697096,-0.10507824526938718
716.0059825971558,45.92306554291256,15.591423920253929,0.002624916328996991,0.0025909254329739033,-0.11538752843956268
396.0554670775394,31.137519003217683,12.719557619109342,0.0046817248062727265,0.004631221824282515,-0.13751371645582958
69.19369938335625,16.520425115157707,4.188372811294675,0.023333377219931523,0.023073096997388437,-0.41329706145980005
13.509230508240128,5.037761318383215,2.68159399671116,0.10783419859651275,0.10780817240220973,-0.6700938817765106
287.41407034468614,35.52792675978253,8.089806992904458,0.006193062586880018,0.0060430510292662125,-0.2128335309748802
33.205259712527884,2.6430796307461306,12.563094704473272,0.05579058993077867,0.05523886091045629,-0.14093022118470583
175.30637788590928,22.015134802795753,7.9629936158122785,0.01013574228551149,0.009907556784684739,-0.21933465485851883
9.458050816867965,5.342449881622577,1.7703583611336422,0.13513056353586564,0.13776619024557796,-1.005091017031271
218.21943010135033,24.683687299238606,8.840633389002685,0.008233735414361343,0.008122459306409735,-0.19567547039437674
88.79888570763121,35.85158601926114,2.4768467888679826,0.01604486507184646,0.01585294709352008,-0.7319851383219487
130.7102766775728,14.615667729975184,8.94316148207857,0.013762167575469225,0.013620313616590394,-0.19282298516066276
761.2363244670173,47.7669281459009,15.936472241670465,0.0024721779468010806,0.0024475869599176366,-0.11350322317138538
154.42427638453267,13.22670233637913,11.675191023222727,0.011929545626628254,0.011742475843137543,-0.15090519890616375
48.20874836554907,8.313597318404238,5.798783188455241,0.03538423566465325,0.03413632065696179,-0.29972069979973437
75.9068111876438,23.776920448889882,3.192457633477417,0.02006345435875525,0.020062720538712588,-0.5532592486038335
247.6044036703624,31.823847652723163,7.780467226098441,0.007157472412077347,0.007014648640637018,-0.22317195245009092
60.968756720517376,9.877793281488843,6.172305390797547,0.02823002672597839,0.026992010026068977,-0.28013994684396
423.7657535431329,46.54732075217779,9.103977343815355,0.004252486501670577,0.0042011770568398075,-0.18796039977881177
111.45670074805999,12.501028502327294,8.915802465957924,0.01613453240951291,0.01597315324525996,-0.1946067979971986
325.382482594415,20.840873529542392,15.612708466042859,0.005776617794912558,0.005729079105849018,-0.11510358059965736
991.734933743893,49.9256507110212,19.864236512093477,0.0019200112107981612,0.0019043409288329101,-0.094202377341679
454.3783641281861,35.592733699066294,12.766042866218669,0.004081873418389127,0.004036769502164165,-0.13751371645582958
157.87997729966654,10.354229560966001,15.247872994322242,0.011888188718105508,0.011750179739076763,-0.11859574204555984
14.931420728632869,4.595357045851724,3.249240609521651,0.10242345271186401,0.10204049423546746,-0.5438102070094567
618.9596500517662,37.439843571591744,16.53211100810834,0.0030469249587014463,0.003021325768422155,-0.11013814527328804
116.61052586390647,27.745736369280287,4.202826852813901,0.013854611979141493,0.013690984803066316,-0.41329706145980005
205.47337739312687,11.651469603227545,17.634975191130327,0.00921129031369487,0.009122121949638764,-0.10398188862679351
186.92902409185865,11.056825074194988,16.906211578595347,0.010101732060267451,0.010004218175321915,-0.10786610765472404
49.26964419538859,8.66765131619837,5.684313131437577,0.034520078687484086,0.033401282261161375,-0.3043354672995555
44.61769354711869,8.669764610447983,5.1463558183978435,0.037532283752138504,0.036883782236283684,-0.3386509138713664
180.8859659013186,36.026608344840376,5.020899113508268,0.009220304571787246,0.00909782737691741,-0.3433194594556337
388.177204879053,19.539245225781112,19.866540411032435,0.00490536989490061,0.004865307393488842,-0.09419635696719965
84.63743287658595,7.341922352673958,11.527966220694319,0.021744009783662543,0.02142460225233281,-0.15347801774918865
22.593830902737402,7.731041894263527,2.9224820162340786,0.06595246131412615,0.06570054256000689,-0.6099512912906137
37.1462450913545,8.181409147292444,4.540323607168293,0.04412317455190024,0.04383576201794947,-0.3801588369764024
610.0166287870087,45.08098192232223,13.531573687505546,0.0030529801472400833,0.0030064479653411093,-0.13159897144042307
385.5557786686228,43.189690728219425,8.927032635978268,0.004664772324739883,0.0046175289277404045,-0.19282298516066276
599.7001428969932,45.46730074916013,13.189701895995459,0.003099970433562228,0.0030581671092847432,-0.1343395705167048
659.7875791014113,45.89931298999201,14.374672214489852,0.0028341181087730223,0.0027796571359204932,-0.12367370116581694
400.4417682305806,27.88355138239511,14.36121829457521,0.004669348059571055,0.004579899995309453,-0.12367370116581694
754.9620521638228,38.80799522921433,19.453776153721382,0.002519621402405595,0.0024827118139409835,-0.09599366970130424
4.63841928408714,3.37607554204195,1.3739086185499532,0.24954785590222622,0.2809145849878493,-1.0064011688390784
516.896625431244,48.01542156065498,10.76522101921525,0.00354037413549561,0.003475478179371719,-0.16212800125053764
41.88234035351407,7.630725115471285,5.488644882332045,0.04039337861746384,0.03929267750528388,-0.3165272866883754
347.6954487708319,25.833130089908682,13.45928455284843,0.005354342647890518,0.005274682941420191,-0.13245412726977307
101.13312661703517,40.220712790242764,2.5144538622291472,0.014148890531635783,0.013919514645456365,-0.7319851383219487
187.85264460560737,24.40315615156422,7.697883152444859,0.009422592894354266,0.009245852765440397,-0.22442948299034765
236.41216496433523,14.169198663731468,16.684935441654392,0.007981439525441178,0.007910247514534955,-0.10914581731440122
812.3692895813847,47.580518595927586,17.07356946821751,0.00232571713021142,0.0023020057063932284,-0.10656027883392642
80.55497097720531,36.47572908710197,2.2084540321276274,0.01708953290804053,0.017012496944795497,-0.8314766035315969
73.42945755680434,11.090187251581742,6.621119724225705,0.023663137777426617,0.023449679748042313,-0.25994433674891654
190.20570563086227,39.39924481988798,4.827648512055999,0.008710613582475851,0.008573395090468049,-0.3622301153929501
246.3977004349586,12.680790222716743,19.430784368118832,0.007719668255450171,0.007607023940059145,-0.09599366970130424
381.2943234387511,29.9593124494171,12.727071894007024,0.004863178888815606,0.004810511486805662,-0.13751371645582958
412.1513713937942,28.360123698086557,14.532777634591271,0.004540176640754506,0.00444978078379035,-0.12277063113777566
202.07519786385933,41.261783158209596,4.897393723607258,0.008219054874436098,0.00808626325505302,-0.3554540612432883
250.19733034807695,22.88928156263878,10.930763801536857,0.0073236838159385495,0.007248521808091587,-0.1605250445194975
72.58982848602427,16.781529892797728,4.32557871360574,0.022378534200213438,0.02215064487868292,-0.4008401792128585
503.3731849119273,45.85378301864024,10.977789656031186,0.003641481785819441,0.0036028156836992427,-0.1601612996055388
615.8171110556036,36.94994203137291,16.666253780120538,0.0030638801246813457,0.0030367437129334763,-0.1093124488965225
753.6982748444117,48.155916720418766,15.651208120908501,0.0024942190500955915,0.002473326587918442,-0.11508397781127808
657.9302183861283,39.68214528909471,16.580006287284526,0.002866921666157726,0.0028423663909254316,-0.1099622645995206
9.999016952833605,1.6584008345239298,6.029312542949835,0.1715645811518396,0.16458310856356753,-0.28410247130353905
125.43121803215605,23.152660870418188,5.417572465392851,0.013460410475024621,0.013120093374643583,-0.31977038553775505
450.7287161694138,41.04893365899267,10.980278316454436,0.0040668785999076005,0.004023619397421916,-0.1601612996055388
523.1977212151334,26.55088483671678,19.705472131445198,0.0036380265051756543,0.0036097279256025595,-0.09471503595471148
10.019119607652463,1.465107077369106,6.83848966564533,0.17415190894903895,0.17321213237206828,-0.2517689206604019
75.50200430725296,31.433641228304975,2.4019490379391955,0.018702837486822537,0.01845928861480638,-0.7607281560446899
361.2202634322439,22.714989237733878,15.902286356015038,0.0052092116733004346,0.005158049782361093,-0.11351724158657407
63.14350039279204,5.046515196253896,12.512297682104357,0.029329807050539527,0.029048448555210056,-0.14093022118470583
104.83309094112019,15.801023070581454,6.6345761583184935,0.016579058223994563,0.016425131113863997,-0.2593360261650833
609.7521190041616,40.49952381632193,15.055784896868888,0.0030757323292947753,0.003042413552415682,-0.1189256494633792
103.2202676693178,5.318503119953462,19.40776668571758,0.018426595265971946,0.018158771027304774,-0.09602694898365999
64.95943166233788,4.076678457841952,15.934401580625291,0.0289703460481529,0.028682395358168477,-0.11350322317138538
145.94903885495378,21.046520267598247,6.934592369630183,0.01197636638069083,0.01189067831722401,-0.24880816012122664
623.9214640230575,36.373795077557425,17.15304830559229,0.0030289479932419784,0.002997298294975552,-0.10656027883392642
387.04618192984697,32.386651276257396,11.950793511448648,0.004768343919840971,0.004715708191944451,-0.14723000532158403
43.840547630485595,21.348516703840218,2.0535641065217174,0.03067999242546091,0.030512171185631962,-0.9105188740307262
262.95370368635463,14.37016905129629,18.29858109168412,0.0072117844751576985,0.0071280730398836254,-0.1006659802439623
269.9095216443086,37.59715922768742,7.178987114684478,0.006503923733717279,0.006429684514869642,-0.24021605750478014
531.6240101767487,43.25064217143152,12.291702122469385,0.0034790192815610074,0.0034332475882354893,-0.1440771296373109
50.329579118684116,22.68412701406604,2.218713512205059,0.027392117260335917,0.027229339518339807,-0.8314766035315969
96.77859581800783,7.856850279709074,12.317734508438587,0.019113981682003255,0.018859509536795563,-0.1440771296373109
241.1377219705197,34.67714172844526,6.953794631023964,0.007251240825740551,0.007196854384916388,-0.24551035500853874
373.6515590166785,33.68436365109962,11.092730231953801,0.004909952421827509,0.004853614983239986,-0.15752546669499704
342.26051234392696,27.136614036281554,12.61249881382865,0.005414227283244929,0.005359136262008379,-0.13962818154523823
98.3389985584041,47.956288034062524,2.050596545098645,0.013670980429953159,0.013602643038700237,-0.9105188740307262
126.46970589043161,22.436270543558866,5.636841722196975,0.013431294350274741,0.013012359608892495,-0.3067169181709371
427.6426694534882,29.96275884817816,14.272473093027292,0.004370577524446549,0.0042885880746762455,-0.12487853954468492
87.55013491095758,27.52901769017862,3.1802854680932686,0.017379342433394434,0.01739457216589528,-0.553417555242661
93.1507353605224,8.006311529408713,11.634662855468708,0.0197712375112749,0.019466548793428663,-0.15090519890616375
219.52298003632183,13.226551761792528,16.597143684150296,0.008592928134157489,0.008518829053821796,-0.1099622645995206
47.58587145509708,11.618326267420727,4.095759609414133,0.03378138843082941,0.03335053191953049,-0.42605827893674014
13.932480346929657,3.8127187589947518,3.6542113981160904,0.11270654040349881,0.11167469645596356,-0.4852656732691057
306.11579997459927,22.300453794446163,13.726886582497983,0.006089832573897133,0.005991142086076983,-0.1306001227802952
694.0330020947737,38.382409383777876,18.082059288026432,0.002730690764633875,0.002700668700662594,-0.10175601203112118
8.81360598086488,2.510875035912167,3.5101730889856952,0.17660853482265815,0.17456761556737319,-0.49859812720999536
96.11246735251686,10.178164501930521,9.443005891119851,0.018816333717338013,0.018538071409764392,-0.18063068011005493
674.9620854253894,35.5362246835172,18.993635126875414,0.0028149257662462785,0.002776975546415997,-0.09814922923627628
194.0702182912216,10.428747705424724,18.60915843138789,0.009780000550383219,0.009658118708206938,-0.0997607700709778
340.7574350941216,32.57304388861244,10.461332267852642,0.005357183815930809,0.005228065859641688,-0.16696830820621486
349.2808886064435,37.63617359207451,9.280456945282973,0.005169066436707946,0.005097086669593978,-0.18796039977881177
568.9102484124762,30.746101719377627,18.503492039575296,0.003335243593368494,0.003294637794299835,-0.10024824039633771
458.34257414159214,23.311629759354553,19.66154142258832,0.004152356574077166,0.004122574276850852,-0.09498312520530554
857.2847923791519,45.90288528938051,18.67605460908755,0.002214379192110718,0.0021863833613361013,-0.0993449122371446
55.38156846473533,4.040029682096719,13.708208310982771,0.033657795521721864,0.033115408307887645,-0.1307087181154518
30.893613209008432,3.359631524062644,9.195536173458166,0.05838862903604064,0.0576272820280119,-0.18796039977881177
127.40802930116028,20.146595760459725,6.3240475371633185,0.013554302341690637,0.013046997303405205,-0.2736349687365166
195.80021887111235,27.613275184993494,7.090800260358847,0.008952010747827702,0.008863284636441858,-0.24201219289130485
182.85766543066072,11.96124940677369,15.287505444632554,0.010265943641400986,0.01014514817359898,-0.11682533421115988
29.81928218344631,5.6026492994590225,5.3223538703958475,0.056462194924779927,0.055188092139613336,-0.3230354954894175
197.14106975764034,18.088931244396516,10.898436568424104,0.00929238484732002,0.009199304881442872,-0.1605250445194975
568.4156242524365,38.233813122225726,14.866830635890993,0.0032967969255113887,0.0032636648806271605,-0.12033918442793407
40.908734990116166,2.50856803949884,16.307604316879075,0.04606458394331396,0.04560894574463035,-0.1114114205379759
161.39809955512328,32.45003614491516,4.97374174975808,0.010317354834378237,0.01019633624691541,-0.34858878513836555
51.79067412640492,3.356227779779414,15.431215496884075,0.0362667698613857,0.03581953974850134,-0.11611035730189036
852.4049061967976,45.29229284335037,18.820087319159516,0.002227922736239431,0.0021989000677472797,-0.09832266537265712
765.9933277239372,43.094968840457206,17.77454186264149,0.0024719180940974373,0.002446957614570457,-0.10335061644426226
205.41308341235145,31.722010176738358,6.47541193852148,0.008434011051378254,0.008093591982658502,-0.26880319008702624
87.46668259363675,40.85609048263635,2.140848073332168,0.015585698095935243,0.01551611218988581,-0.8632442808644746
47.159156288699016,2.977954808983316,15.836088629162012,0.03989061109052319,0.03952873904335855,-0.11406352644278
128.51869211079216,19.563698342240343,6.569243190246144,0.013505994830859668,0.012936092468215848,-0.2612239303332942
241.96944184349587,42.47329576658412,5.696978241887821,0.0070312921918985385,0.00680114513692011,-0.30407979389350853
734.1207275244846,42.24862701734215,17.37620318935202,0.002576093438387064,0.002551900872001911,-0.10516557549988748
339.9038514677269,46.921984965551076,7.244021149516067,0.005170285466040664,0.005105658745079148,-0.2372210342329613
746.3885638666662,42.73159214465122,17.466902738846176,0.002534468274272944,0.0025099571663038923,-0.10482304948765182
44.75975058957538,2.860792903754556,15.645924782193035,0.041998680680327256,0.041647729441886265,-0.11508397781127808
488.2286316495137,45.562095575897466,10.715675507862036,0.003746786704961685,0.003679552623957536,-0.16212800125053764
203.15776628658293,14.369285532961745,14.138334562324532,0.009194258752052379,0.009027384411452184,-0.1272999322756782
683.4545685139044,48.5085130467982,14.089373711672982,0.0027323782447272755,0.0026834018483902107,-0.1272999322756782
741.2017482361479,47.590997082207664,15.574410995336196,0.002535520276866648,0.0025028517740103844,-0.11538752843956268
768.7306380778276,48.00189336083037,16.014589930844544,0.0024487820957456415,0.0024249612154162844,-0.11346214160985876
879.9426612107872,44.09296231290309,19.95653308494735,0.0021644187183750114,0.0021473573102385327,-0.0940458558566476
462.1714210038598,25.970484275693984,17.79602629267912,0.004097169241912597,0.0040555368004215,-0.1030498638867562
483.0353507023617,41.60011008058433,11.611395973872789,0.003812170830037444,0.0037540178630874363,-0.15090519890616375
312.403714273945,29.372834156162483,10.635804247320207,0.005851776575036117,0.005750453213567933,-0.16212800125053764
89.01264481615384,25.938742836856267,3.4316483792605434,0.017398659040438545,0.01728484962791157,-0.5134022312408418
70.60931594641156,14.037538192223135,5.030035536111985,0.02362757624429135,0.02330668794364379,-0.3433194594556337
75.68740487465404,5.265347924928917,14.374625562027951,0.024705768869299073,0.024231023054340495,-0.12367370116581694
271.9944449968466,18.646736249689692,14.586705220404077,0.006881337295087239,0.0067427231922409575,-0.12277063113777566
7.915446651881367,2.291022426348218,3.4549843601916272,0.1959541526722501,0.19437566170245485,-0.5114986826329992
378.1095672192581,31.27649615005347,12.089255951345166,0.004885364156121208,0.004827163893816542,-0.1467919710521373
136.64312163173702,13.895701163997904,9.833481593988433,0.013285609405314576,0.013037628909239367,-0.1788226028080648
95.42348603504509,35.662333314306395,2.6757499346450433,0.015257180448099282,0.015232683988721444,-0.6762156906787533
37.52611343372225,6.637699908603451,5.6534814695498365,0.045285944501609436,0.04385397639389723,-0.3063191799507209
710.6648890551256,45.07970566175936,15.764630194956554,0.0026463966980130827,0.002623095654717712,-0.11449277768490264
346.4527602533461,37.40463316202485,9.262295361984279,0.005210268277510564,0.005138694695224752,-0.18796039977881177
97.61890256153225,38.95668220693795,2.505832042959421,0.01464390581516089,0.014420609125361571,-0.7319851383219487
458.08896911534475,46.85747135829499,9.776220436919738,0.003960816117693592,0.0038889875830781496,-0.17952538509796961
63.5458759978857,3.794056749003867,16.748794285844493,0.029700059361766735,0.02942879787159094,-0.10880193727536132
385.24479069468697,31.84970438466664,12.095710090174489,0.004795076472106143,0.004737758679348117,-0.1467919710521373
374.2297363226459,29.22797631040002,12.803819612700519,0.004957149008126772,0.004901322756389711,-0.13649634443750008
216.77644306147883,43.70589977960327,4.959889720944364,0.007678063619153571,0.007591550398354151,-0.34858878513836555
188.31653561386617,16.257889829954756,11.583085971396955,0.009776393093423248,0.009629124331160706,-0.1513427187950206
125.12732883313981,27.828549488617547,4.496365463975026,0.013075666145977131,0.013015313642407707,-0.38035708239805305
821.8639567653021,48.42173652009123,16.973037644453186,0.002298095918881363,0.0022754115506844097,-0.10721876293292538
506.9775448946845,27.54583618766091,18.40487039278132,0.0037416511059820082,0.0036971128699075126,-0.10052557411808749
231.34375184429086,12.045367241820449,19.206035581969292,0.00821729421393073,0.008102026491062578,-0.09746965201511303
327.1991260996443,46.63953211813041,7.015489033442739,0.005349901504394248,0.0053039049719337565,-0.24551035500853874
906.3766040641526,46.19684651641234,19.6198804120135,0.0020995756272453947,0.0020679629169373247,-0.09499031415262117
773.0494023893878,38.97974994486658,19.832077001078712,0.002462965762067546,0.0024430539872930326,-0.094202377341679
363.3719728825047,25.71791782787707,14.129136554306342,0.005140200369504578,0.00504712357943456,-0.1272999322756782
596.8406336764376,39.41569154160424,15.142208859800354,0.003143387217902486,0.003108230247403275,-0.1189256494633792
416.30797581227165,49.278530037185625,8.448059946149474,0.004295657143995234,0.004172050487942751,-0.20579264467921993
329.4643050338217,23.141469784319924,14.236965417687445,0.00567205684884631,0.005566561307006155,-0.12596979872875796
361.2831712667546,30.041202322845052,12.026255386989428,0.00511084955341293,0.005051984138612871,-0.1467919710521373
98.46363654866188,32.06192777458003,3.0710454231241755,0.01532266886084531,0.015206124802091917,-0.5763615350343534
39.89494115313811,20.92331866649643,1.9067214809006416,0.03288486066407182,0.033000059608765064,-0.9859858068284907
85.22512389799402,4.759913805621062,17.904762014251233,0.02222591723067813,0.021992965457318263,-0.10253805771853677
45.784645097556,3.683026818666112,12.431254875884369,0.040430445228697584,0.03986482470047215,-0.14259864811177586
366.7623490431051,43.87743299723736,8.35879229913467,0.004870448718004419,0.004735649387549092,-0.20594971400270712
303.81171062391854,41.558474869728784,7.310463427165253,0.005790887818360301,0.0057168892208110545,-0.2360195071401
181.02220941170856,35.86157437062699,5.047804302757488,0.00922152853072316,0.009090980040655294,-0.34197935707601324
63.247670412410265,41.34034428448976,1.5299260687613525,0.019122650007231467,0.020601543419586654,-1.0065622288257217
133.01283220429164,9.695560150314593,13.718942499673497,0.014014592743994607,0.013788017457023757,-0.1307087181154518
625.7696220503607,39.610869491407854,15.797926934830318,0.003005798975809696,0.002978958895979969,-0.11449277768490264
37.267579254873425,21.112768873981636,1.7651677748814938,0.03425810335330084,0.034963355663048194,-1.000392622563557
378.45513596516,43.81881797719384,8.63681754633666,0.004736261806649404,0.004664633040096564,-0.20078050677274345
92.46989341685429,7.856703611953181,11.769553490113932,0.019934893231011573,0.01960987806988063,-0.14958899205843956
8.7881469128789,2.1006116550737577,4.18361332598163,0.18367566766392607,0.1816666190617101,-0.41691706595562816
481.9154629929083,27.57205697379618,17.47840081176784,0.003925513229707181,0.0038893817482918867,-0.10465353045628414
602.5346716901439,39.75964482109486,15.154427923120265,0.003113837299485125,0.0030788570311957807,-0.11859574204555984
241.49050869893483,24.04342698671554,10.043930461009698,0.007531993960906299,0.007377111102348279,-0.17124146754364714
76.1111007447474,8.259639655866481,9.214820974749042,0.02370490042523614,0.02339100267686913,-0.18796039977881177
11.800246407865473,5.914297848374559,1.995206651810504,0.11290157799546498,0.11335952216062216,-0.9281512709788704
216.923742171243,15.666574575755865,13.846277699206437,0.008598810251312004,0.00845450679618633,-0.1296077570992934
48.07657320986794,5.8401091952254705,8.232136010260307,0.037094270470377895,0.036126907091322165,-0.21101667776337904
92.91253804788721,5.245761791564661,17.7119247384228,0.020375251030949074,0.020173307557460204,-0.103664098523445
404.73880671430385,38.787881857718624,10.434671534758285,0.004509311506009245,0.004401609836469594,-0.16696830820621486
530.6820744378454,32.943241405194044,16.108981745620653,0.0035484566498020253,0.003512728377749788,-0.1130921114958023
31.495475416996683,24.427604042828545,1.2893395259631746,0.035763409656951864,0.041371009992305315,-1.006370536956614
425.61464330117053,41.97859396909663,10.138849424411289,0.0042772218256954975,0.004185716682623701,-0.17124146754364714
676.9723879076342,34.40938469750354,19.674062580861836,0.0028114299199371354,0.0027911792857340904,-0.09498312520530554
36.12445175237711,7.822994486423012,4.617726858311346,0.045508901453169055,0.045075672590045315,-0.37860353983272665
120.08069451248453,19.754163240279304,6.078753782272921,0.014302585436430424,0.013704694991633886,-0.28410247130353905
391.3331134006118,46.86709234060772,8.349848344689041,0.00456412382695481,0.004438310570064148,-0.20594971400270712
15.709405645067744,2.2037873855381664,7.128367168338018,0.11164955329755358,0.11047095675940831,-0.24201219289130485
116.43423721594833,7.253243729880424,16.05271262790832,0.016169785209514755,0.01601025632163121,-0.1130921114958023
108.09041227627421,14.66440843586706,7.370935742071969,0.01629263916803706,0.016068565722394665,-0.23475611431881827
12.061579869693814,1.9118301629836325,6.308918074014651,0.14312898536025997,0.1378171211966287,-0.2736349687365166
231.612233457466,48.238664020725814,4.801381592117756,0.007146662805167011,0.007040684503109867,-0.3622301153929501
544.6288732962917,46.80071207739848,11.637192023822003,0.0033816367145994494,0.0033294660344841418,-0.15090519890616375
162.9903966403191,10.825634892724713,15.055966532720918,0.011506418495234049,0.011381763273858668,-0.1189256494633792
81.69848553478963,27.468886693363476,2.9742190299444538,0.018320492278774678,0.01816957730736373,-0.6020077306178833
43.55996755834766,20.616315138865744,2.112888130829388,0.031164160900937352,0.031161187815320988,-0.872605087671327
696.5456537850602,43.39576584702069,16.051004981465976,0.0027029166727745215,0.0026762667634362717,-0.1130921114958023
293.45521768524003,42.298364090512585,6.937743905586677,0.005956749558477639,0.005913791839931463,-0.24880816012122664
162.92315083830826,36.629798589563556,4.447830922136924,0.010022402604091289,0.00999594852923181,-0.3899687936469957
502.7522113019716,36.15563818588367,13.905222989488328,0.0037112096286975155,0.0036478869932595613,-0.12939059388111976
25.981662666125516,4.35072836383764,5.97179609788553,0.0659361142359119,0.06333964511142558,-0.29045381082250366
309.7717366302593,45.130279078784646,6.863944627718473,0.005635358243892425,0.005602296357345475,-0.2517689206604019
142.95243132981432,49.7973762969807,2.870681990900026,0.01037614524561513,0.010384062271694318,-0.6200479169228504
164.51407067108647,20.692403627425215,7.9504572611875535,0.010798758561628059,0.010557503601588905,-0.21933465485851883
429.7145823739251,25.214758490297847,17.042185136901907,0.00439628711615001,0.004351908957764139,-0.10656027883392642
293.4141110244698,44.14273199149167,6.646940454003257,0.005924928027323177,0.005868488252890901,-0.2593360261650833
340.20859332690173,32.60219325761196,10.43514436708855,0.005364651646275834,0.005236500040793575,-0.16696830820621486
64.69519888834746,9.18400954751479,7.044330534897375,0.027071215871733206,0.026824758274989396,-0.24551035500853874
4.39649758006876,1.3133843002934538,3.3474570840282136,0.3502699428649349,0.3465507538761281,-0.5274031674594236
404.4897333769768,23.17316607628111,17.455091464216977,0.004676580555752869,0.0046315225582708,-0.10482304948765182
203.14177390810048,15.906761977814222,12.770781016993288,0.00913039656673005,0.00902926408226449,-0.13751371645582958
95.5604904559654,31.137376967198893,3.068996163569971,0.01578558535101545,0.015668089800320875,-0.5763615350343534
253.6974516530217,25.886126676819096,9.800518046610911,0.007153495966921509,0.0070221529669568005,-0.17952538509796961
112.71155576883908,35.01555758809109,3.21889935595864,0.013538476143967623,0.013484065723172348,-0.5467782086077496
124.87526312757952,17.576014953976994,7.104867824394033,0.01403988807215163,0.013897332652338586,-0.24201219289130485
83.91483596849962,11.824698816798431,7.096572798056245,0.0208900116810169,0.02068088499134693,-0.24201219289130485
168.07372052245304,29.214272797824343,5.753137231434694,0.010137464355234225,0.009791353981822041,-0.29973366683317254
500.18943302873237,38.27184074839856,13.069385303858482,0.0037142875400688513,0.0036665773631719156,-0.13487604758876864
588.7633212476143,42.469138148466314,13.863321624031503,0.0031684048724513647,0.003114975383579699,-0.1296077570992934
183.32787880509753,27.954243753153364,6.558141240519781,0.009466016224106213,0.009068613545716444,-0.2615867060009614
316.08162500925187,30.237977175651537,10.453133924043359,0.005775012408717716,0.005636209674581685,-0.16696830820621486
266.75747698809977,48.36197711164388,5.515851355131506,0.006346799519927282,0.006169159010116818,-0.3137827145586913
542.65039818565,43.78735716292623,12.392855685866786,0.00341042162063936,0.003363485693348686,-0.1440771296373109
175.73962780060333,16.42290855473064,10.70088329451127,0.010407855963670958,0.010222298551328774,-0.16212800125053764
6.3711917534919715,2.3359858989100784,2.7274101938991304,0.22969555461502036,0.2291513994344563,-0.655170824603331
156.04998184540793,13.384961295732841,11.658605385370597,0.011803940574017149,0.011620144479322993,-0.15090519890616375
418.09566368026833,23.930896018357934,17.470957349843385,0.0045246149945460295,0.00448307258077097,-0.10465353045628414
612.355313733956,41.526687321912135,14.746067004743676,0.0030586558381641682,0.0030294798932346914,-0.12140666851256769
63.430115680898254,15.143139129675813,4.1887032231378685,0.025453953827185075,0.025169636226299665,-0.41329706145980005
148.03024457040172,27.286202490527646,5.425095141831852,0.01140794280016935,0.011117115272308433,-0.31977038553775505
434.9307561992732,26.678839840963935,16.30246138107776,0.004332665562320039,0.00428988809839608,-0.11183877057244754
616.4399990765833,45.67647041902245,13.495788825658916,0.003020616601673693,0.0029751204580952257,-0.13159897144042307
293.9778119207957,27.882406141831037,10.543487905075406,0.006213877602018044,0.006106840442727188,-0.16682248512960882
50.90610956315674,26.65148772099621,1.910066338362514,0.025787286739588727,0.02586203203189925,-0.9859858068284907
389.1001380913018,25.363074073080213,15.34120576118507,0.004825518746418371,0.004767713832157881,-0.11647880534144663
94.8617855943593,7.777150048595444,12.197499726971499,0.01948578273412057,0.01924059134404415,-0.1440771296373109
52.18921047944541,39.243519063321315,1.3298810026500323,0.02187400518393712,0.02496683924165052,-1.006370536956614
162.2920885076787,12.137757370635972,13.370846322921285,0.011465927691039957,0.011300509281166665,-0.13297970256312866
42.22713817461848,6.29206595452393,6.711172209543927,0.041220791558671234,0.0410975772157679,-0.25751221406617825
327.33501296139383,25.182360922903406,12.998583173497526,0.0056734792329879245,0.005603496876676114,-0.13612029659673344
29.95852943220047,2.703435645940813,11.08165066817217,0.061233302871249506,0.060535708518624824,-0.15752546669499704
546.277668684351,39.210465160811246,13.931935427033043,0.0034159530900568485,0.0033572363608746617,-0.12898848216919093
58.76558994001222,34.49462989352483,1.7036156097747672,0.02144537085125748,0.022172833277417536,-1.0075910092209353
104.2221096913679,6.603029706278318,15.783983160377279,0.018046446960232537,0.01788624302426053,-0.11449277768490264
261.9713130302895,13.99239235146979,18.72241046776904,0.00724732985170374,0.007154803265682516,-0.0993449122371446
73.36036955985696,23.721157488983202,3.0926134019357048,0.020601241665614015,0.020597273884526954,-0.5753102566362456
157.00032724264787,10.57726492347516,14.843187570560104,0.011934769882702216,0.011816014291519981,-0.12033918442793407
47.697920961932546,5.529050195869531,8.62678385476862,0.037574935347543956,0.037011137924150665,-0.20078050677274345
128.76924424395074,10.296590279050221,12.506008373077528,0.01438167761952493,0.014244245460360173,-0.14093022118470583
110.11419884101642,38.19792904126875,2.8827269332337333,0.013485073867913172,0.013480795069508906,-0.6199468719495654
29.864482888926126,5.26972945035643,5.667175738387513,0.056924572000831716,0.05510456346416051,-0.3063191799507209
257.98252922763174,23.58395602713131,10.938899688027108,0.007103118107932441,0.007029781477001217,-0.1601612996055388
400.1398660942983,22.443779512284006,17.82854201874922,0.004732790823291737,0.004684245097294393,-0.1030498638867562
253.27622754194624,24.65041239271162,10.27472577362772,0.00719614355957461,0.007033831521118984,-0.16969828060194272
341.8004087925008,20.93923127169402,16.323445897202152,0.005513596472792595,0.00545875378334716,-0.1114114205379759
588.868935677656,44.256776049365826,13.305735036388722,0.003158930308713033,0.003114416708584639,-0.13430770462602354
6.990993756419469,3.9800370768096296,1.7565147312706446,0.18229827537649357,0.18638260504702908,-1.000392622563557
125.95827893267929,46.509729385946166,2.7082135414604256,0.011596353546943654,0.011592766978606834,-0.6662888138216578
273.10741398448846,26.43580135534381,10.330967853534796,0.00667683291618205,0.006523082939578597,-0.16696830820621486
390.3937890147215,33.54768845020251,11.636980282388574,0.004717632282548894,0.004644857029144464,-0.15090519890616375
535.5596210273911,34.95367753996882,15.32198208371607,0.0035056150400390044,0.0034638871894667376,-0.11647880534144663
201.67271673764787,13.402652122170126,15.047224601468914,0.009299065767515022,0.009198656816260021,-0.1189256494633792
161.49710218829355,8.814256341657263,18.32226065686771,0.011743197971427618,0.01160611045391326,-0.1006659802439623
254.2342353548829,16.686725999020084,15.235717022609027,0.007382226867958761,0.007296885519304279,-0.11859574204555984
74.14722353399969,14.230078252404937,5.210598439363363,0.022630245092045417,0.0221946178729478,-0.3346807320267716
97.85364377686787,25.142602508006334,3.8919457023475457,0.016260658844561467,0.01603865999260634,-0.4505794239553565
284.3782300314063,17.759557312846876,16.012686860482344,0.006619496414466084,0.006555150097934964,-0.11346214160985876
167.37494796800755,43.29426801066507,3.865984012635958,0.009493556002992258,0.009376799459108959,-0.4535117153793148
176.92929774812222,15.983019858470993,11.069829063269903,0.010367404346251271,0.010250200664539619,-0.15752546669499704
347.4182004253131,41.58902573293322,8.353602766659716,0.005141292668908956,0.0049993290262161484,-0.20594971400270712
115.643223955073,47.169038861598075,2.4516764968306806,0.012284086993201663,0.01216067113230251,-0.7320924499778871
307.4738197136452,18.504336294483863,16.616311702317205,0.0061353804331297735,0.0060820747016984795,-0.10991373381799678
357.7905126442498,28.480766996758256,12.562530801399216,0.005177708272431633,0.005126521408295883,-0.14093022118470583
750.474226282882,42.328667845319835,17.72969158928681,0.0025226951299153377,0.002497558397532146,-0.10335061644426226
124.1667906304902,14.560250018620504,8.527792481014982,0.014416800002666394,0.013988103298818349,-0.2027771887621195
13.669486855836494,6.216614652061643,2.1988634684479313,0.10057275425279624,0.09928264859631783,-0.8381026239288124
117.89629247759567,35.15549333792485,3.353566719839262,0.013067472485493769,0.012931360265946977,-0.5244389153491451
83.21741192135808,17.26823056419169,4.81910474915259,0.019903340920446502,0.01959576277589231,-0.3622301153929501
198.59279838967691,26.419840155000443,7.516805447140056,0.008888389616403215,0.008745825164384869,-0.22854069888323758
475.22129264825435,30.53678231664911,15.562258253684986,0.003954459847504734,0.0039036931618414415,-0.11538752843956268
356.9849830866354,31.084594041301127,11.484305782225132,0.005153714998227372,0.00507955074009178,-0.1537846802655089
402.19048220368427,23.985936321192497,16.767762442875057,0.004692892222715171,0.004649733952102534,-0.10880193727536132
112.88597504845032,9.174383803738055,12.30447487955055,0.0163853360649377,0.016168499674153788,-0.1440771296373109
202.89558583620385,10.558286025359783,19.216716174279814,0.00936970588801082,0.009238018650131716,-0.09746965201511303
203.31012889071374,13.053782631135245,15.574805758277938,0.009243685723430059,0.009124572989030131,-0.11538752843956268
481.85031696854503,44.73941628926021,10.770152070227482,0.003798023154813103,0.003728259335760565,-0.16212800125053764
316.48342310868594,18.48350693992934,17.12247703518842,0.0059707386627979395,0.0059089310964408484,-0.10656027883392642
669.8198810077877,45.50180257671511,14.72073287379077,0.0027959448817180092,0.0027695775581956373,-0.12140666851256769
653.4611225182971,33.348008922641014,19.59520653944175,0.002912017194360773,0.0028916047811074243,-0.0950353073059452
128.83781584329373,34.35864561056253,3.7497932049942744,0.01225516768061481,0.012076466085970483,-0.46935586935996176
49.309403955922825,10.790635727574758,4.569647720561625,0.03327784824323776,0.033022787319445,-0.37960779006065687
461.6004670509185,38.86493182083914,11.877043016023281,0.003996280271340981,0.003954061967155823,-0.14850079074907185
27.136552335512658,1.7657302212523875,15.368458900966983,0.0691986868536052,0.06836233606745662,-0.11647880534144663
227.98050847864377,13.705636302147699,16.63406962308775,0.008275195095746979,0.008202800988533375,-0.10991373381799678
518.6920792290388,26.10034109314064,19.87300002624697,0.003671123028505499,0.0036410839889612816,-0.09419635696719965
613.9334262229985,36.377522380672055,16.876724582793216,0.0030754518346866894,0.0030460611206982783,-0.10786610765472404
120.0733337045205,13.192770037865492,9.101449760731796,0.015007567144501799,0.014826897083084965,-0.18796039977881177
200.37345710721104,24.572887362007013,8.154249606703335,0.008891009119171006,0.008668103643551604,-0.21101667776337904
210.0021622045072,20.15865724707512,10.417467772312913,0.008689576291766416,0.008483257001419626,-0.16696830820621486
150.29107278697862,47.355872479864516,3.1736522825312035,0.010119053432876486,0.010132984691652724,-0.553417555242661
10.259841211400575,2.483826836155914,4.130658813268635,0.1569406855652903,0.15468213320089444,-0.4210924005143302
67.68936311075211,6.838835323331471,9.897791058050789,0.02683548028829516,0.026318792657566946,-0.17514405718807308
37.50024832303001,27.64992210038644,1.3562514999818354,0.030698308032071617,0.03474642666269401,-1.006376316892097
162.5466986985097,15.030180447902842,10.814687106513734,0.011262727499287762,0.011051980489675957,-0.16212800125053764
745.1737063632258,38.29452244206716,19.459015515614325,0.0025527518876544493,0.0025153238633873927,-0.09583585117256349
554.5659068314432,45.298516805498366,12.242473836673822,0.003334086705582774,0.00329121719944129,-0.1440771296373109
33.59544769793371,16.291539125518792,2.062140810582492,0.040090615355822104,0.03980994198629259,-0.9058212328297943
121.07638244210537,11.482323633170278,10.544588909890889,0.015087654815099561,0.014827628269789133,-0.16682248512960882
211.18103097903392,12.978131271756183,16.272067723541927,0.008922231774592343,0.008826098175034637,-0.11218122210291649
98.01359978738,38.18559299537352,2.5667690900925675,0.01468437484200166,0.014653277483915188,-0.6986694083805378
98.20092316145279,12.107048072825306,8.111054203366733,0.0181310559665021,0.017686777656524343,-0.2128335309748802
171.5478649115797,10.605871077534372,16.174802018379875,0.01097973637015891,0.010866599729479426,-0.11260787068991106
256.3343111176324,18.341551889914303,13.975606462100195,0.0072813096065344855,0.007154653797397125,-0.12898848216919093
709.7142485288693,44.67687029258441,15.885496094086735,0.002651144678273117,0.0026252708115177604,-0.11398899085355466
271.51136988641787,32.76737687132646,8.286027012556126,0.006572920459647901,0.006396998749439597,-0.2072744654045315
542.7099512989879,37.70604453122008,14.393181731104987,0.003445804413331624,0.0033793064749435067,-0.12367370116581694
103.47168780158079,26.79891693791432,3.861039908489439,0.015352657677451045,0.015167833394042948,-0.4535117153793148
226.64982561262698,43.73692680583582,5.182115941040125,0.007396812092719354,0.007260845174837332,-0.3346807320267716
24.20948647230278,6.182815543543617,3.9156087225638565,0.06580613732244467,0.06482753458526871,-0.4485643884026976
68.99260637644969,8.94746653409802,7.710853805770029,0.025660740685929457,0.025174551083707364,-0.22442948299034765
342.25563389943835,21.244621137305717,16.11022534539036,0.005502059413404901,0.005446636367098248,-0.1130921114958023
691.8740915675565,45.93015529266277,15.063613156955334,0.0027107461206832954,0.0026812943757864387,-0.1189256494633792
190.13690902268561,44.80202015311791,4.243936062991423,0.008512850582133243,0.008396649265450255,-0.4073345456068944
472.68447960476743,29.976892819819074,15.768294681036936,0.0039788217470401645,0.003943734272806328,-0.11449277768490264
462.0610536281048,32.21444109653753,14.34328946584667,0.004046326434034904,0.0039691361954021075,-0.12454269401183515
469.2002027590674,41.19516016317141,11.389692403199678,0.003918530898378694,0.0038647113201920446,-0.15431342543842827
330.94047642829514,28.608437712330073,11.567932501454342,0.005562525490531084,0.005479303573288543,-0.1513427187950206
61.908206969466455,8.250598377948346,7.503480854786316,0.028506756779798786,0.028055373893782404,-0.23331583217330729
188.51252242729365,15.293512660507925,12.32630636348738,0.009813252091079545,0.009682098713051552,-0.1440771296373109
662.5359901722047,45.515765967470514,14.556186764948874,0.0028246522696364386,0.002768126229586804,-0.12277063113777566
224.3674157019633,15.307594819615181,14.657261205689771,0.008344632991347821,0.008174017812270487,-0.12220993775424631
21.59957078070455,1.9605769131814048,11.016946407705671,0.08488911130718488,0.08396281684330649,-0.15752546669499704
123.45287595479358,13.552927772296197,9.108945168817767,0.014597921734643606,0.01442100840090404,-0.18796039977881177
589.3550568267167,45.81072620608742,12.865001401099859,0.003148784228347998,0.0031122507587055567,-0.13642237085943215
436.70478281097024,49.645439763211,8.796473248980739,0.004112262947910849,0.004058756648958817,-0.1974353578870094
251.3771892574617,27.90256937853017,9.009105428508876,0.007161278030917964,0.007082245475489168,-0.19249598843847712
45.42786360032213,2.299815632789178,19.75282842356714,0.041904404993831974,0.04157363510417201,-0.09463400814646526
324.77127625927005,19.233184215330713,16.885985836936758,0.005813878102745322,0.0057581408117571556,-0.10786610765472404
52.72841394190544,13.156230375536277,4.0078664204567875,0.030356087077949633,0.030097892317231725,-0.4330514386223166
77.59591718425318,4.486851270902045,17.29406938167869,0.024365649912169714,0.024143065675426872,-0.10531834055107443
268.15415844859,21.825608548112676,12.286216801582748,0.006897032923068532,0.0068065207765082075,-0.1440771296373109
209.86684106626356,11.196824790836102,18.74342458569383,0.009047167440409874,0.008931154614332054,-0.09925419767386341
476.69224457034926,42.89365992383897,11.11334974485165,0.0038492191237308113,0.0038044688706629234,-0.15752546669499704
70.35658939017225,14.438272143745754,4.872923067920471,0.023586334877143456,0.023177767384250595,-0.3589647863203569
609.7797248231931,39.587679837818975,15.403270091132171,0.003079920528262511,0.003042275816911322,-0.11647880534144663
9.950598664799505,7.4119584365222,1.342505998923069,0.11519040590212096,0.13094685778036355,-1.006370536956614
369.7003248047929,23.077825228972227,16.019721145156517,0.005091932939314649,0.0050423055035865565,-0.1130921114958023
753.2171427640013,40.22032900329108,18.727274525834147,0.002520677521752566,0.0024884632857745856,-0.0993449122371446
31.77481896737898,9.502985199026678,3.343667100589975,0.048452189751598256,0.04795021971176568,-0.5274031674594236
700.0584755649237,48.883340638076156,14.321003156229363,0.0026704344139036594,0.002619757229509981,-0.12457965487104852
21.142673160904796,5.057557892417613,4.180411497138232,0.07633520467547111,0.07551140413183177,-0.41691706595562816
71.14404347185581,15.87852793172349,4.480518835106755,0.022982543123492887,0.02289118456760549,-0.38035708239805305
706.94338872485,44.373408078079265,15.931690157332863,0.002661992928296798,0.002635560542608422,-0.11350322317138538
382.22926808339133,37.6464567882436,10.153127297832597,0.004763314194006912,0.004660821296515612,-0.1709893682040057
211.7272094464128,38.76624859829847,5.461637819030701,0.00798424044927758,0.007772592370059442,-0.3165272866883754
809.733667877804,46.66121360601757,17.353463515003355,0.002335371267673536,0.002313604335650673,-0.10525203537375846
102.80763816249807,10.11705728588145,10.161812398351064,0.017710917811722116,0.017328501507045593,-0.1709893682040057
587.2734971288138,46.03009850648175,12.758467094006253,0.0031580430204153653,0.003123281966108516,-0.13751371645582958
634.9261849564306,39.88198611371509,15.920124518023558,0.0029638052497620126,0.002934501907979991,-0.11351724158657407
150.46325265598307,26.00075850091964,5.786879357794936,0.01133375574366664,0.010937350240857806,-0.29973366683317254
398.5474919530034,36.411948053144116,10.945514131002101,0.004598129885333062,0.0045504258387559626,-0.1601612996055388
174.0353601326789,20.948499552472587,8.307772100658026,0.010257259258430327,0.009979913807733802,-0.2072744654045315
356.68769267193306,28.856022708264465,12.360944412820151,0.005187479189040167,0.005117072689318002,-0.1440771296373109
204.2695284384111,30.88001618699513,6.614942401631174,0.008505225911391853,0.0084295356088742,-0.25994433674891654
544.3008598953303,45.71596961589353,11.906142743302981,0.0033897338176892703,0.003353286730317474,-0.147704426351155
209.01210880058377,16.02455263276313,13.043241430231655,0.008887440771922292,0.008775667272492408,-0.13612029659673344
30.78276117692595,3.4530626621060514,8.914625707415135,0.05841834008153224,0.05783480406541067,-0.1946067979971986
799.302188967679,48.75250327162108,16.39510046313774,0.0023583384636655597,0.0023342914612249563,-0.11106247497193811
108.89681023878674,37.20146973455622,2.9272179571344505,0.013689415100334647,0.013631500735089263,-0.6099512912906137
48.98731767212838,11.492868388118163,4.26241004576139,0.033068681336524436,0.03259033181130186,-0.40512960780328844
812.9386049727269,44.125472594687935,18.423340469119257,0.002333547808556571,0.002305651613195481,-0.10052557411808749
42.536129509180896,6.757069983763127,6.295055343720415,0.04057354808722217,0.039079536241435044,-0.2736525396099106
788.1406252830411,47.14356538139653,16.717883318898316,0.00239439465316478,0.002372772929505275,-0.1088860253336537
388.33892816213404,22.702552262759326,17.105518519129458,0.004865688976043491,0.004815584029047406,-0.10656027883392642
159.48945945913695,16.597549162058545,9.609217475536969,0.011358021330821,0.011171520608270095,-0.18007056360018975
829.4046000071675,46.49876910781915,17.837130227769755,0.0022833568981710864,0.002259877996779924,-0.1030498638867562
207.61312848895298,45.15490170406171,4.5977982600785525,0.00791239302878925,0.007843116528980404,-0.37860353983272665
45.33452750280429,5.256091681655931,8.625140170409214,0.03953302079003481,0.03894061389099339,-0.20078050677274345
163.58742518384696,11.056135267967466,14.79607667769793,0.01145189662204474,0.011340224399201682,-0.12107111210965613
377.7697426785786,37.04835668423589,10.196666640259377,0.004821390395144571,0.004715841719357652,-0.1709893682040057
584.218311796816,48.895372962865636,11.9483353208188,0.0031589903174485375,0.0031241691914343536,-0.14723000532158403
26.354616471055063,3.3008950409870375,7.984081936508492,0.06744108929592625,0.06590336442685918,-0.21933465485851883
256.6908064417264,45.20014776035647,5.678981577729736,0.006624908670371155,0.006411095572488932,-0.3043354672995555
715.9303495277317,37.463264977370294,19.11019634728019,0.0026546548331363063,0.0026180664183613417,-0.09746965201511303
208.84789362447756,18.75669515391872,11.134578448423749,0.008787169058121536,0.008683644224898117,-0.15752546669499704
912.8503424396755,47.42948188423529,19.246475107354918,0.0020827262526400664,0.0020532973685203123,-0.09701747724045454
185.45203497888505,32.69721840315022,5.671798520971976,0.009168035044784166,0.008873827094237795,-0.3063191799507209
14.528562491169774,5.846909235994829,2.4848277790475732,0.09815723664123063,0.09689355281654369,-0.7319851383219487
32.53467687750627,15.375702111215661,2.115979917025978,0.04174460820839673,0.041721033081887536,-0.872605087671327
20.40546535674123,16.18056499236193,1.2611095698063495,0.054665673780840404,0.06385542330983948,-1.006185247415505
39.929904024705735,2.7615327614316465,14.459326567614244,0.04684780252346609,0.04593006913580881,-0.1235659613914814
38.34603397049642,15.78421424870202,2.4293913758583026,0.03694791850761655,0.036673915646109896,-0.7320924499778871
378.2937098239571,26.217270970639607,14.42917953770259,0.004944241553273342,0.00484804056957333,-0.12367370116581694
188.17654311790196,43.377180204361416,4.338146053555171,0.008637304428987795,0.008544696836050329,-0.40036283062797057
223.02178765950592,21.12220986180732,10.558638945386516,0.008191886838526122,0.00804977670541886,-0.16682248512960882
167.66113440917772,12.276890578970471,13.656644842658329,0.011114938046762113,0.010938630821649465,-0.1307087181154518
248.39620506071606,32.00559720137113,7.761023907720574,0.007132621772989288,0.006992288361239267,-0.22317195245009092
156.05538949987806,27.383641626100832,5.698854507032886,0.010902805077652622,0.010545417867022474,-0.30407979389350853
787.1368620268933,49.45901383132401,15.914932406686479,0.0023906405203687037,0.002367049735649967,-0.11351724158657407
131.69446026780983,10.187042873330087,12.927643665129649,0.014096270167158108,0.013927850260564418,-0.13642237085943215
141.7107980744943,49.99368549533931,2.8345739400970027,0.010432724173983367,0.010451584385481093,-0.6349492184263246
373.23922013787114,42.36939347092981,8.809170714090005,0.004812219801302135,0.004748907256347295,-0.1974353578870094
30.7559312374343,6.968008759451338,4.4138766610643625,0.05301673155468684,0.05248819158294591,-0.3955206330648886
365.0560096555438,28.86270651443281,12.64801724235381,0.005077189577194389,0.005024491240362329,-0.13962818154523823
389.48548060496495,47.79639557139486,8.148846287439797,0.004573708879700703,0.004459364931715266,-0.2118144058644053
53.64482866049218,2.947151952506477,18.202260869131173,0.035340696302483154,0.034940053921071745,-0.1009016411972466
372.05401922155096,46.03299352924674,8.082333793590223,0.004783693200228889,0.0046682949353862024,-0.2128335309748802
86.63231154579731,34.018827070411845,2.54659901608267,0.016576718818725723,0.01657834645359366,-0.6986694083805378
336.21828385294157,39.16304590858868,8.585090256710778,0.0053279154860220316,0.005250619660498507,-0.20078050677274345
94.97701898444534,8.812025416360042,10.778114507944442,0.019269856578277546,0.01891471181014196,-0.16212800125053764
17.26940351607687,5.148946049931764,3.3539686274836247,0.08921263334355617,0.08828095484756973,-0.5244389153491451
190.61103422463628,11.368487377258932,16.766613525553716,0.009901993945416066,0.009810967911286087,-0.10880193727536132
294.803640411765,27.690758800547457,10.64628248489661,0.006201658090450465,0.006093761054537752,-0.16212800125053764
264.7315477561092,18.61218230686502,14.223563007894253,0.0070585645200459965,0.00692770947771797,-0.12722307658369517
321.5500712036365,35.62098805993487,9.02698349250182,0.005599557825663912,0.005536664801832295,-0.19249598843847712
21.12016418653804,10.193072449268215,2.0720115835195805,0.06387075291070446,0.0633249255093739,-0.8957062176745823
420.6710108209348,41.67811775615128,10.093330348605964,0.004325735415907778,0.00423490629734163,-0.17124146754364714
378.48381546821037,20.983186924666477,18.03748004662196,0.005006671359635844,0.004952267783671407,-0.10198567389152059
168.49752382502172,19.718149955178358,8.54530086281097,0.010626107591526187,0.010307913458869035,-0.2027771887621195
707.4502861750454,42.64902622555257,16.58772424096254,0.002666313602660497,0.0026434065783277447,-0.1099622645995206
589.0470887997899,48.94081753626675,12.035906191458423,0.003134855661270969,0.0030985584777378714,-0.1467919710521373
494.0665125322038,33.64017051675412,14.686801670227544,0.0037899842170739583,0.0037547942704405056,-0.12169449300465796
149.7880496635174,14.163503082909324,10.575635758095903,0.01219872557775205,0.011985439393431278,-0.16682248512960882
252.58733124601528,28.36495999299753,8.904907015852363,0.007118646340913989,0.007048314547200506,-0.1946067979971986
611.6293868060452,39.22601092642363,15.592444206301797,0.0030728791786437497,0.0030330755037130362,-0.11538752843956268
6.055034375490805,2.7455110875194184,2.205430676647369,0.22725864077473906,0.22633086992618617,-0.8314766035315969
152.96042504553088,22.70063279900192,6.738156878704109,0.011385562768101293,0.0113456344751638,-0.2556930725164505
181.01113363691425,27.026198577385262,6.697617244194273,0.009613659138542488,0.009512659410406426,-0.257982956104573
719.848982716295,45.626411410812224,15.777023887215252,0.0026127554397495103,0.002589629251689358,-0.11449277768490264
126.85406724917662,17.53355167691363,7.234932749889172,0.013851603169824197,0.013680547335730361,-0.2372210342329613
189.5748328951764,21.81895309925582,8.688539364505177,0.009461016039765128,0.009312176645269463,-0.2008093725696663
121.85242590707803,36.83714061450597,3.307868739928587,0.012603223033746029,0.012503727680803604,-0.5355966764484775
172.13911645093793,15.941188833817463,10.79838638419262,0.010633755602278402,0.010436111092676502,-0.16212800125053764
85.46994985842026,5.3382177798670485,16.01095222843249,0.022024450575487034,0.021810495800323612,-0.11346214160985876
591.9771411957848,39.11891588795674,15.13275937634132,0.0031690896774761745,0.003133766460517598,-0.1189256494633792
361.5267182892612,35.30191685521463,10.24099398828702,0.005039958871092676,0.004927719647567645,-0.16969828060194272
128.3373437971319,16.062459880669728,7.989893500159257,0.013850434343128246,0.013533534684710085,-0.21933465485851883
374.39819173991026,45.767140428774674,8.180502173225552,0.004760030985129098,0.004639065924839243,-0.21101667776337904
305.8013564283229,16.153444549170324,18.931030808783724,0.006212052107711272,0.006129316193610748,-0.09814922923627628
453.5413355132922,25.219580796453993,17.983698427575074,0.0041774504389703575,0.00413270645742348,-0.10233045364330785
261.6809210460906,45.76308146747915,5.718166536317058,0.00650524968335242,0.006288839423594467,-0.303332941006122
172.70205206793221,19.681700928499193,8.77475238015932,0.010395888264208562,0.010263215865952413,-0.19849310542358004
600.2200607021084,49.59548091819553,12.102313549335912,0.0030777965005469613,0.0030408794545326834,-0.1467919710521373
30.437489525719446,1.7755435923168288,17.142631505883166,0.062086671338011566,0.061439979757028196,-0.10656027883392642
6.116492263119865,2.2824896916152637,2.6797458431417356,0.23812409775121043,0.23764532763957005,-0.6762156906787533
213.43748328248464,42.16670226193928,5.0617542239042645,0.007824598003902408,0.007710310613525746,-0.34197935707601324
209.1139777222173,44.73315342092535,4.6746978858056005,0.007878757545903538,0.007786825048338398,-0.3707294000950962
293.5099791279061,47.215237371222095,6.216424939691223,0.005869832648576856,0.00560685976526888,-0.27526249160821264
944.7065708104129,47.989643564377694,19.685634246128483,0.002014715046797694,0.001999140773692047,-0.0948925412368821
296.8352041100373,38.36478632713159,7.7371786090234345,0.00596658728239101,0.005851253050760755,-0.22317195245009092
217.12040450616306,17.697527290303835,12.268403429733345,0.008517237098117105,0.008406381035162417,-0.1440771296373109
537.339605643801,37.730876771091395,14.241376072540653,0.003477834563167638,0.003413080355846096,-0.12596979872875796
136.65626499276328,21.319135418567676,6.410028470185708,0.012660198960043579,0.01216403956900503,-0.2719234110987598
116.01595989323162,5.959014012272716,19.46898591852516,0.016396806131308762,0.016155994465840744,-0.09583585117256349
697.2808088917153,46.35371476149277,15.042609043945806,0.002689493207193665,0.0026605036117673115,-0.1189256494633792
347.2653212405663,30.036404047405057,11.561481217674848,0.005300797388279955,0.005221723057636382,-0.1513427187950206
697.9307881107104,39.53838791906805,17.65197887023921,0.002711977754469892,0.002685586075172442,-0.10391568772892436
75.44725802274509,23.243005004827193,3.2460199534043004,0.020265423747439358,0.0201943661137172,-0.5438102070094567
13.123847784610096,3.3067770136862698,3.9687731377992517,0.12172391643970674,0.11958697992636241,-0.4425362726858197
389.0188204808155,38.46427406842341,10.113769982732467,0.004678547585861629,0.004579475899476438,-0.17124146754364714
312.8951996690886,39.14494753804437,7.993246110880353,0.005681170218416146,0.00555092534324244,-0.21933465485851883
258.25340548524645,39.16972835106899,6.593188575896733,0.006724426490310215,0.006437590559224387,-0.2612239303332942
49.009014831302416,8.156155622660265,6.008837631192392,0.03498633843155733,0.033578909887126814,-0.2900572529041707
706.947294345715,48.79540581166829,14.487988829814487,0.002646403332223388,0.0025942291131311425,-0.1235659613914814
304.0956967266395,25.014716766306535,12.156671593269444,0.006076987898296529,0.006002047613413367,-0.14563953835432356
180.2972582652913,48.176614662243004,3.742422740354854,0.008753736146602398,0.008629668185706247,-0.46935586935996176
39.843783891449704,24.73376906161479,1.6109062792732498,0.03097051387892658,0.03270270794909602,-1.003900024869933
25.908466713399314,5.028565757238223,5.152257714062131,0.06464744160249397,0.06351859069398576,-0.3346807320267716
601.4016111930229,44.64067177708145,13.472055577393503,0.003095772603002442,0.003049515030069181,-0.13245412726977307
16.22835988708511,1.4471310878583517,11.214160225872762,0.11315102945854082,0.11175256267255959,-0.1554470615674649
230.35501901500157,34.82948231688438,6.6137939381123605,0.007541918890263286,0.007474971768109776,-0.25994433674891654
251.42518621792985,42.2132914838578,5.956066854300472,0.0068110964736411445,0.006545363722036723,-0.29045381082250366
88.93943784525868,21.294553178247018,4.176628506866855,0.018143224076623797,0.01795056249689827,-0.41691706595562816
289.38557335275146,18.808177036033353,15.3861574568517,0.006489424258204491,0.006410541095672082,-0.11647880534144663
74.3730705472614,38.920493287052324,1.9108974287333376,0.017653253479826107,0.01770177601185797,-0.9859858068284907
79.54809068582466,46.042547098826454,1.7277082980461826,0.015924753909040402,0.016380023919557993,-1.000392622563557
44.36404476919528,17.83881139230284,2.4869395047440017,0.032152864408788125,0.031731192329516454,-0.7319851383219487
285.01201811300473,18.972090166258937,15.022699956375211,0.0065792913034869675,0.00650891187941732,-0.11970662873325257
29.38331421089878,7.72700972453688,3.8026759714813063,0.053893358718172045,0.053412671909987275,-0.4606875429766859
40.87733895353196,5.263066382130109,7.766829446104719,0.04334595644425762,0.04248950489650148,-0.22317195245009092
201.28099218075653,37.274851392303034,5.399914008035978,0.008383781214680178,0.008175979633483243,-0.32135846776810545
143.2658533430899,44.176387307681864,3.2430414090963318,0.010669953544389437,0.010634840858684555,-0.5438102070094567
770.9761389954064,38.99221809425163,19.77256428787431,0.0024692322638211577,0.0024496237034556815,-0.09447053967709336
110.43783904178028,7.194010677110127,15.351358789773684,0.01700219799977201,0.016797848695415184,-0.11647880534144663
258.2031566536144,15.046412167136623,17.160446875007498,0.007319316215689913,0.007242664127548661,-0.10656027883392642
262.95911695773424,32.41761859884311,8.111611164649783,0.006771013960295171,0.006605049156372146,-0.2128335309748802
26.6265614535065,4.305907930374703,6.183727539940557,0.06465697824442664,0.061805550654774624,-0.27526249160821264
60.50296735020992,4.71805036926099,12.823722218906024,0.030664961540502387,0.03031621097422987,-0.13650847462556942
222.87753867153643,47.589387738540914,4.683345368846509,0.0073946194699149054,0.007305958103228969,-0.3707294000950962
229.53961613599907,21.752351829463247,10.552404537016129,0.007958869581835903,0.007821201504661774,-0.16682248512960882
831.0721922622099,46.32512260513871,17.939989049700248,0.0022794690228820393,0.0022553434267631933,-0.10253805771853677
42.52851822455595,33.013240504764454,1.2882261048689923,0.026475422781277264,0.0306382559888161,-1.0055747229886645
575.046209568019,31.990083075504383,17.975764808449227,0.0032946959254946595,0.0032594827594677766,-0.10233045364330785
61.97321146027723,8.767876033098169,7.068212555279333,0.0282721127263882,0.028002955322795214,-0.24566395106645328
291.01303873199527,41.61926470765962,6.992267662009828,0.006012645131932695,0.00596342033090314,-0.24551035500853874
456.6669953207256,24.335690384212224,18.76531908940575,0.004157980941559363,0.004104420124926828,-0.0988667621260604
393.4680300109598,27.903520163547558,14.101017638805885,0.004746404922619283,0.004661073105202119,-0.1272999322756782
521.2016303470392,34.48602618351899,15.113415143091308,0.0035991441891781817,0.0035593098763663134,-0.1189256494633792
42.47224397783366,28.63579428897757,1.4831872148970557,0.028126215386446322,0.03067885061286176,-1.0066254819852019
233.44330916560222,13.81989475654666,16.89182973372624,0.008088546812770825,0.008010847460135799,-0.10786610765472404
11.357268197792438,1.5308066041829012,7.419139796469985,0.15518221539911162,0.15292919594516996,-0.23331583217330729
588.2722289532303,31.295049432969194,18.7976130286437,0.003228059437240527,0.003186200391134339,-0.0987010323762235
688.3991535675507,35.030548561094875,19.651395192026502,0.0027646086331749,0.002744848386796158,-0.09497468413321988
366.10671286160243,41.648032459973734,8.790492401134507,0.004904909195900831,0.004841425678900849,-0.1974353578870094
604.0392354508591,36.936315086569536,16.353532669275246,0.0031202438194765647,0.0030888792733025365,-0.11106247497193811
816.4690368104226,49.38079186021282,16.534142245464263,0.0023098693720026006,0.0022904466134080446,-0.11013814527328804
172.03462465640453,23.30649119775034,7.381403884296843,0.01023849992488645,0.010095978626924549,-0.23459914221055408
167.84910066585545,12.477790281136166,13.451828960421663,0.011090969236462432,0.01092638116716476,-0.13245412726977307
432.90494865868504,23.36331722220299,18.5292586896556,0.004383386155814996,0.004329710740872235,-0.10024824039633771
564.1754058827065,35.0582528668813,16.0925134525363,0.0033375962294464085,0.003304188667218338,-0.1130921114958023
442.2953157066041,34.62925421276642,12.77230266031971,0.004193535259334873,0.004147049850224127,-0.13751371645582958
189.98611776450713,27.56883294852305,6.8913369716901745,0.009193079695245071,0.009134525680888954,-0.2517689206604019
551.6416738071072,30.110951180268557,18.320300494811107,0.00343788736671949,0.003397773038154579,-0.1006659802439623
21.065127624881523,1.3495501155001124,15.608999905183415,0.08922724757255189,0.08849421734521437,-0.11510358059965736
463.23423836589046,39.31247475668833,11.783390418255957,0.003979729541106698,0.003914484692314772,-0.14958899205843956
640.6359014503798,35.23088949642055,18.183926395485084,0.0029591629989665024,0.002925769851081986,-0.1009016411972466
103.84708967290167,22.397947934019175,4.636455535070393,0.015842206853525928,0.01568011164120225,-0.37355372042358304
271.41033590371694,28.783529747750745,9.429362495922724,0.006662361323272503,0.006564745506898013,-0.18344510331748873
204.21058635250267,20.463714632493122,9.979155300975942,0.00890177466328721,0.008723848967161113,-0.17124146754364714
120.32212442067707,32.705965411529824,3.678904533368703,0.01306949594805092,0.012931167240550056,-0.4763796078590647
273.31558586901565,25.091926750279942,10.89257068973256,0.006702244130668299,0.006635409391630763,-0.1605250445194975
785.1428417999741,40.19431526220993,19.533678747306666,0.00242325210114018,0.0023872766918274584,-0.095752505942238
290.72388703364527,48.61315879733101,5.980353760710706,0.005893845144736126,0.005660591943333205,-0.29045381082250366
169.44000463976926,34.18444712515819,4.956640194279146,0.009822003117331328,0.009712401130865588,-0.34858878513836555
127.62435426119416,23.63733799236767,5.399269338298719,0.013222118371169454,0.012894633647345728,-0.32135846776810545
937.7315306057005,48.97963058409967,19.145336937476163,0.002026935620742702,0.0019988164467217686,-0.09746965201511303
724.8012668656255,37.97400915720525,19.086772320117284,0.0026220042296443515,0.0025860236338849383,-0.09755855859825942
711.181664580735,36.351932614761026,19.5637924430998,0.002675465032613052,0.0026355477078971725,-0.09516221184911976
186.68613220740258,13.64398810399242,13.68266600531377,0.009983521184388954,0.009823885849236224,-0.1307087181154518
914.1644592520348,46.99248316713577,19.453418879795578,0.0020808256297521273,0.0020503457414192618,-0.09599366970130424
637.2013318198995,43.55754051562173,14.62895572791512,0.002937897809746463,0.0028781849014705256,-0.12277063113777566
378.2958189117504,25.326732125485336,14.936621789081332,0.004955124521314202,0.004903882141254134,-0.12033918442793407
189.4698408010808,24.422518365103887,7.757997679379567,0.009350497641882057,0.009166935942304014,-0.22317195245009092
392.013160110235,34.67174066340344,11.306417059239571,0.00468729968267854,0.004626275313931689,-0.15525947258038955
246.67966656250206,16.463718426244725,14.983229193793264,0.007600419064630977,0.007520352756770098,-0.12033918442793407
348.35382623190947,35.77026645463132,9.73864219529197,0.005206650762289135,0.005114059839976171,-0.17952538509796961
899.4929636660639,49.16005658125883,18.297232066428816,0.0021082523929334893,0.002083788625032651,-0.1006659802439623
368.53933152417454,34.95200626979837,10.544153851409245,0.00495673590153061,0.004871326986125496,-0.16682248512960882
17.391839202337945,7.676511378529301,2.2655915356266885,0.07978187450140604,0.07937141867552316,-0.8013972431550005
45.4870267010783,4.059389011964497,11.205387452892904,0.040366189384583716,0.03986984722638156,-0.15772462057534828
567.3350872169161,44.280354087031036,12.812343056287324,0.0032700286240910717,0.003233046508287977,-0.13650847462556942
221.0409464129762,33.201848602605686,6.657489137385829,0.007866496275253052,0.007789947028920445,-0.2593360261650833
203.0101666357957,16.503194692129966,12.301264720133677,0.009111062706621528,0.00899066722141971,-0.1440771296373109
101.45145470121734,17.68731051701004,5.735832737467383,0.01678714729279412,0.01622124884777447,-0.30258785065164684
210.40736629915727,14.455844943018619,14.555175925622564,0.008894296176558715,0.008716345272025252,-0.12277063113777566
222.90875256620427,15.57520400351498,14.311770973651369,0.008386308365423789,0.008227506687500972,-0.12457965487104852
610.5389282001355,42.38530740671217,14.404494518387049,0.0030631425377266614,0.0030038760310460706,-0.12367370116581694
133.79471387130803,37.55027671636853,3.5630819682611183,0.011672357581861185,0.011499484068629294,-0.4910462853069257
126.26166927452523,11.20557825680484,11.267751327143692,0.014548920094906109,0.014363510444418286,-0.1554470615674649
96.44093075432791,11.016820166095268,8.753971590743486,0.018611965938884027,0.01837890226693607,-0.19849310542358004
361.47779017843936,18.342206011248628,19.707432680494254,0.0052656522038433415,0.005224667949722729,-0.09471503595471148
94.84705552211435,17.63840221331997,5.377304269118481,0.017780076111740577,0.017350768388307684,-0.32135846776810545
222.44329302482785,47.614125862708335,4.671792015382703,0.00740583246421713,0.0073202205269605235,-0.3707294000950962
6.744496599595832,1.6881197688793912,3.9952713805804008,0.23717431371322278,0.23269954968453138,-0.4410043581247534
78.50190201337918,6.1027427395972635,12.863380509885253,0.023639364077935435,0.023365302950790885,-0.13642237085943215
402.3251025962005,21.083345626682767,19.082602435119398,0.004723571313690923,0.00465880253031458,-0.09755855859825942
226.61912227499505,23.304809178975162,9.724135500729327,0.00800243493436062,0.007861217954382728,-0.17952538509796961
181.36562124298194,40.558288642396406,4.471727661935834,0.00901209788991633,0.008979493571265885,-0.38035708239805305
642.0034408587944,49.81898635299252,12.886722269093912,0.0028909152426013244,0.002857026311731768,-0.13642237085943215
64.32952154985459,21.730673328372568,2.9603096313570276,0.02323954765417329,0.02307536125025405,-0.6020077306178833
381.93837664833194,42.64716343074975,8.955774450709285,0.00471047600826794,0.004661262313786969,-0.19282298516066276
279.6679862254337,21.52995015696656,12.989718238383382,0.006640151735504603,0.006558565202659213,-0.13612029659673344
532.3466940710664,29.889735603094536,17.810351390861804,0.003557222361345532,0.0035209257930209526,-0.1030498638867562
872.6599559656016,44.38425137009648,19.661477416594416,0.0021809199425735747,0.0021652778877093498,-0.09498312520530554
622.2228110877253,38.09637599085467,16.332860932417685,0.003028838233292158,0.0029986111749648074,-0.1114114205379759
294.0079364240885,24.60903792836368,11.947152801338214,0.00627712947204003,0.006207984971380727,-0.14723000532158403
225.63226053765803,21.092791290305183,10.697126683340612,0.00810618940063923,0.007961906415316598,-0.16212800125053764
120.87532538785545,9.68055999356568,12.486398046001154,0.015319110235107115,0.01517448426194841,-0.14093022118470583
278.5390595722693,43.686568392023624,6.375851201513129,0.006206830948349111,0.0059678962701929916,-0.2719234110987598
583.7527933233932,33.79469989591209,17.27350132184502,0.003238617307915707,0.0032092408741358474,-0.10531834055107443
128.8836511263565,11.668212087694346,11.045706930737156,0.014229622818689619,0.014071302213314317,-0.15752546669499704
79.79779268062394,9.698476746301745,8.227868640408165,0.022347300203758923,0.021765738565896215,-0.21101667776337904
742.3044158611475,44.44711629911568,16.700845356663024,0.002542098640098479,0.002519288179291621,-0.10914581731440122
158.20687706138415,30.869726044373284,5.124984809841582,0.01057772335206026,0.010402008580440198,-0.3386509138713664
570.7576243890665,42.15032853188176,13.541000610644245,0.003263132727301968,0.0032132435451984074,-0.13159897144042307
30.878652824384258,15.56559975878461,1.9837753316866293,0.043062378846953145,0.042835730945042755,-0.9559836153523664
591.9181502954859,30.853024865003096,19.185092965289922,0.0032114524238932496,0.0031665749817750537,-0.09746965201511303
341.39453824459474,44.66376933905764,7.64365711395638,0.005180564595327698,0.005087538607245269,-0.22622522963494318
575.5353881603285,36.58321360595,15.732226106749728,0.0032673406660555103,0.0032389702193632024,-0.11449277768490264
243.91665481887446,19.970204132356724,12.214029120697294,0.007579005669128901,0.007482870950910428,-0.1440771296373109
65.76879182666674,23.520056944215582,2.7962853994212638,0.0223992136479669,0.02229236228682651,-0.6395235352944749
166.95836305633156,8.69449601198642,19.20276492463268,0.011386094200847166,0.011226470909707274,-0.09746965201511303
408.5013961740202,40.44346002843236,10.100555093130943,0.0044548901103749275,0.004361067867870228,-0.17124146754364714
606.518509733212,32.009032159247596,18.948355161622256,0.0031322063165394967,0.003090347905142614,-0.09814922923627628
444.6848578102161,29.341795500916582,15.155339004265263,0.004219172036065402,0.0041717591185984875,-0.11859574204555984
252.03467036201886,29.8759742545268,8.436031850035171,0.007094446549616444,0.006891345111873895,-0.20579264467921993
722.0575202851087,49.30745154371291,14.64398377281733,0.002592806353726719,0.002539940656967032,-0.12220993775424631
47.70869263669029,21.9834332680956,2.1702111792487653,0.028697646599738127,0.028446448330388577,-0.8391768893416431
181.93764608820644,41.28127688240769,4.407267890633985,0.0089598138606882,0.008872947659879645,-0.3955206330648886
159.9660491285987,23.73894643287124,6.738548805480864,0.010887020213507343,0.010848758728404594,-0.2556930725164505
109.1595084983967,17.21844869940486,6.339683115713537,0.015825544615107857,0.015228102779052222,-0.27287827585148805
622.3293842836796,41.989453381982614,14.821088015180422,0.003010602570036646,0.002980926431117726,-0.12107111210965613
99.58363505570215,39.31262259983867,2.5331211318400015,0.014399236046805158,0.014422253958479618,-0.6986694083805378
508.20184040696915,29.163962031385484,17.42567898902268,0.0037218594687730157,0.003686337151443969,-0.10507824526938718
30.467006787344122,16.768026873061913,1.8169702981744278,0.042341453895828725,0.04276756286837594,-0.997824328210271
281.9739058087906,32.22156739153777,8.751092160800482,0.006365464083961569,0.006285966198830034,-0.19849310542358004
231.0426145679813,15.663803199011117,14.750096871912143,0.008106801671811175,0.00802933309052645,-0.12140666851256769
75.68512586058591,6.609990134696681,11.450111772982085,0.024302778795702116,0.02395878073030574,-0.1537846802655089
33.020008999925786,3.6221818488524957,9.116055012640102,0.054581889173984356,0.053916247002350724,-0.18796039977881177
78.74475783408654,12.802809876720977,6.150584019627296,0.021846566217006036,0.020898779016433756,-0.28013994684396
87.17682964653308,16.36566264534614,5.326813312464516,0.019315741351503653,0.018877370275446944,-0.3230354954894175
278.1037990698089,47.822670442345206,5.81531304081167,0.006136353402022226,0.00591746426399617,-0.2988432229232257
67.63529549295299,3.4091241612101326,19.83949316440988,0.02815140175309747,0.02792331150647025,-0.094202377341679
608.3774670385387,32.41880873770058,18.76618823229746,0.003121116766131742,0.0030809050425687737,-0.0988667621260604
16.837456291369815,3.1746930224761796,5.303648627493763,0.099939290309824,0.09773859330050155,-0.32832583858702225
169.82638706899968,12.71319607595592,13.358276396773832,0.010956527705072,0.010799165454163527,-0.13297970256312866
195.4972568693834,19.250708055917816,10.15532812099792,0.009313243087987763,0.009112671662830092,-0.1709893682040057
34.78053062028173,2.855362504824937,12.180775842475432,0.05314076095794343,0.05247754471356645,-0.14563953835432356
107.15664419050213,21.104818798127955,5.077354381266101,0.015593148194304417,0.015357603862169378,-0.34197935707601324
744.7669345637081,48.052698189332965,15.498961819568253,0.0025226418688132925,0.00249087066621612,-0.11558483690206266
92.59976609008714,42.09777847376035,2.199635454583543,0.014848080612575587,0.014656007431808006,-0.8381026239288124
263.44998098522683,42.11527386724103,6.255449788019755,0.00654524677868115,0.006246610026399841,-0.274895451004577
44.537438864872016,3.036378447971725,14.667947236492422,0.042039931058045446,0.04117846241687376,-0.12220993775424631
8.991864876949988,3.38463004053951,2.656675846178061,0.1615966405136042,0.16165231881988168,-0.6762156906787533
206.8196224272547,49.66763877283992,4.164071969943359,0.0077976582175741296,0.007719349444426442,-0.41691706595562816
148.31074843412645,31.326308865118314,4.734383136957119,0.011133560246805538,0.010979203981350539,-0.36667374883688886
106.37394803493153,29.774022226101337,3.5727100365257005,0.014689899498064153,0.014463787506736887,-0.4901323988167069
685.7338792120772,42.16975373077375,16.261273034460643,0.0027476164556483585,0.0027181164131304847,-0.11218122210291649
137.17203470090453,13.014154967444908,10.540218327201599,0.013316803658289257,0.013087766723128762,-0.16682248512960882
469.85473267222886,27.092049147912032,17.342901236706204,0.0040245758160958505,0.003987196881192846,-0.10531834055107443
4.608576590627133,1.2135990993682153,3.797445625187347,0.34351419580771836,0.3405479524343186,-0.4606875429766859
157.10668520177524,9.658721937805264,16.265784046111005,0.011992894895318582,0.011863941434014312,-0.11218122210291649
149.01212813148095,12.543394890079442,11.879728688868314,0.012379644858895292,0.01224864629258189,-0.14850079074907185
92.44153410140247,7.8053509265134835,11.843353998011018,0.019950744598628237,0.01974433752673638,-0.14900840765504592
527.643171718699,37.240720921554875,14.16844676101047,0.0035405505911171365,0.003475802115408956,-0.12722307658369517
105.46951953370662,25.22616909451213,4.180956654121975,0.015302723609263543,0.01513719740583526,-0.41691706595562816
250.5815835295925,21.9419080904261,11.420227561655343,0.007338816878174355,0.007236458918878311,-0.15431342543842827
283.46598919528213,20.208863607187244,14.026814901876422,0.006585991502236555,0.006469852900686079,-0.12820841775481742
31.288215165347037,3.1687490335504673,9.873995963097695,0.05804341869629921,0.05693844482403494,-0.1764936057294186
538.8395915915038,36.771500849088056,14.653728543823284,0.0034745682045841005,0.0034035792489266344,-0.12220993775424631
53.19002439528655,4.270270761421845,12.455890356136623,0.03480664334468709,0.034314645867113795,-0.14259864811177586
11.028514038721777,4.555322509873147,2.4210171760218335,0.12833810170964124,0.12751484109819772,-0.7320924499778871
424.18446506075054,30.049032890552272,14.116409889321881,0.0044030218137157615,0.004323551198835834,-0.1272999322756782
522.0342534474347,31.828478633486405,16.401483069888485,0.003611003023232467,0.0035741031595612396,-0.11106247497193811
26.665251870857652,7.68177596458705,3.4712352968616025,0.058229201361524596,0.057699443008502715,-0.4992515173048229
45.48989901854885,2.409091634335132,18.882593908099008,0.04175453329473407,0.04120372316544317,-0.09814922923627628
275.1965585933829,16.25893823208958,16.92586284941037,0.006862111100267315,0.006795429237464042,-0.107277520106933
353.9293421002252,24.829758812377925,14.25424003409116,0.005280401171037447,0.005181777926515062,-0.12596979872875796
48.92474141072928,24.117924408476927,2.028563510777623,0.027381256934821647,0.02734138711011919,-0.9179797644601364
267.0890072938019,35.59035407264973,7.504533580885415,0.00660765237170768,0.006502917926949638,-0.23331583217330729
106.10380758962731,21.213006176891817,5.001827968409799,0.015708844266773082,0.015509992808571422,-0.3467380941253522
96.87949733658625,12.013955845452841,8.063913217498143,0.018366577067370295,0.01792802338339681,-0.2128335309748802
26.68701881450374,17.554087393621504,1.5202737810340856,0.0452068262170326,0.048825222376687044,-1.0065622288257217
652.9784613254066,39.99463398384473,16.326651760062813,0.002886114935107928,0.0028573749138041797,-0.1114114205379759
41.746178591031494,10.011131955426865,4.169975860562062,0.03864188418764073,0.038243331278789205,-0.41691706595562816
127.86388007857322,18.26063441376081,7.002159792554515,0.013686957366109326,0.013572504374697906,-0.24551035500853874
654.7971485943747,35.11242109132092,18.648590106941594,0.002898930653927799,0.0028624944534469134,-0.09942312934518888
334.56997324543454,18.390614096309427,18.192430741754023,0.00566635503148559,0.005602275625043195,-0.1009016411972466
239.70581944390747,20.50492512366618,11.690158242384708,0.007686077695691092,0.007564786450517102,-0.15090519890616375
13.506987308554692,2.674795465354052,5.049727159892139,0.12359577606150844,0.12183836817814109,-0.34197935707601324
487.3696383081838,37.865000712025854,12.871243341965556,0.0038078219740626156,0.0037635104417318103,-0.13642237085943215
252.44958680645718,32.90424063363801,7.6722508085592445,0.007008842383303456,0.00688001876174044,-0.22442948299034765
63.64868412141668,7.074985881982291,8.99629839311897,0.02827907544820398,0.027970962571098896,-0.19249598843847712
318.5433663206402,16.978533686335368,18.761535725373605,0.005960862763230715,0.0058841382497903305,-0.0988667621260604
121.05278324643336,21.85252097294911,5.539534015150137,0.013995281777152794,0.013594642341489927,-0.3137827145586913
108.28189673344446,11.124299625076455,9.733816993687839,0.016749549529196425,0.01645244834619158,-0.17952538509796961
368.33524037968795,21.21167925297899,17.36473741596666,0.00513416972180386,0.005086136539075828,-0.10525203537375846
548.7314582494795,39.46490540638932,13.904289205787391,0.0034002250329621614,0.003342223641217101,-0.12939059388111976
91.27283974796498,23.4512623253448,3.892022462659609,0.017433128382403736,0.017195053050924666,-0.4505794239553565
632.0756710521842,34.054067582687836,18.560944871487667,0.0030024181236806584,0.002965393689119708,-0.10021091784610414
519.8583444854038,46.63134112057153,11.148260633148873,0.003530514413268788,0.0034885672695117247,-0.15772462057534828
239.20631301759576,12.99861122651233,18.402451527260382,0.007930059280143984,0.00783571797223586,-0.10052557411808749
104.93878964617062,13.362194574659007,7.853409786831261,0.016906030099180305,0.016551152338218605,-0.22317195245009092
299.3811734992495,22.335617849341595,13.403756077787415,0.006216647852343312,0.006125913767405092,-0.13297970256312866
125.98132810953638,19.884740480068615,6.335578190513134,0.013711207954928924,0.01319475067987142,-0.27287827585148805
191.2617247337171,25.987175313874104,7.359850481002672,0.009206030500324163,0.009081053180087005,-0.23475611431881827
30.905231852758487,4.700325199462941,6.575126303237427,0.056171007156738756,0.053794441438269905,-0.2612239303332942
128.601805861746,18.001834123464132,7.143816845535897,0.013642226074344177,0.013494624434729707,-0.24201219289130485
289.5982357961083,16.836995508455452,17.200113621855728,0.006526664677183331,0.006457493551968976,-0.10582373326393549
664.1621625465114,44.89151681484836,14.794825607826922,0.0028206609149837394,0.002793170425968864,-0.12107111210965613
97.71304284757426,32.61945602981909,2.995544829388014,0.01534536679053046,0.01518926680872248,-0.5919498982836252
37.206903480974674,4.2450868469328675,8.764697831295763,0.0482485879249446,0.04763842929773713,-0.19849310542358004
725.5937285422569,43.487142734627966,16.68524724583666,0.002600506753833901,0.0025773083018123845,-0.10914581731440122
168.69554860318559,18.152313069023194,9.29333622452025,0.010703895576330667,0.010553419909422695,-0.18796039977881177
736.1382408783147,48.03400482541757,15.325356350232564,0.002550460069146108,0.0025200675735294344,-0.11647880534144663
562.0233383207033,30.0104987198776,18.727557431374652,0.0033781852908905787,0.0033350095595402187,-0.0993449122371446
506.0914605374346,36.81703577743624,13.74612186588902,0.0036838620385857054,0.00362381781841049,-0.13055290822122617
371.6946154419306,26.310539752921645,14.127213616005573,0.0050250605397833496,0.004934113049392469,-0.1272999322756782
370.6484246055197,31.81581357504296,11.649817589334402,0.004969385625519141,0.004892300127726932,-0.15090519890616375
60.96927186631164,12.15621005604896,5.015483574666693,0.027350247101598002,0.026991781963308543,-0.3467380941253522
314.9449855338459,27.929108189050304,11.276585825870413,0.005833044947444641,0.005758341579181721,-0.1554470615674649
110.04561459324685,16.338086784353766,6.735526383580755,0.01582482533902482,0.01577012476277979,-0.2556930725164505
216.44426656767186,47.84282626331671,4.524069405440406,0.007567528094453704,0.007523109692424847,-0.3805271236436497
260.95208847579795,25.748099465567904,10.134809709926774,0.0069759284580902595,0.006826932573102865,-0.17124146754364714
367.53756984499864,48.989348229733096,7.502397625733856,0.004801610443916538,0.004725660819802805,-0.23331583217330729
81.36331244097931,22.976091237691715,3.541216458415903,0.019168213824178087,0.018909876386190586,-0.49859812720999536
257.27971308913976,24.137624422436414,10.658866365075804,0.007106882673558552,0.006982528552706931,-0.16212800125053764
126.49146433230791,27.476006265369808,4.603706343295428,0.012989756811853255,0.01287307383371905,-0.37860353983272665
345.2614529968081,17.455203162165905,19.779858749805967,0.005513945847370808,0.005470061625730775,-0.09447053967709336
39.80453854438853,19.484759580525395,2.04285500059094,0.03373290059508363,0.03360597417004366,-0.9105188740307262
17.4208378337682,3.5103149238352356,4.962756394157041,0.09555135463207975,0.09446556522598662,-0.34858878513836555
25.11115424165711,8.779500614924874,2.8602030278315533,0.059013318227799746,0.058981851258451325,-0.6274572021233737
82.37739478868339,42.770322938044984,1.926040981921303,0.01598111444882427,0.015987521578584542,-0.9732855739120402
36.90201485752875,7.268677278465055,5.0768542120942035,0.04527889202737306,0.04459564874792781,-0.34197935707601324
172.17723541258604,10.046516263039756,17.13800395128119,0.010975517634826083,0.01086135885405359,-0.10656027883392642
118.70712286448891,7.792909420868005,15.232709178758405,0.01581027264474075,0.015627689945700785,-0.11859574204555984
49.87056140597314,12.566703212913898,3.9684681464208325,0.032032152789009394,0.03147029584846075,-0.4425362726858197
27.291475536446846,17.220959015801554,1.5847825612618216,0.04493126516484766,0.04774383218851117,-1.0071209801278498
573.4078724368725,37.224215606622245,15.404162669175555,0.0032752946318430976,0.0032352505077904636,-0.11647880534144663
48.68636489382825,13.918311524203192,3.4980079881934882,0.03194649528487873,0.03160166473683393,-0.49900777214999764
425.9333951651885,32.68958357052158,13.029636619454571,0.004360880489489248,0.004306355743823621,-0.13612029659673344
114.45517506761779,7.500910982221283,15.258836605167069,0.016399345574132904,0.01620825016760033,-0.11791630162372602
30.166299594500174,7.5932179710156475,3.9727951587388994,0.052966778416324786,0.052026312231578414,-0.4425362726858197
307.52956687582366,29.825458256766908,10.310975416649306,0.0059284725319089,0.0057929464504269685,-0.16696830820621486
84.08657531889028,16.110026257520897,5.219518204052264,0.01996075683739408,0.019571129950721886,-0.3311463425781078
156.23873440104597,34.626595442880834,4.512102111187151,0.01047859242763171,0.010422088772847473,-0.3805271236436497
208.66398491745562,23.47119522800651,8.890215555297827,0.008615669536805004,0.008531970488170773,-0.1946067979971986
113.08380757531657,38.01395149557149,2.9747974921389186,0.013236463679528779,0.013126786059358967,-0.6020077306178833
44.66804792497742,7.977898522887956,5.598974190612772,0.03798962949560751,0.036842203076372676,-0.31076489022478127
90.24158099161001,6.660727559557312,13.548306875594184,0.020639343168423484,0.020323039914509643,-0.13159897144042307
678.1258861128775,35.447829379289715,19.130251357762134,0.002802793820145907,0.002764019549125804,-0.09746965201511303
119.34994892674386,34.30367046302206,3.479218034565665,0.013016289547509413,0.012891251269611223,-0.4992515173048229
424.45217670162793,32.971828811502405,12.873176648107412,0.004372310976019797,0.004321383711610191,-0.13642237085943215
299.13450161719504,41.211822476782544,7.258463315610905,0.00587636727184911,0.005801514243091664,-0.2372210342329613
8.838244146916788,3.640612596970604,2.4276804827493024,0.16027109222002042,0.1591152260358678,-0.7320924499778871
97.73005337409309,16.747827535764966,5.8353868981150345,0.017470623880388177,0.016838927595566114,-0.2988432229232257
263.4136767938279,41.83578111835723,6.296372859600892,0.00655201818761416,0.006310576713241334,-0.2736525396099106
53.65435024287989,44.29602379091387,1.2112678667534404,0.020418502938130505,0.020084863471706006,-1.0020547840458902
209.69621984531804,48.039335293602626,4.365094116388475,0.007759891718944212,0.007675740678541789,-0.3992829470072451
39.56066748378815,28.52823786691022,1.3867196308564995,0.029373361044634366,0.03293674528426351,-1.0064011688390784
508.2604212466389,48.55083961854655,10.468622689945862,0.0035918813798635403,0.0035050974625666404,-0.16696830820621486
285.07292781829966,17.206519386394117,16.56772769766082,0.0066163942619812495,0.006560001171022858,-0.11006211593169478
270.5063395962971,42.917109103685874,6.302995361191861,0.0063811434922804765,0.0061451137049327925,-0.2736349687365166
50.46313271331262,2.5525092704332217,19.770009573656836,0.03772471529465179,0.037425370232388684,-0.0945222206491304
72.7789950549313,16.92309520136,4.300572335554936,0.02229602447708546,0.021936452080374525,-0.4010922719424337
113.34078998047234,34.51128655425049,3.2841658859140104,0.013527033551877801,0.013442729233225804,-0.536427828735979
562.2818950900357,47.615803929581226,11.808724177409491,0.003279238474280047,0.0032460530326965994,-0.14900840765504592
26.506308752404337,1.703119679683398,15.563385866888542,0.07089828157329961,0.06998779527549896,-0.11538752843956268
41.77880809347212,34.0311839785327,1.2276624909620164,0.026381746592195745,0.031188051733638807,-1.0050561326993668
27.46755360038703,2.7824961029323063,9.871551507813656,0.06611559384580251,0.06485842673697535,-0.1764936057294186
146.15749124866127,19.113930783711957,7.646647510788842,0.012101305690999873,0.011883468160158063,-0.22622522963494318
334.7809292081281,47.90303896879703,6.98872005649155,0.005226244542011611,0.005183787128607292,-0.24551035500853874
231.6590422109963,12.836730726133533,18.046576433933875,0.008180100522696089,0.008090999548712115,-0.10198567389152059
558.9963033918425,35.84890297371662,15.593121602680073,0.003362219243926983,0.003334801985504773,-0.11510358059965736
32.0608654451696,2.2182607919094783,14.453154273881212,0.05834454432028779,0.05720317361917188,-0.12367370116581694
52.64657785009501,12.354704084487377,4.261257695050608,0.030768623948260132,0.030325103789769575,-0.40512960780328844
95.63768456366908,33.058586956974814,2.8929755735821345,0.01554046575218136,0.015521360179215408,-0.6138088772585288
623.1505517100486,36.803045343748344,16.93203771290361,0.003030516098296177,0.003001006314097121,-0.107277520106933
491.61729288955456,28.094822250620027,17.498501627954063,0.0038482843515405996,0.0038126266774861782,-0.1043886025963777
156.4962726443404,34.82972602793428,4.493181270470707,0.010453362396533635,0.01040645507066584,-0.38035708239805305
143.91404340130958,42.706636510668325,3.369828559675009,0.010716925910586792,0.010613342796349175,-0.5256144831778897
418.49716412685467,43.828132538282176,9.548596754865464,0.004325958398613442,0.004257471581359452,-0.18063068011005493
273.60274368113505,44.629593240160034,6.13052290682616,0.006284716441291879,0.006014812828759782,-0.28410247130353905
50.55047848071875,13.816459965186517,3.658714215370025,0.031071852231729542,0.03077924404247745,-0.4852656732691057
327.04817730808475,22.169207873552082,14.752361887420163,0.005727091733877308,0.0056723083606269094,-0.12140666851256769
54.68084454276551,11.898165084356709,4.595737591055782,0.03003949760143717,0.02977887363117683,-0.37860353983272665
165.3355854831434,34.612875190454005,4.776707643424602,0.010002577630566844,0.009848659953794728,-0.36413272368373106
283.59417212539205,28.685487875961183,9.886329050831577,0.006404515747171408,0.006281872083206804,-0.17514405718807308
505.8020179080308,45.020622218241144,11.234896209477386,0.003630932816308195,0.003585515164322827,-0.1554470615674649
16.51014963588395,1.356194412442679,12.173881181347049,0.11194231984955652,0.1105499884035231,-0.14563953835432356
198.53091786207293,46.36582124197762,4.281837624011102,0.008166707353135681,0.00804163379020629,-0.40512960780328844
322.88577915943915,17.268063774325046,18.69843564276851,0.0058796925025170034,0.005805003896002205,-0.0993449122371446
351.3946483464244,42.272558066335506,8.312594846874518,0.0050804333391768495,0.00494275567882228,-0.2072744654045315
13.32068858030787,3.5377763586171316,3.7652715236965246,0.11863476344053968,0.11781983432109709,-0.4642557841030221
128.08537394268362,10.701714583662692,11.968677817124705,0.014410562403435207,0.014249845978543587,-0.14723000532158403
29.516938409736625,22.5117572159422,1.3111787821180636,0.03844032559241977,0.0441441320946471,-1.006370536956614
376.40168898214796,20.883869981678505,18.02356025546829,0.00503416234211046,0.004979662049479138,-0.1021196780289652
648.7147852232547,42.69062803684613,15.195718944761161,0.0028926588679276323,0.002859682178870031,-0.11859574204555984
381.2035211194179,29.444228403182137,12.946629672191374,0.0048703542204361445,0.004811657346106484,-0.13642237085943215
726.0279363223661,49.830302671815915,14.570008556921902,0.0025777905028021458,0.0025260505287590363,-0.12277063113777566
249.5197931845843,19.00318470028164,13.130419828045257,0.007448152168405997,0.0073500511884611935,-0.13470321933701077
463.78677546402247,24.996035051541558,18.55441371032242,0.004091796922830442,0.004041411495851614,-0.10021091784610414
275.1299148943575,36.67182812577473,7.502487030391128,0.0064143323274202,0.00631286457631826,-0.23331583217330729
151.04465702484563,29.281526382217944,5.158360088652069,0.01109101275373445,0.010895249955160387,-0.3346807320267716
95.21668677684377,10.837119330825166,8.786162066704282,0.018858351938539023,0.01861520812019264,-0.1974353578870094
284.85466176164306,30.643418322278503,9.29578608906523,0.006339182791438877,0.0062499063566302145,-0.18796039977881177
718.0499213514369,39.477941256869144,18.18863645090653,0.002640166914935164,0.002610338292992978,-0.1009016411972466
183.74052294839316,46.13849363909575,3.9823693505394258,0.00870022862325421,0.008541617800966034,-0.4425362726858197
332.3939352979143,22.64461108777922,14.678721308545665,0.005633191157298495,0.00551749914088295,-0.12220993775424631
265.73204320059955,34.12812170202013,7.786307301666421,0.006669775562384237,0.006536125160904676,-0.22317195245009092
247.41148622673424,37.032231485905804,6.6809769840874225,0.007031267964302537,0.006959649651033325,-0.257982956104573
326.6543821700133,17.76335888349857,18.389223812477372,0.005806901798619199,0.005738031718823567,-0.10052557411808749
249.52927159543776,15.495230234074366,16.10361819901954,0.007546472066520785,0.007470634489180418,-0.1130921114958023
189.37400839730637,11.094238737477891,17.069581147336812,0.009976642329073221,0.009875054956810854,-0.10656027883392642
174.06455785862337,26.21384885708604,6.640175534985234,0.00998609901485263,0.009892291026746904,-0.2593360261650833
262.7988935123472,33.54757318161392,7.833618607511578,0.0067488572491245956,0.006609076128170393,-0.22317195245009092
219.04219426202624,38.49005597491509,5.6908775192424095,0.007766017646954545,0.007513024137753825,-0.3043354672995555
96.71213905605401,10.065136743305242,9.608626442197265,0.018730577129146064,0.018423124548169866,-0.18007056360018975
173.16930622061048,20.123238784598243,8.60543911813785,0.010347010537556454,0.010194383577239346,-0.20078050677274345
251.3683113847888,19.917330265689056,12.620582579674993,0.007372303185056817,0.00729694491979191,-0.13962818154523823
71.61916211563039,9.074894251617383,7.892010653773291,0.02478497289686088,0.024251301499700034,-0.21933465485851883
23.746822967294264,6.94932333507069,3.417141759321047,0.06515475852569519,0.0647905693636974,-0.5143724538765504
518.2026197596554,31.526814431277156,16.436884890138355,0.0036381533816604015,0.0036087790161738495,-0.11089714911713303
67.4688308475921,37.925378707986326,1.778988981681138,0.018976374588637365,0.0193126160898263,-1.005091017031271
211.86497099556422,17.014534693309432,12.451999118076097,0.008738222297275892,0.008614906193367923,-0.14259864811177586
406.1355331621919,45.1260880244224,9.000016419380069,0.004432018824780408,0.004383548879356159,-0.19249598843847712
53.22972361202033,4.3657162340238385,12.19266685204572,0.034724971375270544,0.03428905368907901,-0.1440771296373109
86.57706844445795,7.17887786485,12.059972334724621,0.021331980303434292,0.021081758525449794,-0.1467919710521373
45.88423351840404,27.487804799661422,1.6692578346223272,0.027258340450214334,0.028397545916645783,-1.006486493863055
319.95586033446233,20.313058420155258,15.751240099668694,0.005877704044553906,0.0058262473470318205,-0.11449277768490264
231.59434283224346,43.7040270565441,5.299153383110614,0.007264845050873135,0.00710582682008435,-0.32832583858702225
153.4731252648146,15.580250362021927,9.85049159665093,0.011830583048603191,0.01160791056910258,-0.1788226028080648
451.24705384452375,37.35560134178277,12.07976950272776,0.004093305631418214,0.004044783971966429,-0.1467919710521373
15.809931886523497,4.607250221251661,3.4315331547650088,0.0979567106490357,0.09731668622439861,-0.5134022312408418
142.86523609630942,40.7186325660279,3.5085961166462107,0.010894203366411054,0.010769381150168181,-0.49900777214999764
42.274825807197296,2.8308036279744875,14.933860261245325,0.044340363388000306,0.04388233600140836,-0.12033918442793407
389.446840580469,23.1882066250642,16.795039257564436,0.004846898036278052,0.004801884481917007,-0.10880193727536132
36.47465299734656,14.267686673970426,2.5564517802237634,0.0394148163635138,0.039375850264740594,-0.6986694083805378
106.8559033540826,41.70932220797454,2.561918959537839,0.013462100518028564,0.013440721848775768,-0.6986694083805378
628.9143687709502,36.144941510569964,17.399789361591168,0.0030072505851446514,0.002978789192534255,-0.10507824526938718
18.117921190429296,2.3902465967815902,7.5799380761904,0.09752212000368075,0.09586408260455034,-0.22854069888323758
102.66601869960186,9.228865261591263,11.12444659116195,0.01787391817389641,0.017664664787097308,-0.15752546669499704
2.9144279144213665,1.8640995425947975,1.563450796390695,0.41853897837574666,0.4470859003722091,-1.0071452439729913
331.20338420821037,20.455008822194927,16.191798648790343,0.005687337597049973,0.005627673511192882,-0.11260787068991106
144.05267051023623,7.307491875179922,19.713011382128894,0.01321351647937122,0.013110492281694199,-0.09471503595471148
94.166087405088,6.849949948838215,13.746974519289596,0.019798836426266384,0.019476048150449655,-0.13055290822122617
37.33192256192348,9.216339131837774,4.050623791930641,0.042966158718405055,0.04251091334097424,-0.4303661218707792
206.28954834183781,13.816072254268144,14.931128365958683,0.009086546697823779,0.00899278768790732,-0.12033918442793407
98.04970832550168,11.375631413606234,8.619276131628684,0.0182773021748747,0.01800468723024414,-0.20078050677274345
403.67446876064463,29.009363484797817,13.915316307170539,0.004622312762695252,0.0045432233008731344,-0.12898848216919093
830.8890134791551,44.35775661271035,18.731538223036978,0.00228506984354833,0.0022558406424653906,-0.0993449122371446
48.132811760209464,12.501142658919003,3.8502729769161435,0.032984818805897494,0.03260647496334782,-0.4561097175311457
481.45418557794505,25.538766834166697,18.8518963622722,0.003944828010891737,0.0038931081339219206,-0.09824036033183338
244.16001581617215,31.194593062691386,7.826997945621114,0.0072633612640195825,0.007113604935747243,-0.22317195245009092
189.23271663884242,26.86568909331716,7.043657654994378,0.009255042827474046,0.009170893398124285,-0.24551035500853874
724.7538975580994,46.08969368855683,15.724858196183709,0.0025945600673224455,0.0025721034253444732,-0.11465514354736822
396.7582159326858,27.590290226110234,14.380356737139769,0.004713107200739331,0.004622420352732152,-0.12367370116581694
434.4555107133972,46.93803763425157,9.255936818210031,0.004154604910815416,0.004097807295242908,-0.18796039977881177
78.4399553334423,10.535916783030215,7.445005209208034,0.022478003895055172,0.022142515077154187,-0.23331583217330729
103.78089398081555,14.787517425894949,7.018141787551244,0.016867899099530383,0.016722086360646378,-0.24551035500853874
73.15605765860232,29.709566163557373,2.462373811043316,0.019442841307779565,0.019242754218058683,-0.7319851383219487
448.2954430260998,31.67177324769067,14.154415653338482,0.004166951267061391,0.004091014711327704,-0.12722307658369517
222.24966532425623,11.362892924036199,19.559250167193444,0.008561183589601047,0.00843354793470497,-0.09516221184911976
266.88169905816187,44.88614514542034,5.9457478068907275,0.006415029763922715,0.00616628752921167,-0.2921750138427401
240.88041816085334,18.42989963431724,13.07008844000018,0.007712766761482285,0.007613666841180346,-0.13487604758876864
99.51354150857856,16.870067027114196,5.89882312551792,0.01718455051500346,0.016537139244866494,-0.29251229739297796
113.18187166558295,32.0687361255213,3.5293524266929026,0.013769305550007402,0.01359378633687836,-0.49859812720999536
553.3482979618491,49.688917586597086,11.13625180096713,0.0033165448971189176,0.0032774308912383566,-0.15752546669499704
236.46708558391887,37.07682370275072,6.377760065956659,0.007311440438266283,0.007029698068209519,-0.2719234110987598
286.6941335326029,42.664901974960614,6.719671680034782,0.006072400585330446,0.006053256306114578,-0.25751221406617825
186.20195977648297,44.31598201124068,4.20168867586536,0.008676114251626165,0.008574093094384028,-0.41329706145980005
452.5083800038586,23.045920120820842,19.635075433375288,0.004205618579152046,0.004175726659748533,-0.09497468413321988
325.61764183468955,20.002354958463187,16.278965277381882,0.005786702212132024,0.005730046640387212,-0.11183877057244754
251.5089428005642,39.876861509232555,6.307139862106078,0.006863752353129845,0.006609276776462521,-0.2736349687365166
660.8068947331464,35.228984706645825,18.757477691614753,0.00287341509120149,0.0028364613337473906,-0.0988667621260604
619.5820382669955,47.397922592365,13.071923923661576,0.002998590838356117,0.002960032956363124,-0.13487604758876864
531.9198010119088,27.802603024275896,19.13201438539629,0.0035731998318772047,0.0035237515174628515,-0.09746965201511303
41.563784192053596,8.193780670693954,5.072601508692012,0.04019489308845494,0.03959382728658749,-0.34197935707601324
109.50329638496595,13.033945605149999,8.401392771019298,0.016321568590235803,0.015861238437206587,-0.20579264467921993
30.723898697416978,5.475229784079626,5.6114354847267105,0.05524994893239797,0.053563166214173216,-0.30962730486686063
176.54809888863971,16.630388186627215,10.615993860600627,0.010353119699196901,0.010168761954410839,-0.16682248512960882
81.7411582437308,13.53499443340559,6.039245796953283,0.020991611686687516,0.02013268869729261,-0.28410247130353905
151.1508258479227,16.683951256434085,9.05965400669893,0.01191648140216157,0.011778400490190308,-0.19249598843847712
570.4510629537228,29.704573966419897,19.204148950212183,0.0033324689080044784,0.0032857388261827228,-0.09746965201511303
358.5906653595306,29.977619447019016,11.96194601086608,0.0051471004665131345,0.0050899173545340915,-0.14723000532158403
735.861556476515,49.32163911305119,14.919649259624785,0.0025471762656589596,0.0025210151205006547,-0.12033918442793407
326.9010397705129,34.47435491583877,9.482441094795446,0.005534411112123056,0.005450394970907408,-0.18063068011005493
883.1791242494054,48.987293392164666,18.028738946223687,0.00214553963986399,0.0021222797895922,-0.1021196780289652
68.7717918214546,4.774836104733582,14.402963853204717,0.027193632888338697,0.02666766713309338,-0.12367370116581694
222.31024094354956,47.49048566240495,4.681153242438574,0.00741287847946018,0.007324601659257418,-0.3707294000950962
179.1910930136834,17.282574523694308,10.36831015934654,0.010179481174593101,0.009941913310940105,-0.16696830820621486
791.4025588381471,44.36231119272255,17.83952498326943,0.002393017548016978,0.002368394169379459,-0.10257733072106687
463.24783897216156,28.99679281369221,15.975830221934652,0.004063020439134176,0.004024070541973902,-0.11346214160985876
83.47282197670822,34.82169645226308,2.3971497796249173,0.016906954156129212,0.016696611609618647,-0.7607281560446899
470.55517934026807,47.50016922816172,9.906389534740587,0.0038605913548170243,0.0037859583552610414,-0.17514405718807308
29.279680961762494,9.367156418892279,3.125781149838532,0.051750677042492706,0.051720106188369495,-0.5674736749142755
173.62258806909935,26.45650879464456,6.562566112435999,0.009996046720272945,0.009575537973075868,-0.2615867060009614
670.2621963578448,46.84330231155728,14.30860258100284,0.0027889899097287975,0.002736217650953126,-0.12487853954468492
12.436166108214344,1.5900387858455787,7.821297328669138,0.14259024555152455,0.13966184421377395,-0.22317195245009092
280.4030794502064,19.347879952490455,14.492703083684008,0.006672205500143616,0.006540524647721001,-0.1235659613914814
264.2872788279924,28.109883186776173,9.401934439639435,0.006840011668440827,0.006741678188412641,-0.18344510331748873
163.71345431618528,38.9369319518512,4.20458023037436,0.00986921385560396,0.009751873748854606,-0.41329706145980005
601.5068618421408,46.45034378084696,12.949459850718313,0.003086623595885582,0.00304937622347071,-0.13642237085943215
120.51231901738034,6.318017412978539,19.07438855262137,0.015769097964178136,0.015553208346392636,-0.09755855859825942
243.41170348958826,12.367126658757098,19.682154974715143,0.007819255404522923,0.0077588768239431555,-0.0948925412368821
156.80014230324772,12.287300903827703,12.761154262479389,0.01182819943377268,0.011697825625748262,-0.13751371645582958
445.05527228968197,23.825605441100056,18.679704630797968,0.004265475720996118,0.0042115065761186045,-0.0993449122371446
349.38519241194854,32.58164578963522,10.723374585426681,0.005236056641504821,0.005141783285878399,-0.16212800125053764
411.9606211922705,48.78227421452793,8.444883471004388,0.0043408157129241525,0.0042160774702090275,-0.20579264467921993
77.76955327130219,21.853970128117584,3.5586006943078474,0.02007557986060598,0.019783708609750632,-0.4910462853069257
528.3357203275239,38.02945044998863,13.89280449956336,0.003531290593407037,0.0034712459935588476,-0.1295959871754494
277.2776611444823,21.72989266365045,12.760194697524192,0.006688794227865429,0.006615104567692311,-0.13751371645582958
82.83904556104707,35.733238453243096,2.3182630275574345,0.016867348188712994,0.0167784859669863,-0.7845571358497296
216.38414013784848,13.810439421416744,15.66815751005631,0.008688301887165358,0.00861496587159015,-0.11508397781127808
444.61332881470156,25.041204873459787,17.755269008079168,0.004258449256933926,0.00421569279306382,-0.10335061644426226
372.0048421753163,22.424536763675505,16.589187375228644,0.005070616203539314,0.005027027953129816,-0.1099622645995206
634.377484884469,39.95174186183848,15.878593906575581,0.002965910301189465,0.0029370400835086723,-0.11398899085355466
189.45391732238352,38.80760976481464,4.881875448411513,0.008761879522675674,0.008607415913494978,-0.35579358566393204
153.41301201246813,12.141374620813572,12.635555429570312,0.012080622209245263,0.01195609615308795,-0.13962818154523823
200.00206925097916,14.551658916685133,13.744279631352136,0.009321674421975496,0.009169821388895286,-0.13055290822122617
153.5491919894322,13.749992940526445,11.16721969629995,0.011954630865878507,0.011810943332604098,-0.15772462057534828
39.23786256486592,29.123237094542706,1.3473042999130944,0.02925640473843281,0.033207711710466575,-1.006370536956614
353.2310545199516,31.59697465325474,11.179268217805973,0.005197126634192814,0.005134205450364486,-0.15772462057534828
30.888869528261274,1.7761889829299082,17.390530976781882,0.061227503979972724,0.0606497859369819,-0.10507824526938718
19.972892727997046,13.869488240882081,1.440059819159326,0.05909749677007554,0.06523840316643235,-1.0064660546555555
86.36138094233205,6.392211124104755,13.51040809911096,0.021562507234948444,0.021236150145232047,-0.13159897144042307
112.13879601963787,20.817804971068067,5.3866772301635475,0.015042502478984147,0.014675289472422854,-0.32135846776810545
902.0529886317665,49.5615157102258,18.20067396457066,0.0021016913790978093,0.0020778748361859204,-0.1009016411972466
474.0166334240897,49.3917579766589,9.597079610895731,0.0038211080159559307,0.0037588127873891134,-0.18063068011005493
637.7578937007204,32.829685778111354,19.42625640742303,0.002982459057106848,0.002938972962150158,-0.09599366970130424
459.41423394039396,25.678845345113608,17.890766806920126,0.00412292008565819,0.00407987621521417,-0.10253805771853677
106.84020752045807,15.943315205453722,6.701254171021551,0.016288830582459966,0.01611656607321559,-0.2576953385014043
407.12666888009414,28.986248495437707,14.045510889212652,0.004585968267199531,0.004504699378907759,-0.12820841775481742
86.49970612050205,8.806961362095766,9.821742433523971,0.02098489069891341,0.02059547243262132,-0.1788226028080648
320.1568476531633,36.44928163196515,8.783625720963274,0.005608428559568805,0.005536281525317638,-0.1974353578870094
12.946679328785265,3.280249897864213,3.9468576272847113,0.12325190872931158,0.12122346446670335,-0.4449925416771312
231.86493871039505,16.63214916966188,13.940768348406337,0.008048384055773515,0.007909704945652152,-0.12898848216919093
110.77817814322475,22.3171067323165,4.963823468335676,0.015026828349856424,0.01485553671544846,-0.34858878513836555
174.66150233450927,36.8161625332707,4.744152847996257,0.009457263495180163,0.009322798315146041,-0.3644247719978251
404.6675878108606,36.24183390572731,11.165759129725243,0.004536079070874516,0.004481606286199475,-0.15772462057534828
187.07922806607309,18.659076258779756,10.026178438391112,0.009721087215932709,0.009522715756585495,-0.17124146754364714
458.3122753947457,29.89427839114725,15.331103477328563,0.004096626693129393,0.0040477163935323844,-0.11647880534144663
214.88124148919078,28.760901142497605,7.471297245679084,0.008208760514076508,0.008082873505314407,-0.23331583217330729
92.71762276620369,13.54582721586234,6.84473685428603,0.018821146879171885,0.018717402581689815,-0.2517689206604019
851.3240035568092,44.336589066432765,19.2013869691511,0.002232988719691608,0.0022016919506007743,-0.09746965201511303
220.64620224818742,16.26057112388727,13.569400519029216,0.008442139376314469,0.008311873187729026,-0.13163321059959784
10.593912648392756,2.5217728614489694,4.2009781334174825,0.15248917020000544,0.15070097238554522,-0.41329706145980005
398.27485636953884,20.986122724236516,18.9780104501904,0.004770298453061293,0.004706180106547162,-0.09814922923627628
286.35827362897936,14.47402703532469,19.784284838635827,0.006648222267301613,0.006595239596006434,-0.09447053967709336
520.2901573839578,38.48041812388067,13.520907067822879,0.0035792865402447162,0.003524923980231137,-0.13159897144042307
316.1578657087749,38.687720402431026,8.172046903257408,0.005636254411160169,0.005493641253328593,-0.21101667776337904
755.1963159168997,42.24999146435852,17.874472626910997,0.0025080058450177288,0.0024819416706350853,-0.10253805771853677
90.10484714048643,5.296067071757502,17.013539654924553,0.020964159688768646,0.020754474366947637,-0.10721876293292538
178.35984984669514,32.38331791726555,5.507769472614802,0.009490224623747073,0.009226680186665667,-0.31490181318164073
452.91279761638674,31.301870102958265,14.469192930858883,0.004130399455720778,0.004049307641764438,-0.1235659613914814
289.0203133242643,17.36084703390462,16.647823274971906,0.006527816519990782,0.00647040589917581,-0.10946120500189957
37.443030022825496,30.75508136561469,1.217458330794344,0.029326325308460185,0.028780798419209195,-1.0020547840458902
43.63742103578604,8.69519283981606,5.018568517073757,0.038217085902762765,0.03771234077576652,-0.3467380941253522
35.00034734130205,2.988874221652412,11.710210850542904,0.05264651176612469,0.05180872399227775,-0.15090519890616375
13.504487333376023,1.3149921460482399,10.269633452913883,0.13495750662341752,0.13191928496476166,-0.16969828060194272
84.99169698573365,7.186681506604409,11.826278499698097,0.0216970620736862,0.021475001859225983,-0.14900840765504592
421.73748363428064,25.569177086409642,16.493979536730563,0.004471205496420835,0.004434224637088797,-0.11039008129265553
322.64718689201777,30.5177101019215,10.572457298219854,0.005663076984784029,0.005564206551421747,-0.16682248512960882
153.90860898938507,41.85424905837766,3.6772517116414085,0.01021644258744953,0.010109281890328543,-0.4763796078590647
549.08091770691,49.57567293933727,11.075611991768358,0.003340813466767331,0.0033029026266805693,-0.15752546669499704
465.3053912914822,49.86967909844955,9.33042681852646,0.003882175429191899,0.003826121499083591,-0.18796039977881177
9.166793039250486,7.810334743325239,1.1736747963439704,0.11780555731297944,0.09139458888117365,-1.0063024635678528
137.78021807584898,22.552178911516457,6.109397172505153,0.012474085322616393,0.011944162345360877,-0.28410247130353905
104.48937192780319,39.28967373202681,2.65946143102301,0.013910232821629962,0.013911039764679113,-0.6762156906787533
73.33138587738297,14.016646938752716,5.231735250078891,0.022896909472591383,0.02244154086258346,-0.3311463425781078
30.09833947473205,2.181870020752974,13.794744502857675,0.061957466548652244,0.06093303765081784,-0.12956521288816658
456.57728712085725,24.33627946093815,18.761178669636152,0.004158751465914059,0.004105226560444531,-0.0988667621260604
55.71769087239419,4.944267636828709,11.269149440326808,0.032969591637828914,0.03254910203489561,-0.1554470615674649
100.00240164860335,22.745858252375562,4.39651036857047,0.01629350999854011,0.01614284441662615,-0.3955206330648886
768.2632211504272,48.64621857305791,15.79286620185356,0.0024482517923614376,0.0024264365794440953,-0.11449277768490264
751.9367179115667,39.633013073830696,18.972484290074412,0.0025266251622712635,0.002492700730441906,-0.09814922923627628
48.185309363888294,18.521005168170056,2.601657357490451,0.029982169064951436,0.02998853583408495,-0.6897160087604138
218.13184654938274,14.642899104556989,14.896766343319156,0.00859199735942725,0.008504572531789675,-0.12033918442793407
308.7867948316827,27.514091266773907,11.222860018806962,0.005947055397928607,0.005873181223124806,-0.1554470615674649
365.5379743842181,28.0408609966929,13.03590408394839,0.005081574058890571,0.005017866408670171,-0.13612029659673344
330.27680045216823,17.00850833594103,19.418328399454847,0.005758953659684663,0.005675097988772305,-0.09602694898365999
361.635531808103,49.70158447247589,7.276136880673738,0.004862191912279979,0.004798845575420856,-0.2372210342329613
780.2988192879942,39.904738108597904,19.554039351529298,0.0024384190753185702,0.002402096683543054,-0.09516221184911976
149.65505775574266,10.977296968676665,13.63314285682333,0.01245079176876413,0.012254736190969598,-0.13163321059959784
139.90906406422232,8.175941260947134,17.112288310155336,0.013505756343178302,0.013366387323244048,-0.10656027883392642
493.407076649385,27.39311406538645,18.012084185523367,0.003840244369448296,0.0037987967637443656,-0.1021196780289652
633.3710820799101,35.32080964990488,17.93195253330258,0.002990914088738645,0.0029593286763726473,-0.10253805771853677
191.56856269702666,19.02794039531383,10.067750829417452,0.009496833853518724,0.00929955462291672,-0.17124146754364714
8.405315496134289,5.73780857359543,1.4648999506212776,0.14141147246813487,0.15502090656659376,-1.0066254819852019
853.9959878528163,49.853892923668546,17.129975971191904,0.002212756833338107,0.0021897980399379386,-0.10656027883392642
81.91034010505933,9.11336434572572,8.987936507056945,0.02197229844761334,0.02173492331952701,-0.19250641300682483
296.60874559984586,26.188984600777488,11.325706212796057,0.0061958304315119315,0.006114320067288242,-0.15525947258038955
107.6809698008775,46.05582658250977,2.3380531366202986,0.01300924727878692,0.012907701017503657,-0.7719284058061981
240.4042922320003,20.438603848603243,11.76226585792108,0.007667450523099453,0.007542807652075682,-0.14958899205843956
298.6937761561311,26.171560015678022,11.412914475759152,0.006156397058448473,0.006070844054318436,-0.15431342543842827
79.12054854489884,30.047069542974718,2.63322013588503,0.01832045101863555,0.018263357662585335,-0.6897160087604138
218.96543211033742,18.83402713738645,11.626054826887263,0.008410448057060262,0.00828132238757043,-0.15090519890616375
594.682924186489,33.074371012832344,17.980173347990842,0.0031859446561508667,0.003151853079602578,-0.10233045364330785
682.8393373549834,45.384287730169,15.045721140646416,0.002746409112676256,0.002716771001592183,-0.1189256494633792
78.86126709396136,30.035810940849178,2.6255747597181998,0.018365965699838806,0.018323404248802407,-0.6897160087604138
131.42766730571577,9.058997484474878,14.507970394180347,0.01423622664106158,0.013954316393479695,-0.1235659613914814
81.09077989896646,9.632840724024248,8.418158487425888,0.022044975567180686,0.021418685278228336,-0.20579264467921993
438.74256899447266,37.539220700509155,11.687577973309443,0.004199194769299979,0.004133000677812539,-0.15090519890616375
215.081891113589,11.620584608337403,18.50869800124122,0.008822135680834836,0.008714602592899691,-0.10024824039633771
61.070370740852454,35.518443186608216,1.7193988604736559,0.020706331496129802,0.021336035992284338,-1.0075910092209353
110.56168064968163,46.60463428235368,2.372332330296701,0.012725373123782129,0.012605753461002135,-0.7643855716312185
196.76749145326102,10.2321071936676,19.23039777916279,0.009661854482197932,0.009525725983194101,-0.09701747724045454
152.83261394320442,23.833649358438084,6.412472200321913,0.011320780564567505,0.010876554236925828,-0.2719234110987598
123.93831949918923,31.744024519785988,3.9043039240956583,0.012846671937032447,0.012663083765510232,-0.4485643884026976
726.7547926898545,44.262339610044066,16.419258428104836,0.002593976082002378,0.002567309212698799,-0.11106247497193811
184.87656807505255,44.109476363421024,4.191311784158164,0.008734156725159647,0.008635561305055134,-0.41329706145980005
393.2286223916582,21.235415036322088,18.51758591574786,0.004825509138045619,0.00476657369085759,-0.10024824039633771
249.42562845792986,21.589033090236892,11.553348749589274,0.007379674548140802,0.007269996055538535,-0.15347801774918865
232.45570034175003,40.299048316250285,5.768267739663074,0.00733259461050757,0.007079496395475556,-0.29973366683317254
19.7253144988,8.624149465861425,2.2872185340574607,0.07054807112025357,0.06998189818216181,-0.8013972431550005
297.34010588426537,32.959643540756105,9.021338641499286,0.0060551060165245545,0.0059874699915281535,-0.19249598843847712
594.9129567746386,30.155684868508803,19.728053246633394,0.0031996485933808894,0.003174584455381627,-0.09471503595471148
52.64567312272039,38.99660066105033,1.350006724440028,0.021823989272887156,0.024750365051874286,-1.006376316892097
44.32202494604981,5.243930414101206,8.452061992826133,0.04035027642396494,0.03918724146146766,-0.20579264467921993
172.2175423058833,25.885549114583323,6.653038015286294,0.010095753608181069,0.009998384837714083,-0.2593360261650833
349.1566413263335,33.89712514592333,10.300479460227178,0.005221199150236923,0.005102301093478539,-0.16696830820621486
142.163807073456,9.932607395273955,14.312838655144986,0.013149553899649535,0.012900493382913741,-0.12457965487104852
204.15176160778378,16.77513220571127,12.169904779544938,0.009052768386307853,0.008940392365038557,-0.14563953835432356
67.79344313711321,36.107233544310986,1.8775584968013885,0.019249152785908354,0.01928669652504251,-0.9944785175119033
9.128148240747512,1.8275618504390991,4.994713715737904,0.18255320589478835,0.18028511909250064,-0.3467380941253522
502.97233897821167,32.21428988850312,15.613330007243658,0.0037370141407215333,0.0037062514933285384,-0.11510358059965736
169.6816716216524,21.508368072991715,7.889100235118418,0.0104607959870413,0.010235978211570221,-0.21933465485851883
826.4645340895361,41.73056961049774,19.804774816244798,0.0023036296697326354,0.0022851572535564917,-0.09424755040194334
122.72527805004796,44.33094005814878,2.7683888022466823,0.011972017699482859,0.011946534225565408,-0.6452154597789044
579.787757604343,40.78506790152016,14.215686952006592,0.0032228288410303648,0.0031631976156566008,-0.12722307658369517
401.71690864116067,46.841691980444644,8.576054614100372,0.004458726233826376,0.004324769002451589,-0.2022876414058329
91.5276976237768,5.667580066478221,16.149343555838147,0.020577131394939403,0.02036697121021739,-0.11260787068991106
42.92971097960269,5.3031432436034684,8.095144522332776,0.04146551209150183,0.04045817812394044,-0.2128335309748802
474.35141221820345,47.15708736012193,10.058963323916725,0.003835028578857553,0.003755659342308752,-0.17124146754364714
749.5288702623807,42.35368277177808,17.69689956599999,0.0025256270545888993,0.002500708485489177,-0.103664098523445
703.0320884691287,39.6381911820676,17.736230324939292,0.0026929851036173458,0.002666099082426958,-0.10335061644426226
498.8315490216589,46.8198868091744,10.654266445682914,0.003665343603384293,0.0036013418682128394,-0.16212800125053764
258.6845009854727,16.441012985432234,15.734097480166419,0.007269409409305107,0.007206237618950476,-0.11449277768490264
332.68924877974956,29.441523694430774,11.300001054044694,0.005522866743235964,0.0054512155472597286,-0.15525947258038955
42.63546024202117,4.6783745706327,9.113306255906563,0.042270934239832726,0.04175667275910343,-0.18796039977881177
74.67500088037688,4.280336990432513,17.446056478097823,0.025330776283580703,0.025087422867599893,-0.10482304948765182
256.6596473400598,41.61528720586499,6.167436645826822,0.006705223162800037,0.006411873894990376,-0.28013994684396
225.822349936282,16.764720243950123,13.470093544673041,0.008244462487279653,0.008121354033196544,-0.13245412726977307
139.81021595913575,10.624471989078966,13.159262512325178,0.013294806053564425,0.013117662681938697,-0.13470321933701077
161.10214516192525,22.90626966297642,7.0331026191626425,0.010869068145079971,0.010772253032310549,-0.24551035500853874
195.7036881398773,28.7311439072354,6.811552257430064,0.008911272736756681,0.008867656446473813,-0.2556930725164505
308.6216571849147,19.35455528665784,15.94568578889873,0.006098003220807823,0.00604021765499114,-0.11346214160985876
603.941292044704,35.6177455744261,16.95619086229702,0.003127154621167341,0.003096457826196352,-0.10721876293292538
339.30828848296693,20.293877919866603,16.71973635708149,0.005561701755043266,0.005511444323025541,-0.1088860253336537
44.275222871355616,2.3378552785809954,18.938393354369346,0.042906413379669064,0.04233413373051335,-0.09814922923627628
647.7818799782758,45.540650587809324,14.224256167119384,0.002884660330260776,0.0028311740558449243,-0.12722307658369517
490.14109379243115,28.552261165229307,17.166454556997422,0.0038558427265050557,0.003815388597281983,-0.10656027883392642
273.5638394831593,25.946534119857024,10.54336730368159,0.006677565040371137,0.006562547135228667,-0.16682248512960882
99.0297331560758,6.746879244806243,14.677857652826532,0.01890777133625923,0.01851952129922935,-0.12220993775424631
134.6140240743784,14.325739618327031,9.396654389988047,0.013428247436503444,0.013235915020006683,-0.18344510331748873
76.23146590485776,19.60113013599575,3.889136257754107,0.020869725778349973,0.020587841292906223,-0.4505794239553565
352.23796851108585,22.26497336748821,15.820273516492557,0.005340411987066485,0.005292280075088712,-0.11406352644278
74.4726653454929,20.944441821284606,3.5557245201832357,0.020960601923345288,0.020659528882069695,-0.4910462853069257
412.1506542274681,48.793377968257005,8.446856343817734,0.0043389215616328105,0.0042141335354121895,-0.20579264467921993
186.9018617758747,29.829557146607588,6.265659957916284,0.009228011378983932,0.008804991437969659,-0.274895451004577
118.85489778257121,44.409310228966916,2.676350908621985,0.012250082393188451,0.012229666887881198,-0.6762156906787533
99.86968267617635,18.071747778524852,5.5262879883070415,0.016957569467229393,0.01647816683280336,-0.3137827145586913
48.48089780981349,21.976674621401603,2.2060160895589367,0.02838587721642723,0.028267653025196057,-0.8314766035315969
174.1034855161712,20.939774694345903,8.314487049527907,0.010254135404839567,0.009976008742574675,-0.2072744654045315
70.07822699510558,4.423113340887614,15.843642609674239,0.02684515461037628,0.026600872515954787,-0.11406352644278
259.16762077057535,36.10199992529864,7.178760769675877,0.006773470278745637,0.006696180126870679,-0.24021605750478014
65.96545503929065,11.34786618587835,5.813027221045326,0.025868763213200436,0.024947440924904776,-0.2988432229232257
118.49984087200929,7.123691094116814,16.634612493216306,0.0159205840553766,0.01578127638445369,-0.10991373381799678
324.3389842969656,40.20399151922539,8.067332919963132,0.005486321593557286,0.005355069781040492,-0.2128335309748802
184.11015398393116,15.171543406032688,12.135229030865977,0.01003604458509958,0.009913613189127536,-0.1467919710521373
251.08643232553857,49.60496829398485,5.06171943982445,0.006651337537020815,0.006554194415983108,-0.34197935707601324
428.36329455240264,33.096807646615176,12.942737533062695,0.004334069165393291,0.004281927854421993,-0.13642237085943215
115.058199874632,26.610096174426932,4.323855093211058,0.01411748468625197,0.013974766808019018,-0.4008401792128585
15.580715017773205,2.1430809595963303,7.270240980867088,0.11284264401111825,0.11138340376244886,-0.2372210342329613
644.8209673113462,44.14805319249198,14.605875473145606,0.0029028881422526287,0.0028441743451487708,-0.12277063113777566
748.5768944354693,43.515389648097155,17.202578225522178,0.002524958316332997,0.002498178549479889,-0.10582373326393549
637.8137940831817,47.806615309091995,13.341538403407542,0.0029170660216675547,0.0028754211173453587,-0.13297970256312866
227.42549328611432,23.964889202708836,9.489945535004084,0.007955753836720147,0.007834389001008236,-0.18063068011005493
268.75056677955496,21.69619305982883,12.386991857901327,0.006885943575703837,0.006791415819727501,-0.1440771296373109
288.96770430844714,22.32356202768011,12.944515931200474,0.00642485098775766,0.0063474938389586925,-0.13642237085943215
452.47777875120477,24.33922615823945,18.590475137108232,0.004194481277738479,0.004142420454673568,-0.09995500380429617
313.76232574293704,30.53865398420784,10.274268338912053,0.005808871068519701,0.005677871964444247,-0.16969828060194272
993.2662199726564,49.71068184450624,19.980941381563987,0.001917588008435691,0.0019023613892695853,-0.0940391885972242
10.336053197115643,1.0137006137211535,10.196356850543312,0.17621527597280487,0.17235808280590004,-0.1709893682040057
410.30637901723344,25.763317626912414,15.925991557415982,0.0045864228021148135,0.004540977660751518,-0.11350322317138538
22.677284043086786,2.5484376276221234,8.898504635660371,0.07928415393254415,0.07850653358123699,-0.1946067979971986
141.55769495879804,19.65112286608404,7.203542307656784,0.012406269253661794,0.012259545991034968,-0.2372210342329613
273.72368617902544,16.213201889504486,16.88276554159353,0.006898052929116343,0.00683199457971591,-0.10786610765472404
492.14271515183736,45.26604665542062,10.872226569688811,0.003721561950858742,0.0036850302758109615,-0.1605250445194975
43.177810494044834,13.146386487370403,3.28438621027347,0.03550871751726742,0.03528686455737585,-0.536427828735979
369.9832199379679,45.39956990056853,8.149487335414925,0.004814835975215585,0.004694423422535898,-0.2118144058644053
642.710210614943,49.3969156020708,13.011140529349154,0.00288972606153009,0.002853884522856622,-0.13612029659673344
541.8489534910555,41.071776117103035,13.192732448339864,0.0034309982445544654,0.0033846761918148085,-0.1343395705167048
667.6421070393689,43.91519408899544,15.202986594716451,0.002810736390208442,0.002778611610790825,-0.11859574204555984
608.7776048255865,43.506734558685345,13.992721149973205,0.00306614750537766,0.0030125668846940866,-0.12898848216919093
28.036631340608913,5.0836363915516305,5.515074088934114,0.06038598528773226,0.05869711209896816,-0.3137827145586913
631.033240834903,42.538528012264685,14.834392968486448,0.0029692455837676246,0.0029398104417098286,-0.12107111210965613
101.62751733061751,24.944000710493707,4.074226845570276,0.015801343232293284,0.01561598833236249,-0.42605827893674014
667.0664959313275,40.647568128304016,16.41098168101306,0.0028260000776690534,0.002797028910949454,-0.11106247497193811
156.23044346784613,11.715438742617085,13.335432577486737,0.011908598017864338,0.011738962085314684,-0.13342349830142772
65.10876065887413,5.7408301985590615,11.34134931829482,0.02822881509682239,0.02785432846519937,-0.15525947258038955
326.41039646821184,28.969998693529877,11.267187131116852,0.005627772457987601,0.005556075495686449,-0.1554470615674649
594.690692768588,44.220173363643994,13.448402562291133,0.003130327101974927,0.0030839279557290855,-0.13245412726977307
952.0466900444618,49.00825918151173,19.426249900417183,0.0019978923250381225,0.0019687618533674196,-0.09599366970130424
237.9905978049428,37.044584081626695,6.424437031889392,0.0072717969616877725,0.006984697000874064,-0.26941755323551964
341.28879013653017,41.61355347224671,8.20138540593861,0.005223263929780127,0.005089114977750161,-0.21101667776337904
118.40202852878662,11.83089716667566,10.007865579483873,0.015357099514732672,0.015046214452326854,-0.17124146754364714
121.39604908424566,22.17643967742806,5.4741000291316695,0.013930245392067721,0.013556201417519892,-0.3165272866883754
454.5855326657212,37.45269378743663,12.13759243182156,0.004064724837370742,0.004015079054725566,-0.1467919710521373
795.2733126557212,46.153376677970314,17.231097048535492,0.002376915333626699,0.0023514918840543686,-0.10582373326393549
51.30586719548773,13.511349049256177,3.7972423781259805,0.03085599962281907,0.03058989950593474,-0.4606875429766859
216.35364102698554,15.711817143885076,13.770122134548185,0.008618258037037951,0.008476784785018683,-0.13055290822122617
766.7918981454983,46.05037812828844,16.65115313514577,0.0024605019428472086,0.0024388347670831994,-0.10946120500189957
111.05614172382981,17.65286016978754,6.291113205207381,0.01553892867301599,0.014968034985927518,-0.2736525396099106
268.2113126926513,20.065919652907162,13.366509850137502,0.006937766065419264,0.006837829597972786,-0.13297970256312866
49.26755057469215,5.378664149951154,9.159811656048383,0.03659905832595717,0.0361356499459171,-0.18796039977881177
756.7370609524353,44.98970992998806,16.820225383316583,0.0024946154633188724,0.002471239796239482,-0.10858988043330513
325.37871443069196,46.66438283543845,6.97274226422617,0.005375721293303171,0.0053335789797090225,-0.24551035500853874
471.3624654709987,26.135375536582984,18.035419648407547,0.004020117948551099,0.003976458337876659,-0.10198567389152059
352.52421506463975,24.383007411591837,14.457782385656312,0.005306345648831718,0.005202431986423006,-0.1235659613914814
259.8397479433675,27.13601672920073,9.575456506251236,0.006969229622166691,0.006857071703817767,-0.18063068011005493
56.660483634409324,9.305448415154512,6.088957899345736,0.030318680231748867,0.029044391913339893,-0.28410247130353905
481.09544120580557,30.868183046381976,15.58547973111732,0.0039065275446499735,0.0038560292856295196,-0.11538752843956268
622.1708665923959,48.07796393605282,12.940873856886459,0.0029839664150150425,0.002948098056731355,-0.13642237085943215
68.50724244863638,7.13560731496865,9.600758481331503,0.026440040350810323,0.026008049944288358,-0.18007056360018975
193.33163046162218,20.38710538791997,9.483034829268972,0.009358093908097971,0.009215976604010979,-0.18063068011005493
348.67781273303365,29.09783136797068,11.982948430886823,0.005294147548234391,0.005234622864245365,-0.14723000532158403
150.7915588654041,11.44522765946818,13.175059802384993,0.01232766034658473,0.012162373452733853,-0.1343395705167048
66.09662122568199,4.42633538845785,14.93258314723193,0.028359559723833257,0.02806676159948144,-0.12033918442793407
538.6299341724483,49.012995305949474,10.98953309852227,0.0034034273189932447,0.0033669885208676485,-0.1597842630273994
416.3540338715311,37.72136169756629,11.037619405409574,0.004404554881229315,0.004355814181720928,-0.15752546669499704
317.15143247569324,38.00618527689263,8.34473205256193,0.005631302554217671,0.005476430864789367,-0.20594971400270712
185.823885204718,20.09087177550861,9.24916983598706,0.009712757013291932,0.009580657294397377,-0.18796039977881177
186.87573098424593,17.084229479847068,10.938493375114673,0.009805846183972459,0.009704635245050724,-0.1601612996055388
663.4389025617129,47.00704985111419,14.11360433515884,0.002815133217674857,0.0027643589264353522,-0.1272999322756782
200.0462923681979,17.076073679202157,11.715005224640413,0.009211395566513767,0.009064518585037476,-0.15090519890616375
245.16403434443532,44.07663108991606,5.562222617338929,0.006914657027899618,0.006712523299258224,-0.31076489022478127
127.4103941307869,11.144353106831433,11.432731259446989,0.014434727354163075,0.014232146030236686,-0.15431342543842827
225.57172081579577,36.080544849493805,6.251893416708214,0.007643732779896648,0.00729554789370533,-0.274895451004577
197.67433136303617,47.94199501981045,4.123197861944497,0.008142781180118148,0.008028427939727188,-0.4210924005143302
762.2593817315247,41.74029167566333,18.261956280865185,0.002487563199527687,0.0024589440955472787,-0.10083178953271964
585.0201271880188,45.9798679121759,12.723397298692545,0.0031695721323776326,0.003135312167074224,-0.13751371645582958
399.9859332794317,45.37772836357305,8.814586972593371,0.004490712135385582,0.004431351938639005,-0.19747117789036508
178.58512220794822,20.636468785389738,8.65386050613385,0.010039072522349653,0.009885226213646776,-0.20078050677274345
83.40317178682227,40.24006205348422,2.072640237879572,0.016175571746878878,0.01603575493839411,-0.8957062176745823
134.07497893587012,12.064854378229239,11.112855135475604,0.013685522657613728,0.01352646720326379,-0.15752546669499704
123.06756735445062,6.494266474750812,18.95018749737595,0.015436644734718381,0.015230277531901404,-0.09814922923627628
305.5380357973089,34.78227400249184,8.784303055499471,0.005876816464984221,0.005801171157760493,-0.1974353578870094
153.52549252188646,49.55093745966122,3.0983367902346868,0.009848508761857434,0.009842167572783249,-0.5733869349677637
228.5998897777539,20.30888845860755,11.256149751556984,0.00803507218255203,0.007933340681474013,-0.1554470615674649
37.72321040925745,4.462345760179687,8.453672672764476,0.04740959185098934,0.046042154810763784,-0.20579264467921993
33.60828418312833,2.7542885454434893,12.202165324590856,0.05500160879509232,0.05430794505432286,-0.1440771296373109
538.767759292039,29.42701937544359,18.308607895967633,0.003519919709030685,0.003478963196400657,-0.1006659802439623
737.1680697453121,45.048930164218184,16.363719783313204,0.0025568352518946995,0.002531043260311445,-0.11106247497193811
407.84178943595873,25.468407303905888,16.013635425620482,0.004615631053798369,0.004570747850579596,-0.11346214160985876
279.8608090301059,19.604400069320707,14.275407971706581,0.006678572132016752,0.006553197851449272,-0.12487853954468492
184.6945060841361,37.99723813431693,4.860735020562734,0.008981024451620748,0.008829221276846154,-0.3589647863203569
75.35198392024098,25.17337148439279,2.9933210959429246,0.01989547803088701,0.01969675383829218,-0.5919498982836252
680.4003571857152,46.307012104363636,14.69324679494057,0.0027521394229892042,0.002726509606999055,-0.12169449300465796
487.01840845133216,38.44243277928069,12.668771803480146,0.003806182769616214,0.0037662246250373503,-0.13962818154523823
78.68140565039413,48.92318607991743,1.608264137210234,0.01567341717786253,0.01656045182998646,-1.0071209801278498
574.4700451295458,37.33820156397924,15.385584229202573,0.0032689981065290637,0.003229268655868911,-0.11647880534144663
209.01407140012785,23.393376854705387,8.934754169878914,0.008605576176745476,0.008517679930992214,-0.19282298516066276
33.68932053992662,2.494991314789265,13.502780687143245,0.05527257249026116,0.05443811935201884,-0.13159897144042307
190.75296557323617,41.67880722060674,4.5767376346347195,0.00860467558268772,0.008536349381471974,-0.37960779006065687
33.37572427028647,8.57547929752236,3.8919952007731426,0.04767443672425875,0.04702343861859009,-0.4505794239553565
452.18679524127697,25.301153950103597,17.87218069709526,0.0041885873840103675,0.004145086114211137,-0.10253805771853677
42.175752238456525,11.62051135574357,3.629423090543316,0.037177303150392485,0.03689099615402586,-0.4858429126869703
550.2976299813342,49.49107301313161,11.119129096985272,0.0033345076191247528,0.003295599883677212,-0.15752546669499704
843.640544683059,45.586031778357736,18.506558078687227,0.0022491455529352134,0.0022217438668602793,-0.10024824039633771
472.7205219754749,37.86010616496092,12.485979831006713,0.003917109051481478,0.003880137708197628,-0.14093022118470583
80.15164295757948,28.121817672917082,2.8501586878137717,0.018471747262474355,0.018478752396795247,-0.6274572021233737
284.69933005646953,30.989674834123512,9.18690923929863,0.006335348932070445,0.006253316300065479,-0.18796039977881177
754.4927025384641,49.04626522007691,15.38328553974412,0.00248898943330523,0.0024587621646053855,-0.11647880534144663
286.44202464013057,15.995111261893987,17.908098290165494,0.006612944518321011,0.0065435691859079765,-0.10253805771853677
242.54774487063597,17.521312604445672,13.84301224150835,0.007690265114263463,0.007561328815566226,-0.1296077570992934
683.543546609683,49.7562858130397,13.7378330283356,0.0027273973231280754,0.0026830525451338742,-0.13055290822122617
418.9364311382337,37.23661802944348,11.250657371917482,0.004384301097246218,0.004328964183007331,-0.1554470615674649
102.58192034594589,7.997276548831766,12.827106793115833,0.018086584603278617,0.017880545778146913,-0.13650847462556942
272.06134641011516,31.41144603677953,8.661216872714478,0.006590376632692646,0.006488809802316289,-0.20078050677274345
177.7693424899362,37.53244364615199,4.736418021856192,0.00928928661435181,0.00915981314256828,-0.36667374883688886
40.66683043537864,15.018271465727473,2.707823635242085,0.03591624926092256,0.0359065351555549,-0.6662888138216578
217.1862588706093,11.242824362862834,19.317766769355252,0.008755452553105272,0.008630164798321403,-0.09656825685257014
13.872715818265325,1.0072405295679072,13.77299206200185,0.13440899645456508,0.13220073678913363,-0.13055290822122617
426.5501165045162,39.86092947670489,10.700957606966897,0.004288063109209736,0.0042116104841297,-0.16212800125053764
151.02894275636746,7.816777833644602,19.32112514523771,0.0125908333732332,0.01241055635943812,-0.09656825685257014
303.0368196536667,28.216330111186863,10.739767307071673,0.006037678438438211,0.00592820022573593,-0.16212800125053764
513.8813660864033,33.65445637373885,15.269340867659764,0.0036527290415698595,0.0036100124131773323,-0.11791630162372602
72.56627320034109,4.741532589794588,15.30439195051168,0.02587060878987198,0.025564467191953318,-0.11682533421115988
180.04606607011797,45.51665475806776,3.955608491597355,0.008866713403069064,0.00871688760455112,-0.4449925416771312
17.384103413607583,1.0418168125969616,16.686334107311836,0.1085427471435422,0.10757406901129785,-0.10914581731440122
544.397779659088,40.67102250046497,13.385396928559251,0.0034184013788084093,0.0033688294129146142,-0.13297970256312866
94.8013224760896,40.73449701439118,2.327298222010622,0.014756246780508587,0.014661333061204136,-0.7845571358497296
148.48192282578586,11.767761602570845,12.617686170099482,0.012480523797188166,0.012353158471068566,-0.13962818154523823
219.9101443672781,43.45933780143997,5.060135646153165,0.007593894264175881,0.007483371435238054,-0.34197935707601324
611.0880175410655,39.21942250756299,15.581259959226186,0.003075468427441711,0.0030357625370191063,-0.11538752843956268
183.28096545973315,17.282318420820175,10.605114487355632,0.009971914905377756,0.009795210247824586,-0.16682248512960882
193.8810068051866,17.398097408314303,11.143805110122766,0.00946615145612776,0.009353989002009944,-0.15758167991498312
483.8570233476183,25.844452221275564,18.72189122852832,0.0039238654307754105,0.0038737749284206563,-0.0993449122371446
229.75159545666116,14.422364872426606,15.930230408739117,0.008190881604674311,0.008109593743964066,-0.11350322317138538
595.6915385592424,46.45639546525199,12.82259487834785,0.0031145471222892873,0.00307914516830675,-0.13650847462556942
413.36741362243885,37.66664918717639,10.974361206602094,0.004434254893170263,0.004387285367904687,-0.1601612996055388
566.779200794552,42.189253650151194,13.434207807857744,0.003284242369867466,0.0032357984376807313,-0.13297970256312866
460.96792520305064,35.22801930771017,13.085263783256785,0.004030665752361115,0.003978548511012123,-0.13487604758876864
85.24052776444734,15.327030091616574,5.561451060963947,0.01988712903680604,0.019306183758326656,-0.31076489022478127
741.8404773130615,41.8584968043398,17.722578065348706,0.0025520002782348826,0.0025266256874700876,-0.10335061644426226
212.71006260166337,10.94958197632688,19.4263181061656,0.008942158536349632,0.00881177497227437,-0.09599366970130424
327.7682967102876,27.149506723699687,12.07271646022828,0.0056351075675807535,0.0055685582440594674,-0.1467919710521373
436.738121054157,46.68117262826496,9.355765857298037,0.004137195238454596,0.004079652536052983,-0.18339008403643334
588.8007478536476,31.33535736410609,18.790299437532664,0.0032250984633409186,0.003183340396249193,-0.0988667621260604
280.7691304934842,46.03243967375995,6.099375407502725,0.006119921636167412,0.005861289985066062,-0.28410247130353905
148.874360294099,41.62535715231612,3.5765305207913474,0.010498703235938246,0.010334688777775432,-0.4901323988167069
11.856967439989985,1.7760328059920905,6.6760970855865995,0.14670285072351855,0.14522239961392538,-0.2590098444417892
42.71621619912583,2.406085694073729,17.75340600059978,0.04432397985222076,0.04387919560212849,-0.10335061644426226
355.30163994891825,46.65590188371619,7.615363236026639,0.004975649892974897,0.004888403818996601,-0.22854069888323758
322.6960580449898,44.86993321851002,7.19181052651688,0.005441199805033771,0.005377918411046508,-0.2372210342329613
139.71266665018598,28.792030451070598,4.852477038311514,0.011869105338934113,0.011671874153813346,-0.3589647863203569
805.169579106898,49.38769740332788,16.303039449914575,0.002340393154414931,0.002317281133143701,-0.11183877057244754
277.9762499956069,39.565329897548686,7.02575337335502,0.006298387759716216,0.006243098364553483,-0.24551035500853874
304.3566149173601,25.98478316698863,11.7128787629838,0.006054342603131212,0.0059578903370696564,-0.15090519890616375
680.5927569727355,49.33941801983288,13.79409778808414,0.0027399806016502317,0.0026946852337930687,-0.12956521288816658
137.24026924049898,36.813490293693775,3.727988521208175,0.011490702673429477,0.011337091673111543,-0.4762965897576839
115.07786086723861,22.287410111447382,5.163357262768351,0.014559720850478472,0.014300485604053049,-0.3346807320267716
257.1332831808232,46.681462637390474,5.5082524979598,0.006582958949585323,0.006400063314712493,-0.31490181318164073
871.118253877222,45.52952640036813,19.13304008956655,0.0021818631354720962,0.0021516633334702556,-0.09746965201511303
241.15250178655813,28.3364811493661,8.510319277662068,0.007421453664677399,0.007202321687540792,-0.2035187682542239
306.34217643407635,28.33974109469887,10.809632149087616,0.005975823297438961,0.005864236402537139,-0.16212800125053764
376.762588997557,43.87875585353769,8.586446485746947,0.004754644365042128,0.0046855881740126,-0.20078050677274345
579.7628649076656,30.225662335073615,19.181146751411745,0.0032787501906640266,0.003232965268106238,-0.09746965201511303
93.45837796012982,34.7778784487207,2.6872938238004473,0.015596213239596453,0.015583465960374989,-0.6700938817765106
156.06452973550137,15.700118684146416,9.940340762716106,0.011643839511805063,0.011415164713301229,-0.17405732920395384
53.86724964929475,10.4033249324565,5.177887838650376,0.031118439706121326,0.03055046068606384,-0.3346807320267716
481.52308658582905,31.632391463048254,15.222468625185227,0.003897454252275376,0.003852604708168599,-0.11859574204555984
123.56853409138635,28.58472361521354,4.322887139115801,0.013144641331680449,0.013012305474217879,-0.4008401792128585
299.86954925697165,34.982809187053924,8.57191163961596,0.005972781584377949,0.005793628724746473,-0.2022876414058329
168.1279686551158,38.108069038802725,4.411873204174242,0.009697626187758046,0.009601752902956052,-0.3955206330648886
50.28485157797395,37.5089726581944,1.3406086068046033,0.02278064564792089,0.025912368979920053,-1.006370536956614
723.1982057830477,39.81663668645507,18.163216835164462,0.0026211809897786344,0.002591755885172286,-0.10137671602648096
93.73896607628454,11.652503342678806,8.044534579359734,0.018976867966888175,0.018528664933306353,-0.2128335309748802
258.7220434112629,15.670111195429762,16.51054291731638,0.007288838133388885,0.007228138413170676,-0.11039008129265553
81.59600473985454,8.053748832809374,10.131431515153366,0.02230904068664213,0.02183320517364122,-0.17124146754364714
298.62164623158253,41.69256705299811,7.162467253503133,0.005876921744457208,0.005811477813589061,-0.24201219289130485
52.35847819906076,19.17139940044625,2.731072317957239,0.027960344224240416,0.027884070671942155,-0.655170824603331
476.2133784542475,31.64067281525549,15.050671685611002,0.00393813930399988,0.0038955606759600364,-0.1189256494633792
804.4447991324166,41.22030236093439,19.515742317669435,0.0023650024063523742,0.0023299960519425544,-0.095752505942238
171.78379022863092,23.92753013157555,7.1793364916481455,0.010219132936812252,0.010102426250012043,-0.24021605750478014
662.1578309753485,45.86113723011097,14.43832122288927,0.002824783077590686,0.0027697071100699893,-0.12367370116581694
282.58487592655484,44.24302559063853,6.387105586792137,0.006119428576066008,0.005882452871102865,-0.2719234110987598
32.97828065459026,3.931507100081409,8.388203255160695,0.054186169080499794,0.05266672061571813,-0.20594971400270712
412.65703075997493,48.66697743929628,8.479199910754554,0.00433534774790236,0.004208962320170193,-0.20579264467921993
565.5456162298503,36.30863522392221,15.576063730901032,0.0033230636739194266,0.0032802271951808035,-0.11538752843956268
316.9004117942035,47.14705143549501,6.721531933503325,0.0054937891401761665,0.005476272693704423,-0.25751221406617825
287.02796316875725,44.50646079856861,6.449130261509998,0.006032556064817898,0.005792222007518795,-0.26880319008702624
397.8415118258381,27.948623080190753,14.23474461279696,0.004697149689579813,0.00460983381051448,-0.12596979872875796
73.62274978677213,9.881984406790622,7.45019894346126,0.02395073787510094,0.023591320599303533,-0.23331583217330729
413.79980112102857,39.16454176267546,10.565674523361524,0.004415358584888631,0.004338512455150451,-0.16682248512960882
540.8968307333031,36.317288408801396,14.893645820821199,0.003464918708108766,0.0034297078575177184,-0.12033918442793407
314.52744168469474,20.46641442563932,15.367979712688227,0.005970258748092614,0.005898112102829319,-0.11647880534144663
386.81715340978764,33.8834799238668,11.416098767863625,0.00475397430270521,0.004687804868669735,-0.15431342543842827
16.809466676341376,10.204633471907117,1.6472386512084984,0.07403541073085396,0.0775158220827371,-1.003900024869933
867.079893561305,47.30360113076978,18.330103265590317,0.0021872660777560453,0.0021616845459140263,-0.1006659802439623
526.128576617316,33.52315449080483,15.694482950929617,0.00357365105623807,0.003543130073690797,-0.11465514354736822
759.736556852685,38.25526981563795,19.85965751944901,0.002506291334273627,0.00248586356395128,-0.094202377341679
192.0499087564333,14.922899670680964,12.869476642917727,0.009663105096746573,0.00955075029523784,-0.13642237085943215
168.7262240723988,38.05790992187058,4.433407520769752,0.00967192192828211,0.009652153593511318,-0.3899687936469957
494.1401739352613,29.117184062403833,16.970740469827785,0.0038222109434893495,0.003784510628678341,-0.10721876293292538
132.35640814347542,43.458990824040406,3.045547207466659,0.011375567849830527,0.011213582321568168,-0.5861591085199922
105.3180274719142,25.915844719939525,4.063846986661524,0.015239967903074258,0.015068779419602295,-0.42605827893674014
20.105216499503506,1.1615092888959602,17.309561526291322,0.09404362570428948,0.0931799627609418,-0.10531834055107443
68.38535260455745,15.734637044200031,4.346166512291116,0.023775561651291067,0.02351251329939429,-0.40036283062797057
399.0924484622356,32.84839102251428,12.149528060254086,0.004630263724045506,0.004573368546110469,-0.14563953835432356
503.27246286854745,34.138012202972476,14.74228961769269,0.0037215500865215457,0.003686110898853192,-0.12140666851256769
439.39779185734716,42.45794440556717,10.349012369984932,0.004150619883683905,0.00405441799173406,-0.16696830820621486
164.52745190334727,20.70843722645033,7.94494775748702,0.010797043755373827,0.010556644946050558,-0.21933465485851883
64.1184404131836,3.9753243338206063,16.129109232091416,0.029371264864423433,0.029073414300601928,-0.11260787068991106
117.60223013406073,11.522162141498331,10.206611284396303,0.015488940274986015,0.015148541917987618,-0.1709893682040057
329.85921151277245,42.50548114776995,7.760392368363497,0.005371078513674371,0.0052654521474680555,-0.22317195245009092
749.0069572019656,40.35294293127356,18.561396091423227,0.0025336985064257915,0.002502450995897549,-0.10021091784610414
239.04167788358856,32.272997122692956,7.40686329735099,0.007371514275642096,0.007265920775823383,-0.23459914221055408
137.68680525101377,9.788089768445639,14.06676976899841,0.013561630267552308,0.01331996373288966,-0.12820841775481742
89.3968501505219,22.345868583424476,4.000598581199655,0.017898257914789925,0.017555890603888808,-0.4410043581247534
329.61659491399405,20.800800769501507,15.846341617640201,0.005707479208042636,0.005655485831735354,-0.11406352644278
658.0327343790241,36.167869529554125,18.19384837808378,0.0028810116106775777,0.002848419399307014,-0.1009016411972466
878.306737561501,47.33452037198672,18.55531081035937,0.002160664277719253,0.0021340530885464205,-0.10021091784610414
378.29698279024853,29.76450122485656,12.709669815475687,0.004901222189168843,0.0048486263602396,-0.13751371645582958
848.9789021085643,49.75353677924862,17.063689479511723,0.0022253564169498687,0.002202738767324305,-0.10656027883392642
90.22160979020325,25.669269449726023,3.514771231292919,0.01725761348189786,0.01705323352362737,-0.49859812720999536
63.731980255124796,19.931108270764614,3.1976134688209115,0.023905404823551347,0.023895336905368804,-0.5532592486038335
251.36240774586608,19.332846114542402,13.001831507715163,0.007388382217559514,0.007297116299945497,-0.13612029659673344
93.12976075194123,27.64688277793935,3.368544710807452,0.01655949313995626,0.016400869748770763,-0.5256144831778897
82.82632885158529,35.03072814116698,2.3643907291281923,0.01696970933291667,0.016826935442246893,-0.7643855716312185
26.584620299063065,13.458368510063627,1.9753226610776897,0.04994632167777035,0.04975469461105395,-0.9559836153523664
263.7644139767486,40.82808354806644,6.460367253491626,0.006566149909313051,0.006303085620890185,-0.26880319008702624
158.08951944657537,12.46805511813942,12.679565333054665,0.011726245551417233,0.01160241823225834,-0.13962818154523823
561.1646791976927,30.78415608476678,18.229009677981047,0.0033786703863445604,0.0033401125827520867,-0.1009016411972466
203.53717731837583,10.728721687255916,18.971242171389992,0.009334196478681996,0.009208898495493828,-0.09814922923627628
472.4585636559526,24.636994395403313,19.17679389268775,0.0040233712967384355,0.003967233002361595,-0.09746965201511303
268.2710530997904,32.85501707778407,8.165299456842776,0.006641736462142243,0.006474265015003232,-0.21101667776337904
381.7175387852186,21.746701655504005,17.552893529884216,0.004957068804450446,0.004910314605792573,-0.10415929565028174
458.28692952596936,35.96986330724801,12.740858246009054,0.004046479540595576,0.004002341338106976,-0.13751371645582958
189.54488379578123,20.07588553570309,9.44142082593036,0.009541039308167479,0.009400094307316054,-0.18063068011005493
31.985042318578486,20.281381309432966,1.5770642951080502,0.0382654840559653,0.040737780341535766,-1.0071209801278498
792.9128832146554,49.56274960263388,15.99816171563892,0.002373955901029303,0.0023510047848929816,-0.11346214160985876
20.486391077006907,2.9653398922324983,6.908614803540594,0.08528155139692295,0.08471150751779132,-0.24880816012122664
595.7815821807783,39.9369330560631,14.918060466596813,0.0031460464845119163,0.0031137553861299823,-0.12033918442793407
28.764599194084266,2.199071244226003,13.080339834195962,0.06459182557134667,0.06375834546021146,-0.13487604758876864
508.3126931992693,44.825015016298266,11.33993358428208,0.0036157361363990843,0.0035678054662376425,-0.15525947258038955
88.78829568951699,9.167419957713484,9.685199990735708,0.020417389498767306,0.020064607603961285,-0.17952538509796961
642.5225343728249,38.2848391366508,16.78268862719932,0.002937688511935841,0.0029105263088404676,-0.10880193727536132
538.3412312014995,35.675634729220505,15.089885163572589,0.003484218180169965,0.003445989277715338,-0.1189256494633792
372.6422018824679,47.49485075388887,7.845949528580338,0.004760351384030557,0.004660926445925885,-0.22317195245009092
361.8210134395075,33.62161412351615,10.761559873665822,0.005057623686968977,0.004965059728288872,-0.16212800125053764
647.9816863044639,47.42536170825621,13.663189124220379,0.002876013416480957,0.002830301058198766,-0.1307087181154518
65.2739448221128,37.18507989723922,1.7553799804248644,0.019519998413787834,0.01996201749013276,-1.000392622563557
63.146912254562125,11.43119673122633,5.52408586251212,0.026817520948152745,0.02606096218993308,-0.3137827145586913
350.7191979745191,32.032097556662,10.948992564540216,0.005225325226461758,0.005170976712504035,-0.1601612996055388
720.0642839710639,40.30278842109288,17.866363896405016,0.0026303085346764026,0.0026030359340244317,-0.10253805771853677
362.66618089430744,38.842905093144516,9.33674193587326,0.004981207324564765,0.004908963269940749,-0.18556106459031488
762.9933522760833,44.94363647346107,16.976671496678424,0.0024754405700566184,0.002450976453118935,-0.10721876293292538
27.552500977909716,4.735556874087493,5.818217732464438,0.06194240635864966,0.059728490491537764,-0.2988432229232257
266.81916397819873,44.020625651695305,6.061230616969278,0.00643418270994627,0.006167732737561646,-0.28410247130353905
90.2010606193972,4.594552176981157,19.63217679218166,0.021098022798755615,0.02094821605385198,-0.09497468413321988
219.42193043668527,13.152883251976503,16.682420594261142,0.008599383434000367,0.0085227521998061,-0.10914581731440122
134.53329369731364,30.568513602445883,4.40104139334237,0.012113737776163721,0.011999432755540995,-0.3955206330648886
58.546046369762344,26.294204621429667,2.2265760540270367,0.023573716209392605,0.023403864347542224,-0.8168780506651379
423.46650496795917,47.64621600035693,8.88772583671255,0.004245268512149784,0.004204145877829338,-0.1946067979971986
228.06079522294405,40.935987535719725,5.571156553239222,0.007435033160951753,0.007215923679773273,-0.31076489022478127
271.62602727461643,15.343632986023618,17.70284961338936,0.006969377871456867,0.006900491918211002,-0.103664098523445
604.3724866302997,35.954433536312244,16.809400877360858,0.0031234045251128965,0.003094248632563754,-0.10858988043330513
456.09159890134674,35.83308332569894,12.72822644805017,0.004065663042044532,0.004021606026452265,-0.13751371645582958
310.714863302215,30.52980626708676,10.177426629699486,0.0058608974098387475,0.005733560003860767,-0.1709893682040057
198.41145551829982,17.13543467559699,11.579015022062011,0.009278723521368762,0.009139206858306246,-0.1513427187950206
454.21585794374613,32.464175518874335,13.991295040888064,0.00410947617014498,0.004037690935634574,-0.12898848216919093
27.622460813298215,13.435820580958978,2.0558819349258286,0.04871124489588936,0.04841830830707128,-0.9058212328297943
820.3535240337692,42.292695090252565,19.397050064630207,0.0023184475346462534,0.002284811549011028,-0.09602694898365999
190.52411850847747,34.69395784729064,5.491564823681715,0.008880281868852653,0.008637590377325066,-0.3165272866883754
334.3023975703448,26.30419976316257,12.70908830454196,0.005546210232394329,0.005486711241339344,-0.13751371645582958
146.38235855129062,46.17569118059342,3.170117323827126,0.010386478273875233,0.010403556514010632,-0.553417555242661
83.1536345951449,25.394233437266337,3.2745085533125784,0.0184250509591107,0.018322825673291267,-0.536427828735979
99.0463714553409,9.441240551617245,10.490821721344096,0.018435284573060054,0.018125606872048162,-0.16682248512960882
946.7484686296261,48.40174142767788,19.560214998550464,0.0020097468500607897,0.0019797794959175267,-0.09516221184911976
202.58443628385245,48.22080073455683,4.2011835804848605,0.007974315144995152,0.007880728484212632,-0.41329706145980005
271.4759969187579,16.423807039936435,16.529419534620192,0.006946861277776155,0.006888560173055011,-0.11013814527328804
264.2455715260985,19.312805154531556,13.682402396323866,0.007053221362783393,0.006940450285880418,-0.1307087181154518
53.11763205737213,11.730987760524412,4.5279760870705745,0.0308410573057108,0.030655243779057827,-0.3801588369764024
186.27742648513455,14.819220161411005,12.56998846472352,0.009945466686549326,0.009846714963620572,-0.14093022118470583
40.94736100675035,5.042158774667746,8.120997936930017,0.0434881688155416,0.0424168456994266,-0.2128335309748802
774.1789609619789,40.617872565347085,19.060056868228628,0.0024545996225118195,0.002421085176036325,-0.09807797984233034
676.2245166994669,34.18882634391805,19.77910882043959,0.002815262437825383,0.0027928615101088343,-0.09447053967709336
631.8062670408442,34.4733192026337,18.327398743564427,0.0030017428738528724,0.0029666581415266034,-0.1006659802439623
207.7163673943961,33.052468631648495,6.284443371213214,0.008306722884118004,0.008002702124903692,-0.2736525396099106
219.75537129932803,32.875875409767964,6.684396036919981,0.0079166770779665,0.007835518438519243,-0.257982956104573
17.105815868146845,13.140968528196957,1.301716523515173,0.06612273138832431,0.0761729015577283,-1.006370536956614
218.55108872218094,24.619245198679938,8.877245705887825,0.008224687476272885,0.008110133201483573,-0.19542365953173144
47.104993939678536,5.831920376389371,8.077098262586695,0.03778081941192672,0.03687205428465235,-0.2128335309748802
399.60790618169534,28.67108750098017,13.93766128222496,0.004669853131955986,0.004589456875277793,-0.12898848216919093
17.21370534708651,1.3792473661221263,12.48050623107901,0.10756763763397184,0.10655583360884906,-0.14093022118470583
604.8381515407775,45.97560215169409,13.155633058271771,0.0030730758049484276,0.00303218844209648,-0.13470321933701077
149.30151575586447,9.497571508619753,15.719967532791117,0.012594530827931934,0.01248575389876926,-0.11465514354736822
524.5086348526875,41.474436068596155,12.646552541068493,0.0035336745969176847,0.003497026742507416,-0.13962818154523823
713.723530051921,37.04583247818471,19.265960090712323,0.0026639339587059938,0.002626161429549477,-0.09656825685257014
28.67966324980576,5.5180603159631945,5.197417499558382,0.05848342496112662,0.057381053548050676,-0.3346807320267716
331.40772670358615,25.407852504175473,13.043515844132175,0.005605136424930223,0.0055346347564082235,-0.13612029659673344
264.8844619567833,34.95495408549925,7.577880414572428,0.006670237110246924,0.006557039551475921,-0.22854069888323758
103.79343022182464,8.913203137423071,11.644907966479122,0.017745184470421393,0.01747050204588077,-0.15090519890616375
316.4816895158364,42.33863348303202,7.475009547548865,0.005573820298930802,0.005488020164070619,-0.23331583217330729
80.70272177729774,12.635050448272686,6.387210095257709,0.021427552343616877,0.02059772183782808,-0.2719234110987598
741.1730397712885,41.680281050685096,17.782342659109922,0.0025547569982842474,0.0025289009521482875,-0.1030498638867562
147.71938725671922,7.918699252515521,18.654501521798977,0.012850325038411024,0.012688606694034295,-0.09942312934518888
249.0031819499348,30.37678537149892,8.197153810210693,0.00715870940631527,0.006975243770062601,-0.21101667776337904
718.3028197311728,49.37742756251921,14.547189985174784,0.0026052513491790527,0.002553217392529963,-0.12277063113777566
210.85477586433674,21.553912028850753,9.782668481809678,0.008605530275697689,0.008448954051583154,-0.17952538509796961
393.5901855550577,23.310625924385757,16.884582457449774,0.004797304166673746,0.004751334786658097,-0.10786610765472404
58.034511791832806,5.341287379811362,10.865266679188194,0.03155778745421876,0.03124969521341873,-0.1605250445194975
339.1614859946362,28.76932523074627,11.788996901191432,0.0054358046104892935,0.005381497977091264,-0.14936537567964017
777.2331047958932,46.34267673200727,16.771433149848363,0.002428434692785154,0.002406071909155306,-0.10880193727536132
772.4693520905549,42.17712158202621,18.314890232332566,0.0024550526696367073,0.0024264434581276763,-0.1006659802439623
67.99398722383826,45.42026062993881,1.4969968529643345,0.01763446866551162,0.019163453731569854,-1.0067736043346858
372.8166597730557,19.913290812827913,18.722001465116527,0.00509255786836821,0.005027546803099478,-0.0993449122371446
609.5663770697175,35.58097401845415,17.131806924497475,0.003100066979468481,0.003067883680370834,-0.10656027883392642
456.02763714927124,31.51860083912224,14.468524141567546,0.00410217502293108,0.004021649354204882,-0.1235659613914814
387.3182497522099,20.628472399035573,18.77590556682801,0.004902600980474367,0.0048393103273170965,-0.0988667621260604
476.3446398951409,28.5669874700634,16.674654280376025,0.003961089211663951,0.003925894370778742,-0.10914581731440122
67.59138408101386,8.934289224254599,7.565390193270032,0.026135019969335035,0.025696439231667152,-0.22854069888323758
131.63265697286653,9.403302638599367,13.998555830004994,0.014180780600278942,0.013932585534750578,-0.12898848216919093
166.87746302682524,21.297032137922812,7.835714476369358,0.010628432924711642,0.01040798357141162,-0.22317195245009092
519.9762050721165,28.21396447127949,18.42974622022468,0.003648368962299816,0.0036046903448674044,-0.10045286830664628
181.3047012877824,27.885754106959702,6.501696191982576,0.009560665644261841,0.009169810122024691,-0.2615867060009614
298.0853656866462,19.719861843549946,15.115996656140123,0.006293162688175011,0.00622344577768565,-0.1189256494633792
228.12137921448755,25.919999561508455,8.800979285248555,0.00787273321234618,0.007769891831136075,-0.1974353578870094
131.29858805977307,7.184383714745946,18.27555337701169,0.014442208846127621,0.014275501615683493,-0.10083178953271964
88.18097937589218,7.943327555021693,11.101264396448695,0.020806391888343424,0.020566349094668146,-0.15752546669499704
88.87296474488998,10.323145703042462,8.609097197833519,0.020162080861525215,0.019863794760136288,-0.20078050677274345
41.687672478324714,5.284642988506904,7.888455770614495,0.04257827148019246,0.04166358518876575,-0.21933465485851883
84.25364575488548,9.624941991411246,8.753678290224364,0.021304112556581305,0.02103740941991657,-0.19849310542358004
426.24168386475554,30.35055150328646,14.04395184774816,0.004380275977290491,0.004302683951067674,-0.12820841775481742
219.01281378524249,43.09011511133285,5.082669499010954,0.007630590044986453,0.007514032006779568,-0.3394645446927401
96.9257030100015,13.398887054923373,7.233862231444551,0.01812832478074943,0.01790477672938012,-0.2372210342329613
123.71479842188346,37.63939720473063,3.286843244299742,0.012395091384101052,0.01231549960249457,-0.5355966764484775
374.53667981447353,48.59687942846052,7.70701090727089,0.0047266399847329015,0.004637350591355695,-0.22442948299034765
59.21428081290054,12.078309509553108,4.90253050446059,0.028053406265000008,0.027595256158006072,-0.3554540612432883
54.16407528114304,5.606602955451562,9.660765299685933,0.03346122311149382,0.03289523127462882,-0.18007056360018975
36.375198802259085,9.98320777771614,3.6436383587501213,0.043142121301121494,0.04277380096477761,-0.4852656732691057
169.2324352037979,31.848247750437185,5.313712595113646,0.009946256252049777,0.009724313726830029,-0.32832583858702225
19.995024334702475,13.107514617410953,1.5254626768176718,0.06041832630703121,0.06516619366786906,-1.0065622288257217
207.27744337868734,28.387441105665726,7.3017304591542675,0.008486627120438853,0.008379386899561856,-0.2360195071401
629.8774655846199,40.861554292446726,15.414916943114251,0.0029817856733108518,0.002945204760977781,-0.11647880534144663
499.92153630907086,36.89864034066838,13.548508337801135,0.003725642378946845,0.0036685421996045103,-0.13163321059959784
168.12487278117774,15.562187685800966,10.803421483894317,0.010888083215635858,0.010685289528904771,-0.16212800125053764
10.258572811166475,2.3120029428154374,4.437093319039688,0.15910170219263592,0.15875224165951202,-0.3899687936469957
428.2127252818151,26.538723642341093,16.135392607903153,0.004398006877672558,0.004353308232991247,-0.11260787068991106
82.82698038460326,12.692960367288874,6.5254265347000775,0.020938036437804033,0.020072320363720735,-0.2615867060009614
53.510615701527996,31.672759036471753,1.6894838760308049,0.023478759865424928,0.024350301544965574,-1.0075910092209353
85.95291564028523,26.88909610013388,3.1965714027797785,0.01772389528645399,0.017717806644464235,-0.5532592486038335
22.404489439437548,18.37591131387395,1.2192314741158983,0.04904316689034974,0.04809930180307613,-1.0020547840458902
125.69025497680258,32.52055190972496,3.8649483971154903,0.012641361480663242,0.01248657918519188,-0.4535117153793148
370.59587045692297,24.139221773903145,15.35243654199214,0.005066689127376787,0.0050057711333512415,-0.11647880534144663
128.35725621580067,7.802300651937144,16.451206117510008,0.01468864944928363,0.01456932623404547,-0.11089714911713303
797.2608561786902,45.77925886334226,17.415329037078337,0.002372366349257631,0.002349799705084885,-0.10507824526938718
206.79913703443958,14.648424329791089,14.117500447735111,0.009031483515460605,0.00886842797673532,-0.1272999322756782
201.9978103198548,13.213397912417909,15.287347861523031,0.009293196281122329,0.009183852575109312,-0.11682533421115988
271.1682187025901,29.57584514578234,9.168570411630656,0.006650172822723941,0.006565352568888036,-0.18796039977881177
310.2875508564449,22.654752485937372,13.696355810951882,0.006007046806375018,0.005910592440395524,-0.1307087181154518
36.75472838505705,7.960299956752694,4.617254197045445,0.04472769165461865,0.044302706923201006,-0.37860353983272665
353.4211080422254,45.14521879245752,7.82853904567347,0.005017985377449005,0.004914414714059846,-0.22317195245009092
223.80071816529758,40.95687566487497,5.4643015252560225,0.007554079832297049,0.007353279766786477,-0.3165272866883754
332.43438382109565,46.480132729039425,7.152182326136096,0.005278235360865028,0.005220377783383056,-0.24201219289130485
78.04299036410333,12.328653168244488,6.330212173144952,0.022130835755843212,0.02129969913978332,-0.27287827585148805
319.2738281315007,22.410834368443616,14.246405237864133,0.005853350236346432,0.005744232977610599,-0.12596979872875796
283.60182452015124,17.323788905513037,16.370658062561546,0.00664616074794194,0.006578957232741975,-0.11106247497193811
156.1829124516248,17.39978578285731,8.976139959464327,0.011521885650713437,0.011398909991586098,-0.19250641300682483
568.790060984722,39.736504810315054,14.314043565227504,0.0032866272606965146,0.003224358824529824,-0.12457965487104852
55.952146953204355,44.29714860091353,1.2631094488111243,0.019950264876627825,0.023287750321336936,-1.006185247415505
411.0525914599819,45.90844544106485,8.953746691067384,0.00437674076889206,0.004331112364324227,-0.19282298516066276
137.6380198531761,17.03813153317722,8.078234375944495,0.01293024155355636,0.012619027035370182,-0.2128335309748802
279.8924661691591,14.295806472472371,19.578641240570278,0.006798367528525928,0.006696690452723532,-0.09516221184911976
126.01978759758958,19.32695470292887,6.520416151153505,0.013760198325359137,0.013192608214419572,-0.2615867060009614
330.5541292660551,20.70878598917019,15.962023531409361,0.005693740822445812,0.00563944545657314,-0.11346214160985876
462.18294037445423,25.48134610277385,18.138089664114798,0.004101182012830033,0.004055435720898042,-0.10175601203112118
69.67605571369168,41.993692029264665,1.65920290278682,0.017909953594626542,0.01870082361641103,-1.003900024869933
306.77406420633065,42.77153081109834,7.172389166083555,0.00572171421556686,0.005657039737769562,-0.24021605750478014
47.15761000586216,4.849813047827702,9.723593371704236,0.038456048820863516,0.037777620889039694,-0.17952538509796961
329.01022150214135,46.30469441534686,7.105331881708668,0.005328858287208851,0.005274708681720967,-0.24201219289130485
756.800833385764,43.346332798152694,17.4593970131198,0.002499540190260816,0.0024754245001861403,-0.10482304948765182
235.91832923413577,25.265487689457146,9.33757274483882,0.007657442270188902,0.007546318961478315,-0.18556106459031488
370.7876382964885,31.78667620541175,11.664876060031753,0.004968026841142542,0.004890463294219652,-0.15090519890616375
541.9249924742065,47.1267221232526,11.499314360478671,0.003395287629994833,0.003346078073942451,-0.1537846802655089
17.515200652829613,9.286005701239123,1.8861931831995737,0.07462350662795358,0.07465010479123443,-0.9903485014615288
168.67662804789651,18.21912586705122,9.258217396310078,0.010701152691302753,0.010554603692660454,-0.18796039977881177
294.1952742983072,35.074972890258444,8.387612307464266,0.006074038019155266,0.005903758643862217,-0.20594971400270712
16.708693732747523,1.7678397185959671,9.451475468611886,0.10824541331126013,0.10663549237589758,-0.18063068011005493
127.19115001645976,13.229074263784755,9.614516290429469,0.014242962580721191,0.01400836286894986,-0.18007056360018975
29.182113073573444,1.7308845289316968,16.859653307771296,0.06469770501447338,0.06408304757096069,-0.10808351469844871
17.68010702363814,1.0443810859843885,16.928788984122242,0.10681199872012516,0.10577304412324443,-0.107277520106933
41.57355693974754,3.9442834989878897,10.5402050715714,0.043938815653872955,0.04318311261420934,-0.16682248512960882
40.768996980830984,2.9064897672612657,14.026884746009925,0.04579227729127393,0.04498475283321928,-0.12820841775481742
397.98685494151897,25.944436575715486,15.339969082776022,0.0047177456347750925,0.004661254731001194,-0.11647880534144663
199.99003229105983,38.759384513128694,5.159783489939542,0.00837698381328533,0.008228756572638106,-0.3346807320267716
391.99803795247385,39.2646393674964,9.98348754164219,0.004637544830980409,0.0045446715043268564,-0.17124146754364714
430.98445851888016,29.765341769291304,14.479405674539368,0.00434075066066034,0.004255335003827299,-0.1235659613914814
208.65841511364076,14.625771913835164,14.266489067579506,0.008957194983780436,0.008789404690158844,-0.12596979872875796
139.98363387638497,22.06765771168533,6.343384318593106,0.012341771425580132,0.011874904006223513,-0.27287827585148805
487.40003736176766,46.340538348755175,10.51778970916639,0.003747138761818084,0.0036833718783034013,-0.16682248512960882
245.67811302856015,16.574671207806734,14.822502959385693,0.00762622980657247,0.007551010904486974,-0.12107111210965613
27.592497950190797,10.358774959333953,2.6636835010425726,0.052699154644113504,0.05267938446522434,-0.6762156906787533
349.4497994997528,21.84993687457611,15.993172040069437,0.00538648375980446,0.005334505800574264,-0.11346214160985876
355.3539342603807,33.2972294768444,10.672177230466017,0.00514600285965499,0.005055418751494199,-0.16212800125053764
232.64630352574548,22.675462872013824,10.259825999533565,0.007833253028980892,0.0076575569258399935,-0.16969828060194272
175.39395898084146,47.34275271355847,3.7047689229656995,0.008979211306414757,0.00887091848922802,-0.4762965897576839
115.05891270327604,11.813482409131659,9.739627039554152,0.015763870448161868,0.01548339255933123,-0.17952538509796961
184.36141650879011,26.743556938746806,6.89367599571926,0.00947395964831228,0.00941321185634056,-0.2517689206604019
241.68613795794843,16.519396100291445,14.630446324468512,0.007745767368211741,0.007588284822359337,-0.12277063113777566
242.3515728575228,34.67245688902796,6.989743289123954,0.007219590307128951,0.007160807958744032,-0.24551035500853874
767.0679306574734,48.86346696977462,15.698188815213564,0.002451186467166305,0.002430217596038908,-0.11465514354736822
139.78374599112965,16.019970756510716,8.725593081018564,0.012836664244919497,0.012629181732827136,-0.1996408386450624
125.23400059621177,25.104884460148213,4.988431665360169,0.013303278118965879,0.01314075478578096,-0.3467380941253522
219.83787024398126,42.04321495879539,5.228854892743911,0.00763705404096437,0.007485831676092763,-0.3311463425781078
528.6014687461635,28.086282172518064,18.820628002640763,0.003592678295327089,0.00354587211123381,-0.09832266537265712
40.614886925792305,34.40782093401889,1.1803969511372487,0.02665859520476436,0.02225322036206866,-1.0049933309914736
86.16557789999071,27.088167085589802,3.1809305379627753,0.01765946018168883,0.017674077943399757,-0.553417555242661
84.68847528343005,48.110859512366495,1.7602777448127191,0.015060316402001325,0.015385796282530523,-1.000392622563557
546.1898027721927,34.19104445592299,15.974645158217008,0.0034460130956284127,0.003412993016309478,-0.11346214160985876
517.8627931604452,41.46316149865228,12.489708320415408,0.003575732510426726,0.0035419048191547213,-0.14093022118470583
432.1662901074354,26.11027439273889,16.55157979602153,0.00436417690741251,0.004327220292563921,-0.11006211593169478
153.99419538682685,35.97874415835304,4.280143706769005,0.01052781519719736,0.010367357895990447,-0.40512960780328844
21.392275912929733,1.883060623345322,11.360375575654924,0.08592786604322399,0.08477643111634485,-0.15525947258038955
140.12238796232086,7.466427187155816,18.76699316151741,0.01355116238296525,0.01337654341494857,-0.0988667621260604
25.211322549334877,3.5993621158599978,7.004386260066839,0.06941869043522338,0.06883546344450174,-0.24551035500853874
584.8276285114007,33.52437156834682,17.444849855547645,0.0032344037049157506,0.003203342717396753,-0.10482304948765182
220.83643525078173,27.592384855188254,8.00352837965209,0.008050595736625398,0.007864906403011225,-0.2155387810136595
54.68879454962678,20.33697260280598,2.6891315446863087,0.026657508158983864,0.026630783575453346,-0.6700938817765106
512.0145991953,30.68862075359657,16.684184124999952,0.0036852554517519346,0.0036523933951376417,-0.10914581731440122
35.46393077505631,29.66163805055155,1.1956160585135611,0.030709904513165423,0.02548538780071884,-1.004157209098783
548.3295128032737,42.5091142221629,12.89910464700749,0.00338501903653279,0.003345106692103177,-0.13642237085943215
893.6032627236043,48.745905179076594,18.3318631470848,0.0021223555642875527,0.002097522786870126,-0.1006659802439623
640.6423496886437,37.40737967401815,17.126095312514266,0.0029496361599906777,0.0029190682464620564,-0.10656027883392642
18.602686617033548,7.26608912252785,2.560206226945057,0.07731328378796752,0.07720500293580256,-0.6986694083805378
422.81393677253885,32.61109355207097,12.965340646961778,0.00439150215036375,0.004338127396549516,-0.13642237085943215
305.62365697132833,20.346308240216363,15.021086546169336,0.006135534599643436,0.006069942781446649,-0.11970662873325257
138.14621044076597,16.37032417287332,8.438819474918104,0.01294359859286838,0.012572606140121182,-0.20579264467921993
651.5590164788696,39.079562608334946,16.672628171634248,0.0028958706631235943,0.0028701601743172382,-0.10914581731440122
325.73288402423077,29.550981435060674,11.02274334746006,0.0056293015091313245,0.0055676319288028115,-0.15752546669499704
324.00349123869756,29.370890569692268,11.03144933484025,0.005659719840937592,0.005597349579231099,-0.15752546669499704
449.17649994713605,42.72834997412453,10.512376448403666,0.004065826958852187,0.00399681548637039,-0.16682248512960882
307.5140584023189,34.7303890441631,8.854322305784844,0.005843776326897889,0.005763894015366342,-0.19542365953173144
168.65561747922564,25.24746090366266,6.680102134736199,0.010314431398818356,0.010209545875290067,-0.257982956104573
89.72717677317718,14.613378355208374,6.140070734649623,0.019168002293442905,0.018340812135851328,-0.28013994684396
375.53091824376656,18.81928085733739,19.954583870156334,0.005071634310211766,0.005031679721548724,-0.0940458558566476
33.20049241019584,9.017195438982341,3.6819089299835306,0.04737350863801349,0.04686392883571299,-0.4763796078590647
51.53648585918907,27.45415957188177,1.8771831541320294,0.025319453830077242,0.025370599923046484,-0.9944785175119033
830.2252529619614,44.120591077591584,18.817183375941323,0.0022874243797623927,0.0022576441746347715,-0.09832266537265712
260.38016683009596,18.322919258191565,14.210626765365932,0.00717609563665341,0.007043482899516157,-0.12722307658369517
472.53353056902847,29.91841527068887,15.794069515171495,0.00398048015648048,0.0039449940836920735,-0.11449277768490264
67.45129984488833,24.47191435633148,2.7562739417415876,0.02175728968334378,0.021736300678244648,-0.6540486880916122
602.0672703126705,43.64850906802815,13.793535751114016,0.003097337967980565,0.0030461434176425263,-0.12956521288816658
291.6532269623486,29.925775199976677,9.745887116153165,0.006219311542581529,0.006108289393501658,-0.17952538509796961
155.45564913055216,10.007044624530922,15.5346213555872,0.012087316812092932,0.01193342358960855,-0.11554131269698573
499.1686809365337,37.39457961564025,13.348690801373706,0.003727426283234175,0.003674075162327993,-0.13297970256312866
468.3680498221473,28.182427498732753,16.619152123897344,0.0040277878913558334,0.00399275471720388,-0.10991373381799678
471.4811139863986,37.51445477015488,12.567985243956995,0.0039293072921752215,0.0038903376367453385,-0.14093022118470583
591.6352520708863,30.546643127234645,19.368257572741232,0.003214494049787709,0.003168089121504338,-0.09636579975439602
31.473649631264276,8.324373848475346,3.7809029488781123,0.05025375194871574,0.04986524727706832,-0.4642557841030221
458.3184754306734,36.86003316249034,12.43402233010114,0.004038947501340754,0.003982376772117462,-0.14259864811177586
149.6898333626867,24.858448537115663,6.021688487082681,0.011458147729853218,0.010993861478152882,-0.28410247130353905
23.30292223016269,18.952595613103874,1.229537246816525,0.047331096672826624,0.0559157180082079,-1.0050561326993668
105.03288008463173,15.056546951729484,6.975894301752039,0.01665425549406969,0.01652276001890012,-0.24551035500853874
18.196687879814515,5.295021495976853,3.4365654405067714,0.08513641847029814,0.08455221031386975,-0.5134022312408418
43.0212588735823,5.892338056838991,7.3012204083656265,0.04088842623544868,0.04037208438567066,-0.2360195071401
223.75510117937074,27.597777898187967,8.107721643562549,0.007956940884623287,0.007762316409625516,-0.2128335309748802
86.95515787772578,23.10321803642779,3.763768222271894,0.018172174388253887,0.01789319405077642,-0.4696049381421816
318.6736399712214,49.40011706439402,6.450868113446454,0.005433693551280475,0.005217029200123075,-0.26880319008702624
728.3306781781004,38.36253319431826,18.98546882941429,0.002608605333050884,0.002573492044400623,-0.09814922923627628
8.46674059554217,5.649982192684734,1.4985428815164072,0.14167594207261508,0.1538962500959365,-1.0067736043346858
78.28686695893332,38.37309605845605,2.040149870619619,0.0171438422254761,0.0170867777206479,-0.9105188740307262
283.98492041921503,47.23545331324594,6.012113793763019,0.006038275899101166,0.005794917878906559,-0.28410247130353905
248.55063475441207,20.306574630821004,12.239909451649506,0.007438892952036456,0.007343360247664796,-0.1440771296373109
426.89608637124127,36.48459566876578,11.700721319400675,0.004316105693476719,0.004247692571869707,-0.15090519890616375
109.1718322027186,17.42117204686834,6.266618107496592,0.015798661322997443,0.015074119939851893,-0.274895451004577
86.29453488402984,6.042682198495445,14.28083292308772,0.021659738761809596,0.021252600235989596,-0.12487853954468492
482.8682322968337,47.78067844834278,10.105930848572566,0.003768970329537569,0.0036894170990720765,-0.17124146754364714
508.4024408391179,32.9031061065817,15.45150294298266,0.00369477093165762,0.003648916609075617,-0.11611035730189036
67.73194946226506,38.76226926675736,1.747368013883341,0.018780362200590973,0.019237592281540716,-1.000392622563557
767.0914331356558,44.503696329426745,17.236578001464554,0.0024642829009067463,0.0024422164605156114,-0.10557020432483132
225.1477639871122,36.87218990716438,6.106167400254284,0.0076330064572371755,0.007309285526688003,-0.28410247130353905
184.61337125159227,13.19821884293971,13.987748911312366,0.010110631025432948,0.009934184290159465,-0.12898848216919093
244.85172509366828,24.383768324434886,10.041586757051954,0.007428441081852998,0.007275841377687374,-0.17124146754364714
337.4501446734332,24.00862807028308,14.055369748141315,0.005533134483965208,0.0054348272815700795,-0.12820841775481742
345.43119354095455,36.49538929268158,9.465063950152844,0.005236608526071574,0.005158016463091547,-0.18063068011005493
24.677372900370166,22.328445179103046,1.1051988932693557,0.04254792452752507,0.03394993804905932,-1.00897466511782
317.4832191396812,35.70236436950544,8.892498431024194,0.005662745291380157,0.005607587594973226,-0.1946067979971986
180.28605513573123,27.349329235400152,6.591973557522367,0.009632269596328352,0.009221621072066323,-0.2612239303332942
135.12461786893292,16.097095586460938,8.39434773454315,0.013225613930038847,0.012853748791406393,-0.20594971400270712
204.6132371292906,12.518768398317697,16.344518136207956,0.009210986630645294,0.009118688022450418,-0.11106247497193811
54.290834468558344,8.048733616527363,6.745264168896945,0.032082352532026695,0.03196548899496712,-0.2556930725164505
48.08464900799692,34.530703139946745,1.3925186757164623,0.024208575621858932,0.0270980376288548,-1.0064011688390784
361.8456373953758,39.42270323957423,9.178610487373664,0.004984195854662456,0.004920095138012003,-0.18796039977881177
10.262600600222628,5.490737393017313,1.869075110616981,0.1269572201687184,0.12742862023294754,-0.9935037220866388
157.6173858107963,18.824009000690758,8.373210287192936,0.011335208510093868,0.011019456290862286,-0.20594971400270712
616.1473169137566,43.75676922704855,14.081188529176897,0.00303074347015523,0.0029765336991602145,-0.1272999322756782
71.23445178920274,12.403264294785403,5.743201958467596,0.023912656796984035,0.02310215424338544,-0.29973366683317254
307.7067779084033,33.72137615312416,9.124976884429296,0.00585774774636654,0.005785751530600988,-0.18796039977881177
81.50902199324447,9.265568888432497,8.796979761815118,0.022032597234252077,0.02174579448411301,-0.1974353578870094
592.1806029192649,34.77276685005475,17.030011027676746,0.0031900299072256002,0.0031579533863420354,-0.10721876293292538
430.96285364512744,27.8644529575087,15.466402814450188,0.004358938474714811,0.004304589350988523,-0.11611035730189036
415.13839923098857,47.62475613907818,8.716861415912836,0.004321865249623474,0.004252447701025739,-0.1996408386450624
139.12479404281694,38.00517006422054,3.6606807391659095,0.0112911443870187,0.011183524290740031,-0.4852656732691057
422.56983543912,28.378889036300276,14.890288160984683,0.004435094039408938,0.00439008645409975,-0.12033918442793407
68.45006247530313,5.847378258936264,11.706111601501787,0.026918827623605018,0.026491185975083948,-0.15090519890616375
667.5640423055881,38.962648695906175,17.133435858423287,0.002830749390606915,0.002801347319211813,-0.10656027883392642
176.48543500587584,22.391410204858605,7.881836534242989,0.01005647488967735,0.009841366759609487,-0.21933465485851883
420.0935611114567,48.30049456660412,8.697500199137037,0.004269909013052572,0.004202288477706397,-0.2008093725696663
30.78846059039477,4.203295500428486,7.324838471921895,0.057156319757398766,0.05641262539004316,-0.2358049475882666
102.3245288305464,25.670970332294303,3.9860016004857153,0.01562554943791832,0.015337879778306748,-0.4425362726858197
333.49750142373097,39.56009600539252,8.430148940444209,0.005361102451156959,0.005208008714329924,-0.20579264467921993
157.55931243190065,22.982874120784366,6.855509524346793,0.011077743314116609,0.011014474771095246,-0.2517689206604019
77.29402443107503,41.16890870310781,1.877485385597315,0.01688291811696577,0.01691607564487949,-0.9944785175119033
64.95031625043808,5.402323358037292,12.022663573776718,0.02842821550307631,0.028101431311738857,-0.1467919710521373
73.0649197023225,8.238627456381,8.868579152190224,0.024599172728540678,0.024258952833828958,-0.19542365953173144
244.95986445050448,21.825402476256755,11.223612701620942,0.007496665850551061,0.0074035018325247755,-0.1554470615674649
17.304347481257096,5.320589491358452,3.252336514471248,0.08839803630926052,0.08804778986538919,-0.5438102070094567
127.43246258391834,13.980948914575693,9.1147219950904,0.014142930142246789,0.013970654927016327,-0.18796039977881177
573.9559555159491,30.887813887910603,18.58195460510055,0.003306639005261178,0.0032656742873228488,-0.09995500380429617
154.99307251694566,13.724607619979185,11.293078593468797,0.011854122213966409,0.011700915246751115,-0.15525947258038955
760.5822547183659,43.22021904804712,17.5978343347321,0.002488173482010463,0.0024643662067534056,-0.10415929565028174
37.977998267214566,24.049250734941886,1.5791759454707328,0.032243893323891694,0.03430932875979992,-1.0071209801278498
532.6837846524087,36.19497678668275,14.717063856452024,0.0035156875868253613,0.0034825879141092276,-0.12140666851256769
350.7981563350694,48.61237146138089,7.216232119302262,0.005007379277241411,0.0049470986103891095,-0.2372210342329613
574.4699677084853,34.63511520571392,16.58634493624298,0.0032835056808772803,0.003255311583605588,-0.1099622645995206
697.2148657877356,39.18058944888938,17.794904966839365,0.0027159320250793005,0.002688343720076232,-0.1030498638867562
127.31514969164434,8.15016093129497,15.62118230117149,0.014763927316912125,0.014641949422012013,-0.11510358059965736
32.8630769995766,4.279377044210664,7.6794067594570254,0.05384673822688719,0.052851347232166494,-0.22442948299034765
37.59954309245852,33.08894208394331,1.1363174741903888,0.02829315121138947,0.022282060160170994,-1.00897466511782
254.5083041259434,18.939145344754895,13.438214845129126,0.007314019581719716,0.0072059859058013235,-0.13245412726977307
768.8889744270502,48.00632040714656,16.016411337216088,0.0024482941848819623,0.002424461846172316,-0.1130921114958023
769.856781802696,40.514969224443725,19.001786167918933,0.002468003107789747,0.002434677787205132,-0.09814922923627628
114.26807570989087,37.77112850156272,3.02527566008951,0.013154501895566576,0.012988662575119115,-0.5861591085199922
80.5252593037781,8.78476006226651,9.166472246596818,0.022393904000880708,0.022108776508793105,-0.18796039977881177
170.4124252535641,20.65395039805798,8.250839281069805,0.010467566536388742,0.010192084826195626,-0.2109211407674158
205.38871969026738,10.935740167927046,18.781419139112593,0.009245371518833539,0.009125881931640819,-0.0988667621260604
589.062348487777,30.80620369724062,19.121549486493223,0.0032264905082699576,0.0031819266853432998,-0.09746965201511303
121.64302394679775,21.18674536506026,5.741468160909847,0.014002683121563763,0.01352867792399605,-0.30258785065164684
113.51823181109236,7.2343076536043815,15.691651122209832,0.016562798669627322,0.016421520602462304,-0.11508397781127808
220.37715710528553,29.62346673760839,7.439276403983682,0.00799998003707721,0.007881297301572233,-0.23331583217330729
593.4714702328029,44.70163290698651,13.276281684556718,0.003133945931221591,0.0030902635500262934,-0.13430770462602354
42.14128935954652,5.463937984447206,7.712622192912757,0.04201219302132661,0.04121511040640683,-0.22442948299034765
60.59992248501709,17.601285671643417,3.4429259098184346,0.025575052446675753,0.025388979350762737,-0.5134022312408418
73.10661482184294,8.453315670566058,8.648276921255386,0.024521845321902835,0.0241476689314558,-0.20078050677274345
218.27564494142013,20.3774733897532,10.71161477021876,0.008380363994341977,0.008230249156562073,-0.16212800125053764
81.73286372950459,31.99324828683251,2.5546910084507877,0.017586110740448895,0.01757212961037399,-0.6986694083805378
42.893664004473784,15.103602658256602,2.8399624232053897,0.03448438374916071,0.03452963039611096,-0.6349492184263246
302.17289735782356,35.92759489763619,8.410607451424605,0.0059154010296112,0.005747894363819516,-0.20579264467921993
195.7491747573405,12.378668961628994,15.813426739507907,0.009609478310362723,0.009523115409052525,-0.11406352644278
324.74410955702376,28.690628096176297,11.318821897813509,0.005658753333868544,0.00558458414481534,-0.15525947258038955
205.07824964234752,12.442465493784141,16.4821232371348,0.009194526593700899,0.009118854600994214,-0.11089714911713303
44.543663597030026,39.315197518073795,1.1329884220104103,0.023849596493503773,0.018808405360643998,-1.00897466511782
23.195054473051755,11.853398735201864,1.9568273194225538,0.0570638592270034,0.057025503685169,-0.9559836153523664
195.0655890344651,39.847426115297615,4.895312145633881,0.008513789662633003,0.008359796676114537,-0.35579358566393204
178.17350973640848,31.487928866851533,5.658470282050786,0.00953918857622921,0.00923632977265691,-0.3063191799507209
137.39070590685245,40.744331272173824,3.3720201465346635,0.0112274375197171,0.011198502624136996,-0.5145785654666981
450.959744544183,39.23704436049851,11.493213923069652,0.004079994086597125,0.0040210314933370045,-0.1537846802655089
28.795913710847937,7.266753749205042,3.962692930663587,0.05545901456722308,0.0545022233826033,-0.4449925416771312
25.327148330851596,3.9073387904345234,6.481943258376896,0.06841235119680847,0.06564219798145232,-0.2615867060009614
268.8227742557795,36.265804919140066,7.4125688056603,0.006555473185554152,0.00646097749132468,-0.23331583217330729
253.05526459508147,35.09932387206123,7.209690577444752,0.006940718905914814,0.0068579212311950235,-0.2372210342329613
58.941527496656704,29.814267533095098,1.9769570871137154,0.022533739902048995,0.02244104828137913,-0.9559836153523664
345.7184438457276,17.633114746234682,19.606203941907157,0.005504311052772905,0.00546557853588199,-0.0950353073059452
88.92726738669069,33.80208586003424,2.630821889362558,0.01629602003996033,0.016249311589121206,-0.6897160087604138
696.8988702589285,34.959842707139074,19.934267899798538,0.0027327679025565274,0.002711370884328857,-0.094047063670495
163.00694595987449,19.190657203505857,8.49407835444507,0.010977092811734515,0.010655115850398113,-0.2035187682542239
6.718720011645821,3.505652872678681,1.9165388746867071,0.19561101914292467,0.1960210240177932,-0.973929902677653
109.59078060988985,6.265214003102311,17.49194529598261,0.017262809806957703,0.017103201524372606,-0.1043886025963777
18.028189706248483,7.846945290251274,2.2974787053308465,0.07729428272627559,0.07709669057802458,-0.7845571358497296
143.02846048079132,26.71985278128317,5.352891037669956,0.011782149475100817,0.011505886920304078,-0.3230354954894175
32.06046167264404,1.9551266549268853,16.39815077547648,0.05879657234618295,0.058196425668994294,-0.11106247497193811
194.21742816034836,11.909566685160824,16.307682159615506,0.009702756310491922,0.009606780876045983,-0.1114114205379759
49.40844488069227,29.39218673083467,1.6810060895829504,0.025380507225622802,0.026372002424592797,-1.0075910092209353
55.03671577816567,25.182752265423325,2.1854924830330296,0.024931603870936375,0.024658863466166525,-0.8391768893416431
447.4199816767446,35.22777030185475,12.700774923957873,0.004143808795961574,0.0040995503059161695,-0.13751371645582958
138.30995844600383,26.418271421804594,5.235390167573502,0.012141209807238052,0.011898415061122545,-0.3311463425781078
418.0033317303464,38.92129321823172,10.739708194858826,0.004377089547811257,0.004297723980430046,-0.16212800125053764
176.3982488526666,16.437568861415627,10.731407444730541,0.01037151719897494,0.010184131386574183,-0.16212800125053764
232.12379525495064,20.20236380367347,11.489932441110811,0.007926249135093958,0.007811880436677017,-0.1537846802655089
213.48524619274303,15.22160562399079,14.025146325974225,0.008744818898572525,0.008590679145973166,-0.12820841775481742
313.0284624605876,37.73486111848229,8.295471433635893,0.00570185040896716,0.005548562197728998,-0.2072744654045315
313.87120207315536,37.83224413168759,8.296393969668394,0.0056866090497024535,0.005533664388927373,-0.2072744654045315
108.97884104792954,8.953466745120707,12.171692166871429,0.016958881221163215,0.016748176372922422,-0.14563953835432356
330.5045379353101,27.022858782621846,12.23055416134782,0.005593976904594761,0.005522456248829626,-0.1440771296373109
139.64423075615622,19.154839064337047,7.290284731034326,0.012594532211434258,0.012427531465747838,-0.23645026398012603
7.074033359575564,3.5493011525943174,1.9930778075579434,0.18826480496390655,0.1890958419587503,-0.9281512709788704
62.641222945683104,5.28058888485693,11.86254493799327,0.0294456220483319,0.029137311900344763,-0.14900840765504592
254.0070591580941,40.81572790384688,6.223264221980321,0.00678373615530542,0.0064788329038245355,-0.27526249160821264
38.94996177948315,7.079991436159926,5.501413685411036,0.04344996812467558,0.042250857702869946,-0.31490181318164073
36.00862714539969,3.1196735940707985,11.54243418729354,0.051113898692321934,0.0503580246955078,-0.15347801774918865
119.87959725423958,13.123747510659758,9.13455529046619,0.015037215819912344,0.014850858711880442,-0.18796039977881177
55.688329123318404,22.00179025224466,2.5310817203903206,0.025743299354860916,0.025790331609725034,-0.6986694083805378
285.524111071213,40.522141347976124,7.046125934444811,0.006134099027854037,0.006078061377098366,-0.24551035500853874
72.03045887307731,20.36624839162767,3.536756376922526,0.021645793007214538,0.02135999415665239,-0.49859812720999536
324.90637855114323,20.400904576604965,15.92607706835384,0.005791942706462087,0.00573455070192726,-0.11350322317138538
267.97313188401574,22.348708126692447,11.990542377881736,0.0068889064630006215,0.006811118853428127,-0.14723000532158403
163.57610412125112,9.22745789942755,17.72710381386828,0.011573835496288373,0.011458600362525346,-0.10335061644426226
281.6268369494201,24.38747379563373,11.548011873203604,0.006535642059126563,0.006438744810974961,-0.15347801774918865
365.36962259903885,47.45538354494582,7.699223887907069,0.004844667765359258,0.004753700872193462,-0.22442948299034765
315.6085404203739,43.05106374847717,7.331027689914812,0.005576317981599156,0.005503203086040207,-0.2358049475882666
214.07662062075386,25.60919766540123,8.35936460867642,0.008344256720321469,0.008113253509821455,-0.20594971400270712
91.83013816105505,14.121229642829556,6.502984547644145,0.018876584997958582,0.01810440143434789,-0.2615867060009614
461.69506879095826,42.120164675454056,10.961378530887265,0.003969709264722607,0.003928048896219546,-0.1601612996055388
21.109785033777747,14.658896422473699,1.4400664569410646,0.055914837186441815,0.06172491221980933,-1.0064660546555555
744.3268602865778,38.01231956697754,19.581200746644182,0.0025564359442849026,0.0025181856332076955,-0.09516221184911976
411.5221390297515,24.85518475366252,16.556792601153845,0.004583189572409254,0.0045442968019267635,-0.11006211593169478
137.60356075201972,15.591569800586665,8.825510356682758,0.013055245246931729,0.012881050687782624,-0.19747117789036508
46.64908325168585,18.291291516423712,2.5503438731923187,0.030797481645919684,0.030787753472732743,-0.6986694083805378
130.6460249629116,19.523781595057475,6.691635241196572,0.013318256484721201,0.01317986723490705,-0.257982956104573
383.38650967970614,32.262848773236904,11.883219376391148,0.004811748074011346,0.004760722677259124,-0.14850079074907185
205.73197256165548,24.372872412966416,8.441022833738943,0.008691690086840972,0.00844233335244735,-0.20579264467921993
812.2984980591091,44.47250945878811,18.265182422679604,0.002334346029978403,0.0023074685112219172,-0.10083178953271964
278.8738585439413,38.533347007504986,7.237208293627495,0.00630105418219888,0.0062230037651909795,-0.2372210342329613
450.66427894839387,38.03095946867216,11.849931877727846,0.004092530155354501,0.004050014469854193,-0.14900840765504592
95.05595175322446,31.97291521833134,2.9730148503544997,0.01574445279786553,0.015616349333628581,-0.6020077306178833
556.0466007334561,44.402549788239725,12.522852930412755,0.003330839919187686,0.0032986816578618903,-0.14093022118470583
5.016047021637277,1.3520618427641367,3.709924252712095,0.31406498264818766,0.31018559174395205,-0.4762965897576839
49.96044426163406,2.807773768315474,17.79361458014043,0.03790160203751555,0.03751674417001966,-0.1030498638867562
42.13119297198934,6.355362428193791,6.6292353029444975,0.04124854783956144,0.040869890983725995,-0.25994433674891654
61.54116003529518,3.333932115882564,18.45903212669461,0.030828472587590645,0.030456904044533283,-0.10045286830664628
390.2962814587803,23.958096832997338,16.290788211575624,0.004827951386409516,0.004780481811591944,-0.11183877057244754
362.1912520905564,32.33457841562651,11.201359963163096,0.005069376566380883,0.0050071910762242745,-0.15772462057534828
676.1632825380234,35.48690121084431,19.0538835307321,0.0028103695406418595,0.002772042277937281,-0.09807797984233034
484.8278547857095,25.661804587877405,18.892975867127497,0.003917807076551101,0.0038660179844920476,-0.09814922923627628
40.233702287322714,26.503666799984458,1.5180428651987998,0.029968217617082862,0.03238577496258752,-1.0064465940458043
181.0592416323787,10.580299886227259,17.112864812846162,0.010436259574362545,0.01032854618993685,-0.10656027883392642
623.7508524238685,49.32452415646048,12.645856459664808,0.0029714353987533035,0.0029406304065608953,-0.13962818154523823
550.3716181364293,30.606710476121414,17.98205718859645,0.0034424691963575497,0.0034056138511118247,-0.10233045364330785
492.2694262402348,28.273168712389605,17.41118695424178,0.003842144753172454,0.0038056463084306207,-0.10507824526938718
82.67820433671717,8.14778853864729,10.14731837289969,0.02202012812284354,0.02154742386009326,-0.1709893682040057
448.05278274965787,39.898711446126434,11.22975571165111,0.0040987680615596715,0.0040476499090680304,-0.1554470615674649
288.6677411749368,17.789792005785365,16.226594503244332,0.006526189711318249,0.006456920002697605,-0.11215402188639627
67.24688763004313,31.78287485094975,2.1158214272751237,0.02019594867132865,0.02018502830618051,-0.872605087671327
87.9326599121112,32.226501181226844,2.7285822751163353,0.016644590240160104,0.016603245117766164,-0.655170824603331
163.2605152508333,17.70931609847974,9.218905707197154,0.011051565805681412,0.0109047491276416,-0.18796039977881177
62.38801159593096,8.516245972805326,7.325764403136398,0.028207050868012434,0.027839609713339982,-0.2358049475882666
33.032890876343814,25.043553923837017,1.3190176991973317,0.03443736969232959,0.03944552213327798,-1.006370536956614
323.41119098372013,34.385216593747586,9.405530138278303,0.005589771047566969,0.005509208811637243,-0.18344510331748873
242.313259997199,16.4535124989942,14.72714473654252,0.0077289675977599585,0.007655867080876569,-0.12140666851256769
14.901685665739807,2.33235309072832,6.389120808927984,0.11604940828216356,0.11155061595119772,-0.2719234110987598
588.1991132292416,39.298975530713165,14.967288721548192,0.0031872607037773575,0.003153894776018537,-0.12033918442793407
412.7543846986087,41.044098061278156,10.056363867038161,0.0044072425889053425,0.004316131769588566,-0.17124146754364714
103.11566253842025,9.907904202419767,10.407414164666301,0.017695424570929937,0.017276738266321753,-0.16696830820621486
46.73794642399036,33.83303105529126,1.3814294778262517,0.024822834010103562,0.027878837815607425,-1.0064011688390784
312.6770572667512,30.654059688132357,10.200184264265765,0.005825280323376036,0.005697579248082821,-0.1709893682040057
826.8596124545769,42.18915980509092,19.598864169719747,0.0023013668091373925,0.0022852141738214766,-0.0950353073059452
439.8475738740267,40.114439067389775,10.96481925461079,0.00416699644153738,0.004123157459710664,-0.1601612996055388
11.285872072715001,2.033861856008807,5.5489865446722515,0.15015314950751604,0.1458167594027382,-0.31076489022478127
130.10576378219386,29.498051382151043,4.410656219173836,0.012531028772342249,0.012407776290409794,-0.3955206330648886
171.10076617702916,17.50891412892129,9.772208882697315,0.010603909601859932,0.01041200663585233,-0.17952538509796961
193.72657304615623,29.172950177820315,6.640623312531591,0.008972652660142015,0.008888286396153189,-0.2593360261650833
51.74832806484787,13.261012998764603,3.9022907276894117,0.03076480959933088,0.030328348378870804,-0.4485643884026976
101.77902177838837,27.346938027315115,3.721770301184278,0.015488752246329172,0.015287094397604303,-0.4762965897576839
33.373113161425806,1.7923462143512168,18.619791697725105,0.05687399042987214,0.056163570863707026,-0.0997607700709778
193.42408908983023,33.69529882264153,5.74038800213456,0.00880594130858951,0.008508088627538433,-0.30258785065164684
441.7250415722365,22.516242883504923,19.618061674749384,0.004308104571838592,0.0042432577499180195,-0.09499031415262117
363.2250211072178,32.47507239071683,11.184733223598528,0.005054332897220908,0.004992940188498189,-0.15772462057534828
774.2381337645411,42.10147502155324,18.38981017572855,0.002449960749759553,0.0024209001394321326,-0.10052557411808749
92.05602457207587,5.978170501892092,15.398695059456756,0.020401044742510265,0.020152055436849375,-0.11647880534144663
473.5344806030706,49.6828758607915,9.531140707914865,0.0038225031629625177,0.0037626400106713846,-0.18063068011005493
350.7560670302643,31.05767566214555,11.293699852039511,0.0052381561383745305,0.005170433175138353,-0.15525947258038955
35.591810289760595,7.032840604860992,5.060801501054934,0.046921205406338276,0.04623730232543434,-0.34197935707601324
259.29130937129344,27.7401112552576,9.347161840317053,0.006967878274908958,0.006866080338660761,-0.18556106459031488
79.53434240234824,22.91994094925521,3.470093687345767,0.01952090175806885,0.019344727499557415,-0.4992515173048229
25.150125370793802,14.861977456096945,1.692246233389102,0.04998487604245257,0.05180887208228856,-1.0075910092209353
416.9481990309051,32.113108696879124,12.983738291005931,0.004453734858876724,0.004399157322226374,-0.13642237085943215
141.35831181007865,8.926040889289215,15.836619343711641,0.013308105362112075,0.013187353177685828,-0.11406352644278
178.22855695426344,28.074489573076033,6.348416646733552,0.009694476323377796,0.00932674450790163,-0.27287827585148805
85.12391025338982,10.212561314427097,8.33521656640013,0.02097833040293834,0.02040387816363125,-0.20594971400270712
68.54364937985011,19.396983310771027,3.533727295717589,0.02274261554423977,0.02244657520499948,-0.49859812720999536
787.6522815858824,47.78304189526651,16.483929242351333,0.002393961499815765,0.002374244046560354,-0.11089714911713303
24.493298583214244,3.6131109357582276,6.779005410769159,0.07115814628154314,0.07085338325649658,-0.2556930725164505
54.78216038158675,3.089051144732401,17.7343002154574,0.03455949767166052,0.03421466391482902,-0.10335061644426226
266.6412265448237,14.952989904877468,17.83196726815477,0.007102418597994335,0.007029495139489105,-0.1030498638867562
412.5904316700567,29.630220964490874,13.924649166960611,0.004522629117579467,0.004445045526183113,-0.12898848216919093
25.645045355344774,11.353508466449108,2.258777137580754,0.054056166887850254,0.05382774456971061,-0.8013972431550005
181.25863575446502,12.477175027450171,14.527217527660742,0.010323336671356867,0.010118046209534971,-0.12277063113777566
515.5125055956914,37.739161266935795,13.659882421588012,0.003614991367927684,0.003557592168053649,-0.1307087181154518
80.33894512678545,31.286583723479307,2.5678401271563036,0.017917048372355877,0.01787701434983176,-0.6986694083805378
549.8417867133354,27.65291665346378,19.883681479380684,0.00346323522681677,0.0034348088314112213,-0.09419635696719965
178.41070146180274,24.81813733481186,7.188722467562059,0.009841123001256434,0.009727180362573907,-0.2372210342329613
107.49717068769147,40.25692157465085,2.6702779666933285,0.01353600410910402,0.013521805258456436,-0.6762156906787533
248.2580058596781,34.48152579666354,7.199739574276604,0.007073648273673023,0.006990441519590693,-0.2372210342329613
420.4498355752251,22.768011006389788,18.466691511051486,0.004512453673572272,0.004457971076192514,-0.10045286830664628
436.87516937401654,32.05375305995301,13.629454515260342,0.0042650386963103614,0.0041979571763458125,-0.13163321059959784
709.1979393426974,37.912524009586136,18.70616525461026,0.002676980310282368,0.002642919701263444,-0.0993449122371446
213.79504353381537,20.310987839857482,10.526078062745546,0.008543137433343874,0.008397180596089958,-0.16682248512960882
780.3771939650248,44.89817113950646,17.381046357996556,0.002423433540569426,0.0024006382288106333,-0.10516557549988748
371.7128332021782,42.072262191679016,8.835104504451747,0.004833426873668129,0.004768407982035081,-0.19567547039437674
664.5147290093329,47.808108338851795,13.899623977995956,0.0028077156804989485,0.0027598835245910515,-0.1295959871754494
67.45945785476232,34.411618964273046,1.960368616332766,0.019632657889273288,0.019607475458496164,-0.9559836153523664
97.07867879784334,16.376268424183493,5.928009744544939,0.017628142703077367,0.016951912748051582,-0.29251229739297796
480.2999238970009,40.12216090597435,11.970938579868024,0.003843034449157116,0.0038001189672868044,-0.14723000532158403
155.55242627684046,13.002400648778432,11.963362034337447,0.011865575353013027,0.011733644369770575,-0.14723000532158403
500.49686601597483,42.01903524708478,11.911193654801929,0.003686527888571921,0.00364676978962171,-0.147704426351155
510.1462352452073,26.828774800238516,19.01489125178657,0.0037245681131990367,0.0036741488547559773,-0.09814922923627628
17.0939065830643,9.218891736351326,1.854225765084184,0.07600863943551928,0.07622597104162933,-1.0004275886910212
135.70384437116567,13.812842564240581,9.824469057692946,0.013376433366691932,0.01312786915573321,-0.1788226028080648
443.3386405065638,28.420215200267602,15.599411805382436,0.004239454068124319,0.00420478120362113,-0.11510358059965736
392.3124544342218,40.56522975233357,9.6711508064774,0.004620242791582827,0.004541634513538868,-0.18007056360018975
69.90427329430678,26.3397338188154,2.6539475977684974,0.02078051465219297,0.02079351861300871,-0.6762156906787533
42.94613359933744,4.21512520441829,10.188578397225626,0.04240768908061309,0.0414822514514352,-0.1709893682040057
60.31119908828738,36.64196718849072,1.6459596390673914,0.02062851660038083,0.021604604913949103,-1.003900024869933
760.6597716149686,48.95551738643363,15.537774130965673,0.002470309080337212,0.002438827685778375,-0.11554131269698573
910.1442135918583,47.10757795989787,19.320547839811535,0.002089314449605671,0.0020594024309479155,-0.09656825685257014
68.3320045316626,29.957755457314626,2.2809454009004653,0.020347999631134425,0.02020158724052222,-0.8013972431550005
127.5472960291864,6.768402156099531,18.844520920531245,0.014890292251923065,0.01469535822660911,-0.09832266537265712
981.1583058562961,49.11845263702418,19.97535046771252,0.0019412259701216648,0.0019258373443545842,-0.0940391885972242
161.86359153968866,28.618540907942496,5.655899511451567,0.010499672459042087,0.01016701332908241,-0.3063191799507209
673.8871859270309,42.6521684065552,15.79959967107936,0.002791193516314383,0.002766252306573456,-0.11449277768490264
580.4958572195189,49.60081747467514,11.70335262147453,0.0031741161004708736,0.003123748968209515,-0.15090519890616375
332.07610705080947,37.4483221540747,8.867583057113727,0.0054123620576411,0.005337566910813438,-0.19542365953173144
21.23773720189877,2.4713974589991365,8.593412251261116,0.08435567255427856,0.08312346624476973,-0.20078050677274345
461.6201385833062,29.856903708762612,15.461085418841563,0.004069366069822372,0.004018711393670399,-0.11611035730189036
398.05476010286316,41.36704329407739,9.62250933123503,0.004551435510343465,0.004476117262582612,-0.18007056360018975
886.2572617041178,48.44426187583111,18.29437021820478,0.0021397204878193738,0.002114908714406693,-0.1006659802439623
670.7917131255406,33.92448567448126,19.773084242515864,0.002838021892224933,0.002815481151491853,-0.09447053967709336
300.4378104666924,23.46066891044779,12.806020647301228,0.0061747742806512055,0.006105159400232195,-0.13649634443750008
264.0814958802624,23.203241161350075,11.381233080495074,0.006961734273096119,0.006866529322681328,-0.15431342543842827
3.880666618953226,2.408719468037543,1.6110911504837562,0.3179960607183719,0.33576695865218337,-1.003900024869933
169.11518834905402,41.21924346417365,4.1028212586202155,0.00950866666364904,0.009384219953126209,-0.42605827893674014
229.48031423107875,22.032361313218225,10.415602348233232,0.007951885509037717,0.007763203213329813,-0.16696830820621486
247.68267729434163,21.41422495021528,11.566268584091418,0.0074322669020633605,0.007321155257395936,-0.1513427187950206
531.1450298053436,28.88476137759295,18.38841674549452,0.003571238586746343,0.003528891547137649,-0.10052557411808749
332.94204174071876,47.485315162640916,7.011473770372298,0.0052572454733008644,0.005212417941149546,-0.24551035500853874
807.8237576642917,40.97811835731486,19.71353956812636,0.0023562624641855633,0.002337887945190562,-0.09471503595471148
628.4316872155981,32.66580227201828,19.238213774223336,0.003025272417159079,0.0029825886315328516,-0.09701747724045454
562.5010292700811,47.079483143287014,11.947901542548841,0.0032809447796844303,0.003244788464042162,-0.14723000532158403
178.22385050922216,31.791534201908302,5.606016034876486,0.009523111855595422,0.009233720896362357,-0.30962730486686063
193.67400132455384,18.375006983104875,10.540077699161136,0.009431781907219439,0.009269574536717947,-0.16682248512960882
483.09803729629425,44.83292758197078,10.77551842700918,0.0037883741114923567,0.0037186301826669537,-0.16212800125053764
490.74678468739626,31.500009702311623,15.579258207383438,0.003829607039210607,0.0037801941211986624,-0.11538752843956268
357.5506588290025,22.36965834894358,15.9837335578211,0.005264261766404152,0.005213644378522779,-0.11346214160985876
289.24564523415313,17.17136629529295,16.844649415780136,0.0065270527573427625,0.006465365239297121,-0.10808351469844871
464.88042296847846,30.01822991210282,15.486603451626136,0.004041231448820692,0.003990527496569217,-0.11611035730189036
621.4467121830885,33.059941748421586,18.797574324605662,0.0030557366957025423,0.003016112514940841,-0.0987010323762235
246.5307249881262,13.4506108401137,18.328589527911895,0.00769285992638074,0.007602919295655855,-0.1006659802439623
228.28763135665722,20.38723884215818,11.197574773322803,0.008042630115383196,0.007944192134180836,-0.15772462057534828
357.6362952400614,22.458258137384124,15.924489470745653,0.0052618486169517375,0.0052097399676127535,-0.11351724158657407
43.479332358475155,23.757489281441302,1.8301316205344988,0.029745605922762132,0.02996825290338182,-1.0004275886910212
213.50532807562288,12.252052509691069,17.426086601142583,0.008859068061538735,0.00877450385716302,-0.10507824526938718
487.3511592324279,24.98467925881367,19.506000224537942,0.0039036894352144566,0.003846001328767403,-0.095752505942238
152.22785104318004,22.048743932627538,6.904150708463469,0.011476010305787949,0.011400233661841688,-0.24880816012122664
152.5768748179107,8.080216119052174,18.882771521191472,0.012448874732735832,0.012284648038709371,-0.09814922923627628
442.6467691005778,38.06271960540613,11.629404669174184,0.004160517000369133,0.0040965470926714225,-0.15090519890616375
45.069974931683255,2.749980462168128,16.389198233121036,0.04182354382240091,0.04139794347509272,-0.11106247497193811
43.09715201892526,7.923336649058731,5.439268066950692,0.03919993814671214,0.038185105409157954,-0.31823888135364153
248.0307022006939,22.927021623098025,10.818269650464028,0.007381225276680548,0.007242905522331499,-0.16212800125053764
49.84967014286251,10.869442892234225,4.586221266085134,0.03293855756496252,0.03266488935670891,-0.37860353983272665
59.6781508393493,38.12531897996768,1.5653154501003965,0.020449172239950367,0.021833780200338115,-1.0071452439729913
113.08304738296499,9.464783795385044,11.947768678889783,0.016320158266116512,0.016140322471203162,-0.14723000532158403
67.80550630230104,12.960531418647145,5.231691827446591,0.024762883712460024,0.02427043734973657,-0.3311463425781078
299.24134634788413,41.91289727183381,7.139600596138685,0.005862450892533481,0.005799442800644097,-0.24201219289130485
108.03795099725755,16.342065568519544,6.6110339934858615,0.016079753446103785,0.01593789263759025,-0.25994433674891654
442.04677937777257,28.1598909791177,15.697744700275209,0.004253448804718116,0.004217069480892771,-0.11465514354736822
225.03219379599386,17.917355580495165,12.559453474315369,0.008232161801216933,0.00815092583783254,-0.14093022118470583
218.08169616326103,13.633127958660191,15.996453405597846,0.00863129930326625,0.00854790665717037,-0.11346214160985876
515.20551005233,37.9064787568735,13.591489553983143,0.00361590426616101,0.003559712030748012,-0.13163321059959784
24.826377588227377,2.340164646994741,10.608816614723933,0.07361996910327988,0.07231323155069061,-0.16682248512960882
100.14926743514263,13.405202187010193,7.470925543531788,0.01761269289227369,0.017342691944769825,-0.23331583217330729
402.793561031855,42.65100165928847,9.443941416652175,0.004489896538229234,0.004423456468830436,-0.18063068011005493
69.88884776027665,15.042383385558173,4.646128606679127,0.023548463539470117,0.023298909795599038,-0.3730514471226063
535.0967454634169,26.960477475392874,19.84745062292779,0.0035583565487205503,0.003529457880081627,-0.094202377341679
762.4810392416698,41.086335886663086,18.558019905814394,0.0024889014436164634,0.0024582292667217026,-0.10021091784610414
499.35725449745536,34.71550380055082,14.384272150172057,0.003744808116357854,0.0036726877119000394,-0.12367370116581694
85.73406110619871,4.8189557720199865,17.791003935747085,0.022086508754200027,0.021862410129650713,-0.1030498638867562
357.3385732952857,37.57053479601291,9.51113885483492,0.005064456501564462,0.004986138962605839,-0.18063068011005493
71.81797299507281,6.109427823582451,11.755269899065626,0.02566491348343822,0.02524887934617392,-0.14958899205843956
137.06878248146805,14.856505211518149,9.22617940962317,0.013164365395454389,0.012988478696821754,-0.18796039977881177
194.30007832764394,47.95680411433003,4.051564359135118,0.008255699404036728,0.008167851184319869,-0.4303661218707792
546.9769793483165,32.84346192650818,16.65405981172915,0.00344934372372711,0.0034189350026083806,-0.10946120500189957
837.1840552941507,46.78853754805263,17.892930601524963,0.0022625135849172386,0.002238878289823239,-0.10253805771853677
193.82849907954517,16.833514821894287,11.514440158833894,0.009493880567076141,0.00935529782075649,-0.15347801774918865
723.8905684752477,40.71816946514185,17.778072491568132,0.0026157169029840774,0.002589277008999106,-0.10335061644426226
22.417569691509538,16.751995694787745,1.3382029281731844,0.051060050839871245,0.05812403601816285,-1.006370536956614
194.4311786641502,19.524961991752296,9.958082312594591,0.009347710207656642,0.009162637006443887,-0.17405732920395384
355.68854302588255,17.819179697484838,19.96099422444725,0.005354641626730884,0.005312376075054614,-0.0940458558566476
91.17552926139712,19.870935679990232,4.588386311028607,0.018010478776209957,0.017859331038448504,-0.37860353983272665
85.6689600254277,8.109792109797645,10.563644402416784,0.021326792631193015,0.020955963403425235,-0.16682248512960882
275.07286024416356,32.14607531210724,8.556965588286365,0.0065100153946522485,0.0063159005679799,-0.2022876414058329
176.4356156828658,29.854867152150533,5.909777283003473,0.009695066745272624,0.009327307790481338,-0.29251229739297796
539.3895488089661,39.51303790042948,13.650925807532081,0.0034548126850985792,0.0034001089870773177,-0.1307087181154518
50.116491997266486,3.415017391609557,14.675325554827033,0.03736117331329357,0.03659440594008408,-0.12220993775424631
127.737841234083,13.483905717924324,9.473356155574383,0.014162124765951793,0.013948410008624778,-0.18063068011005493
60.42160496250373,16.971444502732304,3.5601922365993186,0.025842113908412078,0.025463907845293468,-0.4910462853069257
566.3159655512261,34.20202034146101,16.557968210571353,0.0033304581161327632,0.003302182622548371,-0.11006211593169478
18.07690967552735,15.125049608455155,1.1951636618383092,0.06023740897016437,0.04999814929449721,-1.004157209098783
433.54997837727217,38.097198190709406,11.380101397666563,0.004240457908713309,0.004182501269695438,-0.15431342543842827
25.343291877725683,6.674874012373715,3.796819510112838,0.06246453987604695,0.06192728747105625,-0.4606875429766859
394.3799756486225,29.71405816164627,13.272504667762702,0.004715935242075959,0.004650295059795211,-0.13430770462602354
50.23752125891408,4.018386390304934,12.501914046922158,0.03686234525704758,0.03651097181532307,-0.14093022118470583
157.9790661328439,8.013159794770225,19.714952675216672,0.012048757035598521,0.011954757494855507,-0.09471503595471148
291.6172115178425,18.714995800268447,15.582007852422791,0.0064447065204220584,0.006361483606597535,-0.11538752843956268
263.7260705004388,13.918419542731826,18.947989726186698,0.007203456476622396,0.0071071972612625454,-0.09814922923627628
242.92726940677818,48.69354282540943,4.988901100866562,0.006858221073767554,0.006774329192008149,-0.3467380941253522
201.07237182101284,44.943719305394886,4.4738703188918505,0.008129549538173754,0.00809942915205523,-0.38035708239805305
91.87810020078301,13.231027557112117,6.9441394331761845,0.01902784318224706,0.018888430082248192,-0.24551035500853874
224.73693338700994,19.910280404820877,11.2874820855157,0.008175036899058212,0.008069705223890701,-0.1554470615674649
193.0879391874261,18.01261091857961,10.719597511999782,0.009474158162997137,0.009303858906140066,-0.16212800125053764
164.8791592207633,24.100092691577203,6.841432575833508,0.010583172384065292,0.010525484724292187,-0.2517689206604019
239.1216692851867,33.53044185402672,7.131479815452245,0.0073353549020525296,0.0072575316027195,-0.24201219289130485
20.04327560091142,5.899645029386872,3.3973697571757877,0.07709232235264345,0.07676241205603931,-0.5143724538765504
467.4933325652217,30.868049516062285,15.144893826931309,0.004013152045705249,0.0039682236756042434,-0.1189256494633792
516.8076065276541,38.86454382778023,13.297663001469273,0.003599244624227982,0.0035486769723905164,-0.13430770462602354
236.38311022420686,13.369256132324818,17.681096680664876,0.008007932133643605,0.007929302580909642,-0.103664098523445
706.1572623699572,40.37023194595106,17.49202886214235,0.002679070784703958,0.0026542999780157675,-0.1043886025963777
178.68375478454672,33.56998863998641,5.322723123346849,0.009422684225642882,0.009209954730699948,-0.3230354954894175
479.55353603187825,26.86913923401531,17.847744650665312,0.00394927023942977,0.003908537973661515,-0.10257733072106687
142.14911241222828,27.77382707595678,5.118095969398606,0.011770041208232879,0.011577063442399643,-0.3386509138713664
32.54289511911965,1.9039346298454078,17.092443516173667,0.05806049539464773,0.05746503909593001,-0.10656027883392642
152.26983734707878,25.805987045728873,5.900562418994193,0.011231170805017924,0.010807585542539733,-0.29251229739297796
42.28875097884164,11.958058901985133,3.5364227025024415,0.036868527465370615,0.03638249286198392,-0.49859812720999536
326.17793595763203,25.86784742632538,12.609396158169886,0.00568107926411011,0.0056233746080058475,-0.13962818154523823
25.216426340231546,8.531819739857065,2.9555742044608646,0.05926233900433704,0.05886745920259797,-0.6020077306178833
508.9850094508433,26.05195711488786,19.53730413443582,0.003738059470614715,0.003682531255697567,-0.095752505942238
799.2553507698304,42.196405761432544,18.941313515862262,0.0023768445243309596,0.002345124376307151,-0.09814922923627628
390.4660952203706,47.57921662981271,8.206652460429709,0.004565737712275811,0.00444816570473757,-0.21101667776337904
421.9111383417338,33.39068683502005,12.635593284629136,0.004392690495417133,0.004347410049341358,-0.13962818154523823
513.3060461891156,45.17848464418425,11.361736681338483,0.003581119779657735,0.0035330984678995318,-0.15525947258038955
573.8228488319317,43.767038534165714,13.110844782974985,0.0032383949946616143,0.003196079166547975,-0.13470321933701077
74.05880472427283,4.121094584744764,17.970663667468237,0.02558202322690011,0.025308985379424186,-0.10246971722880538
99.52195558030105,22.633906085385423,4.397029624708118,0.016372525826665256,0.016220774618921317,-0.3955206330648886
610.1416335958924,31.988737279228893,19.07363920838704,0.0031146323094394667,0.003071996898388464,-0.09755855859825942
741.001569916116,37.374647519442284,19.826315941324854,0.0025694515777848516,0.0025487144718137184,-0.094202377341679
79.41142912432886,32.61299321490476,2.4349629180322006,0.017853249838178833,0.017709027915806766,-0.7320924499778871
530.3832610544772,35.14968170219215,15.089276356701667,0.0035364871765932396,0.0034976935485939034,-0.1189256494633792
247.55223949052703,27.115767982641593,9.12945706162554,0.007281517852767665,0.0071916738257904915,-0.18796039977881177
96.81274089023988,6.961158786618608,13.907561062440122,0.01927266881390985,0.018943614606678663,-0.12898848216919093
102.53820402614416,47.23261615748539,2.1709194274620756,0.013353736045164601,0.0132354849871758,-0.8391768893416431
399.10197072816175,47.450337800133916,8.410940558721068,0.004478758617532196,0.004351915101930339,-0.20579264467921993
30.96373763124077,5.714654942082731,5.418303982489606,0.054528016624551215,0.05314827661557151,-0.31977038553775505
110.58861154999103,19.85987463686155,5.56844459353885,0.015331722570817939,0.014881001484797996,-0.31076489022478127
462.9029209657645,23.89469171124777,19.372625793195134,0.004108483583149759,0.004049128059234856,-0.09636579975439602
300.9829601721588,19.355529608581286,15.550231187614614,0.006243395857203817,0.006163532013278542,-0.11554131269698573
216.99702546870046,12.254299329013534,17.70782805630786,0.008724049912316768,0.008637690779105207,-0.103664098523445
386.47893252142535,25.12271521229703,15.383645010323255,0.0048590670397263835,0.004800049768222743,-0.11647880534144663
83.73933325816552,15.01946960259843,5.575385514524312,0.02025135929219109,0.019652285594436523,-0.31076489022478127
692.0530766975396,46.22274844947837,14.972131686499692,0.0027090146146959725,0.0026806009147810157,-0.12033918442793407
63.064131466739184,8.69304645344437,7.254549001259717,0.02787177614795033,0.027518543922983744,-0.2372210342329613
639.4142597455932,34.14058687238707,18.728859645431342,0.002969320182376089,0.0029313597208951983,-0.0993449122371446
489.3941728914114,44.93696686976368,10.890681035722185,0.003742997274862028,0.003705726193345441,-0.1605250445194975
155.49468765464934,38.24326252808825,4.065936778810236,0.010323222673273662,0.01020622729187133,-0.42605827893674014
18.89696058735945,3.6748996545441113,5.14217049817751,0.08860590038064727,0.08708645419824741,-0.3386509138713664
260.458594104249,30.997902221650218,8.402458729040507,0.006862087567825734,0.006668460680267923,-0.20579264467921993
401.5025007098204,26.901338207740604,14.925001039327178,0.0046684922456655805,0.004620439741203999,-0.12033918442793407
551.0603061662548,30.702260726667507,17.94852538945487,0.0034378286156869814,0.003401357682653992,-0.10253805771853677
363.33436588854954,39.21962112663169,9.264096782460527,0.004968277708114155,0.0048999355095574485,-0.18796039977881177
30.930124459950388,13.458445905613011,2.2981943589081557,0.04505664371546415,0.0449372185768048,-0.7845571358497296
659.3416476600015,41.73152022541291,15.79960768499604,0.0028527692851695132,0.0028272777687512545,-0.11449277768490264
329.63151535361726,26.57739584773919,12.402701801262346,0.005614682668254325,0.005537082365529867,-0.1440771296373109
150.33323774975418,21.613885200742022,6.955400954225162,0.011631482781923618,0.01154390803862748,-0.24551035500853874
468.99701111429073,35.77415577292564,13.109939311809951,0.003962191446737032,0.003910436972900064,-0.13470321933701077
710.4088525870308,36.9732147671295,19.21414886591386,0.0026760074764441257,0.0026384147651856977,-0.09746965201511303
154.41651640598303,13.421979351102376,11.504749960243418,0.011916217378965449,0.011743065944266511,-0.1537846802655089
28.242010305130535,11.313816267429194,2.4962408472581537,0.05056145132832137,0.04984503659184921,-0.7319851383219487
52.45435763922094,40.24693681624149,1.303313041653724,0.021574671764274914,0.024840636447232042,-1.006370536956614
63.46738215797665,36.532561225386196,1.7372825783119104,0.02000001132333384,0.02053022487906749,-1.000392622563557
471.01323211097406,26.26058184052075,17.93613085084766,0.004021929053748816,0.003979406687968887,-0.10253805771853677
565.3018067281965,34.572659875051066,16.351122788100536,0.003334030887036879,0.0033005453944051676,-0.11106247497193811
303.13717718287194,17.53618265888662,17.28638342103801,0.006236876056641975,0.0061800513620084655,-0.10531834055107443
317.63719228719157,21.20213127414253,14.981380323523048,0.00590250263452074,0.005840368053609845,-0.12033918442793407
22.97572368276357,19.061463257351274,1.2053494200610604,0.04757692285283389,0.046903432256185526,-1.0020547840458902
140.18524134548872,34.17869611836691,4.101538597610695,0.011470261735828175,0.01132083598565607,-0.42605827893674014
118.52273491726454,12.449851355324604,9.520012049507262,0.015270371128179926,0.015032894612104249,-0.18063068011005493
214.5193775272814,19.64124516382634,10.92188278991425,0.008541145718758589,0.008454065205012502,-0.1605250445194975
623.42112299028,47.475510054326904,13.131425492362068,0.002981085164973578,0.002941804800652447,-0.13470321933701077
275.8466210293034,29.357711072818397,9.396053402974701,0.006552986932475117,0.006459168419396121,-0.18344510331748873
202.89709405684386,20.441141011001694,9.925918222844896,0.008955027335075166,0.008780324435477316,-0.17514405718807308
521.5645746397341,28.33389841053758,18.407794334639124,0.0036370350128562003,0.0035937126429243086,-0.10052557411808749
70.23091706728553,8.608601599341615,8.15822596235105,0.02536798846346334,0.024730673699704515,-0.21101667776337904
306.4995230338453,17.20721420444313,17.81226870266444,0.006178431802387082,0.006115354397394203,-0.1030498638867562
256.18827292495024,12.905040391610992,19.851799386190773,0.00743236602704877,0.007371927697233632,-0.094202377341679
407.72859176951175,35.2543035787721,11.565356577204378,0.004514847008771188,0.004447378407213686,-0.1513427187950206
373.5192206044789,37.36426217560668,9.996697348096747,0.004867559986757721,0.00476950639903237,-0.17124146754364714
14.175040963264022,8.115275784106228,1.7467109363092563,0.08972505966008557,0.09192210672024333,-1.000392622563557
869.6742696515631,44.16293058841545,19.692403970122644,0.0021885736315776917,0.0021716192956226727,-0.0948925412368821
96.61946628669514,11.28617773325846,8.560866979967352,0.018534711674860732,0.017981188481178825,-0.2022876414058329
582.9219561693704,30.08753178942645,19.374203249673826,0.003262592242510982,0.0032154445138787165,-0.09636579975439602
518.4609040531909,28.25065280769767,18.352174287169817,0.003658236184878935,0.0036152257409016795,-0.10052557411808749
766.8333417341261,43.157457904642065,17.768269471025647,0.002469163848394254,0.00244427713816612,-0.10335061644426226
411.1650857403427,29.360633187713734,14.003958399384896,0.004540030046070081,0.00446045473228516,-0.12898848216919093
13.332305093893092,2.637648374498232,5.0546180540191745,0.12523518017497787,0.12343471598403263,-0.34197935707601324
719.5385732179718,45.044959729784416,15.973786579771364,0.002615803131790257,0.0025907464197562,-0.11346214160985876
12.555927112787533,4.891159371892965,2.5670656296623937,0.11463231994385482,0.11438585633546543,-0.6986694083805378
309.40499648491317,18.476751706916485,16.74563805331065,0.006099760084327369,0.006044112931466984,-0.10880193727536132
297.47182747727726,43.00055574113993,6.917860068321792,0.0058741915602505,0.005833940936355886,-0.24880816012122664
180.6737572632842,28.508192771021587,6.337608234743593,0.00956105438194835,0.009200518325979453,-0.27287827585148805
43.4251955142234,4.886377263338206,8.886991972567584,0.04139794846275226,0.04099728142102946,-0.1946067979971986
47.18398686939321,4.083784579063501,11.553985269275273,0.03901086283827937,0.03843090538446248,-0.15347801774918865
58.73654885123481,3.9046261953290986,15.04280971159244,0.0319278812779823,0.03158370974724779,-0.1189256494633792
850.3694627676886,49.49170393007626,17.182060734241894,0.002222565073387301,0.0021991367543096325,-0.10624381247035732
60.31922565496307,8.081660985602426,7.463716402163179,0.029239387063937413,0.028794432865521018,-0.23331583217330729
433.35402636519404,38.662466187292964,11.208649346523652,0.004237140082086444,0.004184940475956292,-0.15772462057534828
426.87728686940744,31.96893777882263,13.352876777538297,0.004358758757431818,0.004296277428791864,-0.13297970256312866
581.6724748884486,47.53140363180455,12.237645649901149,0.003178619948598462,0.003137842909168828,-0.1440771296373109
592.4289181753302,43.46394092711069,13.630354393515242,0.0031451839274040418,0.0030957017731166442,-0.13163321059959784
253.10460904427583,18.866332302475058,13.415676401028474,0.007353726799254221,0.007245949646535771,-0.13297970256312866
402.4361330015795,40.92085545607874,9.834499511710431,0.004511037498151459,0.004426795127831262,-0.1788226028080648
114.54632291589405,8.550092589573497,13.397085670812361,0.016247426797827157,0.01601084352386896,-0.13297970256312866
246.3399434960539,29.988393873942428,8.214509404256694,0.0072377665607347855,0.007050654753640754,-0.21101667776337904
364.9927188644556,48.707696444316724,7.493532757840848,0.004834416224859881,0.004758609703299451,-0.23331583217330729
281.4938895681723,24.43992395372461,11.517789093827071,0.006537361715516459,0.0064417857802210625,-0.15347801774918865
419.537334210159,25.042696726111952,16.752881640446834,0.004498627605446124,0.004457478721972766,-0.10880193727536132
494.76478587353,31.660844371774353,15.627024347923358,0.003799207115101972,0.0037677337507957772,-0.11510358059965736
450.36749750990055,47.797691557464354,9.422369215644027,0.0040147325503499766,0.003956190873011296,-0.18344510331748873
39.97113080900212,9.490357792174459,4.211762262742237,0.04043549954847951,0.039941650515445404,-0.41329706145980005
33.36241697757439,2.9319519286868854,11.378909951131499,0.055104966976157355,0.054352277182383196,-0.15431342543842827
152.78057026334176,8.608433574772743,17.747778261433012,0.012392418023759245,0.012268269471396162,-0.10335061644426226
18.82011426507043,6.32453315846691,2.9757317723720327,0.07953979096671862,0.07887449182888064,-0.6020077306178833
222.74857487025247,48.67139962395229,4.576580426929676,0.007368654439405317,0.007310188002924455,-0.37960779006065687
144.62456067315162,12.491802900756209,11.577557044579734,0.012729418849228881,0.012538142391577885,-0.1513427187950206
343.1149077701542,21.37396104019736,16.052939701951754,0.005487136017425615,0.005432996177740246,-0.1130921114958023
237.65243772369757,30.428144289056206,7.810283646156224,0.0074604433673784365,0.007308395025349475,-0.22317195245009092
195.28646682045647,38.21701176074125,5.109935545014698,0.00856518289214491,0.008426950005655895,-0.3386509138713664
160.71456424280058,44.873788368049745,3.5814797477012164,0.009728177567460337,0.009573308977184647,-0.4901323988167069
733.9154220911889,37.63149766743732,19.50268970363751,0.002592194912301235,0.002553909005813702,-0.09583585117256349
107.9079207666387,6.2121854508223215,17.370363718352078,0.017525395535374893,0.017361128927466083,-0.10516557549988748
211.78773917355343,23.10705981163853,9.165499241356553,0.008514449909663952,0.00840612855213932,-0.18796039977881177
466.7236503399951,24.028012661470527,19.424147011891552,0.004075380993653458,0.004015980772816715,-0.09599366970130424
386.7685061228598,24.280897476902226,15.928921346123321,0.004865595187549271,0.004817331483006649,-0.11350322317138538
608.4531286689236,31.927135738234306,19.057554478345242,0.0031231443427625484,0.00308052192957683,-0.09807797984233034
646.6336272641042,36.296711244549726,17.81521259343302,0.0029285563800950636,0.0028986324356724347,-0.1030498638867562
61.12462134568292,4.458110729964866,13.710880022525739,0.030495832312887758,0.030004001858254043,-0.1307087181154518
160.4107344443879,27.846422139757173,5.7605509835091055,0.010623766109555906,0.010259097050937667,-0.29973366683317254
463.59875003124307,49.612116281865966,9.344466327486536,0.003897033619665807,0.0038402065603927163,-0.18556106459031488
129.65381798446992,13.273747960291125,9.767687195231806,0.013993101937893241,0.01374045392977194,-0.17952538509796961
452.38908851805087,28.868572169021277,15.670643004765832,0.004155778002878294,0.004120660797871042,-0.11508397781127808
204.4837028445942,12.863552555761286,15.896363151484984,0.00920186452925749,0.009111689955052857,-0.11351724158657407
19.382611885929975,3.854490911171691,5.02857895701667,0.08606924957312051,0.084904413417666,-0.3433194594556337
199.35822353559834,10.34406049986624,19.27272404663297,0.009537330550304176,0.009401935735294905,-0.09656825685257014
363.1056703556579,25.758867356273768,14.09633681999689,0.005143179194914367,0.005050825151379705,-0.1272999322756782
491.7395921957326,25.599535675546836,19.208926225386644,0.0038659360799356076,0.0038116784487798212,-0.09746965201511303
407.04927412492134,44.30957280655028,9.186486087375396,0.004431064137984325,0.004373708723807902,-0.18796039977881177
566.0147697591877,33.82022259645335,16.735985936962592,0.0033342502946447036,0.003303939826712631,-0.10880193727536132
31.49580519666606,14.35236016360867,2.194468703239882,0.043622247134296584,0.04308963849394327,-0.8381026239288124
326.16774019824777,34.61228599071794,9.423467155151698,0.005543544139975366,0.005462648703598486,-0.18344510331748873
385.4442469817392,48.75543400904247,7.905667436172395,0.004606175655026475,0.0045061196456366685,-0.21933465485851883
498.8431753836831,27.33977223547986,18.24606185768861,0.003800959360331734,0.0037573997169403008,-0.1009016411972466
289.3586081489506,43.912297687647616,6.589466354213258,0.00600112390542904,0.005745568433836135,-0.2612239303332942
43.51944182271133,2.238929100642437,19.437614978618072,0.043707849725464265,0.043069330108137786,-0.09599366970130424
161.35219105658643,46.681365527771234,3.456458251217958,0.009613833618178804,0.009535477458067754,-0.5114986826329992
20.41137565676192,15.549832835278865,1.312642770696118,0.05561548356870865,0.06383693338950998,-1.006370536956614
38.38349223876497,2.3460653149372255,16.36079438811021,0.049104388069106476,0.048609549726205514,-0.11106247497193811
148.75764328643248,12.386164105713522,12.009984852195942,0.01241127432922674,0.012269600475405418,-0.1467919710521373
254.74475271418345,19.396760857180396,13.13336564748545,0.007295502143929635,0.007199297465014415,-0.13470321933701077
379.21437533186594,25.100414855452033,15.10789273865317,0.00494664070803199,0.004892003655844934,-0.1189256494633792
147.70702774701397,49.06728200183517,3.010295694419951,0.010163928424155975,0.010048198119902534,-0.5861591085199922
39.66013936394873,24.074018963626703,1.647424944869862,0.031380346936105585,0.03285413639704478,-1.003900024869933
30.40438596227176,2.616765977599022,11.619069577696393,0.06056723895162291,0.05964018932299733,-0.15090519890616375
250.77639216716233,22.862098438345683,10.969088985573832,0.007308913287653335,0.007231784418309395,-0.1601612996055388
554.084461988727,31.127288222830355,17.80060177495105,0.0034175663753794913,0.0033827933006040263,-0.1030498638867562
347.0436905952689,24.011411397918923,14.453281601986433,0.005390035035919592,0.005284588949867359,-0.12367370116581694
157.63401309801304,20.20043079708459,7.803497592772301,0.01124641523989456,0.01101829395501154,-0.22317195245009092
484.6246659062053,39.342897676735234,12.317970828894486,0.0038170301732492903,0.0037662070860022055,-0.1440771296373109
237.38968884905523,19.521323608541973,12.160532431580627,0.007784796692318112,0.0076886104853019005,-0.14563953835432356
183.5727026141583,14.362072390773303,12.781769762704426,0.01010433866383595,0.00999179451321342,-0.13649634443750008
527.5715505283594,44.18771657292075,11.93932593592463,0.0034979756605251922,0.003459619551053273,-0.147704426351155
809.7163170529705,48.929371742966296,16.548675942673817,0.0023292494518950694,0.002309548049026932,-0.11013814527328804
94.69897518320863,6.284717444607885,15.068135682767688,0.019805177924827527,0.019589632378633995,-0.1189256494633792
527.7428750306219,46.147092839497176,11.43610231019641,0.0034849886075245585,0.0034359977573058726,-0.1537846802655089
223.90211683466603,46.41106967157149,4.82432571408313,0.00739882514001532,0.007283131959126562,-0.3622301153929501
280.23450388755276,15.859484863381594,17.66983646074117,0.0067546119677638645,0.006688516867060585,-0.103664098523445
224.80999659020682,42.630077861779846,5.2735065912643115,0.007478310810742235,0.0073202674153185505,-0.32832583858702225
706.1031849616154,49.85919604495237,14.161944856170614,0.0026456342937819072,0.002597330378194856,-0.12722307658369517
178.38683257554763,31.144544749348114,5.7277071798996655,0.009545109785150862,0.00922528456230208,-0.3028051876062297
395.1216370507063,24.128519277329865,16.375710109237655,0.004770421596301396,0.004722100992931018,-0.11106247497193811
664.9231693155583,46.3768311092758,14.33739980527836,0.002811753126395995,0.0027581882194431034,-0.12454269401183515
727.2053271700679,37.93926869998085,19.167615826249044,0.002613885023556616,0.002577474526043875,-0.09746965201511303
687.0854010193767,42.87031490855476,16.02706680566671,0.002739892237788107,0.002713115399738167,-0.1130921114958023
404.7930235074269,29.296924325823085,13.816911939477265,0.004607340045497377,0.004530669122086033,-0.12956521288816658
189.9871383103784,12.132980642608684,15.65873579680662,0.009895105991230876,0.009811937792312715,-0.11508397781127808
48.52037301562885,35.53883475752434,1.3652775434725257,0.023792753381608238,0.026854691075216347,-1.006376316892097
82.08232025115316,30.382367282790103,2.7016433409271623,0.017783359771451592,0.017789518768780162,-0.6662888138216578
270.4492853679332,18.33132607137411,14.753394507027087,0.006925672710615261,0.006859393649159184,-0.12140666851256769
173.97915604736798,15.476555980521743,11.241464591110072,0.010556556878610134,0.010424011971069489,-0.1554470615674649
16.193032378488816,1.5435153467792566,10.491008341625927,0.11276151543012702,0.11086716491021448,-0.16682248512960882
647.7398953279305,47.355251952375916,13.678311668140791,0.0028773039314479243,0.002831357564462594,-0.1307087181154518
74.28481926922615,4.468015407439223,16.625909379260936,0.02539591124829192,0.02517444019803485,-0.10991373381799678
264.93053101688616,40.19823725109711,6.590600711220379,0.0065546097516556495,0.006275341987418594,-0.2612239303332942
149.2256204872494,14.927162545180131,9.996918036873204,0.01218377150270359,0.011938313990705548,-0.17124146754364714
8.943235598110373,3.4678506051101214,2.578898752135368,0.16114624999389893,0.16059293743590414,-0.6986694083805378
437.560748724454,26.041377076232884,16.80251959961831,0.004314044066441243,0.0042738722469199564,-0.10858988043330513
141.13295632923237,10.51985212373036,13.415868842002919,0.01318801821345978,0.012994720015377999,-0.13297970256312866
296.1029701337757,29.38705223081513,10.075967055425977,0.0061445815926109764,0.0060164959237990236,-0.17124146754364714
468.05657036063457,35.477507773029224,13.193051027007636,0.003971925807708882,0.003918294002427682,-0.1343395705167048
27.85503861480407,20.090479755641766,1.386479514357136,0.04171401348812661,0.04677787908348019,-1.0064011688390784
485.9916483231069,29.74265436194768,16.339888242956473,0.0038779658238504793,0.0038391694200580317,-0.1114114205379759
660.4352815277504,44.747203838916484,14.759252531291622,0.0028361453120323596,0.002808932475837895,-0.12140666851256769
772.1972747200028,48.096030352203464,16.055322426097593,0.0024381522897153843,0.0024140748011793733,-0.1130921114958023
737.6738312875946,44.38170733251357,16.62112333265698,0.0025573631298985294,0.0025351024544964223,-0.10991373381799678
233.47367308610043,31.837228198423507,7.333354261589312,0.007538325754112779,0.007439202333453368,-0.2358049475882666
215.16348173799668,13.51493306526265,15.920425258415083,0.00874590634940633,0.008659425317582008,-0.11351724158657407
200.39919565399734,10.646430211383068,18.82313523642247,0.009476623795442883,0.009353097450652688,-0.09832266537265712
228.43483316120216,46.65557263199246,4.8961961085128936,0.007270337161462275,0.007153170226411958,-0.3554540612432883
217.72795331196582,44.372387288586935,4.9068343313583185,0.00763066539866901,0.007504930912122306,-0.3554540612432883
89.66607648941866,26.49053828206374,3.384834069231803,0.017218132638719255,0.01715888818678807,-0.5145785654666981
370.2889211567771,30.052629582706675,12.321348457635608,0.00499573425817464,0.004929115473089267,-0.1440771296373109
341.71730003146183,30.759809336557296,11.109213854109916,0.005369457477248453,0.005307196343841405,-0.15752546669499704
138.53303743766003,27.839909407577995,4.976059203696671,0.012021185162155133,0.011879255108498707,-0.34858878513836555
156.70268548018714,39.363861571713194,3.98087685565873,0.010200618259832895,0.010015407947640036,-0.4425362726858197
381.778206075595,23.521740605882634,16.230865413936023,0.004934616982744846,0.004882165829436888,-0.11218122210291649
298.3564611069603,22.116512529643753,13.490212831117011,0.006240775867321258,0.006146953364564359,-0.13245412726977307
590.8048865522646,42.17145328544441,14.009592758241096,0.0031596757637304216,0.003104211380416036,-0.12820841775481742
197.83714343277228,20.774282530698976,9.52317574098747,0.009148652643316955,0.00900609335655448,-0.18063068011005493
204.48446584762897,15.515431767279653,13.179424776232416,0.00909091332169996,0.008968814549499972,-0.1343395705167048
41.11602889061642,2.331342061563397,17.636206015621763,0.046032704768288336,0.0455869220972364,-0.10398188862679351
698.4031902077378,47.72678519312338,14.63335917937263,0.002680498124908455,0.002625966315954875,-0.12277063113777566
9.713635328714645,8.317447115689218,1.1678625897592778,0.11091957491552155,0.08624940640961488,-1.0063024635678528
295.0297942578724,19.977028949622166,14.768452055702328,0.00634906882217787,0.00628790090553012,-0.12107111210965613
76.97146889008873,27.132169963433505,2.836907958111147,0.019211624320011292,0.019242225538457454,-0.6349492184263246
289.4332504272759,44.02255540287769,6.574658099206028,0.0059977963047334205,0.005744086702495516,-0.2612239303332942
16.99792096971462,10.96883365201445,1.5496561903455357,0.07151348188416823,0.07665641171708851,-1.0069103027035384
152.47953373303454,47.42963800547152,3.214857632171774,0.010004543476455035,0.009987551132657913,-0.550965121717702
158.5432701742876,15.52851810469328,10.209813267781817,0.011489512572793504,0.011236694631542726,-0.1709893682040057
152.00387424749206,8.279882379734905,18.358216611811184,0.0124778707592399,0.012330956794775099,-0.10052557411808749
87.845928365796,11.755262367637329,7.472902400514606,0.020080081224658052,0.019771637979504993,-0.23331583217330729
109.80592575649939,42.42066252155993,2.588500962253748,0.013138309296840909,0.013079626304201349,-0.6986694083805378
390.1433596101641,36.86871484397981,10.5819625463259,0.004683708306273612,0.004601579257676519,-0.16682248512960882
188.04299896168996,10.69848668270665,17.576597937505333,0.010063324189789705,0.009967684074035185,-0.10415929565028174
79.18944911788151,19.446834874779775,4.072099631008888,0.02027651406807665,0.02004072692208603,-0.42605827893674014
309.17403057002986,28.57008199653182,10.821601093324167,0.005921642822436603,0.005810523410924888,-0.16212800125053764
754.4713623876703,37.73231982948976,19.995361159798392,0.002524603261629068,0.002504470547645284,-0.0940391885972242
359.6057842247081,21.513645836683427,16.71524143116346,0.005247698863523793,0.005200357787199547,-0.1088860253336537
118.67735985759897,16.590563649349228,7.1533048765497576,0.0147854712939189,0.014623118291598586,-0.24201219289130485
119.29501404765503,6.3885628991653265,18.67321585942921,0.015912978040450318,0.01571191571540031,-0.0993449122371446
386.40893360080844,46.72779469324684,8.269359513699728,0.0046174795840499714,0.004494869923003284,-0.2072744654045315
448.91947206986066,45.489041924777965,9.868738779159326,0.004045237780880302,0.0039684228991461725,-0.1764936057294186
16.38698001494918,1.0364939825448718,15.810009793510554,0.11478767094826507,0.11375750630929941,-0.11406352644278
372.16507609518607,27.643869299189618,13.46284313774035,0.005002389323798594,0.004927875747190958,-0.13245412726977307
476.48545954521,30.925809797380857,15.407372116269178,0.003941575839636412,0.0038933362462793544,-0.11647880534144663
339.40529132339157,22.645265659261455,14.987913872610351,0.005524090383034064,0.005465790186237405,-0.12033918442793407
70.52643182507691,5.445119339879737,12.952228853561653,0.026325643867102438,0.026007564473206714,-0.13642237085943215
519.1988741718674,40.513160877912924,12.815560744235231,0.0035732660274530666,0.0035327902543731905,-0.13650847462556942
286.4218281322092,18.501294543685635,15.481177679535026,0.006559030297370448,0.006476874065673998,-0.11611035730189036
34.01334185579088,8.17889556371493,4.158671741290911,0.047402084419334065,0.046937844103916056,-0.41691706595562816
379.0569147354347,22.27235783664449,17.01916418170043,0.00498343912763253,0.004933503829155034,-0.10721876293292538
259.55927679662403,44.87886367369852,5.783552780743422,0.006569479096509478,0.006340244559883786,-0.29973366683317254
165.11714090567176,21.650924109920986,7.626332255721641,0.010708468815763688,0.01051894360631087,-0.22622522963494318
53.930815704280725,47.666054253066775,1.1314302505081146,0.01968564583573925,0.015534630252488522,-1.00897466511782
18.84483112951843,2.5264737864363056,7.458945836164734,0.09358342917595552,0.09216627528709681,-0.23331583217330729
81.83384599419765,10.490762682639946,7.8005621201989275,0.02166269674643918,0.021224199749150217,-0.22317195245009092
606.3163381179122,34.90526483509711,17.370340577054254,0.0031190465055909323,0.0030898117153492946,-0.10516557549988748
200.52416346292634,41.25579595725103,4.860508900875603,0.008271984182627392,0.008132230224394564,-0.3589647863203569
350.2373722809126,40.39360963757661,8.670613382248968,0.00511992159499865,0.0050404510515839425,-0.20078050677274345
716.886198169136,35.84547045694193,19.99935247133301,0.0026569893142007646,0.002635775819045588,-0.0940391885972242
218.557130762192,44.10968646161655,4.954855685777238,0.007614208833603351,0.007529698468030256,-0.34858878513836555
442.96646048359634,47.55805122417115,9.31422648913042,0.00407726821446083,0.004019073948208704,-0.18796039977881177
587.5228044909088,34.216111244355574,17.17094032969129,0.0032167843276060867,0.0031829891980710303,-0.10656027883392642
37.415479764910394,3.0770745845663257,12.15943219334855,0.04939179639641197,0.048781864144346425,-0.14563953835432356
212.86242743918893,40.882832792917874,5.206645745841346,0.007881920624529313,0.007731140307263969,-0.3346807320267716
568.7245762477338,31.99836581370973,17.773550673142914,0.0033293218220312865,0.003295713398479534,-0.10335061644426226
158.51854856523929,19.646108889276626,8.068699479303149,0.011225570932947713,0.010956811738073873,-0.2128335309748802
422.9546602619767,37.566236168100374,11.258904362133876,0.004342908249123651,0.004287837387182392,-0.1554470615674649
350.3510338373949,29.738068578890637,11.781230274184287,0.005261924078553394,0.005175732793415906,-0.14958899205843956
325.597595029883,23.729533722067135,13.72119649898959,0.005725292527796083,0.005632668301105308,-0.1306001227802952
274.22918768868055,17.871045479939166,15.344887796100782,0.006846964750094763,0.006764845588130717,-0.11647880534144663
45.1350482741089,14.971167133401138,3.014798236632547,0.03327442904931439,0.03288330322569572,-0.5861591085199922
161.6572699067527,19.85848521983364,8.140463288977232,0.011018327299496566,0.010744075380116855,-0.2118144058644053
307.1662256426337,34.302943484004395,8.95451510701601,0.005857044151644258,0.005795933317652943,-0.19282298516066276
31.985115820034245,8.432727551150297,3.792973937082931,0.04948309541488,0.049067864265533334,-0.4606875429766859
669.8543091154887,45.94733460482073,14.57874139766115,0.0027940701415621154,0.0027378837867933314,-0.12277063113777566
93.45861207044715,11.686394462520022,7.997215254900269,0.01902135028516946,0.01858424660011899,-0.21933465485851883
288.61462505712217,21.546527586003503,13.394948392733339,0.006448260792676441,0.006354436307855036,-0.13297970256312866
14.968076814477687,2.788200058787302,5.368365432496223,0.11263622516561064,0.10994527306844204,-0.3230354954894175
241.3902899890683,35.11849423195092,6.873594533829717,0.007233043267086078,0.007189324275681822,-0.2517689206604019
467.3861192413462,37.09281995103563,12.60044719863087,0.0039644866110799225,0.003924422757212353,-0.13962818154523823
32.38408619249288,4.802168948439563,6.74363741471776,0.053783313012299466,0.05358907030498773,-0.2556930725164505
319.4013377850112,23.428636912423958,13.632945825185248,0.005833795606014619,0.005741939796368035,-0.13163321059959784
57.68066804080045,28.460445192647427,2.026695916046383,0.023217717126314277,0.023190963967806795,-0.9179797644601364
35.60620637184732,2.8834934821314095,12.348287448018805,0.05196195365481026,0.05126063787100122,-0.1440771296373109
236.87318161187005,25.23360443759965,9.38721149400734,0.007630477753531046,0.00752191434684694,-0.18344510331748873
64.05480384804453,8.546202585374015,7.495118821272506,0.027547827478592524,0.02711518557987232,-0.23331583217330729
33.77042020656113,3.2568914021277044,10.368911958347505,0.05401418339890168,0.05275333566884443,-0.16696830820621486
91.14751013065207,19.827955371303375,4.596919269980209,0.01802200144828191,0.017864821072467736,-0.37860353983272665
423.7094441200373,35.28766342606576,12.007296686214081,0.0043573259332557205,0.00430766147914872,-0.1467919710521373
106.00047170219577,22.376841292054795,4.7370614251901895,0.015579076655776172,0.01536157276978711,-0.36667374883688886
346.07852717952943,19.46493046432496,17.779592267941418,0.005471305690686391,0.005415976602939958,-0.10335061644426226
14.08680187719899,1.8007093112032648,7.822918329769699,0.12588504116742857,0.12329682129151963,-0.22317195245009092
108.40481077113166,18.846054187338236,5.752122417432275,0.015716985504599344,0.015180777319482294,-0.29973366683317254
611.821707101545,42.70211495765093,14.32766755717623,0.003055656543879189,0.002997577940033036,-0.12457965487104852
215.71017918833968,23.816183810720236,9.057294019172096,0.008349811582150769,0.00825327283097486,-0.19249598843847712
372.65961727421325,35.90219481426029,10.379856139775429,0.004895220113148761,0.004780508083664367,-0.16696830820621486
164.68673290274495,20.800924347763534,7.917279547264528,0.010782388594724232,0.010546434816019704,-0.21933465485851883
510.21531245687424,45.56675949596321,11.197094507062205,0.0035985327719777836,0.003554500935343098,-0.15772462057534828
624.8820494376841,34.120315681580635,18.314075850564823,0.0030348904736298547,0.0029995312038022786,-0.1006659802439623
68.36403793199577,39.08334314112455,1.7491860326569983,0.01861376219713495,0.019059723029893554,-1.000392622563557
653.0435953713575,42.63758538977645,15.31614863744003,0.00287488012513409,0.002840726290895658,-0.11647880534144663
701.148387124794,35.80328802880894,19.58335185753382,0.0027138821545973683,0.002673261809344567,-0.09516221184911976
872.7442317029938,47.592713222983264,18.337770061857537,0.002173117151306862,0.002147654648288891,-0.1006659802439623
107.57255960485973,6.289033640348566,17.104783621239715,0.01756518544135309,0.017384347338988828,-0.10656027883392642
282.6142127633376,43.24296272626655,6.535496065621626,0.006137658306879316,0.005882682504830639,-0.2615867060009614
200.79994099871527,10.71499695167753,18.740083819368536,0.009455596939772952,0.00933443105940078,-0.09925419767386341
214.36656978816194,18.718025976570985,11.45241330771101,0.0085805756207876,0.00845898377172945,-0.1537846802655089
255.39898370969473,18.453485680533934,13.840148583912685,0.007303202357288518,0.007180855717599821,-0.1296077570992934
34.382918822556654,7.4086850768817225,4.6408935547613055,0.04785650258392876,0.04735880534426249,-0.37355372042358304
113.35827895467033,14.129593141351135,8.02275605678413,0.015687766742970167,0.015321844241447785,-0.2128335309748802
406.2865617524788,27.100859893382815,14.991648359160786,0.004614808598746738,0.0045660336449981605,-0.12033918442793407
56.6258624650388,4.408689432526124,12.844148659524173,0.03276832446245572,0.03239192557797007,-0.13650847462556942
151.83177205605728,10.62363020779543,14.291891668503846,0.012311071051682792,0.012079047933154771,-0.12487853954468492
142.76379226293892,12.218001739282325,11.684708785392983,0.012904741572234835,0.012701563234602475,-0.15090519890616375
29.83389955038927,7.081498505795858,4.212935938060523,0.0541779340143104,0.053513384490144,-0.41329706145980005
649.8468211547378,36.33315769511869,17.885778786632788,0.0029146871981783973,0.002884300030357372,-0.10253805771853677
780.8936760567532,47.14310115095501,16.56432557451588,0.0024153516547228333,0.0023947930398901685,-0.11006211593169478
153.8769296102149,17.222926186957466,8.934424263325383,0.011689080570417714,0.011569732810302052,-0.19282298516066276
197.29382786638575,14.971927123629687,13.17758403692759,0.009422151020517069,0.009295695016282933,-0.1343395705167048
777.478596336302,43.227635350626706,17.985684158525924,0.002436925568225649,0.002410810040066353,-0.10233045364330785
73.28486146021528,40.86891264525577,1.7931688590868955,0.01752022669134113,0.017779928927017834,-0.997824328210271
212.68180710736488,17.617783269597332,12.071995883522177,0.008684340240146898,0.008581819364859994,-0.1467919710521373
38.091672651707185,13.580090435870735,2.8049645789612008,0.038705859457712356,0.038489822906246675,-0.6395235352944749
36.40400164984211,6.3133983553239785,5.766149956171109,0.04681932888607751,0.04520572514270016,-0.29973366683317254
54.516244819290975,7.143061057843314,7.632056394006371,0.0324363041644567,0.031859455826044845,-0.22622522963494318
128.8959532482097,11.19991180546527,11.508657879369352,0.014275938831126381,0.014068116875225144,-0.15347801774918865
223.92421179035142,40.24716629681472,5.563726155003202,0.007570842891768838,0.007349224451967346,-0.31076489022478127
209.26362173259818,21.522870690497363,9.722848998251468,0.008666018444153335,0.008513196407883497,-0.17952538509796961
43.65676676375939,14.903996964884026,2.929198581200805,0.03415256005313595,0.03400221910274763,-0.6067618118297364
214.27400177526272,14.442089688715702,14.836772682743085,0.008744465626350516,0.008657691064257749,-0.12107111210965613
12.381779500190262,6.8852490749176285,1.7983052414612017,0.10380427849595383,0.10523524733815151,-0.997824328210271
181.84831603168143,19.067079644610168,9.537292517844275,0.009954438749046068,0.009797944913821436,-0.18063068011005493
930.263835513134,48.86601832125247,19.03702956515592,0.0020426299863779735,0.00201486195037385,-0.09807797984233034
154.97499084725837,12.548786540572006,12.349798950376776,0.011938603768286857,0.011777363823730085,-0.1440771296373109
71.05104186121167,18.69076395808061,3.8013984886098817,0.022286157290252,0.022088927628119637,-0.4606875429766859
307.3295187743722,18.12248057791365,16.958468651853483,0.006145299472673075,0.006084930428332496,-0.10721876293292538
395.3420504556789,35.86597032757462,11.022761878318134,0.0046381326496830145,0.004587320785289562,-0.15752546669499704
19.269482052117954,10.842029656481543,1.7772947190379933,0.06641978055950022,0.0676198573819871,-1.005091017031271
193.06412989540615,14.680979859750508,13.150629708628122,0.009627182090385432,0.009499347462599698,-0.13470321933701077
169.01228746509884,38.227627566249204,4.421207860001182,0.009650650550100212,0.009551513888809541,-0.3955206330648886
290.91325099984675,17.443904319524172,16.6770721548983,0.0064859853760441035,0.0064283037430836925,-0.10914581731440122
217.59891314969852,17.326665991422438,12.558614176404209,0.008513334338950762,0.008429365276719199,-0.14093022118470583
168.75897554813005,10.696384529456743,15.777197901158582,0.011144832894015026,0.0110461797743569,-0.11449277768490264
360.5249861461567,47.05213124536116,7.662245611492905,0.004907046825395753,0.004817579808235331,-0.22622522963494318
397.5852312148389,34.4038962780722,11.55640128668349,0.004629746150342221,0.004560841783530747,-0.15347801774918865
674.2660021840403,35.4286538187861,19.03165741585444,0.00281811337183302,0.002779842376618373,-0.09814922923627628
148.07875095144493,16.744032284336726,8.84367328232912,0.012134244797571265,0.011969836519267628,-0.19542365953173144
214.65544513073036,14.85859578064393,14.446549882618033,0.008714063819617425,0.008543846867355286,-0.12367370116581694
9.811371141724711,1.3420915191523128,7.310508263938464,0.1793165101108372,0.17702499156674753,-0.2360195071401
168.97007884283695,19.095091205478386,8.848875191251215,0.010634611392881441,0.010489895329425545,-0.19542365953173144
152.73478719120817,40.938692999538624,3.7308173759462586,0.010326659065713194,0.010186975359282193,-0.4762965897576839
274.1601180850232,20.90834139359032,13.112475682507748,0.006778088052969143,0.00668946039727115,-0.13470321933701077
249.99839381105235,15.948826390602168,15.675033866966142,0.007520289170473373,0.007456615836699555,-0.11508397781127808
421.2513055490845,41.87942723324521,10.058669217297268,0.004318435073364036,0.004229072502250237,-0.17124146754364714
277.7988970275897,33.01545782080484,8.414207021916063,0.006434709236565142,0.00625221306566077,-0.20579264467921993
242.18833836344066,33.05772778971184,7.326224594263071,0.007266225555743853,0.007171517445301706,-0.2358049475882666
25.39767923577184,12.44788544326721,2.040320771871249,0.05284635113682713,0.05266899710620651,-0.9105188740307262
60.77811428296809,3.6206796606600884,16.78638266272018,0.031056482233979575,0.030768949684887057,-0.10880193727536132
250.00856741215847,24.215557453024434,10.324295358351675,0.007293304339956458,0.007125765053873939,-0.16696830820621486
155.44949764356673,18.44373328789346,8.428309779647725,0.011501310253924132,0.011173132882066453,-0.20579264467921993
284.80882176562204,47.814794295544274,5.956499990467648,0.006012802168659663,0.005778154210516124,-0.29045381082250366
80.69084172553613,23.60063223024273,3.4190118696115217,0.01917702305030256,0.01906746971190675,-0.5143724538765504
70.55924034397793,6.623172623414415,10.653389901772309,0.025912638943342576,0.025460349826888256,-0.16212800125053764
356.0603516024881,45.6700935915619,7.796356950498444,0.004978462608264428,0.004877987357494679,-0.22317195245009092
114.36493098136683,21.831815581224557,5.238452594832337,0.014684638587022842,0.01438963219367736,-0.3311463425781078
667.4338506758564,46.171540692303694,14.45552478146155,0.002802669408320332,0.002747812761644945,-0.12367370116581694
35.562041864301534,16.739343364749757,2.1244585937097877,0.03823990495167767,0.03816268101754723,-0.8675043306789361
211.6119377524492,13.982378941558173,15.134187010444984,0.008865471565548209,0.008766604238758122,-0.1189256494633792
403.7736366323313,36.52591687920461,11.054442191489867,0.004542362089739434,0.004491528521971644,-0.15752546669499704
298.0419550201087,32.116000867766004,9.280170225653643,0.0060577065139064,0.005973370296607154,-0.18796039977881177
24.109479270907173,2.141724627316769,11.257039753571124,0.07618698204295737,0.07522189861407536,-0.1554470615674649
2.523043133227411,1.2167724157795794,2.073553854860287,0.5347857330907797,0.5300871817230721,-0.8957062176745823
112.8150428903221,34.388173640108015,3.280634908704263,0.013586659633803289,0.013505375805854569,-0.536427828735979
48.81449275708284,28.32728567882615,1.7232322683697965,0.025926288459393532,0.0266928847273521,-1.000392622563557
433.50732666800684,29.153218541698628,14.869964564905576,0.004322823765085654,0.004279323546227276,-0.12033918442793407
95.03494127592958,10.629313758548856,8.94083507502972,0.018927876786216838,0.018733267336808048,-0.19282298516066276
148.43877450376343,8.56175730305739,17.3374190892746,0.01273881035295392,0.012620714035044207,-0.10531834055107443
731.5255341648291,42.70189002653175,17.130987263334575,0.0025832203013073235,0.0025564093841918987,-0.10656027883392642
121.41932228717464,8.995184468515165,13.498258174934053,0.01533571724307229,0.015104541994587184,-0.13159897144042307
255.283568006984,49.82591048677845,5.123510348591116,0.006555024150260501,0.006446436429594808,-0.3386509138713664
241.092630107208,12.155853390775155,19.833459844963958,0.007897381940357908,0.00783350956867522,-0.094202377341679
198.86330822477603,32.33564003754912,6.14997284710771,0.008650558382864012,0.008275379240986269,-0.28013994684396
485.909645272905,34.459743749250734,14.100791021798305,0.0038434236182844457,0.003774329796254428,-0.1272999322756782
76.97117927108489,19.438609433959275,3.959706044436293,0.02074478148809966,0.02038998669940324,-0.4449925416771312
66.80583347226228,10.971692781155658,6.088926732163344,0.02571436887158789,0.02463361666403647,-0.28410247130353905
136.99909627272703,9.199198346378006,14.892503793731937,0.013680050134720532,0.013541097430156895,-0.12033918442793407
185.54954184058832,29.371106022638227,6.317417590524959,0.00930576014861439,0.008958751383781584,-0.2736349687365166
804.9665457117063,43.79193214036576,18.381617489074394,0.002356382943073913,0.0023284858432558258,-0.10052557411808749
102.41182344183439,14.576257753583839,7.025933896967112,0.017095758641080514,0.0169456319925593,-0.24551035500853874
115.52285296628526,7.864682863047246,14.688812629569252,0.01620909264908544,0.01605845131797297,-0.12169449300465796
110.4840264215919,15.797291438664734,6.993858842863164,0.015837655433824403,0.015707547307428033,-0.24551035500853874
160.39324463149575,21.18633979849268,7.570597194089517,0.011014454109906499,0.010828747168326736,-0.22854069888323758
8.600573838231245,5.615744027981824,1.5315110153484157,0.14068340471995638,0.15150147568024894,-1.0065622288257217
93.64482905875113,24.258498655192685,3.860289558303142,0.0169630496337846,0.01675950863864745,-0.4535117153793148
21.25741285166453,2.8794733473022704,7.382396114754886,0.0828607295702298,0.08170598678879425,-0.23459914221055408
614.0148596537925,42.248635116064435,14.533365586059423,0.0030475563793189104,0.0029868711214497677,-0.12277063113777566
374.8856080868531,27.440201179185802,13.66191179280474,0.004971095450348042,0.004892114322020198,-0.1307087181154518
893.1282405676037,48.51818154245501,18.408114487681015,0.0021239394671286097,0.0020986383823145675,-0.10052557411808749
324.02259675904736,28.33541374836225,11.435252000785605,0.00567604521639772,0.005596286657710513,-0.15431342543842827
361.2899396840277,26.20429438400559,13.787432486812143,0.005161367122817253,0.0050762090249312965,-0.12956521288816658
14.944116644229467,1.2721528474387325,11.747107805730225,0.12333292814525469,0.12134028248097008,-0.15090519890616375
584.5858206031527,35.48518748015235,16.47408009130921,0.003225437044996151,0.0031989806704266054,-0.11089714911713303
113.99401623195352,41.70854595087967,2.73310933366521,0.012845003781321897,0.012807404762432707,-0.655170824603331
135.52134610433725,10.37550911091117,13.061657472000029,0.013708314665516998,0.013532799851537556,-0.13487604758876864
182.97099931644752,19.344880282384004,9.458368139040182,0.009885531496419183,0.00973782615718295,-0.18063068011005493
62.162011103605565,41.611928533682665,1.493850760925168,0.019272661392546346,0.0209613493041154,-1.0067736043346858
617.4870484328878,41.278326854558216,14.959110397293173,0.003035982270815795,0.0030043028678585575,-0.12033918442793407
544.3321362605557,40.46231941144883,13.452815957617512,0.003420005064346483,0.0033692356748216525,-0.13245412726977307
36.71934098661707,23.056762068270807,1.5925627752019786,0.03345818642884015,0.035485376185369844,-1.0071209801278498
258.0261060560039,21.167150719499812,12.189930967813375,0.00716349679465281,0.0070736906380753865,-0.1440771296373109
76.76283403063428,24.54215000568571,3.127795813033925,0.019742365284643425,0.019727622457237512,-0.5674736749142755
131.16137042549013,22.59034415527978,5.8060811081019015,0.013007985019570928,0.01254690529184455,-0.2988432229232257
476.0456064610286,47.16671814772404,10.092828696923013,0.00382253992486809,0.0037422933615090257,-0.17124146754364714
281.7757161256234,26.975712370075502,10.445533829097345,0.006477702823091105,0.006322412510666472,-0.16696830820621486
527.9091012694063,29.62692767709292,17.818557058063682,0.0035872121193299936,0.003550522621180798,-0.1030498638867562
366.5190611883808,22.48997316835038,16.296998597765096,0.005141268771063936,0.005090606389190484,-0.11183877057244754
681.6174375860838,38.01811837896359,17.928752569807358,0.0027791845239191317,0.0027498609962535374,-0.10253805771853677
359.8419557146041,44.23824676763929,8.134182116318227,0.004949512467361938,0.00482672424946349,-0.21237755365172084
145.92092265835754,13.224552236704188,11.03409174439647,0.012567118237692725,0.012428380881337991,-0.15752546669499704
65.44697302978531,4.2497841412492585,15.400069945798856,0.02869573967540608,0.02834536151317748,-0.11647880534144663
82.83698560571446,6.28317723572191,13.183932666224853,0.022441610699908878,0.02213966670842292,-0.1343395705167048
221.88341055500237,45.161437549755505,4.913116645380205,0.007489378709958968,0.007364377729533034,-0.3554540612432883
373.64700841067724,25.257415687677604,14.793556594666544,0.005013732310742373,0.004964894857216337,-0.12107111210965613
869.6988348273342,46.72469195190443,18.61325989527228,0.0021823970484792987,0.0021551750225770705,-0.0997607700709778
459.6929372816237,24.880844781179167,18.47577690084515,0.004127338444696934,0.0040774026615857245,-0.10045286830664628
119.01908531445164,10.230808824189205,11.633399407586325,0.015473900488109376,0.01523556772637364,-0.15090519890616375
26.97609509470225,7.931239739400277,3.401245704463103,0.05729454882491089,0.05703457728884106,-0.5143724538765504
389.5372462451625,33.99378851400742,11.459071297235685,0.004722204126404217,0.0046550704779027,-0.1537846802655089
565.027422022872,43.04111885437594,13.127619287374225,0.003289102898029623,0.0032458305224816264,-0.13470321933701077
85.90485258013858,6.150091975314325,13.968059815194565,0.021726155065958697,0.02134900645723204,-0.12898848216919093
263.229595939486,35.67832197484068,7.3778580765403685,0.006691023824177325,0.006598262203089559,-0.23475611431881827
266.6619636439934,22.708262663905554,11.742948705091765,0.006911561101216881,0.006800082434929657,-0.15090519890616375
151.76775312244197,24.98206237632169,6.075069016971527,0.011315429067669887,0.010843339634536762,-0.28410247130353905
132.3307038649312,30.283974942999233,4.369660987832846,0.012299012700829216,0.012199158350658271,-0.39904674435376297
250.59700592477188,21.320410405209017,11.753854694257942,0.007355174328270805,0.007236013568269534,-0.14958899205843956
599.8764488892647,34.93942160924412,17.169043483265675,0.003150519848266298,0.003117439839116223,-0.10656027883392642
353.6864509042234,23.81458991094234,14.85167085500437,0.005297998637781906,0.0052450923854439595,-0.12033918442793407
529.5445093631746,27.064401372779198,19.56608986355705,0.003593187175813589,0.0035395574363302,-0.09516221184911976
457.88944159251946,41.75855637633561,10.965164539356618,0.0040028180001327,0.003960695837507949,-0.1601612996055388
430.9190052190276,31.983133151067314,13.473320552544033,0.004320567641018284,0.004255981356656032,-0.13245412726977307
171.57846014230273,13.851264311190954,12.387205693828113,0.01078575727755884,0.010637680564761047,-0.1440771296373109
4.23429892471089,1.136274154156593,3.7264764926857166,0.3723997366072056,0.367452922263461,-0.4762965897576839
74.84792166232702,29.94413982482152,2.499584963876088,0.01908541516997712,0.018807790594874453,-0.7319851383219487
129.06858227021638,17.730578485681203,7.279434361064368,0.013624056089296484,0.013445821137935817,-0.2372210342329613
99.54000090991435,48.40188112977972,2.05653165923486,0.013518822205218283,0.013436134334262972,-0.9058212328297943
899.392409100214,48.341083302477315,18.6051355835901,0.0021102979012903784,0.0020840215983804282,-0.0997607700709778
174.2807903689488,16.643924398710787,10.471135664522023,0.010475333182683254,0.010222023374252792,-0.16696830820621486
23.092205656118956,1.5166307480859906,15.225990693688392,0.08127161996404905,0.08033524982837112,-0.11859574204555984
129.21637137999684,13.185944879526184,9.799553430610125,0.01404471537074631,0.013786970596749234,-0.17952538509796961
151.79711355032825,7.816999177093951,19.41884732380903,0.012530220328420832,0.012347752616276271,-0.09602694898365999
256.07517817884,23.44239638939293,10.923592192763506,0.007155185154598502,0.007082142120341551,-0.1605250445194975
561.4352091766881,33.138787399672005,16.94193581694679,0.003363752891172972,0.0033308896730173403,-0.107277520106933
374.53264234408545,49.9450995866167,7.498886686461734,0.004711672256130944,0.004637400582100358,-0.23331583217330729
219.03765931087307,49.385164989176054,4.435292650310684,0.007450931213525846,0.0074351206779863415,-0.3899687936469957
279.32974796722016,21.83860753079915,12.790639127209891,0.0066408039340413155,0.006566506919166929,-0.13649634443750008
257.75456018587835,31.006330294837493,8.312965698775198,0.0069261457002383255,0.006738417711677036,-0.2072744654045315
603.7669533749678,39.55831332184894,15.262707195392322,0.003108847271410763,0.0030725731179929703,-0.11791630162372602
213.5787248728061,25.15573266668025,8.490260558210633,0.008377508720831399,0.008132167165322338,-0.20579264467921993
358.92291071626136,35.07071097368747,10.23426388434357,0.005076224308965817,0.00496346780783513,-0.16969828060194272
281.84885196904645,21.53700737870096,13.08672310006176,0.006592265059089511,0.0065069743574558145,-0.13487604758876864
164.38973039089535,17.0150381438373,9.661437664800998,0.011025068503737101,0.010838510282320453,-0.18007056360018975
119.06071393756733,24.65244031366755,4.829571126537072,0.013916610559557145,0.013696446198783517,-0.3622301153929501
104.27631599425928,8.729924967308364,11.944697850754846,0.01769813758056231,0.017503465033113407,-0.14723000532158403
727.6464588252232,43.84597759346772,16.595512262762952,0.002592377974934021,0.0025700375747504923,-0.1099622645995206
225.38291985948104,13.011134150177853,17.32231158775657,0.008389470988730982,0.008312090933476306,-0.10531834055107443
423.1352313533615,35.23598208281783,12.008611832042439,0.004363275749816403,0.004313507161645858,-0.1467919710521373
242.91571815136362,13.201400546723244,18.40075356335267,0.0078089274554022205,0.007716063909937357,-0.10052557411808749
231.36888402194052,25.276842985985716,9.15339325208527,0.007792843556433855,0.007694703498206858,-0.18796039977881177
118.05119616712699,41.47575872455098,2.8462697198893743,0.01253706623659958,0.012546271554187628,-0.6274572021233737
36.11926404077353,3.766119462770734,9.590578418402211,0.0501436823297005,0.04932934904593501,-0.18063068011005493
268.9806078944893,15.924904512849572,16.890563310910455,0.007019871195544063,0.006952466778008473,-0.10786610765472404
246.57823535382371,25.95086748117133,9.501733825766276,0.007338665776223232,0.0072258599003797944,-0.18063068011005493
606.7593588306142,46.105154518928956,13.160336738086473,0.003063422745615217,0.0030225874982390314,-0.13470321933701077
15.123049770191976,13.518155834380272,1.1187213666918998,0.06982946275420482,0.055398566685433005,-1.00897466511782
59.30013295135886,32.31031331266972,1.8353314119088324,0.02183157141529298,0.021972963016082377,-1.0004275886910212
23.043256284430658,2.3834848027616755,9.66788471138188,0.07865734712685682,0.0773215278759648,-0.18007056360018975
172.91208159533554,46.782746222512195,3.6960652282556468,0.009103537028455807,0.008998246387799077,-0.4762965897576839
15.407441554058396,13.41717373143791,1.14833733709187,0.0693851411438036,0.05437601552740747,-1.00897466511782
23.617679832351595,1.4261033897973459,16.56098709344471,0.07986013863237655,0.07918130627519639,-0.11006211593169478
52.45086345408771,7.227022585869025,7.257603367207503,0.03351325143556392,0.03308683513382722,-0.2372210342329613
55.31947238496938,34.72665316293198,1.592997520533267,0.02221083903200333,0.023554086328252993,-1.0071209801278498
133.13642976330974,7.4413106106468865,17.891529695430354,0.014227003469252797,0.014078439757746858,-0.10253805771853677
125.31882125885996,22.584171034295935,5.548967064965677,0.013522376856553624,0.013131860610768533,-0.31076489022478127
36.2366319268962,6.24504219427777,5.802463906504785,0.04707912391341348,0.04541452130532273,-0.29972069979973437
216.93892010193397,30.972486912581495,7.0042460818285175,0.008067398043862088,0.007999639119236181,-0.24551035500853874
789.1852846978541,48.50888741479141,16.26888033835248,0.0023875061646376817,0.0023618084982914944,-0.11218122210291649
198.9909867707497,19.537881860854476,10.18488023358572,0.009152108883936971,0.008952678418983116,-0.1709893682040057
260.9859201231365,38.434367248000626,6.790431033743976,0.006679574111559655,0.006649527571883892,-0.2556930725164505
278.5376637070593,39.0552015936482,7.131896708794859,0.006297370685913657,0.006230514927982791,-0.24201219289130485
268.80784189287516,48.12028323885756,5.586164997379118,0.0063105790916116716,0.006122102990332383,-0.31076489022478127
13.117494120454632,4.861578361142728,2.698196582677591,0.11124044369069193,0.11124495898630486,-0.6661774600663269
121.33963769638231,30.873623537211593,3.930203966830559,0.013139459622579812,0.012934283894121068,-0.4485643884026976
602.9126727365045,45.78677082441577,13.167835640748041,0.0030830919000351775,0.0030418721240620936,-0.13470321933701077
371.8462659894871,23.633441102073068,15.73390283638677,0.0050571494924693235,0.005013206136359719,-0.11449277768490264
62.354686672767905,9.860397109971672,6.323750045493558,0.027695045068659576,0.026658657166348663,-0.2736349687365166
268.3979951273892,14.03909265497872,19.117901827665943,0.007081222992715111,0.006983484377722834,-0.09746965201511303
82.87032499064854,8.162934314056379,10.152026440779734,0.02196999223443857,0.02149746984865425,-0.1709893682040057
742.7248162298267,41.86099330630682,17.742646735473595,0.002549115693517895,0.002523617314281656,-0.10335061644426226
557.4291236750117,37.2367135557975,14.969879735485515,0.003363233390560041,0.003327989212766713,-0.12033918442793407
518.001634150774,33.02232581175822,15.686406738992616,0.0036296062337035097,0.003598718342842818,-0.11508397781127808
350.5751771713181,22.237040435767316,15.765370314632028,0.005364631054306922,0.005317381559875762,-0.11449277768490264
432.7540496596872,35.31278033404632,12.25488464986297,0.00427289410793492,0.0042176308973254336,-0.1440771296373109
253.5516067902863,32.02996463344918,7.916075140635655,0.0070032530111422105,0.0068501159018826896,-0.21933465485851883
46.86503108013376,36.859054065324926,1.2714659198002027,0.023887988701522204,0.027803238324135497,-1.006185247415505
421.81569512257585,21.616365142372832,19.51371992212161,0.004510273792122764,0.00444353595102615,-0.095752505942238
444.94837113269114,24.380362341740614,18.250277206541487,0.004261405401697948,0.004212518412445852,-0.1009016411972466
166.7449169262855,39.672071960455,4.203080622874861,0.009689124963921382,0.00957458234355714,-0.41329706145980005
38.612679617662714,31.827445980108802,1.2131881283152433,0.028392907920415083,0.027908974719236795,-1.0020547840458902
228.53320031228387,15.910339247184682,14.36381693449576,0.008181848469402635,0.008025018902876524,-0.12367370116581694
704.6884451326987,49.36798858241127,14.274198025231348,0.002652321378847382,0.002602544805592194,-0.12487853954468492
880.5236631534129,49.74064004419398,17.702298610775372,0.0021499266317382914,0.002128680107552867,-0.103664098523445
428.43718672457106,22.34774969218325,19.171379339121064,0.004436705485098517,0.004374861155993014,-0.09746965201511303
474.058263712319,45.538711579221086,10.410006064568318,0.003849137110310972,0.003757981769759309,-0.16696830820621486
34.515449985492936,13.187553936764939,2.61727460232553,0.04192608086609016,0.04186550884148341,-0.6897160087604138
523.8485597103333,26.37933158472921,19.85829542449761,0.0036348575411047084,0.0036052431373032852,-0.094202377341679
164.78147196892516,12.940461597853698,12.733817161225206,0.011253535001905107,0.011131231568933956,-0.13751371645582958
143.02879561023772,49.21040944197907,2.9064744071856197,0.010403705110290859,0.010378518133257951,-0.6139523441589809
44.808586985835525,3.013771014203007,14.867946759944925,0.041821442598008,0.041400950917261994,-0.12033918442793407
58.98453452036809,33.79398384764974,1.7454152427332201,0.02155671415301918,0.022090529980176993,-1.000392622563557
437.4311987634392,41.1016738623278,10.642661421251063,0.004179441192881403,0.004106846854443695,-0.16212800125053764
18.68304125489139,11.928411359297986,1.5662639971188024,0.06533502428672519,0.06974237279746086,-1.0071452439729913
199.19409702243235,10.118542110865663,19.686047143938886,0.009555084720547268,0.009481211808546735,-0.0948925412368821
213.8477395801968,10.875300343799701,19.663616895152426,0.00889984400654432,0.008835965766348987,-0.09498312520530554
424.11469166960813,35.38875942815171,11.98444643222575,0.004352524437459552,0.004303545448053609,-0.14723000532158403
356.0002523967687,38.92681119126965,9.145374139369808,0.005064226244282583,0.005000881177116834,-0.18796039977881177
136.95895133469978,8.092293613679502,16.924614685653456,0.013788230502342522,0.01365430095726178,-0.107277520106933
832.5981208170017,43.27832446964917,19.23822446963948,0.002283427086962538,0.0022512099884936195,-0.09701747724045454
12.99935651619999,8.639930508352197,1.504567253594638,0.0924244868941743,0.10023570217226975,-1.0064465940458043
28.300499460662405,1.7060480170074621,16.588337009589935,0.06665211989111212,0.0660793546387534,-0.1099622645995206
356.588807837296,46.09595710639649,7.735793553743438,0.00496666418527073,0.004870758294844013,-0.22317195245009092
261.65645915090926,47.53356539669567,5.504667217096626,0.006468513992087306,0.006289427358366998,-0.31490181318164073
468.4816329445926,41.286268223931366,11.347153741374953,0.003923354129233062,0.0038711460126096783,-0.15525947258038955
439.8210354295607,26.399487871420536,16.660210893928006,0.00428981544149837,0.004251908366521187,-0.1093124488965225
82.39808969433732,21.11840241981078,3.901719839235623,0.019320592875139077,0.019047059554375335,-0.4485643884026976
126.53974327679111,33.60938582507087,3.7650120694082716,0.012488360137930633,0.01240275411450639,-0.4642557841030221
788.6810626434127,46.65556884892808,16.9043285100045,0.0023942443376713547,0.0023711470059228257,-0.10786610765472404
231.55080351389725,14.889160638187358,15.551635793358383,0.008115566835441297,0.008011710960705434,-0.11554131269698573
120.38857591053933,35.997797123342906,3.344331751691353,0.012788838063062472,0.012655765210808665,-0.5274031674594236
50.34556505944007,30.444239672665326,1.653697566460934,0.024755598885674888,0.025881120345964945,-1.003900024869933
301.4712585359312,39.8851602483982,7.558481817759235,0.00585897873876984,0.005761271910486411,-0.22854069888323758
780.530799905157,43.90518465595159,17.77764530593659,0.0024259009037126238,0.002401382759286381,-0.10335061644426226
85.05184851333138,18.83031757182497,4.516750617131968,0.019252582761515778,0.019145191881747375,-0.3805271236436497
73.75461253339932,4.937463761198698,14.937752680435567,0.02541551950558069,0.02515257075796259,-0.12033918442793407
339.80708282102756,17.60638533026514,19.300218440459993,0.0055957600320573325,0.005515933306697588,-0.09656825685257014
124.76965314079551,43.26721524449464,2.883699642691271,0.011902149922326681,0.01189733970923046,-0.6199468719495654
75.9182121698494,4.902948630793949,15.484194897133918,0.02474599449187916,0.024435745487815814,-0.11611035730189036
22.08531758406097,16.837341887258397,1.3116867099297878,0.05138395030467341,0.058998455568026534,-1.006370536956614
477.92405229741354,26.301821920710147,18.170758426475942,0.003966476339797702,0.003921864147606943,-0.1009016411972466
5.600146156807325,1.497956921280355,3.738522835503633,0.2817654207043194,0.2778330190062535,-0.46935586935996176
123.69128282337466,11.58026396420236,10.681214452946577,0.014785075261545502,0.014523763531844277,-0.16212800125053764
331.0553391344778,41.323395317724255,8.011329577085426,0.005370875979108084,0.005246427676300122,-0.2155387810136595
139.6440534340513,14.76116764943159,9.460230840168569,0.012952929868340733,0.012759152569221686,-0.18063068011005493
768.8206589277274,41.177477657689785,18.670902217930102,0.0024691414827583283,0.0024379589494881787,-0.0993449122371446
228.56755094677436,31.032599762217945,7.365401310174933,0.007704155773938547,0.0075988821966531134,-0.23475611431881827
471.9790063318171,30.16213665968737,15.648062723707225,0.003982943895186532,0.003949629024665538,-0.11508397781127808
470.3583745388682,49.0769079991782,9.584107754847645,0.00385033529148746,0.003788047326459097,-0.18063068011005493
259.1392131424593,20.822668081138467,12.445053253151169,0.007143829693024013,0.007043306293378367,-0.14259864811177586
73.36906185326937,46.819467209984204,1.5670631518340623,0.0166405231479905,0.017759524181934373,-1.0071452439729913
610.6105762454405,42.36740582512831,14.412271989598299,0.0030628904111867214,0.003003523561150632,-0.12367370116581694
408.9184906898454,30.758048453587175,13.294682570868863,0.004548798541528626,0.004484960436362307,-0.13430770462602354
4.994692960757951,1.3737896899691946,3.6357042109334436,0.3140465491841518,0.31151174373408064,-0.4858429126869703
795.2505405219105,44.205144494685086,17.989999797818232,0.0023824962242771173,0.002356934211895214,-0.10233045364330785
60.850500215163024,11.374420228885441,5.349767196101357,0.027691273146494767,0.027044466140100677,-0.3230354954894175
817.0062451996442,42.8253997124698,19.077609331962645,0.002326036744326183,0.002294172433805856,-0.09755855859825942
833.7171910699788,44.381590122770895,18.785203251251307,0.0022776480765448006,0.002248188265829973,-0.0988667621260604
161.3132779905653,12.316122761647687,13.097732225671995,0.011518786515045374,0.011369078077678198,-0.13470321933701077
87.94790026570159,7.128943632482375,12.336736661091706,0.021035616223670225,0.020753160055820025,-0.1440771296373109
728.1766008192684,46.06813247521296,15.806514431881194,0.0025831625505411174,0.0025600135741022257,-0.11406352644278
327.9333916394374,27.068450024561905,12.114967474749042,0.005633773590090138,0.005565754806677951,-0.1467919710521373
931.5849652254734,49.799528303326255,18.706702592667934,0.0020379372337630155,0.00201200456850503,-0.0993449122371446
58.454472580667435,11.453474212042106,5.103645540076284,0.02860905078403151,0.028153009000400003,-0.3394645446927401
100.33594113448545,18.7977236001551,5.33766445707594,0.016787866002903704,0.016401593228406456,-0.3230354954894175
482.59063068281876,39.17334974443513,12.319360836671223,0.0038331507636120677,0.0037820809910978294,-0.1440771296373109
172.21625802978204,29.137088486129304,5.91055136177266,0.009932787483330733,0.009555830044760195,-0.29251229739297796
411.62965643808246,27.7286858189836,14.844903185288095,0.004552092921977139,0.004506764955968348,-0.12033918442793407
56.50057154178309,9.632035969002079,5.8659012200134875,0.030242267396969523,0.029126595497536982,-0.29491478773566954
626.8093097730788,47.9085225394341,13.083461491786649,0.002964202077104209,0.002925903020018791,-0.13487604758876864
425.34257240790294,31.752170116994108,13.39570085574261,0.004375460520399803,0.004311779190262097,-0.13297970256312866
171.68559974203808,21.92837597142051,7.829380523473228,0.010329832816200856,0.0101165030511104,-0.22317195245009092
178.0980363293879,25.012103988765908,7.12047400767964,0.009846874197748963,0.00974425719395717,-0.24201219289130485
20.65800919201922,1.1733789833666397,17.60557286678819,0.09161121518854816,0.09073251873217135,-0.10415929565028174
236.82975816899574,28.648912926615917,8.266622847981502,0.007533561893112323,0.007333782321319052,-0.2109211407674158
782.1652553882401,47.4632385433702,16.47939077468398,0.0024107175857979494,0.002390899784198056,-0.11089714911713303
18.71097638423912,9.796204538014198,1.910023041233074,0.0701577614936578,0.07036166414333642,-0.9859858068284907
708.0294829467861,41.93278474727898,16.884866750776197,0.002666800832726517,0.0026412441647652566,-0.10786610765472404
323.8803035787467,16.98930611009918,19.063774675660135,0.0058673461732937976,0.005787178736321428,-0.09807797984233034
717.0675808832597,38.43746052717606,18.655435896351126,0.0026472358096595147,0.0026139143031337253,-0.09942312934518888
496.5531375303412,26.381809716325655,18.821799674457623,0.003824567492630409,0.0037747283509405316,-0.09832266537265712
12.773635950603499,1.0954964225418808,11.660134791645257,0.1442051273425419,0.14195827578393594,-0.15090519890616375
363.0066310436508,43.50754176684686,8.343533472632672,0.004919877666681816,0.0047846450865884965,-0.20594971400270712
600.1998223855637,43.723466913515246,13.727178212394625,0.0031059600316320794,0.003055621118232868,-0.1306001227802952
598.8376345468287,43.16340147841821,13.87373594377748,0.003115259770268267,0.0030625718001655233,-0.1296077570992934
183.57134770894402,12.452707696332562,14.741480502510107,0.010202829422465687,0.010105706220633991,-0.12140666851256769
477.8828582368753,36.16534042656819,13.213835473419394,0.0038906857473678955,0.003837725544723102,-0.1343395705167048
343.0035848683568,36.78290724284527,9.325080875304527,0.005266116730171637,0.005190368380386226,-0.18796039977881177
482.06854238912985,47.44548486334255,10.160472461766048,0.0037770481933737323,0.0036955373690337207,-0.1709893682040057
44.545278696492694,3.1383874701667205,14.193683577931923,0.041943083675860623,0.04117121513453108,-0.12722307658369517
116.82072277577107,9.28872601835134,12.576614117476751,0.01585923988348456,0.01570115882844313,-0.14093022118470583
314.1596716711749,32.81564216348369,9.573473226763877,0.005764098828520821,0.005671446540772172,-0.18063068011005493
567.7511645762312,32.437359090308846,17.50300210925172,0.003332286308611899,0.0033013639124514467,-0.1043886025963777
25.55331878679604,2.08782869196104,12.239183648153869,0.0723558962788014,0.07142699803559453,-0.1440771296373109
131.43799070417927,6.992802443449701,18.79618247006247,0.01444765253831283,0.014260361071729727,-0.0987010323762235
173.8246504339329,36.090367547254694,4.816372407577637,0.009527665143897605,0.009381342972724365,-0.3622301153929501
274.3957609812606,15.857374007488499,17.303984937965122,0.006890537117118563,0.006827377063060206,-0.10531834055107443
833.7145015075621,45.458817802229326,18.33999522677152,0.0022748643027180704,0.0022481955184837947,-0.1006659802439623
20.83630505767596,11.887813571336475,1.7527449377163695,0.06111700127583717,0.06253506197870526,-1.000392622563557
497.6041210163264,48.90862221679573,10.174159452102579,0.0036595669996058516,0.00358015988532417,-0.1709893682040057
16.22013061076577,5.447593021513053,2.977485753196129,0.09230318947859209,0.09151757063125252,-0.6020077306178833
24.63315067878316,2.5079644961636465,9.82196945629163,0.07368893971778077,0.07232133380197588,-0.1788226028080648
726.4622118800968,48.348272432054316,15.025608472381759,0.0025812763772492422,0.002553633320680732,-0.11970662873325257
46.32888775229018,25.306013384934918,1.830746196470066,0.02791935171612458,0.028124992664529593,-1.0004275886910212
225.7372648997523,20.850139344151497,10.826654976916114,0.008110714357582377,0.007958202840257488,-0.16212800125053764
426.7414463200298,36.9701607133417,11.542861542552842,0.004313025530663648,0.00424923182567903,-0.15347801774918865
423.0767361728543,27.70932360630197,15.268389159691843,0.0044366944287935976,0.004384826561852139,-0.11791630162372602
148.0107030072245,20.429670898242392,7.244889246843334,0.011873637855508752,0.011725051205571099,-0.2372210342329613
652.3873326984864,37.747785546499166,17.282797474168405,0.00289798323129245,0.002871612048283346,-0.10531834055107443
214.3801550614156,20.187989799282427,10.619192757321269,0.008526306933909255,0.008374262023404414,-0.16682248512960882
417.43793617906863,46.05572127195518,9.063758522293735,0.004315053653590362,0.0042648614487595105,-0.19249598843847712
185.37967739168738,13.461916208057215,13.770675327835876,0.01005825775076955,0.009893119236397931,-0.13055290822122617
543.9187339498799,29.967484621089053,18.15029659069575,0.0034850113755653333,0.003446017003997819,-0.10175601203112118
98.79379557990062,20.19084845077279,4.892998717749246,0.016808891738033137,0.016506184960935033,-0.35579358566393204
251.93121552029982,27.087342393292804,9.300698897012555,0.007167981997166534,0.007066670787830143,-0.18796039977881177
313.3767725827901,29.770670124012593,10.526359375767795,0.0058283983824086675,0.0057288087317577865,-0.16682248512960882
320.8640213247932,20.148444820787258,15.925001863853835,0.005864888232989661,0.005806796578464291,-0.11351724158657407
34.856067111422824,14.047931663205869,2.481224136555085,0.040896451212852486,0.04038677205281381,-0.7319851383219487
183.87815507269892,14.292500200020042,12.865359629132003,0.010092311584919751,0.009975196466544487,-0.13642237085943215
210.1570759375059,33.53092137539161,6.267560428319769,0.008207215874616846,0.007830663256689657,-0.274895451004577
78.16573982900367,29.583500994220028,2.6422072169306654,0.018561615698817348,0.01859581718351073,-0.6762156906787533
102.81945098482804,8.150474771792467,12.615148670930221,0.018022901127161286,0.01783923863809156,-0.13962818154523823
20.971854332470595,6.8995551701968045,3.039595135503843,0.07175812187785452,0.07077054107733217,-0.5861591085199922
680.7884714394924,45.50394389279572,14.9610871761662,0.002753711807777828,0.0027249552369033054,-0.12033918442793407
94.26914813679852,12.650782140957705,7.451645841848482,0.018705586458992323,0.018424457290115836,-0.23331583217330729
124.6961854447402,33.10621745342672,3.766548855065086,0.012674078234985056,0.01258612134747546,-0.4642557841030221
272.5932578215953,17.247866848418365,15.80446209477737,0.006900332043208207,0.006838547649116744,-0.11406352644278
330.6486366802771,49.06339818137739,6.739211895962372,0.00526714935629756,0.005248571683694471,-0.2556930725164505
582.3350567701762,38.8645047141918,14.983725151076737,0.003219577288852173,0.003185654184657099,-0.12033918442793407
24.421272445947825,12.931298342051816,1.8885398666065334,0.053543838022590544,0.05353986230927051,-0.9903485014615288
379.75417258074276,24.668990791878002,15.393988987412193,0.004945315157819664,0.004885049972895317,-0.11647880534144663
795.3177314720011,49.15731158717867,16.179032290273536,0.0023683352355267206,0.0023438959156496203,-0.11260787068991106
69.88367729626408,8.641682854385065,8.086813468374725,0.025469478855786775,0.024853556092345158,-0.2128335309748802
193.1713006038333,25.106624519613156,7.694037103750404,0.009162630618139263,0.008991283323106542,-0.22442948299034765
349.4550881954171,33.851977469709986,10.323033226289422,0.0052177488472056575,0.005097943549868761,-0.16696830820621486
470.15843697906826,23.831071568225042,19.728799673697846,0.004048668980605536,0.00401694679141953,-0.0946648783172613
290.9574271824224,27.386055239267172,10.624291254814842,0.00628252221401136,0.0061702346232831275,-0.1639587842787852
46.094670375398216,30.452245930991904,1.5136706330250236,0.02612776708071048,0.0282679020714815,-1.0064465940458043
50.126722205195065,37.650849669103344,1.3313569984671434,0.02278486357385339,0.025994111940036948,-1.006370536956614
196.85134540908632,36.10986729518397,5.451455797383689,0.00858512014417986,0.00835995958908597,-0.31823888135364153
184.43240142615676,9.426376106639514,19.565567864012014,0.010316788465570758,0.010162819501836326,-0.09516221184911976
83.3239217916075,26.250292120733683,3.1742093157810785,0.018252469523532152,0.01827682983586963,-0.553417555242661
145.6267340730138,21.824092965213467,6.6727508128349555,0.011943804849309111,0.01182404642073624,-0.2590098444417892
33.85512676109393,19.059284219301144,1.7763063067609424,0.03779688676381572,0.03848751290709607,-1.005091017031271
746.4679821043117,46.03391161217856,16.21561053496981,0.0025236532756040078,0.0024969651168045967,-0.11215402188639627
156.78519245381122,16.87010540297383,9.293669998420604,0.011517068725708653,0.011355121828767864,-0.18796039977881177
144.41671537905054,18.97123974928864,7.612402630906908,0.012240804399743085,0.012026709574880693,-0.22854069888323758
322.3433435807047,26.201322327786006,12.302560136015185,0.005738145482120486,0.005662275604988348,-0.1440771296373109
212.61406173419698,37.972622006748004,5.5991409204350955,0.007981270074460893,0.007740171460223202,-0.31076489022478127
490.9442706867005,25.412239577982394,19.31920518772628,0.0038732928901676973,0.003817853304128654,-0.09656825685257014
645.8542433341962,46.32054147769934,13.943149685440048,0.002889443597029495,0.002839624065908557,-0.12898848216919093
196.30573201685607,14.432920705933961,13.601247870512223,0.009490427950257618,0.009342484468479339,-0.13163321059959784
26.92402749695159,21.57651037041032,1.2478397588274874,0.04123665608553767,0.048395420348478886,-1.006185247415505
438.8943242505721,22.213374331166975,19.75811138404,0.004337381497102605,0.004303089196030833,-0.09463400814646526
278.2740281430673,42.47492595896056,6.551489422534527,0.006235406146839109,0.00597443353277879,-0.2615867060009614
168.4525576555715,11.411700734041556,14.761389347783265,0.011119496546488403,0.01101270373267665,-0.12140666851256769
342.3590440763881,23.74417804501507,14.41865216085103,0.005462940174115107,0.005356900260627383,-0.12367370116581694
129.17155895060608,22.132136263614996,5.836380067972145,0.013218447818926893,0.012740182947752863,-0.2988432229232257
54.630202225547315,15.15254119370098,3.605349197021651,0.028660380804809926,0.02848068376533379,-0.48894165397246975
50.68299850209899,5.5899402099802185,9.066823006730933,0.0355410619344586,0.03512647266096761,-0.19249598843847712
209.27400606092408,16.1638282320161,12.947057037293293,0.008871625325326468,0.008764684908941464,-0.13642237085943215
64.37197588262524,11.920924529988492,5.399914723114801,0.026214759029784297,0.025564995793788445,-0.32135846776810545
680.6045549871811,34.7122846434947,19.60702275800019,0.002795963815185194,0.002776283661776729,-0.0950353073059452
147.36764275751085,8.214286735904658,17.940406452256738,0.012854963339972226,0.012718892498460095,-0.10253805771853677
277.9719179730994,35.8094814987791,7.76252283861124,0.006373864108472251,0.0062483214358010465,-0.22317195245009092
608.1179976278671,38.28675578903709,15.883246963483748,0.0030940366533939814,0.0030638660727835714,-0.11398899085355466
860.7087308582655,48.30373991984926,17.818676820603244,0.002200189837096514,0.0021776858288810653,-0.1030498638867562
198.48441453339453,39.586741031963925,5.013911460231855,0.008400849717600222,0.008291176395617125,-0.3467380941253522
534.9917055616767,31.91393928306598,16.76357471312078,0.003527923946757906,0.0034955284743183146,-0.10880193727536132
52.84954078594339,39.688363767503866,1.331612991040353,0.021612765165271892,0.024654890256596902,-1.006370536956614
633.0588668210131,34.44475894020424,18.378960582072793,0.0029962384065243264,0.00296078817345464,-0.10052557411808749
43.147823230233314,4.9848275603310634,8.655830659740552,0.041551835752874584,0.04091409946679196,-0.20078050677274345
11.394491274185661,4.264758022911291,2.67177908171384,0.12772004341043203,0.12756653832954012,-0.6762156906787533
427.1189418013012,30.126478417226043,14.177526356916596,0.004374018659485223,0.0042938466852030345,-0.12722307658369517
656.1665915279232,49.56161131700541,13.239411998350052,0.0028339522098417046,0.002794996386771849,-0.13430770462602354
265.96113906971897,13.415219755952073,19.825328537888257,0.007158801870017879,0.007101042774473951,-0.094202377341679
45.22949301058587,2.5591032320477636,17.673961895782444,0.04185098867197402,0.04144095105257013,-0.103664098523445
206.59493713361928,27.867337033911387,7.413515574962068,0.008530156960650041,0.008407069010111805,-0.23331583217330729
373.76115444250246,26.228846336207248,14.250003589618391,0.00500012499339072,0.004906832159100353,-0.12596979872875796
212.9968994936993,19.26787405068157,11.054509643017148,0.008610862376932258,0.008514493918292825,-0.15752546669499704
347.4230336041786,40.305150015241665,8.61981740479314,0.005158252828902235,0.005081281782337445,-0.20078050677274345
178.39324884134277,36.88062299579512,4.83704542793873,0.009290491144754756,0.009141089550339125,-0.3622301153929501
251.52571894814722,30.25828692908659,8.312622573036723,0.007097634919958337,0.006905289450658943,-0.2072744654045315
81.57645922347676,14.904269617385468,5.473361749194325,0.02072952831128433,0.020173335645383844,-0.3165272866883754
256.0362937850599,25.42854306513736,10.068854244979798,0.0071056833328862696,0.006958006954788216,-0.17124146754364714
5.191929236737653,1.3479691829697054,3.8516676065986424,0.30581514752174,0.3022848059001978,-0.4561097175311457
328.42355607390346,23.60753480073801,13.911810735258829,0.005681316371888873,0.005584201311151546,-0.12898848216919093
200.91442244507607,29.35533866369533,6.844220901241151,0.0086854652142331,0.008637672948574404,-0.2517689206604019
393.3047679082438,34.89059706118308,11.272514689804723,0.004670765177812702,0.0046110826853170165,-0.1554470615674649
368.5841400525734,19.56022819503616,18.843550104702242,0.005152721934443054,0.005085279051119512,-0.09832266537265712
102.23086702055343,14.11098634328476,7.244771168615284,0.017190718062100662,0.016975627051890072,-0.2372210342329613
245.4041035173916,17.307086829371595,14.179399799446317,0.007612922758867327,0.0074733194194976935,-0.12722307658369517
585.650302877543,42.932464476060424,13.64119926551404,0.0031817607861255896,0.003131533004302779,-0.1307087181154518
531.4156625012545,30.74332152175873,17.285564350135118,0.0035577124209370025,0.003525306943168968,-0.10531834055107443
661.9688720484909,44.47548465286618,14.88390463229794,0.0028310793072772495,0.0028024249912714156,-0.12033918442793407
643.839538603719,38.660356905343775,16.653740165412835,0.0029304033790484916,0.002904572689603003,-0.10946120500189957
56.67068928512441,32.72119653191871,1.7319259468352135,0.022373395322405062,0.022992478909745727,-1.000392622563557
21.975142680250954,1.7579110961644902,12.500713334250841,0.08427065555244669,0.08346797786229249,-0.14093022118470583
61.83079051971511,10.29273897039187,6.00722418955516,0.02773020142163641,0.026615692260192503,-0.2900572529041707
41.60539398062227,10.530589143652076,3.950908483187983,0.03836122156232643,0.03772206368976511,-0.4449925416771312
168.09000089759533,19.677331185996245,8.542317009799573,0.010651480094043334,0.010332904303333217,-0.2027771887621195
697.0696028262272,41.689915458098625,16.720341002534113,0.002707240922790062,0.0026827718964258914,-0.1088860253336537
68.65830749922979,36.03026202283373,1.905573360963027,0.01910428243628348,0.01917518045658934,-0.9859858068284907
25.274701624572213,7.033157554673131,3.5936492859851574,0.061904442163868464,0.06155979748973126,-0.48988020124277654
667.9811675172881,38.94569209254704,17.151606034627854,0.0028291469942220526,0.0027995979995447413,-0.10656027883392642
217.1916492148057,20.312349423437528,10.69259122552302,0.008420910853995017,0.008271326034733672,-0.16212800125053764
413.36459924515873,29.738450687229466,13.900004529242985,0.004513622734723163,0.004436720647558995,-0.1295959871754494
252.8373051008671,20.446174065300177,12.3659959214553,0.007318407999277263,0.007218858981506927,-0.1440771296373109
43.88235902388618,4.497289408781596,9.757512811650422,0.041339696851734956,0.04059723206459646,-0.17952538509796961
46.96392913384735,17.378711300615475,2.7023827211045335,0.031083586040226784,0.03109205306334835,-0.6662888138216578
356.490607617854,22.342001043702187,15.956073358001314,0.005279376574963145,0.005229147536024968,-0.11346214160985876
308.59535285050794,40.27540884721671,7.662128372703878,0.0057327819341102555,0.005628269763554829,-0.22622522963494318
182.5258185661288,19.70160199984384,9.264516589441586,0.009889855660536104,0.009753770591171667,-0.18796039977881177
575.8277094636209,30.81069967004396,18.689212372008406,0.0032968568588596014,0.0032550590657233177,-0.0993449122371446
148.936051395515,21.354013250169636,6.974616417564125,0.011744666397075578,0.011652202777443471,-0.24551035500853874
173.69309221518515,43.05728838090856,4.033999788342454,0.009227204097633978,0.009136886819400782,-0.43200507672748756
396.2518542657279,25.972614095709744,15.256525693006092,0.004736816906328451,0.004681664175200028,-0.11791630162372602
767.0935289557324,45.091951678259406,17.011761531838467,0.002462491693940158,0.002437875786621164,-0.10721876293292538
174.647367322668,24.68496999975536,7.075048797887899,0.010033494950520581,0.009936783464511099,-0.24566395106645328
246.2661323677827,44.11002109444184,5.582997383758084,0.006887617926449952,0.0066824832016262135,-0.31076489022478127
465.9031074008994,29.13805475885097,15.989506206119568,0.004040068084994107,0.0040011366158090285,-0.11346214160985876
60.424360867164005,26.11224663639511,2.3140238260060264,0.023111606263485,0.02300253976240034,-0.7845571358497296
21.713205128644994,1.4094972497657576,15.40492904988178,0.08649508034438759,0.08543732256391248,-0.11647880534144663
494.3529598330608,25.428178600302765,19.441147067732754,0.0038477733263428174,0.0037915282364592425,-0.09599366970130424
242.96888249441292,14.337252137249688,16.946684076452435,0.007772842271572843,0.007696782901234125,-0.10721876293292538
55.1161902069055,14.937834759844964,3.689704103238958,0.02854939457010863,0.028229554832821302,-0.4763796078590647
141.7793481757902,20.466217164859366,6.927481861143656,0.012326993319051988,0.012240379815969704,-0.24880816012122664
284.76111061417214,26.956902433255276,10.563569435295271,0.006416055268823054,0.006304497082590792,-0.16682248512960882
321.34631577474937,36.78624240746056,8.735502588586694,0.005584524373185987,0.005515788897696828,-0.19849310542358004
174.39541474821328,38.43492252358879,4.537420743886788,0.009397156559714667,0.009337022776865881,-0.3801588369764024
248.5551888987397,23.5203850311341,10.567649660910117,0.007350898763574752,0.007222844950679141,-0.16682248512960882
871.8298727036122,44.72226528506078,19.494313786355587,0.0021820908130648175,0.0021499070686483096,-0.09583585117256349
314.64538584596266,25.59728277146476,12.292140093741585,0.005878157516595374,0.005800806027649623,-0.1440771296373109
215.98461245270104,33.6554048545992,6.417531251988061,0.008011536057290259,0.007696345567619724,-0.26941755323551964
572.8871508449464,47.87312243355662,11.96678055917618,0.00322185566005559,0.003185962275633926,-0.14723000532158403
186.81499863394347,15.377977784092103,12.14821618660394,0.009891540425543684,0.00977007662197296,-0.14563953835432356
972.2360539903085,48.917060526089024,19.87519371634737,0.0019585701415082784,0.0019425338292388772,-0.09419635696719965
425.06568345062,26.956175602611985,15.768768156022555,0.004424564785846942,0.0043855386473641384,-0.11449277768490264
329.5046059367336,48.84243208152269,6.746277609328686,0.005286152127622827,0.005266794577267592,-0.2556930725164505
29.06732441567025,4.01097724748317,7.246943231580177,0.060462596307592174,0.05970391519064989,-0.2372210342329613
305.24726530156784,35.90034360066956,8.502627960805222,0.005862564906832279,0.005690003125518996,-0.2035187682542239
65.3895015322817,34.53292797882933,1.8935406106417974,0.020015526141481645,0.020133743265985608,-0.9859858068284907
117.62854435559397,8.480496789795854,13.870478024015098,0.015859291148635574,0.015591311296829183,-0.1296077570992934
463.94137260235976,34.307192225661026,13.5231519254246,0.0040140607343050454,0.00395304958933429,-0.13159897144042307
101.4933466945678,7.185185266244082,14.125362524941757,0.01840289856621522,0.018069985000692707,-0.1272999322756782
38.65817597133032,8.103011953314947,4.770840299145213,0.04277051308497467,0.04212133445956282,-0.36413272368373106
97.43757078040038,8.525553413483577,11.428885147361592,0.018874490679800446,0.018610104095535613,-0.15431342543842827
195.24974391299818,11.573558252329688,16.87032973404662,0.009670090260918784,0.009577880630400486,-0.10808351469844871
74.35170101795372,19.634025367818182,3.786880154480314,0.02127982702172073,0.02110834453129499,-0.4642557841030221
433.810140462792,32.1243377261312,13.504095996037103,0.00429244903226298,0.004227617294709703,-0.13159897144042307
526.9143963664997,42.514422968303386,12.393779794667342,0.003512291496479517,0.0034639343000943,-0.1440771296373109
936.5699223393103,47.27574375396285,19.81079191928743,0.002032839162611497,0.0020165087302447746,-0.094202377341679
66.22845377187636,31.999313406903536,2.069683587573108,0.02036084151602358,0.020194232957107074,-0.8957062176745823
18.08778000863704,1.2247731918884188,14.768269038244023,0.10355958527252543,0.10256195672363382,-0.12107111210965613
17.76742039676248,3.81882259523974,4.652591198897278,0.09265160226080134,0.09164717912464936,-0.3728620331975914
281.6378367212124,27.09183205769392,10.395673357248238,0.006478159381022366,0.006325507728558925,-0.16696830820621486
821.8384514495851,49.86243802428811,16.482115275816753,0.0022943649870623933,0.0022754821668619367,-0.11089714911713303
96.41645471943312,9.493784981240967,10.155744511798515,0.018883915338615467,0.018477160542966706,-0.1709893682040057
38.78131689825066,5.004863750247456,7.748725806238619,0.04567651186696049,0.044785944174587665,-0.22317195245009092
570.0748061159439,37.47817761496905,15.210846481720392,0.003291893964075742,0.003254166103413348,-0.11859574204555984
346.7996545549486,37.4292250434748,9.265477822533963,0.005205230804332822,0.005133554598099408,-0.18796039977881177
574.232628992069,35.57379852180149,16.142010492361365,0.003279729287462305,0.0032463184575787867,-0.11260787068991106
880.7553306117396,48.14894503544656,18.29230796154184,0.0021530743828329997,0.002128120195063022,-0.1006659802439623
255.56264375762572,34.112651701207625,7.491726119566909,0.006904282247583746,0.006796211950559073,-0.23331583217330729
150.5896439279974,14.016762084761044,10.743539985723075,0.012150195417333772,0.011929525137439877,-0.16212800125053764
142.95694228066046,45.60723787986491,3.1345231354993843,0.010606468303245041,0.010593037206482006,-0.5674736749142755
188.2485646441697,10.530772953451404,17.876044377395132,0.010061407911764441,0.009956799455694033,-0.10253805771853677
405.61480527649206,27.185425750105832,14.92030358490571,0.004621069622019424,0.004573595653659334,-0.12033918442793407
537.24925785688,31.329679723036662,17.14825247517106,0.0035175414842356693,0.003480840062534136,-0.10656027883392642
329.79709413353186,22.284471061732937,14.799413152769954,0.00568050189986743,0.005625028672088058,-0.12107111210965613
111.97598890578563,5.842627536276172,19.16534781834717,0.016975246021357884,0.016738885044018638,-0.09746965201511303
234.913804300982,14.1115700907813,16.64689349163526,0.008031310081894014,0.007960701781147491,-0.10946120500189957
134.53497099452866,49.090089303344286,2.740572952784655,0.010891759527570145,0.010851955410443636,-0.655170824603331
93.99144912224128,12.333090822098326,7.6210781610258,0.018810332977194075,0.018478892599721106,-0.22622522963494318
94.84381039015724,20.998760639248346,4.5166384826010475,0.01726481018357507,0.017168584359765725,-0.3805271236436497
575.7260560427688,44.00387054896224,13.083532172520364,0.0032272122325917147,0.003185513723396087,-0.13487604758876864
216.95579959140946,17.7191668300511,12.244130983825935,0.008522425849240917,0.008412758977749272,-0.1440771296373109
223.72510085282508,17.41971865941946,12.84320976859457,0.008293771369608238,0.008198546858461475,-0.13650847462556942
104.15652846010944,41.498523433260466,2.5098851680257495,0.01373107196765235,0.013515466172874161,-0.7319851383219487
193.96072099113965,17.04956727423645,11.376284093980093,0.009478210832472345,0.009348920367862548,-0.15431342543842827
13.85351219947568,6.831961261829303,2.0277504026371354,0.09668620849995406,0.0965582066780044,-0.9179797644601364
102.43694305171238,41.92604287973534,2.4432771617763276,0.01385396670133798,0.013728437937540952,-0.7320924499778871
154.46226415700272,9.136777650537079,16.905551395127045,0.01222501047624,0.012107026596568107,-0.10786610765472404
120.02127968454583,33.92090831668321,3.538268449772501,0.012991890176226624,0.012819144943911398,-0.49859812720999536
476.4230648479304,37.87560088259191,12.578627236166179,0.0038887909560472054,0.003849983046772454,-0.14093022118470583
37.76537453378943,3.1527320320684695,11.978618591638448,0.04887811699646927,0.04832990201525372,-0.14723000532158403
628.9035813983467,47.078369742288935,13.358652494574882,0.0029586588763579388,0.002916159657356606,-0.13297970256312866
13.933364124295876,11.115919479888133,1.2534603322294033,0.07984260275076042,0.09351651306642526,-1.006185247415505
421.1670132663074,34.363078410093195,12.25638192946652,0.004390489314635135,0.004333665252253064,-0.1440771296373109
32.666353718207446,22.30126170010695,1.4647760363285092,0.03638506027193659,0.03988812585050517,-1.0066254819852019
553.5850932709501,33.160699879584655,16.6940111421401,0.0034086311710238076,0.0033781233690114154,-0.10914581731440122
15.465156336459916,4.941167543732199,3.1298587225760537,0.09800883352348179,0.0979200064685917,-0.5674736749142755
476.0693005335136,27.479809211239722,17.3243306339548,0.0039718072404373635,0.003935148354714228,-0.10531834055107443
49.78024555030828,4.823886116825654,10.319531669015861,0.03662726498778469,0.0357873347778939,-0.16696830820621486
376.7079840765481,39.305148863221405,9.58418922130177,0.0048075405357204445,0.004729763791753222,-0.18063068011005493
296.9545718996433,22.14869801461354,13.40731503511922,0.006267563477294985,0.006175972441538112,-0.13297970256312866
854.7446577374383,46.75481862575176,18.28142388016151,0.002218525969719203,0.0021928808668377994,-0.1006659802439623
235.55748404716385,16.019977664769197,14.70398329987669,0.007949837741387524,0.00787543693623848,-0.12143784495473162
132.7489796850284,10.811174982557386,12.278866996344425,0.01393144222107457,0.013749234495948821,-0.1440771296373109
169.39502550705146,16.148708193879322,10.489695118229674,0.010779129858536242,0.010598160044715301,-0.16682248512960882
211.59135881362647,21.828022866696553,9.693565015293052,0.008568268777007892,0.008419541907681708,-0.17952538509796961
360.66194911563036,18.31143785347967,19.695992854383896,0.00527741543013156,0.005236486492442242,-0.0948925412368821
351.1827189774955,26.503631891687384,13.25036207915492,0.005295399199355046,0.005222304952193477,-0.13430770462602354
325.13222214763056,39.00777954917233,8.3350610033513,0.00549239301005243,0.005342004806996348,-0.20594971400270712
225.541086540288,34.897975460385865,6.462870225704325,0.0076793395915195906,0.00737129412002897,-0.26880319008702624
589.543150823594,48.52649951773026,12.148890949947688,0.00313445405047887,0.003095951243327303,-0.14563953835432356
222.19989025662196,41.251378097308084,5.386484052301805,0.00759153680487553,0.007406256100201299,-0.32135846776810545
436.667721355266,23.78492620436521,18.359010980455558,0.004343551960445593,0.004292401554589164,-0.10052557411808749
181.2965292740881,34.28653767179175,5.287688451063536,0.00927716646921106,0.009077224474546924,-0.32832583858702225
349.0847651321752,27.58027853438088,12.657042774133515,0.005309757392221685,0.0052543705883624225,-0.13962818154523823
90.79498687314545,29.517560724809424,3.075965108350993,0.01662337004684952,0.016490451702126027,-0.5763615350343534
682.9928433830157,46.511043482244986,14.684530645796837,0.002741589230722495,0.0027161603938390157,-0.12169449300465796
91.64356289510944,17.836937042867017,5.1378531344739855,0.018268093415110927,0.017957281893990904,-0.3386509138713664
46.01097870296337,32.010349669535714,1.4373781973007334,0.02563401625836659,0.028319319973627414,-1.0064660546555555
178.46746343922922,32.255503031228166,5.532930714689085,0.009491134419277422,0.009221116616797436,-0.3137827145586913
30.9988198596431,7.159008503281928,4.330043726785938,0.052413884275008774,0.051870087954275355,-0.4008401792128585
273.8384208404538,14.477624383951955,18.914596316229623,0.006936832108817722,0.006844741509360019,-0.09814922923627628
95.70091639350723,25.75907248821612,3.7152314563067854,0.016466327869892876,0.01625800015565584,-0.4762965897576839
680.3786486424449,44.07952387525839,15.435254032413402,0.0027606838819271198,0.002726596600545808,-0.11611035730189036
292.8993761852476,17.4450970371724,16.789781997837622,0.006444451802970002,0.00638471397471399,-0.10880193727536132
825.2946273067885,41.46109404731236,19.905278581530503,0.002307455204190026,0.002288396606972986,-0.09418124858084448
55.356473975778066,10.613896245839605,5.215471556684614,0.030316640535460036,0.02972857869157723,-0.3311463425781078
10.998740238807892,1.822359843784164,6.035438212888188,0.15599285452232875,0.1496234347703381,-0.28410247130353905
58.68614255494511,14.396210353470764,4.076499378240645,0.027366387649099457,0.027042399718060228,-0.42605827893674014
501.48268236537257,46.28874178360057,10.833793770195772,0.003651157968138323,0.0036163976725979903,-0.1605250445194975
319.8811282752348,16.344111965252868,19.571643228784364,0.005948393400119173,0.005859530432728451,-0.09516221184911976
482.61022118579956,24.898412777228234,19.38317215253129,0.00394081965538679,0.0038837826546210814,-0.09636579975439602
21.585619147024524,1.8412861835282288,11.72312014293328,0.08537192479245873,0.08400608398992013,-0.15090519890616375
237.2388294356002,18.879786750971927,12.565757895723435,0.007808881797733439,0.007731536726595656,-0.14093022118470583
193.22076424044363,18.01070869109569,10.728104460207609,0.009468286009860875,0.00929746318797109,-0.16212800125053764
230.34525133163768,40.66078819225028,5.665046389227157,0.007379909331591516,0.007144359534930575,-0.3063191799507209
613.9745618543487,34.656483929725034,17.716008441575916,0.003083417010331927,0.003052818996805439,-0.10335061644426226
51.1883009242526,29.266615152168182,1.7490338618970898,0.02485864254833456,0.025455027900166648,-1.000392622563557
577.859926250623,36.76363307019183,15.718248660227086,0.00325402430425883,0.003225940920555287,-0.11465514354736822
634.4031834978607,31.72264516057197,19.998432674408864,0.0030024357470539303,0.002978470719083496,-0.0940391885972242
676.802900177365,45.43212869168654,14.89701054446103,0.002769181665325485,0.002741002011052676,-0.12033918442793407
743.4694551835768,38.08539777521398,19.521115666735337,0.002559001447471601,0.002521089727245672,-0.095752505942238
331.1010157117626,21.702862465957427,15.256098877791787,0.005668871924907038,0.005602876531455281,-0.11791630162372602
510.7866966812618,26.66278458172941,19.15729000905917,0.0037212799895165144,0.0036695419402316093,-0.09746965201511303
270.0734858391362,44.42855935999402,6.078826091361531,0.006359259122571617,0.006093413011514114,-0.28410247130353905
312.0072886633812,45.463904872764644,6.862747261515818,0.0055948564140673035,0.005562155548246213,-0.2517689206604019
292.74182264183213,24.110394378018547,12.141726844116866,0.006312090913584173,0.00623483462088203,-0.14563953835432356
565.9169920065023,38.48408342899951,14.705222044603978,0.00330906095519254,0.0032780745881034194,-0.12143784495473162
60.28099326145243,33.21559326291232,1.8148401801620277,0.021391155274730914,0.021615430630639566,-0.997824328210271
18.715862171989382,1.240599891716199,15.086138808297463,0.10021816460330212,0.09912009895268711,-0.1189256494633792
276.7560504883841,48.26880354038749,5.733642232437287,0.0061533755810038995,0.005946281173521215,-0.30258785065164684
253.08223811075595,36.26955368453065,6.977815065276037,0.006912001434623841,0.006857190313659265,-0.24551035500853874
450.5012069732196,42.08814911920812,10.703754296660687,0.004060177052678189,0.003987698400958907,-0.16212800125053764
168.4277420576273,40.86239762607519,4.121827201596949,0.009556111926833123,0.009422522118350879,-0.4210924005143302
98.97944541707257,31.0220221244681,3.190618748834048,0.015384441713020815,0.015385993863932492,-0.5532592486038335
286.84589450556405,28.839843664369585,9.946166763031039,0.0063354144903543285,0.006210659963969222,-0.17405732920395384
581.7453383220959,46.2267242257129,12.584610916438441,0.003184855058496708,0.0031529616172710087,-0.14093022118470583
56.24774698532582,10.201121178914246,5.513878915740175,0.030098330569854826,0.029257514849554696,-0.3137827145586913
26.915262572852185,17.15885505168549,1.568593154483716,0.04537810642150047,0.04841118026109223,-1.0071452439729913
513.5956916824928,40.603977179714654,12.648901101714738,0.0036088076416683442,0.0035713319882944602,-0.13962818154523823
46.39468449345854,4.752535708307718,9.762090669273213,0.0391028093435063,0.03839884530491484,-0.17952538509796961
27.00436232758223,17.51970149251726,1.5413711437444244,0.04491952953982472,0.0482514496133128,-1.0069103027035384
147.16183249069508,8.959755803290701,16.42475930389153,0.012810528139349228,0.012707634232763472,-0.11089714911713303
678.6915170530322,49.715458384148185,13.651518845684294,0.002745717802605647,0.0027022339403980494,-0.1307087181154518
446.57499690453835,30.128962366869796,14.822116721669715,0.004195475957566599,0.004154102050789464,-0.12107111210965613
103.59422493118299,23.020999150017374,4.499988217544624,0.015795888800207533,0.015720677779884448,-0.38035708239805305
115.19912740510927,21.96000816560085,5.245859953074261,0.014581602542755406,0.014285431927709006,-0.3311463425781078
223.72651245115222,16.313737520299796,13.713994856957882,0.008331935999224547,0.008197433698616169,-0.1307087181154518
139.9997059717989,7.974900295246911,17.555041541427116,0.013515832550286724,0.01338826530365582,-0.10415929565028174
312.8291167735231,35.02628568177383,8.931267209309205,0.005749515419002356,0.005691014249638169,-0.19282298516066276
397.89840126535603,30.631826998575324,12.989705161362465,0.004667115335369532,0.00460977153193605,-0.13612029659673344
456.74232331562325,33.86028965705565,13.489025874899726,0.004076619135559675,0.004015356490564605,-0.13245412726977307
34.35690201591528,23.694971800676242,1.4499659381293188,0.034451945622268436,0.03792541095775698,-1.0062522822285689
44.03872452850557,37.68712060870668,1.1685351339452426,0.02447206262158725,0.019024058715388335,-1.0063024635678528
544.9066326233182,35.38221012714461,15.400582119240633,0.003446559459114131,0.0034044696823406864,-0.11647880534144663
20.620441998008424,3.854621139369571,5.349537931860388,0.08171582597250286,0.07980766332923943,-0.3230354954894175
419.999657702317,23.637018827854043,17.768723744780633,0.004508193541712242,0.004462749365650046,-0.10335061644426226
33.97006736391353,15.022710714129497,2.2612475211922467,0.04082234317911307,0.04063621470272854,-0.8013972431550005
213.21220289207312,22.923071984837584,9.301205485595554,0.008469721438453159,0.008349967483620196,-0.18796039977881177
61.39919421834735,3.928904511303248,15.627560823050077,0.030614697793007347,0.030361017048720497,-0.11508397781127808
83.44912899829032,20.890700282887867,3.9945587207838,0.01916813563697079,0.01880716240437881,-0.4410043581247534
525.4931303711974,27.233164413483642,19.296073067109894,0.0036184274547298606,0.0035668462585995136,-0.09656825685257014
469.30777184693756,45.21823739714108,10.378727674082437,0.0038870726922790966,0.003796021331212205,-0.16696830820621486
253.5914787049435,32.32977836233323,7.843897841266918,0.006994932872477556,0.006849038865548399,-0.22317195245009092
228.76793143947117,35.21302685977825,6.496684660209633,0.007576304036796455,0.007267319656991576,-0.2615867060009614
321.07619664024264,19.910769349971442,16.12575541390133,0.005865326829112283,0.005805917729023265,-0.11260787068991106
102.32114379801116,10.639183551664182,9.617386832470437,0.01770533112752836,0.017413212137922154,-0.18007056360018975
793.5412856995006,48.8807600400573,16.234225594061986,0.0023741069100871055,0.0023488437787870945,-0.11218122210291649
60.788007513364626,5.863467808994129,10.367245032047467,0.030006837663037966,0.02930680549848539,-0.16696830820621486
127.6178346247575,37.76417274392274,3.3793361631440635,0.012093213958526158,0.012056074961261277,-0.5145785654666981
140.8206251378836,21.325868990275993,6.603277231145606,0.0123345250895108,0.012227592812441663,-0.25994433674891654
77.37675454708199,20.711930209139425,3.735854348955774,0.02038971166725882,0.02010817748469037,-0.46935586935996176
214.2496929610719,38.77949456705472,5.524819117758399,0.007904226463113789,0.007681081218520931,-0.3137827145586913
129.58387089336836,6.837241510712898,18.952653740595604,0.014660487403708981,0.014464402036011216,-0.09814922923627628
67.5612251211045,11.102062638693718,6.085466036341318,0.025424820865701508,0.024358191991445965,-0.28410247130353905
216.56757126048308,37.69933301294016,5.744599544669585,0.007865750384286432,0.007598872181550154,-0.29973366683317254
155.7515373274242,8.90427817480031,17.491764550686568,0.012146549418249853,0.012034251720058125,-0.1043886025963777
601.4920764447502,36.39896838900937,16.52497592833895,0.0031353316780316598,0.003109066292890287,-0.11013814527328804
176.73491455963736,9.671459057301387,18.273862662553775,0.010729246866364983,0.01060544947021077,-0.10083178953271964
350.52926811761205,30.292354233938102,11.571542621302633,0.005251802635706772,0.005173101078769123,-0.1513427187950206
379.94496138292754,22.90812244089537,16.58560025437324,0.004964589028378015,0.004921972733914483,-0.1099622645995206
517.0497819610536,37.30409250445618,13.860403705016793,0.00360780377322759,0.0035470148454275698,-0.1296077570992934
844.7757805573165,44.6239891181442,18.93097854431461,0.0022487075758180083,0.002218758218598196,-0.09814922923627628
70.3054515497959,9.288986125439415,7.56868947809631,0.025127384003395897,0.02470445542038609,-0.22854069888323758
20.37706042117035,3.713782957741383,5.486874341618256,0.08301909437304004,0.08076087809836544,-0.3165272866883754
172.01419901689783,12.820879896302559,13.416723376880348,0.010820456873011705,0.01066181316962551,-0.13297970256312866
339.15865251006016,26.145487794568105,12.971976471615978,0.0054748900418489475,0.0054081495759613525,-0.13642237085943215
629.8008059276929,44.614534291887715,14.116494006353662,0.002965531595631895,0.002912005248611104,-0.1272999322756782
39.108087657289,3.5695580440236157,10.956002724977756,0.04686294117527873,0.046373037240963574,-0.1601612996055388
733.6383770921956,47.44115147030374,15.464177288180366,0.0025605587227216222,0.002528654672926564,-0.11611035730189036
69.41154830628446,20.443706883793013,3.3952525684718786,0.02225801925295579,0.022165910690262195,-0.5143724538765504
185.07516004727384,22.945870175534484,8.065728544241745,0.009614412532510915,0.00938460835683406,-0.2128335309748802
54.17247082775093,27.40015278258085,1.9770864512182609,0.024518029597207724,0.024416639007226605,-0.9559836153523664
68.7143043429913,6.716760817137206,10.230274117796927,0.026514274931081896,0.025926222056213755,-0.16969828060194272
326.56741819708907,25.15643499524908,12.98146650186177,0.005686279113137975,0.005616667862587938,-0.13642237085943215
55.80000168420851,17.431617703072387,3.2010799361652795,0.027310607313258,0.02729206261428307,-0.5515561863791927
71.55247400445211,13.184021416426198,5.427211602925922,0.023602581037440666,0.02299947437980648,-0.31977038553775505
547.8526341927679,33.83576943184609,16.19152285856196,0.0034382669269966697,0.00340220051122388,-0.11260787068991106
415.02566146324125,41.77263736229778,9.935347339065212,0.004378300018065178,0.00429251123063973,-0.17405732920395384
284.4689765035383,38.36413976281223,7.414970810300417,0.006195151300246157,0.006105614450370281,-0.23331583217330729
647.445113758731,36.50864768877552,17.734020697725988,0.0029241742830205925,0.0028949993847397007,-0.10335061644426226
724.1266769527164,37.37343291431473,19.37543919534783,0.0026263948935598036,0.002588432750291621,-0.09636579975439602
472.90014434521896,26.36301415392793,17.938015038191665,0.004005903431793911,0.003963528513148362,-0.10253805771853677
712.5161905929775,41.952085438771284,16.984046994109242,0.0026508735536493757,0.0026246122754889603,-0.10721876293292538
67.05141150458664,46.79026934860703,1.433020421511696,0.017568257820956907,0.019432844125881598,-1.0064660546555555
11.780959940518613,1.76130513206904,6.688767168173346,0.14768578146121314,0.1461593344237895,-0.257982956104573
32.99879771778088,15.27911006052364,2.159732967893155,0.04142681595035431,0.04112703958510359,-0.8632442808644746
358.45783636093006,26.3347954557143,13.61156713610052,0.00519760472168555,0.005116315132233051,-0.13163321059959784
196.08920464339744,49.88924961162331,3.9304901591005716,0.008130793430901386,0.008003710986685612,-0.4485643884026976
329.3004194110119,18.215239135209483,18.078292410363396,0.005755136353759409,0.005691924745606847,-0.10175601203112118
540.2533386890242,49.18039297435172,10.9851366777564,0.003393087114909458,0.0033568710741429335,-0.1597842630273994
305.87429674821425,42.91744669929818,7.12703854195539,0.005734080687322714,0.005673680626917257,-0.24201219289130485
42.291785604072615,27.03638207372381,1.5642546213746278,0.028848303178803547,0.030809756778477092,-1.0071452439729913
503.397980478487,32.08037114107054,15.691775455615513,0.0037349782562656132,0.0037031177214279865,-0.11508397781127808
608.9238329013348,39.05515772535921,15.5913807129743,0.0030865198238382643,0.003046551982755173,-0.11538752843956268
252.85503650213593,17.066042947865707,14.816266270662243,0.007409573213308324,0.007336686411847566,-0.12107111210965613
220.71429993251718,15.473983361418101,14.263573559399898,0.008467820554464206,0.008309308699081485,-0.12596979872875796
338.69387362131795,47.011997892375696,7.2044135285781294,0.005185298300363038,0.005123898620240801,-0.2372210342329613
439.72845564450756,37.70524179501676,11.66226324804058,0.004189063341624177,0.004123734345055274,-0.15090519890616375
446.820308635551,49.65612257914842,8.998292364115832,0.004028388608713447,0.003984409228614442,-0.19249598843847712
680.1164719900047,35.647313071003744,19.079038878339063,0.002794217927398393,0.002755929731417824,-0.09755855859825942
315.6402104685653,17.678530019327898,17.85443756485842,0.006000262682717788,0.0059382586369518325,-0.10257733072106687
220.1995254478696,39.77898416457483,5.535574376078921,0.007692943555147858,0.007473536963033846,-0.3137827145586913
53.1754171165937,6.414520916101204,8.289850140345965,0.033562713203404745,0.032662797732526866,-0.2072744654045315
154.6092988738359,10.524369889877445,14.690599103946575,0.012111400509497322,0.011998748613343446,-0.12169449300465796
38.084386709863544,6.834729988723133,5.572185993111702,0.04452447303049767,0.04321112757346702,-0.31076489022478127
644.0268977314461,47.372888624519625,13.59484119357893,0.0028926824096099798,0.002847681143289299,-0.13163321059959784
822.6299638679753,43.51013139146546,18.906630193016028,0.0023090952733240302,0.0022784888568501845,-0.09814922923627628
153.3067712945386,10.378897957757586,14.771006702108604,0.012218540628118817,0.012100692583945426,-0.12107111210965613
165.21569326168964,25.300042576313192,6.530253566307058,0.01049782051441996,0.010062783094134066,-0.2615867060009614
820.0766363022592,42.71157410055913,19.200337462896822,0.0023180659817618977,0.0022855829845802524,-0.09746965201511303
409.39236807226956,24.758268953185585,16.53558125757391,0.004606695993129998,0.004567937475534077,-0.11013814527328804
333.77009763924576,31.317243259646016,10.657710031244251,0.00547814118965545,0.0053823363907777805,-0.16212800125053764
61.479512755605086,7.0608922576625135,8.707045867877,0.029179868423783797,0.02871451402738021,-0.1996408386450624
814.549573116524,42.6139986432799,19.11460081310572,0.002333276944905498,0.002301091631308386,-0.09746965201511303
393.78424529966185,46.4988619833748,8.46868565171456,0.004542531764032221,0.004410684059491342,-0.20579264467921993
100.5023369163717,8.634895975596567,11.639090638776132,0.018325551665578154,0.018042598716368576,-0.15090519890616375
255.15947506235648,26.016073375107332,9.807762738957289,0.007112994039184099,0.006981917141816027,-0.17952538509796961
96.70035574492307,5.897091511279637,16.397974418399286,0.019493662400836064,0.01929469917946633,-0.11106247497193811
42.86300639012437,31.527703850887672,1.3595346680762972,0.026885077364100604,0.030399165572510732,-1.006376316892097
529.4088786978944,30.847264780683528,17.162263249654757,0.0035697957501763166,0.0035323902102180563,-0.10656027883392642
440.6267855589532,24.352164512518865,18.09394747363987,0.004301269981560626,0.004253834009674554,-0.10175601203112118
731.400154879034,48.112273812881675,15.201945302431485,0.0025657063651392453,0.002536392832428725,-0.11859574204555984
49.977513416789634,31.75025032169588,1.5740825004657846,0.024471488127335142,0.026071717840832825,-1.0071209801278498
168.350789001121,16.141441514103462,10.429724560475332,0.010840564908422841,0.010582084725618857,-0.16696830820621486
213.32444346929768,47.95627551899995,4.44831132444345,0.007654602328653179,0.0076342467066339206,-0.3899687936469957
30.688710274089793,20.249422576228525,1.5155350804973717,0.039263315871372814,0.04245859850581884,-1.0064465940458043
64.14768915325635,49.83791432786314,1.287126277621794,0.017546075459707322,0.020312495202686996,-1.006185247415505
33.95205956542866,13.146888698266043,2.5825166961295287,0.04246379322108261,0.04230142422182561,-0.6986694083805378
214.00731915912846,11.81472485301406,18.113610077388554,0.00885653129546759,0.008758360290427952,-0.10175601203112118
772.7441298931541,41.4957163729376,18.622262667987513,0.0024562787109615423,0.002425580646265686,-0.0997607700709778
534.6715855968166,31.081343445733758,17.20233189180907,0.00353511205568956,0.00349762132623435,-0.10582373326393549
400.1201854024905,20.86902901314142,19.17291816262899,0.0047507155326441475,0.00468447550102676,-0.09746965201511303
683.6200417499126,37.44302244375565,18.25760841761105,0.0027736824964630633,0.0027418055228257084,-0.1009016411972466
384.0292282260427,25.092770226448504,15.304377506364952,0.004888517380060285,0.004830669058815762,-0.11682533421115988
34.19721162673912,1.8125519241409653,18.866886609577502,0.055540492432673026,0.05481011804245109,-0.09824036033183338
646.397224211451,41.62557816107084,15.528846751634452,0.0029068804014973962,0.002869935143572941,-0.11554131269698573
675.9143089735454,45.75570404349249,14.77224147465994,0.0027713497359253335,0.0027446054712018954,-0.12107111210965613
444.47935239312545,40.84132340487622,10.883079081126375,0.004120986596566169,0.004080191342049796,-0.1605250445194975
565.1318162204408,41.197396578847,13.717658472395083,0.0032985380842305827,0.0032452309351586103,-0.1307087181154518
109.73023361789888,10.924677713130732,10.044253615464598,0.016576200487295432,0.0162352913513168,-0.17124146754364714
37.33632120018751,3.5529019141869718,10.508683352923738,0.04891264366666105,0.04808389079032633,-0.16682248512960882
204.2968484263321,27.290048021531906,7.486130045104408,0.008636067198431713,0.008501638214200573,-0.23331583217330729
252.45297173344557,32.052382852517866,7.876262207869335,0.007029744670045213,0.006879926513425724,-0.21933465485851883
58.181327430992745,6.704671000152828,8.67773041058488,0.030823290823247796,0.030342283501715573,-0.2008093725696663
48.29906495974423,29.112839426512323,1.6590296896894055,0.025835819643717138,0.02697774023731072,-1.003900024869933
81.49046480105454,10.35564626709752,7.869181961146177,0.02177555453072968,0.021313633415422254,-0.21933465485851883
25.292458210358784,7.4843190925344745,3.3793933553137427,0.06101881162744627,0.060831184056272726,-0.5145785654666981
25.25798719921461,9.685396702347699,2.6078422986114944,0.05723544135376598,0.05720989820520477,-0.6897160087604138
251.67900749486245,14.05601528635485,17.90543069053039,0.007526294347909959,0.007447395889871797,-0.10253805771853677
404.2683085077646,20.861709493677257,19.37848423353272,0.004704443147538965,0.004636408955485196,-0.09636579975439602
93.31612163483085,46.476266357449354,2.0078231094799177,0.014306930647113967,0.0143348252235328,-0.9281512709788704
638.3319583804715,35.34909099778728,18.0579454906048,0.002968763930417522,0.002936329885064382,-0.10175601203112118
547.7993496894669,29.164253126805818,18.783246301821684,0.0034664231681818527,0.0034216053871673514,-0.0988667621260604
249.75584775968701,29.642921309964308,8.425480240226287,0.0071582276710081705,0.006954223131116583,-0.20579264467921993
19.45607647982209,10.82022831136145,1.7981206976374826,0.0660582595463367,0.06697134592065969,-0.997824328210271
96.26286208843034,26.561537438587308,3.6241449619021053,0.016283409548117193,0.016163092181829576,-0.4858429126869703
246.54184545615055,21.349773203453207,11.54775009114728,0.007465705758198051,0.007355032699152422,-0.15347801774918865
72.26925623292767,3.647708245357707,19.812235894935366,0.026344572833547138,0.026132847123745487,-0.094202377341679
30.30718487653541,6.692345943018959,4.528633925170887,0.05405473949802071,0.05372765455843234,-0.3801588369764024
640.0500957354235,35.915555845288154,17.820971461294903,0.002958730218500157,0.002928447661320326,-0.1030498638867562
697.7132413935293,45.694485000554856,15.269090818838578,0.0026903137121012245,0.0026588546703904445,-0.11791630162372602
681.1954309625207,35.103831228256254,19.40515912730926,0.002792129080076207,0.0027515645595799342,-0.09602694898365999
30.35485136739395,2.136563991748408,14.207321421041902,0.06155472077449051,0.06041812658687373,-0.12722307658369517
588.0655128745584,31.678309755426923,18.56366445731262,0.003227139871298224,0.0031873204004467344,-0.10021091784610414
58.97898658131631,13.725914028147349,4.296907765877722,0.02750846206011688,0.027069182263400694,-0.4010922719424337
586.3546056883266,29.32830287256314,19.992790180739235,0.0032484254024118396,0.0032225402304524786,-0.0940391885972242
243.17516469627893,36.272729057564426,6.704076892322124,0.007156969312360377,0.007080892762754551,-0.2576953385014043
854.8055287577815,47.26295563999815,18.086163194465318,0.002217126564769856,0.002192724710973846,-0.10175601203112118
897.0016555536821,46.68281449846185,19.214815241768196,0.0021193524567480575,0.0020895760831425567,-0.09746965201511303
69.60138363392457,19.042947257958776,3.6549690912385158,0.022562074527240055,0.02235451987284459,-0.4852656732691057
285.7721975603324,20.288628167658953,14.085338604404365,0.006534648775264956,0.006417640582596399,-0.1272999322756782
431.71749942886186,23.421827531240503,18.432272155237605,0.0043942588159939875,0.004341619713039004,-0.10045286830664628
64.51631339103152,34.574474158476974,1.8660099672177775,0.020183510994912064,0.020196436524380013,-1.0004275886910212
238.81469301410135,40.681731049403886,5.870317876200618,0.007155726613323589,0.006890988455974077,-0.29491478773566954
144.0393244960553,7.654594908607673,18.817367374213564,0.013184444095380936,0.013012788087850159,-0.09832266537265712
497.4962469391724,32.35868196576281,15.374428645318423,0.003774618090528008,0.0037289087543594304,-0.11647880534144663
385.8166940920608,27.990018828719077,13.784081263146373,0.0048331743723618245,0.004753509323272914,-0.13055290822122617
590.1710418398092,44.42665573061695,13.284165376262804,0.003151602988250749,0.003107545308769564,-0.13430770462602354
70.58843991895603,4.463458633224258,15.814740478050588,0.02664822660827811,0.026408601529955937,-0.11406352644278
5.658454094756285,1.2801781034127035,4.4200522409123835,0.28824124739278917,0.2852940368639489,-0.3955206330648886
53.070839155634985,6.427021952931189,8.2574541590652,0.03361465374949506,0.032727160927841295,-0.2109211407674158
27.852103652711165,3.364371950291069,8.278544722233086,0.06406873169909195,0.062360025486009524,-0.2072744654045315
233.05100945628647,14.48363067035114,16.09064845414457,0.008079677248310818,0.00799885821902266,-0.1130921114958023
108.56172070307345,6.324569721736099,17.16507612051009,0.017408517522888897,0.017225949701274564,-0.10656027883392642
267.5414387267286,18.235215422633953,14.671690601178762,0.006998472306820033,0.0068549502505823295,-0.12220993775424631
180.80841189490923,45.01261256604435,4.016838872207644,0.008856571281500927,0.008777324618084172,-0.43200507672748756
55.55087893985082,47.59550922183516,1.167145385102131,0.019389917918065363,0.015081584615218194,-1.0063024635678528
68.58816374424079,5.442464687776255,12.602408592248548,0.027015845230013373,0.02674252557038198,-0.13962818154523823
287.76864114787224,32.74991317671341,8.786852032099066,0.006239888371562483,0.006159387047163833,-0.1974353578870094
276.52982774096324,42.11799606010185,6.5655979298340466,0.006276521760426706,0.00601211702412345,-0.2615867060009614
518.6046614425463,35.04189433810115,14.799561246284167,0.0036124129719907294,0.0035771335053415452,-0.12107111210965613
262.6558949383984,31.45386626567659,8.350512230193349,0.00680018232585029,0.006612674328247605,-0.20594971400270712
592.0127007346006,31.06764726581708,19.055601335669106,0.0032098588992870297,0.003166069247599681,-0.09807797984233034
132.51365350599227,7.330413733119176,18.077240702975462,0.01430164353401073,0.0141446043965537,-0.10175601203112118
88.96346217700578,27.146520648142033,3.2771589158736125,0.017225047763652135,0.017126239396528412,-0.536427828735979
220.73715708749936,36.12659271661706,6.110101741921746,0.007786229086530094,0.007455334273535237,-0.28410247130353905
17.308904995582193,3.8337014459785586,4.514932954348527,0.0945957162627088,0.09407492617820967,-0.3805271236436497
82.50298712175307,5.108330105703925,16.150676525315156,0.022828101018132037,0.022594842289648902,-0.11260787068991106
42.26271208816318,3.505953119459101,12.05455710562481,0.04369801895963795,0.043186931472355694,-0.1467919710521373
365.1036250885211,36.02279659351047,10.135349268088051,0.004985959268435769,0.004879442959249479,-0.17124146754364714
110.14243432490638,6.2322057197953615,17.673106324950226,0.01718587485410706,0.017017539311462326,-0.103664098523445
38.619349258452466,29.275577497065775,1.3191660954364843,0.02945728194393328,0.033739554218505996,-1.006370536956614
43.13370800537019,2.857789101250225,15.093383898237999,0.04348629911662742,0.043008547056549766,-0.1189256494633792
201.45032515216417,37.2386345617931,5.409712990896088,0.008379105604200472,0.00816910715549414,-0.31977038553775505
199.5014037132742,14.64738313252773,13.620276189146546,0.009339301097419256,0.009192833826256018,-0.13163321059959784
3.9192600031910954,2.493715005569766,1.5716551387938655,0.31186773646673654,0.33246062448729163,-1.0071209801278498
125.93252872704227,24.917737703036064,5.053931068216446,0.013258180096930978,0.013067865064824834,-0.34197935707601324
459.47174910076563,47.886661554632184,9.594983951357117,0.003941986489228454,0.0038778005103396623,-0.18063068011005493
811.9822605701105,49.07020797125631,16.54735722835621,0.0023227388261112866,0.00230310295079838,-0.11013814527328804
29.596344928102916,25.705148990361895,1.1513780736769905,0.036165388279541806,0.02830739009213203,-1.00897466511782
254.021605707617,17.918473464954467,14.176520461100703,0.00735456136544997,0.007219792376841714,-0.12722307658369517
242.30715734201831,33.99130424997372,7.1285042656815865,0.00723854917061893,0.007162120552975276,-0.24201219289130485
92.26705770311256,39.29687482376329,2.3479489938298492,0.01520173471244819,0.01506403041415809,-0.7719284058061981
232.14436848834544,38.18656245349382,6.0792161842550385,0.00739833948350621,0.007088990800824809,-0.28410247130353905
4.441657752521613,1.8480078368228168,2.4034842623600143,0.31798192949849013,0.3137822331566856,-0.7607281560446899
825.1632020506593,45.21270981435748,18.250691131736264,0.0022978577103707487,0.0022714939315352303,-0.1009016411972466
47.426516310864685,14.511785712927292,3.2681378604299893,0.03229019741664459,0.032125689789244884,-0.5438102070094567
130.6458691501582,22.29156344219814,5.860776409376667,0.013077243197424761,0.012596412755964834,-0.29491478773566954
98.4162387816142,21.43568663841785,4.591233322343353,0.016687257989313205,0.016545378891163635,-0.37860353983272665
352.62796818556967,42.58110760771754,8.28132446516394,0.005060612527648767,0.004925468341490229,-0.2072744654045315
65.338271945606,4.180986009293672,15.627479211929751,0.02876900673044427,0.028530628786644984,-0.11508397781127808
434.31015913499135,21.770472245441166,19.949505653279424,0.004385189509027256,0.004350695617862409,-0.0940458558566476
43.85406973367823,2.7910028418349655,15.712656782837973,0.04287698334614491,0.04250784462563473,-0.11465514354736822
138.85870408363942,16.878360093684364,8.227025807773726,0.012842158098747643,0.012508095225891474,-0.21101667776337904
109.38292708177302,10.201260620779308,10.722491184958756,0.016724619186064122,0.01642361372661162,-0.16212800125053764
103.4437400018223,24.104458553234952,4.291477436564929,0.015680346901463162,0.015433635108825245,-0.40512960780328844
142.22371782187918,26.52450081629037,5.361975284923387,0.011851976963907431,0.011570990534350957,-0.3230354954894175
476.5151321720272,40.831515929149994,11.670277757966824,0.003865879884098255,0.003805384577765603,-0.15090519890616375
203.96706764215284,49.74924944675511,4.099902408788131,0.00788281976873862,0.007780737073036734,-0.42605827893674014
110.4966340656707,17.9824057960561,6.1447080729267505,0.015566741486801764,0.014893388442032597,-0.28013994684396
664.8488058473966,39.953984301054184,16.640363094647725,0.002837673215764008,0.002812787996109,-0.10946120500189957
96.18740387127035,9.416461167494209,10.214814478639914,0.018938700768819868,0.018521160163745224,-0.1709893682040057
107.180931573473,12.890701987903022,8.314592306458907,0.016656723496459108,0.01620491507326957,-0.2072744654045315
219.60187484454644,30.622702225926815,7.171211515704181,0.00799281998361304,0.007902633221873793,-0.24021605750478014
153.75649526542955,19.398408614386,7.926242730622894,0.01155035147828197,0.011296159493123934,-0.21933465485851883
346.0904365613867,23.275108893552506,14.869551766404754,0.0054146902021861435,0.005360211998066567,-0.12033918442793407
179.0831077169638,25.83941611857585,6.930617429401654,0.009759786101429718,0.00969065756037186,-0.24880816012122664
561.8620199238738,32.179735824764045,17.460119094311853,0.00336676669719877,0.0033342764919014013,-0.10482304948765182
65.33850943032364,4.548237993900033,14.36567512912776,0.028617729021779795,0.02806894844144994,-0.12367370116581694
392.48684494337266,23.7573087601817,16.52067786403475,0.004804872289988686,0.004764691516182593,-0.11013814527328804
140.8243902645622,28.73186387112159,4.901331528516145,0.011795495307413093,0.011603339763618286,-0.3554540612432883
473.90073080623534,23.957708258027868,19.780720497230295,0.004017206183667485,0.0039852258123106495,-0.09447053967709336
32.41067948768831,2.3620135422452875,13.721631526667414,0.05751639650913225,0.056585769919992306,-0.1306001227802952
807.2933532852611,43.50314212629132,18.55712745855591,0.0023507384089923263,0.00232177460443173,-0.10021091784610414
89.47889972604543,5.422662781210295,16.500915387195523,0.021074468608955618,0.02089966177546347,-0.11039008129265553
267.04165841621926,15.463978770555448,17.26862551859462,0.00707950474870605,0.00701539728233887,-0.10531834055107443
99.62571662177619,9.451235506749383,10.541025726279996,0.018335679178525233,0.018020202533830014,-0.16682248512960882
73.72976381227284,12.881593289590489,5.723652513688137,0.023091659880676005,0.022320284340897785,-0.3028051876062297
653.5142671963474,45.95369628309335,14.221146938223104,0.002859316086545521,0.002806340036475328,-0.12722307658369517
75.55288109436613,43.1579306149671,1.750614082227671,0.01684766510481839,0.01724619378262385,-1.000392622563557
129.5510476334535,19.49560749526365,6.6451403304527545,0.013418617132150963,0.013291264680864596,-0.2593360261650833
663.2624663984899,49.11987564398559,13.502934559641991,0.002807481154383738,0.002765094280699253,-0.13159897144042307
189.26517281432382,25.675394778792437,7.371461060090672,0.009304897732409508,0.009176848903553796,-0.23475611431881827
147.7479826379778,38.10801372052389,3.8770843246129343,0.010761019494588468,0.010622421325510452,-0.4535117153793148
793.4071535784158,49.204468499606904,16.124697162103363,0.0023735727678045335,0.0023495401749698288,-0.11260787068991106
631.2380414266094,49.43800688885929,12.76827447444806,0.002938255290383117,0.0029057512418144723,-0.13751371645582958
203.57026657145215,44.63042850026103,4.561243828753773,0.008057995161625697,0.007998879144334678,-0.37960779006065687
15.169137426464372,1.0111061098858332,15.002517815046298,0.1236075338116414,0.12229555697979015,-0.12033918442793407
36.641580823573754,23.256793579724906,1.5755216082546135,0.033389887787837164,0.0355606826698557,-1.0071209801278498
127.396133497668,9.525966643033659,13.373564937982731,0.014606845775406545,0.014395909845054412,-0.13297970256312866
270.22434019305206,39.85730951985206,6.77979380566215,0.006449914085053869,0.006422193761274302,-0.2556930725164505
207.68631783420707,32.085329782579166,6.47293698526892,0.008341269786811864,0.008005003422356128,-0.26880319008702624
60.0663934705077,34.76578525510659,1.7277444772136943,0.02108988770348474,0.021692656290888224,-1.000392622563557
224.84181580616882,30.352658481972107,7.407648194628919,0.007837160289535867,0.007724799265628392,-0.23459914221055408
25.91973816780219,4.891998311460713,5.298394749458275,0.06491033056011146,0.06349096900683339,-0.32832583858702225
22.417420098635716,14.20589081644762,1.578036913579595,0.0546100270572833,0.05812442388356162,-1.0071209801278498
897.6755481598784,45.87049911106806,19.569779391026486,0.0021196633760320175,0.00208800742075067,-0.09516221184911976
165.4917897932781,44.05253034079525,3.75669203364745,0.009544520217586115,0.009401708178789934,-0.4696049381421816
260.423003253022,21.912548158761165,11.884651724035052,0.007083769613848675,0.0070085853706789315,-0.147704426351155
272.2772689973387,43.00488178193362,6.331310719047774,0.0063435243481328295,0.006105145026780246,-0.27287827585148805
269.74303728768075,24.939802050719333,10.81576496634225,0.00678695781705596,0.006659904777305666,-0.16212800125053764
104.81455113783149,29.24851206258432,3.5835857534754316,0.014918352245988342,0.014844365565006583,-0.49003410481411935
566.746716761749,44.66390195536356,12.689144744410088,0.003271124083838262,0.003236402908932919,-0.13751371645582958
24.967449777024335,1.8847439631596026,13.247130785429691,0.07448181028900545,0.07345496912258223,-0.13430770462602354
407.0459421390638,22.353023583537354,18.209882909927526,0.004657673072487168,0.004604770646120076,-0.1009016411972466
566.4664650968184,49.68715419075823,11.40066229033863,0.003245943766933458,0.0032011132993185107,-0.15431342543842827
129.0588357615582,11.576026068782147,11.148803138030235,0.014221224908037155,0.014052201808987048,-0.15772462057534828
222.18292965853487,48.37871635383519,4.592575959095729,0.007392030723780267,0.007328798671381139,-0.37860353983272665
94.81804098736175,24.2516889722733,3.9097500011552277,0.01679688028752568,0.016552138234790077,-0.4485643884026976
85.1650645840496,6.215840175965105,13.701295749745757,0.02188641057179743,0.02153445501859489,-0.1307087181154518
276.688174839564,22.142206861534973,12.49596196846221,0.006692759914888683,0.006629198099338606,-0.14093022118470583
402.0047202643886,37.99190615808235,10.581325364188567,0.004545489396729289,0.004465807242068336,-0.16682248512960882
98.8859195523697,12.119789421522137,8.15904601252969,0.01801709135942182,0.017564258910513667,-0.21101667776337904
334.4024021060966,49.498744406703224,6.755775446716404,0.0052096744648125635,0.005189654921144014,-0.2556930725164505
185.52537045027498,29.881609440453914,6.208680654232417,0.009284750201755555,0.008870319399891684,-0.27526249160821264
463.37636206035774,48.67951610981158,9.518918820291274,0.003905823729915954,0.0038451244582854297,-0.18063068011005493
174.84017354559927,28.622119440050493,6.108568371807857,0.009829831221557405,0.009412420837296674,-0.28410247130353905
61.763262625116745,43.06684930988056,1.4341254030613932,0.019078487689111245,0.021096677422916713,-1.0064660546555555
139.37341817351907,7.335609357339844,18.999569276963364,0.013632426263471198,0.013448426755600507,-0.09814922923627628
240.1702861853404,27.356927181443478,8.779139725467804,0.00747587497671861,0.007380090472550433,-0.19849310542358004
7.78625077525237,3.605707891039771,2.159423616816354,0.17556243474775185,0.17429991650326881,-0.8632442808644746
875.6163306142801,44.84256559896133,19.526454807361905,0.0021728292357518406,0.00214061015133114,-0.095752505942238
247.37804352873025,30.871234587105732,8.01322159082212,0.007187799420515996,0.007021067305920099,-0.2155387810136595
296.9108179146935,16.785872405120582,17.688137425858184,0.006375585276213779,0.0063128491550037726,-0.103664098523445
127.5577031495815,22.012301071876422,5.794837292705989,0.01337166506352931,0.012901371317005913,-0.29972069979973437
42.33387032328428,19.854290845037053,2.132227771502925,0.03216046209481429,0.03205808610543106,-0.8675043306789361
98.08928628110448,25.591469342060748,3.832889974781177,0.01617066446532449,0.01600012989264796,-0.4561097175311457
178.45763524465593,9.464160917117615,18.856149721829393,0.010642725010345732,0.01050307095807144,-0.09824036033183338
166.5591527630508,16.497709684755606,10.09589548766012,0.010925566915418124,0.010695913633572775,-0.17124146754364714
152.82612551492576,11.869349227991602,12.875695421827713,0.012143624487083905,0.012002010235983941,-0.13642237085943215
69.53620905882853,9.430351609084074,7.373660277082951,0.025327176251360828,0.02497774781125389,-0.23475611431881827
350.26792328062106,48.473159842334,7.226017953438943,0.005015786144572627,0.004954587492563291,-0.2372210342329613
351.556844627938,43.97396696794112,7.994658405147705,0.0050564960841620495,0.0049404752607226585,-0.21933465485851883
609.718716249699,33.25705457427158,18.333515221200358,0.003110537116254021,0.003074127718291405,-0.1006659802439623
115.23278969791691,18.844003908789624,6.115090521933482,0.014916824501835043,0.014281258806554039,-0.28410247130353905
52.44800295110603,4.966304897261983,10.560769835138716,0.03483452252497806,0.034229627251508216,-0.16682248512960882
237.55518544237222,33.474044581862486,7.096698006164713,0.007379277872800529,0.00730538913937232,-0.24201219289130485
896.7970308511785,45.12554868585587,19.87337676699032,0.002123316760261786,0.002105940764644769,-0.09419635696719965
214.7195603775114,39.790674075816824,5.3962282711870255,0.00785823015838979,0.007664272830029155,-0.32135846776810545
2.9466188537544173,2.5069645613911695,1.175373158094933,0.36673134850117783,0.2843242790337917,-1.0063024635678528
307.7705464941762,29.562751580634025,10.410754413529984,0.005928854374632359,0.005788410662189067,-0.16696830820621486
279.2360304307954,19.781954325793333,14.115694831359738,0.006688560895854044,0.006567860349581467,-0.1272999322756782
314.36430407048846,24.724463756010838,12.71470666351914,0.005898160569633893,0.005834697829893011,-0.13751371645582958
256.68499487663314,17.29718764146935,14.839695342220871,0.007299744755730079,0.007227216812435959,-0.12107111210965613
403.71031389537893,36.49331315887846,11.062583222788591,0.004543351933248586,0.004492233026833971,-0.15752546669499704
20.137469582029127,14.422088967505754,1.3962935346883958,0.05787110958415054,0.06470523135398232,-1.0064660546555555
397.552271333322,20.24792702907014,19.634220864316255,0.004786977143235431,0.0047529631758976044,-0.09497468413321988
303.71332093895313,15.689363151151472,19.357912619714142,0.006261688143596792,0.006171455371761583,-0.09636579975439602
143.70165588076966,20.675388725325497,6.9503726285323975,0.012167149037097601,0.012076639347650839,-0.24551035500853874
39.97347040890003,7.188680160786762,5.560613285725198,0.042406887214458136,0.04116903726004135,-0.31076489022478127
107.53619333083294,7.027179830701919,15.302894748901217,0.01745758652881136,0.01725110451664592,-0.11682533421115988
716.8927963650975,42.483255777858325,16.87471412534093,0.0026337412068184254,0.0026085891081580504,-0.10786610765472404
146.16682510323935,19.38795542908433,7.539053080551808,0.012080593466218337,0.011882709311057992,-0.22854069888323758
122.25275484912366,14.8162593743699,8.251256390705754,0.014591189783702415,0.014207106381901686,-0.2109211407674158
84.70030043354677,6.116772886445981,13.84722009562138,0.022022290819183596,0.02165261803150074,-0.1296077570992934
270.40166646937064,22.34777346971976,12.099713952969537,0.006831780789797996,0.006749946753727379,-0.1467919710521373
249.6373396897742,19.42652258297187,12.850335855197851,0.0074331795548695035,0.007347541537797601,-0.13642237085943215
419.2294374907856,24.986844800681276,16.77800622027136,0.004502311328353618,0.004460752449799195,-0.10880193727536132
95.2295039955238,21.596584763633647,4.409470526834417,0.017119463822186973,0.016951922916433992,-0.3955206330648886
104.68025521724422,34.467881896626736,3.037037655263898,0.01437317122228746,0.014178313526498195,-0.5861591085199922
184.7836044417997,39.557084390394415,4.671315070093245,0.008915012298531326,0.008812112766194617,-0.3707294000950962
129.13275703889727,41.630122438439514,3.1019067318346747,0.011712147312820612,0.011701319314659554,-0.5733869349677637
9.758103881189777,4.915304311411608,1.9852491855966865,0.13630098568432372,0.13554986505938227,-0.9559836153523664
417.7485279897011,46.48771485976146,8.986213438322673,0.004308151357860567,0.004261690567354276,-0.19250641300682483
370.6929385691409,19.91565103752711,18.613146909967607,0.005120215103344103,0.0050563499084152405,-0.0997607700709778
35.922622629327584,13.179515971043585,2.725640509731341,0.0407314234574883,0.04064200772429185,-0.655170824603331
210.0726940593212,13.579476837502973,15.469866517917334,0.008942457352326105,0.00883083886165893,-0.11611035730189036
822.2835901468366,45.19788873255692,18.192964609750227,0.002305524727264017,0.002279448633590688,-0.1009016411972466
296.7228543329342,25.703173635982367,11.544210786388891,0.0062029731675161464,0.006111168413757416,-0.15347801774918865
385.233332849336,23.92625643633897,16.100861155372694,0.004888068255938152,0.004838994509257607,-0.1130921114958023
116.74101183401058,14.225497104600253,8.206462732065706,0.015271079730295619,0.014877872534560662,-0.21101667776337904
181.3223455067014,24.800067849921977,7.311364896417889,0.009702971973939066,0.009578840869107638,-0.2360195071401
366.8520485440266,27.843272756870682,13.175608045340187,0.005067199665321832,0.004999244953707394,-0.1343395705167048
884.1519485502399,44.626509113227385,19.81225881475402,0.0021533660513955184,0.0021360597892462535,-0.094202377341679
78.31351742168806,6.139299148104541,12.756100579634847,0.02368186262144592,0.023421508612355323,-0.13751371645582958
69.83470213170277,33.57984418102118,2.079661291911899,0.019339639067332284,0.019151407295129208,-0.8894878488730429
591.3202917062142,37.04332158288545,15.962939240832355,0.003182870487250561,0.0031525080545808616,-0.11346214160985876
232.54597873539572,30.03677674738355,7.742041720759948,0.007616646402856277,0.007468879501022654,-0.22317195245009092
423.5190892377568,22.6910907890362,18.66455399501514,0.004482192674044121,0.00442566404588205,-0.0993449122371446
103.75264866580373,11.595685199152731,8.947522020810352,0.01733878533816961,0.01715922421406697,-0.19282298516066276
74.75266885033847,4.07935319395564,18.324637582521458,0.025370400861673203,0.02507406404093578,-0.1006659802439623
106.22157894961161,12.243042138928361,8.67607721547132,0.016882677559110312,0.01661954518916307,-0.20078050677274345
316.68694427322197,25.206704311859188,12.563599761204319,0.00584977231451053,0.005791905084579141,-0.14093022118470583
105.83578220852034,11.462662817875179,9.233088671462728,0.017050524408485913,0.01682148441773899,-0.18796039977881177
350.01913439466625,35.10284732959972,9.971246238464541,0.005193159816652405,0.005089728354181636,-0.17405732920395384
256.1282170033444,28.408432730050688,9.01592211851975,0.007028971494090335,0.0069508739883844825,-0.19249598843847712
611.3587994556184,34.527801626553256,17.706276410759354,0.0030965187954805616,0.0030658808013449075,-0.103664098523445
372.684874732418,20.17318957304153,18.474266222653057,0.005090897150185358,0.005029324593143225,-0.10045286830664628
295.44324334509713,17.189912137288612,17.187012998409532,0.006397274137204182,0.006329739408291648,-0.10624381247035732
580.692146241181,37.51712372118056,15.478056115302548,0.003235150453376032,0.0031946671269460357,-0.11611035730189036
414.54491430548245,32.606227231748946,12.713673107872987,0.0044727605818568016,0.00442466101852657,-0.13751371645582958
42.28279460694185,18.870371899831166,2.240697471750419,0.03270476598752233,0.0324057040235907,-0.8168780506651379
408.4949088793953,35.142179315449646,11.624063072827349,0.004508189358419019,0.004439035335871808,-0.15090519890616375
48.51033417766356,3.1041592983878203,15.6275272995358,0.038748806106718464,0.038427729143521,-0.11508397781127808
663.3668120758175,33.32990004345317,19.903054350927146,0.0028706895916247852,0.0028469941373341387,-0.09418124858084448
174.53878065421617,10.986809333505917,15.886211852419617,0.010780184017376569,0.01067494624516901,-0.11398899085355466
748.038109654975,38.894659567248915,19.23241180094702,0.0025415131739611354,0.002505692132248153,-0.09701747724045454
938.2929089310337,46.91878086955338,19.998237199294163,0.0020300205739588943,0.0020138181671802637,-0.0940391885972242
71.71672922357254,14.734540821123348,4.867252403329724,0.023134420107026613,0.022738190663311075,-0.3589647863203569
233.2421796050014,12.111422173777646,19.25803396648103,0.008151500469120004,0.008036081677672936,-0.09701747724045454
120.78801909704828,26.25589828014383,4.600414650006277,0.013601378660700852,0.013480922792323791,-0.37860353983272665
232.563324790878,21.9840575187265,10.578726178858268,0.007857083352628674,0.007719512922842336,-0.16682248512960882
27.186698054151325,1.6348752541007958,16.62921864280366,0.06939246440885186,0.06878653437758711,-0.10991373381799678
169.17096153050915,14.950476706794745,11.315422568005724,0.01086239613999925,0.010720284314440477,-0.15525947258038955
253.60942566691497,15.412104609263858,16.45521050476625,0.007434349205979128,0.007373853457525198,-0.11089714911713303
77.4882025115989,7.235746570497973,10.709081883483664,0.023606076223642677,0.023183696155660082,-0.16212800125053764
62.81251881428134,3.8244799535485803,16.42380652459693,0.03001335649836517,0.029772388938011686,-0.11089714911713303
428.2825674021402,24.7856143663079,17.279481600598217,0.004414346627020809,0.004374222691546907,-0.10531834055107443
128.97003000725945,42.665821747597704,3.022794938070567,0.011652577125066772,0.011508018401022278,-0.5861591085199922
17.47384889112815,5.61794590800045,3.110362608910821,0.08661085105760045,0.0864734285794166,-0.5733869349677637
223.99393589006263,48.448583183375966,4.62333305067466,0.007340998045392788,0.007269544834839789,-0.37355372042358304
155.2353141730888,7.881052151270233,19.697282950737566,0.012261185343124759,0.012166055352431482,-0.0948925412368821
11.905040283065913,3.0458972807569253,3.9085494964910414,0.13377087500114043,0.13182998832916373,-0.4485643884026976
453.79995090659673,48.76877470400584,9.305133328874097,0.003979555229128262,0.003923127267209148,-0.18796039977881177
144.0300559275715,40.62967169160575,3.5449475698650224,0.0108307318860807,0.010682285518264488,-0.49347214306518206
467.2253199316858,23.43524193823497,19.9368677807162,0.004076137671179329,0.00404419714757327,-0.094047063670495
321.06715024822614,43.84834808407175,7.322217695239841,0.005480720904264713,0.005409640607203923,-0.2358049475882666
317.51260367267344,16.175515381452662,19.62921095155602,0.005993620646935855,0.005903240325906996,-0.09499031415262117
418.92519811654046,41.69059379770226,10.048434429821652,0.004342013528646798,0.004252554682421015,-0.17124146754364714
614.665296967243,46.362919243484015,13.257691857995544,0.0030255894543576136,0.0029837104217365347,-0.13430770462602354
37.537530684594415,29.417928618455832,1.2760086262852857,0.029870603843485055,0.03471191643204526,-1.006185247415505
775.5695707026074,41.61299587721513,18.63767686880878,0.002447433513383254,0.0024167441281718023,-0.09942312934518888
93.3434782784228,12.614271582978725,7.399831029829526,0.01887544802165116,0.018607169195488805,-0.23459914221055408
281.6106926030629,34.45270098791678,8.173834983266744,0.006327844478529573,0.006167585035807538,-0.21101667776337904
207.43599911861222,28.883627020557444,7.18178499434898,0.00846311426890203,0.008366113302927523,-0.24021605750478014
213.28923698877094,28.65607245342704,7.443072924086749,0.008266330951449219,0.008143204589894463,-0.23331583217330729
229.58707289881016,13.596525448353207,16.88571641121868,0.008224238861474718,0.008145400856864412,-0.10786610765472404
245.08695373025182,24.426363044928014,10.03370633931287,0.007420783595893118,0.0072688581979578025,-0.17124146754364714
166.01946395585938,12.518798254244974,13.261613501884192,0.011202080580611869,0.011046796614935206,-0.13430770462602354
297.41381180087296,20.1085502688858,14.790415411550823,0.0062987689653196954,0.006237498182211173,-0.12107111210965613
132.45019006411513,21.062319941991387,6.2884900822369865,0.01302825417889684,0.012550319587459589,-0.2736525396099106
353.4161408767947,34.71488520166418,10.180536067561372,0.005152899061451762,0.0050408063095672235,-0.1709893682040057
2.1780257510428305,1.9299448994852684,1.128542971161367,0.4868583955785786,0.38465811562602936,-1.00897466511782
609.1870750416679,30.862932638861874,19.73847016322078,0.0031247558409502694,0.0031001994334051014,-0.0946648783172613
41.268998291562475,8.113052844197844,5.086740969655651,0.040500545319627025,0.03987664738190715,-0.3394645446927401
35.45255734783056,18.799547494801377,1.8858197176093854,0.03686492912673826,0.0368805993696034,-0.9903485014615288
161.42184967582438,14.827148780427953,10.88691103504023,0.01134758221333343,0.011234915279414876,-0.1605250445194975
577.7234431327038,31.29435248173108,18.46094893543381,0.003283976288381213,0.003244377960189008,-0.10045286830664628
377.1387994718584,25.109793108534127,15.019590079524763,0.004972049714755147,0.004918926700382805,-0.11970662873325257
312.57323698773024,27.335476426228876,11.434709683267515,0.005883932718030362,0.005801275094804583,-0.15431342543842827
82.33931897743514,18.958300529084344,4.343180384292178,0.019743800592187468,0.019527869948002225,-0.40036283062797057
625.4813116130347,45.90749919115812,13.62481778866978,0.0029788998085988213,0.002932115186161744,-0.13163321059959784
38.601069934824885,3.7838109414385097,10.201638118882792,0.04718663727848414,0.04615163040409459,-0.1709893682040057
474.8141744358093,30.97103005709465,15.330913229572802,0.003954247736457976,0.003907040291450349,-0.11647880534144663
66.8342914765805,7.080435437603936,9.439291137608008,0.02705820725444897,0.02665906593434821,-0.18063068011005493
37.317605977865455,3.9762430840040492,9.385142002004285,0.04843336345331848,0.0477452863457111,-0.18344510331748873
76.4521509458271,10.757752213336362,7.106703094634355,0.022933175333882398,0.022699597725667476,-0.24201219289130485
73.78018151262827,21.313189397402542,3.4617147221344515,0.021031960281355767,0.020853434473681508,-0.5114986826329992
141.33121216240232,26.685077734209553,5.296263835919785,0.011903607687270631,0.011644061262179956,-0.32832583858702225
469.203379806103,31.467400331473627,14.910776704258177,0.00399464094839014,0.003953761183986065,-0.12033918442793407
71.80841469060051,7.4106954362369315,9.689834821637742,0.02524643355369439,0.0248091023943443,-0.17952538509796961
563.7779216315779,34.00630151767592,16.578630914583147,0.0033456888331103427,0.003317048555046174,-0.1099622645995206
76.34349376699484,36.21645367605776,2.107978170636419,0.017768309646838266,0.01777990845503837,-0.872605087671327
100.73133677569524,18.49287545836209,5.447034832549345,0.016775116081905083,0.016337212880850376,-0.31823888135364153
392.43241326288216,31.482253648317933,12.465194444040364,0.004717930649988461,0.004650983937875542,-0.14259864811177586
55.08626727655454,32.3039090670612,1.7052508153795993,0.02288586753888739,0.02365380143924819,-1.0075910092209353
384.296948155663,32.87231325936321,11.690596433647745,0.0047942170840105935,0.004718547320612255,-0.15090519890616375
858.836041541929,42.98867478265553,19.97819299813448,0.0022177258660098205,0.0022001304262327967,-0.0940391885972242
24.181700114169733,7.9421347777314875,3.044735551702228,0.06225906734766037,0.06137655630069814,-0.5861591085199922
96.99791329911677,11.001318111420945,8.816935599600473,0.018518650307772985,0.01827336672078987,-0.19747117789036508
298.60268789707067,48.55130722572753,6.150250218985658,0.005761132028143716,0.005511234022261826,-0.28013994684396
155.4745013406265,46.77675114798933,3.3237558728426024,0.00988869030668957,0.009799739106088856,-0.5321544291010726
576.8437227026333,46.106148393466185,12.511210387384672,0.003210531204510787,0.0031797532859718027,-0.14093022118470583
81.60648173075553,10.94539391223201,7.455782988272018,0.021609502628718857,0.021283332607726756,-0.23331583217330729
167.8398870866477,33.15548542364266,5.062205693630523,0.009950477839471682,0.009804995232316769,-0.34197935707601324
46.25585410664639,3.1669357554644195,14.605870683304447,0.040467161112919446,0.03964867340277745,-0.12277063113777566
49.72654583837321,17.63955249687097,2.8190366987594535,0.029688523596054138,0.029484085609572545,-0.6380250352537501
59.399983834328616,4.60171692325091,12.908222045167687,0.031249169574031142,0.030879145150471694,-0.13642237085943215
412.49640778141634,20.862432583728776,19.772210461359833,0.004615112958846793,0.0045784675678501125,-0.09447053967709336
42.191626704380646,26.907353105329385,1.568033337921447,0.028943987386033057,0.030882896203992274,-1.0071452439729913
82.12696814441735,19.86796868599607,4.133636882682652,0.019608816497679607,0.01932390980379529,-0.4210924005143302
209.83720665071678,17.64485331020131,11.892261327522634,0.008791902096998788,0.008698156441938925,-0.147704426351155
19.043916425547742,2.428621973844668,7.8414494436118325,0.09314222486413587,0.09120276810772086,-0.22317195245009092
345.35389685364834,25.35201259418943,13.622346374693816,0.00539511226831797,0.005310446093556424,-0.13163321059959784
438.57998673718527,23.288008790219234,18.83286762247295,0.004330241582805951,0.004273686129475487,-0.09832266537265712
615.8140272982943,34.87424943337476,17.658129918316135,0.003073668408543897,0.003043700082973806,-0.103664098523445
112.36875558709056,5.74140080314787,19.571661941016472,0.016933344778513017,0.016680376997959618,-0.09516221184911976
620.7648404170711,47.354658255451355,13.108844267619864,0.0029934764723582724,0.0029543929247164724,-0.13470321933701077
84.9040070811572,5.854432814183359,14.502516260065844,0.022036518061640656,0.021600667806972822,-0.1235659613914814
140.281704052691,9.525585257776166,14.72683307707237,0.013350485208066963,0.013224234215002427,-0.12140666851256769
218.91560409190788,13.634703285571796,16.055765901672665,0.008600289642935476,0.008515345400679239,-0.1130921114958023
138.13360039043278,39.82385477106589,3.4686145071720693,0.011238641270661993,0.011138276105749603,-0.4992515173048229
44.46083592603029,25.131238796255605,1.7691462122692763,0.02873890465230702,0.02930668308523895,-1.005091017031271
185.23293828282414,16.608294088654112,11.153038192487527,0.009908778184227019,0.009790703652205114,-0.15772462057534828
15.339077510120795,1.722468979989426,8.905285197191162,0.11722266801308465,0.1160640175450696,-0.1946067979971986
11.01677423518554,6.024223890402116,1.8287458161602577,0.1173640173692015,0.11827415179548985,-0.9983916424057667
73.67232977577063,33.29141178317595,2.2129530058860842,0.018697924837434945,0.01860184416332258,-0.8314766035315969
15.600972003255293,2.1899731065542514,7.123818989632335,0.1124167371466535,0.11123877867162178,-0.24201219289130485
433.53175724346056,24.993347205307824,17.34588623453331,0.0043618113394344425,0.00432125973108898,-0.10531834055107443
330.4664806168074,44.08013684619985,7.496947701633484,0.005339789245854112,0.005255776290473531,-0.23331583217330729
414.89192140084685,24.589726214473117,16.872571812395705,0.004550815741344922,0.004507387692681026,-0.10786610765472404
32.37269693632952,9.02859541319065,3.5855739962645203,0.048307670763402616,0.048062276574676356,-0.49003410481411935
68.24510846462226,12.6376468552683,5.400143653814213,0.024727149713063286,0.024114098866591556,-0.32135846776810545
167.65816681819143,47.77969010404104,3.5089839731717203,0.009283419490762706,0.009176828124921271,-0.49900777214999764
677.7184159392483,35.027911800564326,19.34795370611644,0.0028060474283216484,0.0027656813831546693,-0.09636579975439602
10.448364526410419,3.796795666319049,2.75189013174891,0.1403985615423807,0.14032260559640222,-0.6540486880916122
148.38790740542308,10.419561266684592,14.241281720745498,0.012593866124328399,0.012359384834710049,-0.12596979872875796
58.38799582932407,4.125954657944032,14.151390567733209,0.031992858944458004,0.03141027922592041,-0.12722307658369517
127.24329236884614,15.560441057771312,8.177357691625158,0.014005236081784516,0.013649897462471618,-0.21101667776337904
138.44908957203359,19.95042877531346,6.939654838062912,0.012626301019516306,0.012534810283670057,-0.24551035500853874
333.6704544424266,37.181356719819554,8.97413337971509,0.005392989705866659,0.005335548705487882,-0.19250641300682483
528.2444596004956,27.72261877532869,19.05463779888639,0.003597335305972981,0.0035482685561942303,-0.09807797984233034
576.5688630628229,49.21932728385254,11.71427759948232,0.0031959695482460864,0.0031450247337442344,-0.15090519890616375
425.1264005977736,31.47606828227426,13.5063374747215,0.00438017780522648,0.004313971679627909,-0.13159897144042307
338.4982431122489,29.07580958392285,11.641919793676795,0.005441080471621739,0.005356965278068096,-0.15090519890616375
233.97872908248667,16.717176194396487,13.996306933758056,0.007977792847438348,0.007838247774199995,-0.12898848216919093
74.04861234585351,4.876802407916564,15.183845100152023,0.02534037998076488,0.025052705941441208,-0.11859574204555984
75.4298966274693,20.240344683920174,3.726710083519188,0.020905142211258346,0.02062717282122634,-0.4762965897576839
29.80330853105002,5.361484828546309,5.558778861476471,0.056875067615155143,0.055217671251587906,-0.31076489022478127
77.79048092219644,20.497374455574654,3.7951436702684536,0.02034839393242395,0.020175236133898034,-0.4606875429766859
134.0001726962778,9.552674177561546,14.027503734088752,0.013932151424051447,0.013686424543629627,-0.12820841775481742
37.74386078838955,27.644779871572,1.3653160185660496,0.03058635230544914,0.03452216071626128,-1.006376316892097
142.27883031562462,7.97316748573099,17.844706080770397,0.013310971096997658,0.013173802468197661,-0.10257733072106687
399.1051775651714,30.729785053673243,12.987568148234246,0.0046529486289683146,0.004595832942949954,-0.13612029659673344
77.4970009919658,8.34661719137565,9.284839500251852,0.02329817920452139,0.02297269492330948,-0.18796039977881177
43.52604772140985,39.43441902944183,1.103757803276199,0.02410786822121475,0.019248135887352868,-1.00897466511782
427.60193383342136,44.37314218034467,9.636503362676669,0.004237511897644498,0.00416681881481787,-0.18007056360018975
256.80663707592345,17.79101601422782,14.434624580774376,0.00728338344298738,0.007141494757780493,-0.12367370116581694
279.29540146919084,47.242485893079085,5.911953958166011,0.006124863537752806,0.005892217644903473,-0.29251229739297796
190.35427965680245,16.134895094555013,11.797676931970921,0.009685737774913801,0.009588420360593541,-0.14936537567964017
318.3573572942437,16.202004494994796,19.649257435559424,0.00597801236020989,0.005935315339344594,-0.09497468413321988
381.7194204686936,34.0508808075139,11.21026567936712,0.004810348391554176,0.00475103101416101,-0.15772462057534828
593.6446641618584,34.949402569833445,16.985831531044894,0.0031817035919520973,0.003150165163120341,-0.10721876293292538
271.36084627787545,16.690900604152098,16.25801103928272,0.006943196913918061,0.0068687304660648525,-0.11218122210291649
99.69778356200112,19.86390512517426,5.019042475975706,0.016727766410466628,0.01650657852041153,-0.3467380941253522
259.6706614432983,14.980525112005674,17.33388245751101,0.00728196380683496,0.007214535959941266,-0.10531834055107443
81.24643745627917,11.618224318964971,6.993016766224491,0.02153671764659525,0.021360112837761843,-0.24551035500853874
30.059532586645023,8.350389301981147,3.5997761900170735,0.052069879386873574,0.05176080197312554,-0.48894165397246975
368.06399292075315,22.04187308250252,16.698399067225058,0.005126813448079011,0.005080852178652537,-0.10914581731440122
386.00641917067867,31.708909199054567,12.173437337358418,0.004787949745118608,0.004728410617390181,-0.14563953835432356
433.4127481839409,34.37134874695464,12.609710237871944,0.004275476684910591,0.004232041467265426,-0.13962818154523823
572.8469781244986,30.365707777904184,18.86493087249343,0.0033155801373905315,0.003271996322859004,-0.09824036033183338
18.792742681945356,7.441935426455907,2.5252493612263276,0.0762349738668808,0.07642420796096473,-0.6986694083805378
298.4349985140359,15.184342418236612,19.654127277557386,0.006377157716277163,0.006331533886944106,-0.09498312520530554
26.637698312519266,1.4566619557449436,18.286808553942514,0.07118866494565561,0.07036468331437395,-0.1006659802439623
202.10464003960027,21.239712796048714,9.515413036903135,0.008954782042202462,0.00881592714942365,-0.18063068011005493
43.34183701128271,7.144321934782061,6.066613095957141,0.0396148180362985,0.03796953258461948,-0.28410247130353905
59.59817962730248,37.14648493318373,1.6044096698382944,0.020672974670862293,0.021863077636553516,-1.0071209801278498
370.0326487932832,47.88295733383254,7.727857037180746,0.004785655215258144,0.00469379634279875,-0.22317195245009092
149.0375997787563,18.320784502327623,8.134891808798981,0.01195040217788512,0.011653823573382705,-0.21237755365172084
141.55660808371707,20.255976312909223,6.988387323177427,0.012359978103419373,0.012259640120127365,-0.24551035500853874
86.44445808483557,15.160910969741225,5.701798411544333,0.019683999168643444,0.019037302438313915,-0.30407979389350853
329.0183355775631,34.95947805339997,9.411420132617357,0.005494840413618724,0.005415320638656556,-0.18344510331748873
40.52276869566563,9.331005376847779,4.342808417645037,0.0401173238577877,0.03967921157298439,-0.40036283062797057
59.84558712912275,3.8345711706657486,15.606852621992802,0.03140695710247069,0.0311491969895604,-0.11510358059965736
205.0633114039183,10.910406449933129,18.79520367503588,0.009260386031569786,0.009140363496287699,-0.0987010323762235
207.45957801509823,34.61907902236265,5.992637120158136,0.008261777491976529,0.007932481635325601,-0.2900572529041707
101.8439411851456,7.245322463674007,14.05650910580754,0.018333609863188778,0.01800777965875146,-0.12820841775481742
92.26309201238905,18.028387864837953,5.117656259899773,0.018133767016512398,0.017836702160991803,-0.3386509138713664
407.8532861404343,31.709638415662358,12.862123522007211,0.004549974277334124,0.004497256207283166,-0.13642237085943215
875.6999193510248,45.150282353943915,19.39522575930318,0.002171905915095602,0.002140405822320187,-0.09602694898365999
352.4582161999211,39.49120364240864,8.92498034224069,0.0051026992227837555,0.005051137636836968,-0.19282298516066276
74.24142209299612,27.34092547256893,2.715395357318183,0.019688460130428912,0.01966513389990256,-0.655170824603331
36.996055243129916,3.571480772580945,10.358744061330775,0.049300504699754166,0.04815384508232041,-0.16696830820621486
67.9941549115258,29.76326087600144,2.284499510816387,0.02045880595234779,0.020301964965405365,-0.8013972431550005
102.85214094287255,35.1006163674959,2.9302089702936485,0.014497716747338121,0.014432630523883765,-0.6067618118297364
594.9356452345627,33.55124948397931,17.732145728839214,0.0031822461483396063,0.003150514212751967,-0.10335061644426226
290.53875823135695,43.46418425976085,6.684555644596275,0.005987971198945909,0.00592656647347675,-0.257982956104573
75.40468484185273,15.286963878744729,4.932613528752872,0.022052747173685126,0.021824496662623153,-0.3504071231418031
441.98363492319606,27.162301426791704,16.271950891732715,0.004263065807540063,0.004217134673888722,-0.11218122210291649
139.79490185639793,33.82757131560839,4.132572822096014,0.01151924611751508,0.011352446361113546,-0.4210924005143302
46.71516045956058,4.946304154098252,9.444457721196706,0.03871357529169272,0.038140504402034245,-0.18063068011005493
40.821248625845044,3.823438685566556,10.676579901737371,0.04479816346454243,0.044008035107965214,-0.16212800125053764
276.2223363697462,47.58427030000785,5.804908526036609,0.006176526231411247,0.005957770520318467,-0.2988432229232257
160.76131424645462,48.31626228376855,3.327271329522132,0.009565827350743615,0.009477463890669847,-0.5321544291010726
22.863495422697518,8.55918514255054,2.671223374878938,0.06364829365359434,0.06357539741849848,-0.6762156906787533
412.8647475752459,22.43495055592812,18.402748271988155,0.004594535692504239,0.004539872239013686,-0.10052557411808749
261.59262456513187,14.009122121074348,18.673020500807123,0.007256848057197379,0.007165160749849702,-0.0993449122371446
251.98323602015154,36.34461023155645,6.933166552474551,0.006936548189847801,0.0068870973289409535,-0.24880816012122664
55.242667218084705,33.89717679124957,1.6297129273711488,0.022436655821279766,0.023586834123071002,-1.003900024869933
301.89913407160896,29.46399819665937,10.246373627114812,0.0060356744768480155,0.00590098516947744,-0.16969828060194272
162.27174935220276,38.83448622925318,4.178547603134426,0.009944992477321378,0.009838514367742244,-0.41691706595562816
452.6974144548179,33.31235490996306,13.589475006446484,0.0041151436165861805,0.004051234210492687,-0.13163321059959784
370.27212828360933,21.87396346661523,16.927527964867043,0.005100140080635789,0.005050552276196649,-0.107277520106933
218.55010382419584,22.883900778831347,9.550386795347613,0.008283837246905042,0.008152546038517821,-0.18063068011005493
474.32594163117915,41.57570643332196,11.408728373428621,0.003876707910322372,0.0038229478421598815,-0.15431342543842827
101.73988333383082,17.711027478063286,5.744437100549073,0.01674327961508397,0.01617526223494246,-0.29973366683317254
21.37420388262816,3.0195409187909164,7.078627002407641,0.08198823166681864,0.08119287535863515,-0.24566395106645328
181.12039091213467,14.095329084266366,12.849674514822555,0.01024507657496472,0.010127080189693964,-0.13642237085943215
45.136365440015204,27.21003495138743,1.6588132106649027,0.02764477554072852,0.028868067144675644,-1.003900024869933
562.210191651493,49.24375594978032,11.416882827232861,0.003270892285258729,0.0032253476759514644,-0.15431342543842827
396.57230243040283,31.59033828891573,12.55359467199977,0.0046711221619896,0.0046251861552479585,-0.14093022118470583
79.54122078719158,25.603514798579475,3.106652403505344,0.01902139930123762,0.018996736649757408,-0.5733869349677637
218.24857234311236,28.146745807189046,7.753954003711819,0.008117037348818447,0.007958163826572495,-0.22317195245009092
646.7693881234869,36.30022173880535,17.81722967912571,0.0029279592754876075,0.002898023994955036,-0.1030498638867562
40.86805058588486,21.33417393635813,1.9156143897484919,0.032153190908547284,0.032225916281569025,-0.973929902677653
262.64960007430335,18.526083076799946,14.17728717859509,0.007112990631288708,0.0069826234341194985,-0.12722307658369517
792.4792856628478,40.86001940820778,19.39498064711291,0.0023999828015186055,0.0023651762763950354,-0.09602694898365999
366.0740976754595,18.58759335547017,19.694539829586223,0.005199374012628632,0.005159068715526047,-0.0948925412368821
98.29353941457299,31.14608771140466,3.1558871960211285,0.015451218799120084,0.015406385989590479,-0.5642487625058341
327.9694189229534,27.78397948539985,11.804263643921038,0.005621871804873921,0.0055651434111793725,-0.14900840765504592
31.236464432319448,5.281061501289612,5.914807927287278,0.054768222897578385,0.052684236919413964,-0.29251229739297796
4.990283750718837,3.2229168648268334,1.5483749535025515,0.24351042834805073,0.2611073224045191,-1.0069103027035384
118.43600143423924,27.256957074879562,4.345165937227517,0.013727499396443526,0.013576205656446504,-0.40036283062797057
174.08250652360658,23.37924019043073,7.446029259533407,0.010128544051098594,0.009977210969136174,-0.23331583217330729
148.60632689261814,41.93526010285995,3.543708242851302,0.010496396254154551,0.010353328911370517,-0.49347214306518206
101.98959343961155,8.721395517561282,11.694182798411873,0.018065054055055683,0.0177794937099445,-0.15090519890616375
13.243545563761996,7.380467725998027,1.794404644181427,0.09697433627009032,0.098387521824544,-0.997824328210271
530.7563576840935,46.964707089723156,11.301174660157391,0.0034618782695469475,0.003416936564392062,-0.15525947258038955
15.447876180055138,8.162209477617903,1.892609620276925,0.08470956137128711,0.08464021519420034,-0.9903485014615288
445.405406520666,22.470878979568855,19.821450105518387,0.004274634261195091,0.004240185227285206,-0.094202377341679
284.82195051384696,26.436270469765496,10.77390817436184,0.006425533094932451,0.0063073191495113656,-0.16212800125053764
217.19231759323,10.942492829497823,19.848522724889687,0.008766746277317576,0.008695525909065388,-0.094202377341679
194.46034093831022,27.61879219857174,7.040870561615884,0.009005798841835664,0.008924354772589979,-0.24551035500853874
424.919661559483,47.37606453027761,8.969078917222445,0.004234634974486084,0.004189768378158756,-0.19282298516066276
266.40556752406746,17.038845973277997,15.635188435993319,0.007056057218847711,0.00699738372499492,-0.11508397781127808
46.27752749318737,21.172078910920554,2.185780984847805,0.029651766802277334,0.029326174787531346,-0.8391768893416431
653.4745734561818,38.94090454460467,16.781186289796185,0.0028884391865049096,0.002861746755385207,-0.10880193727536132
777.547437157849,40.22161428693599,19.331582059609104,0.00244567827122648,0.0024105965969555905,-0.09656825685257014
186.95126465218925,39.25703620828608,4.762235836151303,0.008841408526531458,0.008709938190118423,-0.3644247719978251
23.525061616770884,13.557615826146241,1.7351916382969153,0.05393353818851623,0.0553877243518068,-1.000392622563557
176.4304362190004,20.517263111527893,8.599121396453246,0.010154980265311411,0.010005951179682034,-0.20078050677274345
268.99891272504516,14.154306544383944,19.00473978584114,0.007063313654565721,0.006967883947918054,-0.09814922923627628
11.137709619730419,2.823678881178399,3.9443966854624586,0.14325222737479226,0.14091239358535104,-0.44527201881562434
197.12279423833925,13.072316802395175,15.079407668747857,0.009514969164113495,0.009410977140621474,-0.1189256494633792
320.5807515838727,34.29648564433884,9.347335319086534,0.005635751719724577,0.005553405662891346,-0.18556106459031488
204.72742011985363,29.65994164527421,6.902488972107379,0.00853288327893778,0.008476798421610102,-0.24880816012122664
367.4362246013087,49.953923894798905,7.355502750396859,0.004791679935921275,0.004726964238506006,-0.23475611431881827
571.2553442879984,46.38403541847169,12.315775010393018,0.003238135497368205,0.0031950630642454503,-0.1440771296373109
110.58096505049078,16.529814409949317,6.6897886635636965,0.015734306787273285,0.015571371284319293,-0.257982956104573
178.99997583665694,13.157433409342397,13.604475148592318,0.010408133664206547,0.010245717877160564,-0.13163321059959784
97.94493563206427,8.989475414486371,10.895511819769577,0.01870305339905375,0.018516126368871944,-0.1605250445194975
647.6955658317573,36.611901937592705,17.690847280641012,0.0029226628295018287,0.0028938799412301765,-0.103664098523445
755.3411756168681,42.612797319363196,17.725688599036,0.0025064102289516776,0.0024814656826479967,-0.10335061644426226
229.3939759752236,17.077742937988933,13.432335690271078,0.008114521247381889,0.007994905902145528,-0.13297970256312866
328.5080292762715,27.846197393175522,11.797231221121107,0.005612393091818701,0.005556018995360482,-0.14936537567964017
691.4045362210908,42.32419044394877,16.33591874927269,0.0027258030486150453,0.002698571063538756,-0.1114114205379759
330.29977507736515,20.12135742486477,16.415382327496477,0.005707418344660686,0.005648820905823043,-0.11106247497193811
618.7351949888371,31.586940380814497,19.58832313384328,0.0030753989311207656,0.003053893364148814,-0.0950353073059452
18.985302197227927,8.297897528839345,2.2879653708960017,0.07330518487863187,0.07270966437751507,-0.8013972431550005
475.25934384906765,42.23448145568608,11.252875079044752,0.0038647804132197977,0.003815939294673351,-0.1554470615674649
54.48143810781697,7.46742701344788,7.295878220128952,0.03228469151266939,0.03185365753925068,-0.23645026398012603
137.88450878541687,13.423815850556839,10.271632918720144,0.013218043387974292,0.012920249914420142,-0.16969828060194272
209.01127107150322,35.78950559060606,5.840015602963902,0.008169908720349103,0.007873591142911036,-0.2988432229232257
92.7832869719014,5.14415239517582,18.03665207487116,0.0204232849641159,0.020201409835285133,-0.10198567389152059
221.49449576386186,19.325140789030574,11.461468673469515,0.00830497059387734,0.008186764771674406,-0.1537846802655089
213.3527728047588,35.901613268786726,5.942707120358019,0.00802393101885026,0.007713371947516864,-0.2921750138427401
5.576018575724941,1.5832390730567887,3.5219056114874805,0.2793585729297414,0.2759263011296355,-0.49859812720999536
109.30431519220653,5.75495107061515,18.993092009125096,0.01738234620262172,0.017148025699518718,-0.09814922923627628
302.8015362627452,20.37279968633997,14.86303016397764,0.006188610225272009,0.00612651485645941,-0.12033918442793407
37.023316331927674,11.196066228546286,3.306814695105179,0.041477096839465245,0.041152703262119485,-0.5355966764484775
238.73118048932588,17.60128253646046,13.563283243411515,0.007802367192948189,0.0076822107974410395,-0.13163321059959784
635.3584099600993,43.64412857478408,14.557706401937082,0.0029454970880013155,0.002886533370284844,-0.12277063113777566
105.36107217743248,17.703233688479205,5.951515640105834,0.01625166603693486,0.01561932940380285,-0.2921750138427401
9.661205346743007,8.781012128687859,1.10023824191969,0.10844682873219799,0.08671746962334681,-1.00897466511782
199.6593358460748,36.93886942043959,5.405128499563558,0.008453149497677354,0.008242385890464327,-0.31977038553775505
677.7262341041258,40.00202655380124,16.942297490668608,0.002786569945241728,0.0027593424102683355,-0.107277520106933
305.5419832707668,16.222814103975082,18.834092612569588,0.006215720353245198,0.006134519341400057,-0.09832266537265712
581.0395166017571,36.72754449630135,15.820265813312696,0.003237466232733537,0.0032082877828060407,-0.11406352644278
52.02955783128589,3.234388809372213,16.08636465737238,0.036189959667639535,0.03582851863715086,-0.1130921114958023
265.87503748627654,26.476224240975903,10.042029976268115,0.006841085576931388,0.006700524914553515,-0.17124146754364714
58.97480860508947,20.255489652014745,2.911546924723365,0.025242868498487184,0.025170525923348105,-0.6099512912906137
367.2139551256761,26.328252315532115,13.947524914482893,0.0050820470134675015,0.00499431796325191,-0.12898848216919093
146.57621238824694,47.40018537398422,3.0923130623175976,0.010310532740439502,0.010308791579987967,-0.5753102566362456
68.61994946910089,37.544627050240045,1.8276902678318698,0.018838675437429384,0.018988641616177644,-0.997824328210271
184.72707403480024,11.06228735899242,16.698813549137963,0.010215059622046494,0.010123468636560884,-0.10914581731440122
200.56200314121747,29.34910129521318,6.833667618092585,0.008699014364280045,0.008652850712257545,-0.2517689206604019
830.1995153703643,46.39663556945384,17.893528381548055,0.002281552340671078,0.0022577141654293487,-0.10253805771853677
497.087318015265,31.735648356423926,15.663373643180812,0.003781984004443329,0.0037501298361099994,-0.11508397781127808
236.14428540856386,26.282847644057345,8.984729836226746,0.0076211631653155506,0.007539098217768173,-0.19250641300682483
728.0888117672195,49.683404547494014,14.6545676247129,0.002571446958437933,0.002518900473129775,-0.12220993775424631
871.7113371317707,47.75756426047224,18.25284330619149,0.0021751687272637894,0.0021501994136631478,-0.1009016411972466
43.73088630223841,10.537421748827553,4.1500556155592925,0.03685392214767445,0.03629046331038246,-0.4210924005143302
30.72953238883822,1.623189281872063,18.931576700282985,0.061818601240298414,0.06099517500842501,-0.09814922923627628
85.33997280593734,11.96955584507765,7.129752675077954,0.0205529718181318,0.020335524077077567,-0.24201219289130485
14.275297326134107,1.1978560192182517,11.917373287860165,0.12925613514977127,0.12785701124739257,-0.147704426351155
126.84588754242608,25.870279818803482,4.903150968248506,0.013096190367777295,0.012882035664716051,-0.3554540612432883
252.67757514852866,12.661487044634287,19.956390134728206,0.007537525698134975,0.007478112392961735,-0.0940458558566476
321.10145296599256,49.60030215743511,6.473780178733433,0.005395172729446847,0.005177583812476384,-0.26880319008702624
322.5917756321543,46.97996096004763,6.866582454304092,0.005411669243005096,0.005379656900215482,-0.2517689206604019
445.87564002804424,40.19136536357809,11.093816694072856,0.004114659044566515,0.004067413966011382,-0.15752546669499704
445.80919398666896,23.45381161510145,19.00796345186047,0.004262002280438137,0.00420438436727328,-0.09814922923627628
10.74528386917994,8.226168158948791,1.306231973569704,0.1054215564014091,0.12126246677635877,-1.006370536956614
696.6716661133364,36.558447264977005,19.05638007719075,0.0027276566571783597,0.0026904398401058657,-0.09807797984233034
42.53609065096199,3.862797725963861,11.011731306833626,0.04310448094688836,0.04263581296729523,-0.15752546669499704
357.1794662690005,28.342071402022487,12.602447478257083,0.005187777606621448,0.0051352916278073766,-0.13962818154523823
4.194381352192494,3.0258434140106796,1.3861858590471297,0.2769996869573521,0.3106535907870824,-1.0064011688390784
580.8047160454967,37.86240245546655,15.339880154954097,0.003232756259692645,0.00319404794627584,-0.11647880534144663
403.8564343453723,34.40218367559649,11.739267430045484,0.004563515508334644,0.004490019672408245,-0.15090519890616375
13.171841457838527,3.111192816501016,4.233694995687268,0.12282723025104743,0.12120651031145191,-0.4073345456068944
400.1521896396098,21.891217774381314,18.279119680034285,0.004738849049330508,0.004684100835915345,-0.10083178953271964
74.08495481776157,9.539290954904205,7.766295751748096,0.023916508681430037,0.02344413785355569,-0.22317195245009092
72.40396798264392,6.281758685105633,11.52606644287648,0.02541757043745684,0.02504452981739958,-0.15347801774918865
57.22626330718314,8.37793965823536,6.830589099663756,0.03048585166188585,0.030325814956966603,-0.2556930725164505
522.6421480540636,34.705616545562485,15.059295874139698,0.003588423829844749,0.0035494996287221414,-0.1189256494633792
616.5147035508585,33.15901074541435,18.59267480216122,0.003078468400351401,0.0030402408818293977,-0.09995500380429617
121.48692272468715,25.363555906485274,4.789822183159414,0.013619295072392455,0.01340336822404465,-0.36413272368373106
48.13604465267967,30.176132281288588,1.595169460551694,0.025538812459349358,0.027069104609459015,-1.0071209801278498
530.5843575476316,41.72149989158629,12.717288662352985,0.003494634860018729,0.0034569822812600425,-0.13751371645582958
168.86815823791608,21.16347633010564,7.9792258891653045,0.010524563473583663,0.010285289492972449,-0.21933465485851883
242.95702908582012,21.24335488604111,11.436848388079504,0.007570011708283553,0.0074635557648297015,-0.1537846802655089
552.5868276852025,39.44553459641556,14.008856346832635,0.0033781937059863625,0.003318905121433202,-0.12820841775481742
85.29091957688607,40.42647300172466,2.1097788959538324,0.015908697746410908,0.015914710933458056,-0.872605087671327
8.660905711243393,1.1293348880210456,7.6690322800706685,0.20428507141594296,0.2005399840997342,-0.22442948299034765
74.33583468966592,14.238598300807189,5.2207270069169525,0.022579879232363997,0.022138303814673445,-0.3311463425781078
44.37815276496656,5.359657190372892,8.280035679274294,0.04021085773169022,0.039137678911979744,-0.2072744654045315
707.8635362326207,43.662328708826145,16.21222589736789,0.002661252384381773,0.0026331410176119894,-0.11215402188639627
641.6096268406621,37.62694602483058,17.051865607622112,0.002944482202368179,0.0029146675206907042,-0.10656027883392642
6.664594737816048,2.835078704790078,2.3507618065613896,0.210533552767191,0.2085518802183063,-0.7719284058061981
20.948002625289913,2.8746368700783647,7.287182197979272,0.08395375333572296,0.08284479922859785,-0.23645026398012603
893.0674700934446,45.4379674691486,19.65465270205623,0.0021310478554010625,0.0021157990514916215,-0.09498312520530554
272.8305706779203,22.35612706196155,12.20383879201221,0.006775373061567962,0.00668985460922584,-0.1440771296373109
13.777964011586205,1.5328207061878831,8.988633801700088,0.13062687751583538,0.12921466188783298,-0.19250641300682483
85.64998528486859,14.369504246509681,5.960538639019003,0.019996102853259982,0.019213888796404715,-0.29045381082250366
136.30949198664518,11.417736347038833,11.938398982386449,0.013538465606911885,0.013390093559781031,-0.147704426351155
268.59541825242275,36.20343976344019,7.4190579681785405,0.006561704374548254,0.006466446467786613,-0.23331583217330729
446.865215253981,45.456177739337335,9.830681713197988,0.00406238694573068,0.0039866658939253265,-0.1788226028080648
554.4294668988236,43.59294005156284,12.718331597800706,0.003344356292933895,0.0033083030976249097,-0.13751371645582958
64.00309486970777,46.84387170029918,1.3663066810359101,0.018042893386143066,0.020358384713137945,-1.006376316892097
8.722876700745786,1.2321276724727523,7.079523409485542,0.20090398005052634,0.19895192048099314,-0.24566395106645328
393.5395232223433,29.106759424621668,13.520554366125852,0.004732089414046955,0.004660226341242923,-0.13159897144042307
383.3921874023863,32.40670419105258,11.830644213065025,0.0048100176321671535,0.004760652174875386,-0.14900840765504592
339.8839523597688,27.58947782618734,12.319332555006104,0.005442570362129095,0.005370058921921156,-0.1440771296373109
295.83669159789395,17.461889845738042,16.94184846035433,0.006383686739928109,0.006321321166127703,-0.107277520106933
79.78421699766217,30.034504115214947,2.656418654078757,0.018211831095212818,0.018218588369634657,-0.6762156906787533
573.5624016707686,46.09441867725639,12.443207184946495,0.0032275929745705324,0.003182211465519118,-0.14259864811177586
115.55302419572332,28.36877180422487,4.0732473366546795,0.013896435811575892,0.013734076939378156,-0.42605827893674014
71.77198405475826,3.7038801435767783,19.377512574002786,0.026498537264103547,0.026115387928445987,-0.09636579975439602
14.367311309792191,1.5806820061671543,9.089311609632427,0.1254076271776824,0.12391427476388364,-0.19249598843847712
19.39937403400556,12.953760354808281,1.4975862994720868,0.06181781264109928,0.06716709652099709,-1.0067736043346858
177.948363007561,40.61453634472232,4.381395899664988,0.009150683880599364,0.009071863229412062,-0.39904674435376297
356.7422607715952,19.14597787598187,18.63275216770824,0.005320730457531413,0.005254082322431402,-0.09942312934518888
459.8141855056959,24.122683751452634,19.0614854567335,0.004132770464606333,0.004076327492860773,-0.09807797984233034
245.81093056650505,42.44167288232139,5.791735194983204,0.006938358842455556,0.0066948580719518634,-0.29972069979973437
461.7786662387761,25.475219629085895,18.12658234010074,0.004104636326168527,0.0040589861399423395,-0.10175601203112118
180.44021898148947,15.09876455056984,11.950661153576272,0.010228139493586417,0.010115244046420939,-0.14723000532158403
411.870652599334,23.539107217603352,17.497292857875383,0.004593374298364086,0.004550829718396116,-0.1043886025963777
183.17263841121064,28.718520395333112,6.378205976132984,0.009438808165780983,0.00907500284509017,-0.2719234110987598
147.06638455776505,19.410099071591073,7.576797213416274,0.012013708821798565,0.011810026464204268,-0.22854069888323758
56.10962747381939,13.71066995293279,4.092405963124889,0.028644965342609453,0.02828416791079903,-0.42605827893674014
329.61190623940024,29.395505728549793,11.213003419065906,0.0055709156227073875,0.005502109514324171,-0.1554470615674649
246.17027026308529,13.76253236083134,17.886989386030052,0.007694296294314561,0.007614051867356309,-0.10253805771853677
95.5498097614142,10.340053770787602,9.240745926424342,0.018887549131572794,0.018632323452084838,-0.18796039977881177
46.17095968713674,31.717901937375245,1.4556750877879008,0.025677612411921437,0.02822119438318699,-1.0066254819852019
234.04529879571152,19.317555596821194,12.115678799145007,0.007893816971691591,0.007798476876822639,-0.1467919710521373
437.6873827516275,43.61921762697837,10.034278617618282,0.0041553554396028605,0.004070261979303129,-0.17124146754364714
15.894643092998914,2.853078774586724,5.571049504338097,0.10667962828368774,0.10353609596946727,-0.31076489022478127
149.93488999947732,32.18783313740955,4.65812312868054,0.010981606059650022,0.010860273814125024,-0.3728620331975914
119.20060679602148,15.178029646483164,7.8534967694993885,0.014883318159398959,0.014570881309305698,-0.22317195245009092
488.6954275488281,49.12493197487202,9.94801230053207,0.003718713813235377,0.003645424557725469,-0.17405732920395384
301.4103205224886,29.77849014010613,10.12174623711175,0.00603885136094631,0.005910555118837498,-0.17124146754364714
333.6755719493322,38.190657807631446,8.737099361578828,0.005378278100991093,0.005311981427082975,-0.19849310542358004
287.9374049053268,26.453177720732327,10.884794558336168,0.006361513704686347,0.006298455061615304,-0.1605250445194975
339.4577815698595,31.783701683627374,10.680246906065166,0.005387328976472122,0.0052921542536725095,-0.16212800125053764
121.20651241780621,6.256041595595072,19.374313703916016,0.015690882828142,0.015464129514124146,-0.09636579975439602
156.14427559206214,13.698370047581417,11.39874854086242,0.01177560554634444,0.011613127206640636,-0.15431342543842827
32.42697932344403,14.025741066757067,2.311961925512829,0.0430545290609479,0.042862881232347425,-0.7845571358497296
58.69104302307656,5.402280854125004,10.864122878443466,0.03120449805087131,0.030900129081728227,-0.1605250445194975
88.26158099463017,22.68180127554346,3.8912950485020685,0.018027213152106022,0.017781704155857895,-0.4505794239553565
435.3968481153887,47.33361970649847,9.198469308182082,0.004143098754516442,0.0040889477472469534,-0.18796039977881177
465.8299810677444,40.45014849358855,11.516150086360737,0.003950382176232953,0.0038926720235631707,-0.15347801774918865
12.728112253737434,10.344708544072635,1.230398343221613,0.08668207574298102,0.10237178948562214,-1.0050561326993668
137.77889447503043,17.74730013384146,7.7633720867945755,0.012859570087403857,0.012606124473852683,-0.22317195245009092
142.29843649669428,7.5443370631323114,18.861622340825505,0.013347323681254974,0.013171987353689544,-0.09824036033183338
156.4034733592083,40.79264777014258,3.834109377761081,0.010142187323695373,0.010034568209174633,-0.4561097175311457
37.99462066774852,25.997757626670467,1.4614576077427064,0.031253721979175565,0.0342943186506141,-1.0066254819852019
295.09402118057704,20.268704482452602,14.55909633672203,0.006341903583548531,0.0062149115902238984,-0.12277063113777566
20.516250853350233,13.499578088227285,1.5197697823787581,0.058796156443372806,0.06351061105183362,-1.0065622288257217
76.42802223316001,8.03768591445084,9.508709726483733,0.02367824817741223,0.023312650662528314,-0.18063068011005493
495.52215787946574,45.39534682257102,10.91570375739672,0.003697421478533396,0.0036598985060835036,-0.1605250445194975
231.19630647031912,34.16209373463652,6.767626957123886,0.007536976400427702,0.007506318324142768,-0.2556930725164505
432.2510581574985,31.11628670217744,13.891473050582563,0.004316229924673848,0.00424286584805236,-0.1295959871754494
52.442464559628476,33.23979443093943,1.5777012300297288,0.023342054978034186,0.024846269890833047,-1.0071209801278498
158.17059774869728,34.289489724318734,4.6128011533668225,0.010391764995328765,0.010294795511060467,-0.37860353983272665
30.81146495862564,16.302827144522997,1.8899461231775914,0.04244996392222861,0.042435877876270595,-0.9903485014615288
205.4138388746461,15.31132642469768,13.415809524072763,0.009061042030652161,0.00892823610370348,-0.13297970256312866
113.10146176118087,11.673668162634304,9.688596607808506,0.016028835243218374,0.01575136417419938,-0.17952538509796961
254.46796021606818,38.98978357458422,6.526529179863029,0.0068152912721456925,0.0065333556477118766,-0.2615867060009614
19.902786965039834,13.94817860898681,1.4269093853025707,0.059082509644409406,0.06546819952792317,-1.0064660546555555
258.865449096498,25.84915893542336,10.014463129852635,0.007024578098837014,0.006881962498481401,-0.17124146754364714
582.1746799899788,37.35275857232235,15.58585502762194,0.0032282670233965355,0.003186531764837959,-0.11538752843956268
28.196408213764368,14.865076557303649,1.8968222669469297,0.04644521689469826,0.04669160079399943,-0.9859858068284907
197.17604005377166,37.83079606602692,5.212051041951007,0.008510390731699683,0.008346193037594105,-0.3346807320267716
668.9331203684729,36.410000714359605,18.372235848505625,0.002835499404785615,0.0028020038908400727,-0.10052557411808749
268.4581836732018,41.671037599372234,6.442320593362092,0.006448924715295339,0.006192881372777194,-0.26880319008702624
574.722905336291,41.23743266872349,13.936922551732694,0.003246962306822616,0.0031910738817131634,-0.12898848216919093
692.6845522502671,39.76446755099804,17.41968634087448,0.002730565467263044,0.002704554791410374,-0.10507824526938718
318.34972626939236,23.91312936615096,13.312758919793092,0.005843462026535795,0.005760907269915478,-0.13342349830142772
425.74435527498116,46.61565531811067,9.13307669643711,0.0042340586737831904,0.004181652532092802,-0.18796039977881177
171.96443180632707,31.698007356398605,5.425086500638157,0.00982017110382345,0.009569823686159596,-0.31977038553775505
92.53849586544544,18.81329201219547,4.9187827311381005,0.017961094636376233,0.017783618344845722,-0.3504071231418031
196.26540809926888,17.0956457054154,11.4804325897499,0.009373781973493846,0.009239138738713504,-0.1537846802655089
312.78265987335436,42.01329694007966,7.44484919427895,0.005637042817406401,0.005552922576735233,-0.23331583217330729
102.82992719600249,35.025942917719796,2.9358218117799857,0.014507905962583442,0.014435748320520103,-0.6067618118297364
483.936015989005,28.955060414610756,16.713348515232603,0.0038994634377809197,0.0038643099057075526,-0.1088860253336537
294.09282573597204,28.77904563790932,10.218991603688798,0.006194407680946682,0.006057619081242147,-0.16969828060194272
113.73452077793375,38.085537356958504,2.9862916127965207,0.013173489883813626,0.013051683329437293,-0.5945649205313847
853.6035994465296,45.17700028610748,18.894649800576158,0.002225237172002762,0.0021958122097886757,-0.09814922923627628
59.984730971592484,23.50507357184548,2.5519907771504515,0.023955020746987646,0.023943101046198807,-0.6986694083805378
647.650735896541,32.889910983837375,19.691471230031816,0.0029388398902667583,0.0029160801033716174,-0.0948925412368821
40.690299247424335,11.885360074545407,3.4235647041581667,0.03804041691141022,0.037811719478256525,-0.5134022312408418
260.4551829778845,18.180141386345422,14.326356294099275,0.007177840801640842,0.007041454239736402,-0.12457965487104852
60.9234997024139,22.542702354950407,2.7025819151196404,0.023961794722916086,0.02396784465477871,-0.6662888138216578
116.54085448880842,27.731298731521637,4.2025025808235466,0.013862689059236766,0.013699169655853436,-0.41329706145980005
654.5034617154732,45.57924284995209,14.359682627245775,0.0028568053273669938,0.0028020986285298166,-0.12367370116581694
506.49742028231856,43.878167716457384,11.543267338675735,0.0036338821045319475,0.003580123535532787,-0.15347801774918865
619.4689191051552,43.32352448983875,14.298673212758754,0.00301753591086823,0.002960573478149959,-0.12487853954468492
394.8303770332567,29.13135369757508,13.55345107310007,0.004717406914422132,0.0046449902518176,-0.13163321059959784
718.241986717606,37.92913985052755,18.936416421465886,0.002644903950613609,0.002609640261425149,-0.09814922923627628
230.33612025239375,36.383512896195214,6.330782871614385,0.007498510613524292,0.007216810862764084,-0.27287827585148805
419.25865487446436,42.10925179783481,9.956449876794581,0.004334935245984853,0.004249172419274369,-0.17405732920395384
336.282147765934,20.980312947643164,16.028461949310934,0.005598125243848195,0.005543386691280631,-0.1130921114958023
546.1243845175035,36.67536415337205,14.890769243181218,0.0034317104709828215,0.00339687837251842,-0.12033918442793407
173.66574564837885,40.85899110774855,4.250367934695398,0.009322934176461004,0.009193021522579219,-0.4073345456068944
266.19798904549475,44.221419856663026,6.0196617365144505,0.00644289610328582,0.006182125186512627,-0.28410247130353905
47.504979384584935,10.685048036407908,4.445930352649601,0.03437015049899208,0.034282120550260906,-0.3899687936469957
627.5913379531727,41.474435890249936,15.132004196848177,0.002989242729471987,0.0029559332614798764,-0.1189256494633792
310.3087382772542,32.12581292362297,9.659171552016224,0.005840532133764652,0.005741829228017614,-0.18007056360018975
144.68928273259584,9.272305663812043,15.604455674632169,0.012990253093846767,0.01288375992495668,-0.11510358059965736
151.87157860910798,10.44345503887529,14.542273418497315,0.012321717557829242,0.012075881934178816,-0.12277063113777566
39.52966664882831,2.0040320051592704,19.725067537375327,0.04815366954582513,0.047776811316415924,-0.09471503595471148
236.60132909129587,43.96392992591734,5.381714725912529,0.007128466321902301,0.006955452443980825,-0.32135846776810545
272.4378324872681,18.50072511113306,14.725792143321181,0.0068743036897870105,0.006809326346256027,-0.12140666851256769
8.193191292276367,6.053094484238943,1.3535541719379751,0.1403874688023566,0.15903444478555015,-1.006376316892097
252.4957565912079,19.69079610240121,12.823034440969966,0.007347901577824566,0.007264362567983744,-0.13650847462556942
531.1069816240685,45.76673781805778,11.604650166141278,0.0034669632756613145,0.0034142336624806194,-0.15090519890616375
378.6345081060737,25.483877050502386,14.857806265338633,0.0049490448182037,0.0048994956105604965,-0.12033918442793407
48.36871834352017,13.334955320849911,3.6272126287437283,0.03241298096574875,0.03216759854110312,-0.4858429126869703
487.1203429315522,30.28769813746301,16.083108749985545,0.003865421178742808,0.0038268612869302504,-0.1130921114958023
176.02387294742266,38.47289906837455,4.57526927291314,0.009324149641994166,0.00925064272487297,-0.37960779006065687
576.7733970917528,38.67426517075384,14.913622651786516,0.0032496670677854334,0.0032163725300550397,-0.12033918442793407
80.19705450042295,4.905157227452812,16.349538002896658,0.023501151843094665,0.023265246912975206,-0.11106247497193811
99.5172831358518,17.26870400744578,5.762869239807616,0.01712534225142936,0.016536517485416576,-0.29973366683317254
195.7657671840404,17.31265449335721,11.307669038226049,0.009386215573851093,0.00926393225660027,-0.15525947258038955
550.4720790030227,34.961191633581905,15.745232164062388,0.003416273212188956,0.0033864423892618696,-0.11449277768490264
721.4047262122766,49.66845980055716,14.524402993550934,0.002593787511068647,0.0025422390314383484,-0.12277063113777566
321.12346986930777,19.467233150688216,16.495588632632945,0.005872150890397559,0.005823550490021963,-0.11039008129265553
347.1241103446589,42.30868652105873,8.20455889529639,0.0051356742834621355,0.005003564551876054,-0.21101667776337904
84.03445517173394,9.633485147421323,8.723162374338445,0.021352022828572823,0.021007506121264438,-0.1996408386450624
139.68650392864967,20.916649491870892,6.678244715193886,0.012453055605721727,0.01232686920605482,-0.257982956104573
453.80866046892294,32.658735844527676,13.895475398352367,0.004111272441188061,0.004041313910902186,-0.1295959871754494
310.6295542176309,20.73782040959694,14.97889113138811,0.006035597204612863,0.005972123660753549,-0.12033918442793407
400.4337456953967,39.40002989643108,10.163285326127852,0.004547172388725393,0.004448931519846993,-0.1709893682040057
29.3492042008122,2.034738080577892,14.42406985005001,0.06372685694065755,0.06248834686939116,-0.12367370116581694
68.36235026270663,17.054051625411063,4.008569445212927,0.023414706728336454,0.02321473908932657,-0.4330514386223166
414.09292379340116,25.758278706977816,16.076110073349934,0.00454699222971495,0.004501747978120488,-0.1130921114958023
324.0293839749713,28.3181081838057,11.442479909737553,0.005676214658848054,0.005596169436224447,-0.1537846802655089
386.2277513498905,38.05842363693605,10.148285568376851,0.004713799595431308,0.0046125694143110685,-0.1709893682040057
138.75135189297336,45.84435944792557,3.026574120870431,0.010834487895043968,0.010696756883844815,-0.5861591085199922
271.9494448838448,28.90745375092805,9.407589033161184,0.006647678710628181,0.006551731642293382,-0.18344510331748873
145.55715861359621,19.703572300430984,7.387348669277214,0.012102088553877028,0.011932480066011749,-0.23459914221055408
445.1448730669181,35.527836514346696,12.529467503239653,0.004160835346242744,0.004120502860380399,-0.14093022118470583
75.5452986932108,20.1609321055234,3.7471133922679094,0.020897281016174465,0.020595663006649483,-0.46935586935996176
57.72408503886999,6.872866034276475,8.398837508397143,0.030961213598692867,0.030088963600765427,-0.20579264467921993
226.94902448105532,21.298519283545968,10.655624527681757,0.008056474475721232,0.007915711234207689,-0.16212800125053764
34.340221719319835,2.185696037694105,15.711343721677121,0.05475563990766384,0.054284506305099865,-0.11465514354736822
620.097018728827,33.80638585238734,18.342600165437,0.0030585557224325497,0.003022677338179431,-0.1006659802439623
329.1088393019906,17.335819608416614,18.98432532963177,0.005772927792537314,0.005695238116240152,-0.09814922923627628
556.7909677197215,44.73779977111126,12.445649329390147,0.003324861765701804,0.0032780647614710817,-0.14259864811177586
2.9300253195066004,2.4477285599773335,1.1970384982286324,0.37190247914282126,0.36779214572548713,-1.0020547840458902
414.6350121950754,30.799570568549996,13.462363420692196,0.004489997134015347,0.00442312684288731,-0.13245412726977307
982.8617170116413,49.981869707814894,19.664364753805245,0.0019364016252958983,0.0019224996491743016,-0.09498312520530554
507.69469632750514,39.91359332065876,12.719844396087709,0.003652245661374103,0.0036128420013524843,-0.13751371645582958
314.85145369625235,43.170966651433396,7.293129575679734,0.005586242331018664,0.0055119106212115935,-0.23645026398012603
478.9748341399078,36.99170724515967,12.948167841120153,0.0038762203352007544,0.003829472014014274,-0.13642237085943215
161.49751501854104,38.28584067753733,4.218204750386823,0.010010843961608654,0.009885681134455997,-0.41329706145980005
21.74861271268427,14.200632770188987,1.5315241978752212,0.0556339910097092,0.059911850259259894,-1.0065622288257217
46.96717643471267,6.167458387264259,7.615321172121636,0.037640232339994986,0.036980249303178545,-0.22854069888323758
275.5461324973214,15.219842239325013,18.10440135741786,0.006878383902419968,0.006802320863648748,-0.10175601203112118
311.74279763523424,33.24611970776618,9.376817516614194,0.0057972876792779056,0.005715416030988451,-0.18344510331748873
331.9822846037686,17.724556924398083,18.730075229513393,0.005719075987362153,0.005645943452137369,-0.0993449122371446
227.9632753923603,24.389335398182702,9.346842448578828,0.007925418301536948,0.007809656876510672,-0.18556106459031488
536.8995327421661,42.113392857946934,12.74890233976604,0.0034541543229404024,0.003416320206850969,-0.13751371645582958
228.86456322073101,19.29877871971003,11.859017948477197,0.00805920803758356,0.007975008560093552,-0.14900840765504592
871.967013418672,46.19964644784769,18.87388931434765,0.002178253782696438,0.0021495689368289067,-0.09814922923627628
113.86502048046069,7.395463427962413,15.396603822004511,0.01649341925363267,0.016292256415926964,-0.11647880534144663
11.874516988362421,9.008735941662078,1.3181113382896665,0.09577052036392943,0.10973074774039032,-1.006370536956614
482.54473552225664,27.964327236164863,17.255724818518278,0.00391765816887451,0.003882341235568202,-0.10531834055107443
206.95779328858114,33.693626775715444,6.142342427730137,0.008310775807870345,0.007951714533322505,-0.28013994684396
225.7379889328281,16.69482573802873,13.521434274011327,0.00824970828604756,0.008124389080947628,-0.13159897144042307
56.32542063537792,15.611359726663254,3.6079766030358984,0.02780218950493006,0.02762350455745705,-0.48894165397246975
914.6254526205072,49.31104575814788,18.548084684847304,0.002074825471765005,0.0020493123175328374,-0.10021091784610414
330.7197637235227,31.97982218259782,10.34151352797351,0.005514205358143614,0.005386742820498498,-0.16696830820621486
689.5156788468548,48.30824199150351,14.273251321547312,0.002710673838993298,0.002659813705045977,-0.12487853954468492
371.063521721365,48.90271479589033,7.587789824554859,0.004762287598607525,0.0046807562370042655,-0.22854069888323758
511.2673274797484,33.82101892295699,15.116851702321453,0.0036691299918608453,0.0036284699036355367,-0.1189256494633792
84.84610145851788,15.715132063415053,5.399006582708919,0.019888379745896707,0.019395932923114326,-0.32135846776810545
192.19349984354784,10.888383810227113,17.651242203918876,0.009848244284604474,0.009752427670603013,-0.10391568772892436
158.868459970455,12.435357202631089,12.775544552660008,0.011675163069946023,0.011545530957479025,-0.13751371645582958
99.8312363766058,10.049470273933657,9.933979966640463,0.018201557497811934,0.017845139231913974,-0.17405732920395384
51.809480717934704,6.060873731287548,8.548186782127287,0.034560009508061325,0.03352393943259125,-0.2027771887621195
184.14506989466747,9.936462298423274,18.53225668897146,0.010304947500157872,0.010178677099834372,-0.10024824039633771
13.119543902251738,1.0940401879864954,11.991829958639219,0.14071046312474997,0.1391204499475122,-0.14723000532158403
292.5032228838227,27.587941576074247,10.602575117003193,0.006248219951258832,0.006137626701690788,-0.16682248512960882
124.53206164958172,11.068098097742086,11.251441805976269,0.01474924516111768,0.014563003144182043,-0.1554470615674649
118.12897048940081,20.023184400460288,5.8996095789181915,0.014476791922604884,0.013931123634272458,-0.29251229739297796
617.3477499553693,42.661865037003835,14.470716397885965,0.003030258884975655,0.0029707458277340956,-0.1235659613914814
36.19487623868143,13.964450780709472,2.5919298085593976,0.03987294325593379,0.03968021510588845,-0.6986694083805378
44.146989331646324,8.093322166563837,5.454742616577404,0.0382846109190701,0.03727704465449208,-0.31823888135364153
66.69487091985,9.960011249927728,6.69626461720452,0.02609096698590358,0.0258175364916562,-0.257982956104573
635.6272283188966,45.85519602369284,13.861618386506853,0.00293477854829397,0.0028853126026263123,-0.1296077570992934
348.93868445171694,29.98178189219659,11.638357109873306,0.005278152482227687,0.005196681869448275,-0.15090519890616375
268.7112473946148,17.31052086006808,15.523001853426495,0.0069924747763223955,0.006903760555091744,-0.11554131269698573
199.6628967544111,42.71581345856872,4.6742150175384065,0.008251549809150261,0.008155415884243726,-0.3707294000950962
89.41771066941999,43.972617975514886,2.0334861735821628,0.014993590767166496,0.014959791345124413,-0.9179797644601364
44.42648284381784,5.653064532917855,7.858831715987311,0.039936463182354845,0.03909510234532868,-0.21933465485851883
156.1240855108381,14.655921217422394,10.652628599370733,0.01171097272049142,0.011506635486761299,-0.16212800125053764
291.9835000316444,20.031343621182994,14.576331251333238,0.0064099514516218325,0.00628111948874571,-0.12277063113777566
152.3818082691281,18.28059753894076,8.335712656248194,0.011719042577246035,0.011398065906623888,-0.20594971400270712
75.8962122251018,18.116892236559725,4.1892511824927645,0.02127363000565095,0.021035475825133296,-0.41329706145980005
94.40906053241714,35.94426656123879,2.6265401846931833,0.015342914865249623,0.015305807179802013,-0.6897160087604138
106.62240505770347,20.336207402849187,5.242983755307552,0.015753165234232695,0.015434554227008273,-0.3311463425781078
454.4184632013,40.05151270935974,11.34585019294679,0.004044734963567045,0.00399094876686591,-0.15525947258038955
479.9784544934627,41.86305679858043,11.465442115295764,0.003832581266001893,0.003777926525791727,-0.1537846802655089
116.56491511618003,29.93313316749472,3.894176879644572,0.013652059009873329,0.013464096979872065,-0.4505794239553565
175.93510552457965,21.1922835867162,8.301847453327763,0.010145723580150616,0.009872150804942071,-0.2072744654045315
406.9969520614374,25.413840577592904,16.014775524337004,0.004625231455935394,0.004580235731493997,-0.11346214160985876
257.9317056580524,17.665170696384955,14.601144256751292,0.007256976299788886,0.007110344374926555,-0.12277063113777566
143.5209606088746,23.606924973055758,6.079612688763367,0.011966883880784509,0.011466403831855385,-0.28410247130353905
195.74265235526286,33.69803835466641,5.808725430694306,0.008716849630340867,0.008407310685104849,-0.2988432229232257
575.3971647612703,31.64159323096282,18.1848354019739,0.0032946825448426954,0.0032574946850179778,-0.1009016411972466
115.39297017343885,17.578518483889212,6.564430914880399,0.015040818300185136,0.014407547379537432,-0.2615867060009614
398.32765400272143,26.83369132483766,14.844310802443475,0.004704096508254132,0.004657266679405007,-0.12033918442793407
666.5919801310517,35.24549542421512,18.91282764245315,0.0028496625923511375,0.0028118448193987493,-0.09814922923627628
201.2745990787499,20.366295662444553,9.882729899178486,0.009023605514385597,0.008851103522196669,-0.1764936057294186
114.36391774738502,9.437477728757806,12.118059616596097,0.016154906754547935,0.015959551637772882,-0.1467919710521373
35.757604746796694,12.866796747528783,2.779060355769151,0.0411316116710126,0.041002235606910215,-0.6452154597789044
463.64862093678363,44.62925438842496,10.388894622829179,0.00393485551327677,0.003842354387327177,-0.16696830820621486
100.28007056985386,22.888042130783607,4.381330215876382,0.016237969033925524,0.0160981459419481,-0.39904674435376297
141.53912477507058,32.68575484981321,4.330300016793996,0.011479416741777153,0.011360191149646193,-0.4008401792128585
145.9194437318815,23.252002078688164,6.275564712151187,0.011822326104841047,0.011277930141379837,-0.274895451004577
174.5257230788924,19.13859944013434,9.119043617836821,0.010327147375343272,0.01020087428862891,-0.18796039977881177
438.96270647748645,23.21277269650414,18.91039524733702,0.004327360689005917,0.004269960017845807,-0.09814922923627628
128.54265318825364,6.4735497777241875,19.856594542699806,0.01481303692493835,0.014692410480402873,-0.094202377341679
113.69441427356044,10.954450714703455,10.378832972515522,0.016045071892056992,0.015669215802881643,-0.16696830820621486
321.71274818636437,28.13064324674966,11.436380795292923,0.005716843733440586,0.005636467144251721,-0.1537846802655089
334.6504041374531,20.298495449163717,16.486463490634744,0.005634613890419873,0.005588156228691871,-0.11089714911713303
843.4452077317676,47.637246702128486,17.70558262961242,0.0022444612056362378,0.0022222584096776724,-0.103664098523445
17.175519270416984,1.1434693853247406,15.020532679621509,0.10917633268871202,0.10800943373326044,-0.11970662873325257
60.48817756832478,47.52207522846808,1.2728437737098097,0.01851676066125628,0.021541393385792872,-1.006185247415505
440.5618287494683,26.854859235590652,16.405292795785474,0.0042788373873034035,0.004235056586590223,-0.11106247497193811
379.3571864446715,23.598853128641164,16.07523824894092,0.004963320569950473,0.004913949304378939,-0.1130921114958023
82.53400383862942,6.227994567489653,13.252099523249388,0.022532165069664812,0.02222094127442007,-0.13430770462602354
48.82887603783027,14.43652453174626,3.382315177760022,0.03161285603179715,0.03150943264468982,-0.5145785654666981
127.83081755427293,7.24714842233014,17.638774605525757,0.014806263816160967,0.014662764753017875,-0.10391568772892436
9.788454992538863,3.5580057671853997,2.7511071181545974,0.14985246171295227,0.14978275281282682,-0.6540486880916122
38.721784756823645,20.572432691482675,1.8822171075983203,0.0337301019571366,0.03376682072855166,-0.9903485014615288
380.5727727470925,35.27368912046389,10.789140071155888,0.0048094673957740286,0.004720418987700402,-0.16212800125053764
369.47249089604213,29.34340064627404,12.59133170520769,0.005014845301839711,0.004964431095553464,-0.14093022118470583
247.90979244847946,12.400592254039074,19.9917703420763,0.007683135662396221,0.0076219308946193325,-0.0940391885972242
23.476488008267477,1.6636278332938592,14.11162252664755,0.07955412825479603,0.07812000039337612,-0.1272999322756782
432.19335373098676,30.883835772406016,13.994160470091005,0.004318934392222631,0.004243432335571001,-0.12898848216919093
42.832898823121795,5.811139757371372,7.370825795195977,0.04111500727248464,0.04054962286802935,-0.23475611431881827
544.5135741751866,40.254428846261945,13.526799156802607,0.003420159772193696,0.003368113008420423,-0.13159897144042307
108.74050368559809,34.61699741700872,3.141245971615364,0.013951136038347365,0.013926257072363566,-0.5674736749142755
138.04105180920902,15.11238865723604,9.134297359611175,0.01305879903127731,0.01289699649435063,-0.18796039977881177
93.51027850152892,4.737663484308276,19.73763624437372,0.020356660501736592,0.020196725484578796,-0.0946648783172613
11.292161610878003,1.1299492877582082,9.993511862183988,0.16100323176309547,0.15776450729490826,-0.17124146754364714
277.80139719621206,19.86021801751625,13.987832205628242,0.00671903899521593,0.006601778360191602,-0.12898848216919093
367.672011135369,40.95121550990296,8.978292989776026,0.004894484379705148,0.004842128057999956,-0.19250641300682483
85.82972128091998,44.932056963321706,1.9102112629961114,0.015294989306923662,0.015338922420972597,-0.9859858068284907
277.8271537127101,23.730518770026396,11.707588713299803,0.006632230523381876,0.006526803844790689,-0.15090519890616375
342.19688646344986,31.289417322136696,10.936505558425717,0.0053549487082347556,0.005299758347006578,-0.1605250445194975
315.8585905824378,27.41967250171232,11.519415141180584,0.00582617723018986,0.005740934041704021,-0.15347801774918865
822.9872474739686,45.210341273535164,18.203517697304395,0.002303623076038807,0.0022774996960612543,-0.1009016411972466
276.37986512619426,35.282685638696485,7.83330010522422,0.006417197045623689,0.0062843141370989624,-0.22317195245009092
206.70479619770614,25.509046004048518,8.103195868826306,0.008612750992950443,0.008402600837383577,-0.2128335309748802
595.8742133000266,49.53155303132247,12.030194428250839,0.0030988257377502376,0.0030630572863343613,-0.1467919710521373
128.51816249537,35.46222144293912,3.624086627008508,0.012196580785860446,0.01210650295189289,-0.4858429126869703
367.3423708400626,47.81801842701353,7.6820910385642875,0.004817415273000391,0.004728171949372697,-0.22442948299034765
211.4933673988267,43.2085088084769,4.894715722226792,0.007852317500685336,0.007710448241904026,-0.35579358566393204
81.8817336916237,11.174796499145415,7.327357925299628,0.02149231220957767,0.021211786992240047,-0.2358049475882666
585.837874322796,29.748487976809074,19.693030273656113,0.003248934873295004,0.0032237612275666434,-0.0948925412368821
121.42390687017989,43.19017525030935,2.8113779619199435,0.012149628842422489,0.01207457223505789,-0.6380250352537501
478.4279961404305,36.02936370551661,13.278835564536388,0.0038875913848309897,0.003833352703512412,-0.13430770462602354
107.8347923274109,26.43123116758285,4.079824796798236,0.014895801245462312,0.01471708796974686,-0.42605827893674014
120.01559524176346,23.473316992929128,5.112851979032865,0.013938359200387348,0.013712128739286537,-0.3386509138713664
42.107097920166225,8.039772027248333,5.23734973795988,0.03988284816374895,0.03908294263825316,-0.3311463425781078
68.73601545956205,4.137261511933721,16.61389188507821,0.027444902756085687,0.02720667946507814,-0.10991373381799678
36.20798664344788,4.822824944301308,7.507630291709335,0.04874385669225104,0.04796891665713054,-0.23331583217330729
219.39234790596112,42.67284447249899,5.141263738519964,0.007631688824633034,0.00750103323285712,-0.3386509138713664
356.7318769646058,34.01166768101039,10.488514715312789,0.005118446683012754,0.005032562849101611,-0.16682248512960882
30.800250150498886,5.471707661036839,5.629001412086135,0.055139014287338285,0.05343038724153056,-0.3067169181709371
77.20359779225784,45.45522747464324,1.6984536670798782,0.016305390139258826,0.016877446977213852,-1.0075910092209353
230.80474855275952,12.903341472605009,17.887207669639636,0.008206539224002966,0.00812094732771841,-0.10253805771853677
234.29444554725455,22.235018871528712,10.537182221475948,0.007796375377508325,0.007662476107399973,-0.16682248512960882
73.38683036893566,6.613459774661258,11.096586789581638,0.024999909330454803,0.02471234683712411,-0.15752546669499704
144.73375607944433,11.990393651965597,12.070809372944813,0.012761275166766268,0.012610719850216223,-0.1467919710521373
234.6139402499892,21.723531905335506,10.799990594179844,0.0078022147257039475,0.0076571023050163705,-0.16212800125053764
39.06847303991475,21.996774939992854,1.7761000485977352,0.03275185258656549,0.03335169068055851,-1.005091017031271
73.73823956932858,11.068798787550573,6.661810462420213,0.023582948287661422,0.023351483217342095,-0.2590098444417892
291.78231143728533,26.467146905988855,11.024320546286848,0.006284378331424323,0.006215458354623841,-0.15752546669499704
324.95865609668357,20.497385530119388,15.85366365964971,0.005789448609964116,0.005736551242648894,-0.11406352644278
182.3193165429946,13.474408027333794,13.530784890374917,0.01021483198396181,0.010059182357720468,-0.13159897144042307
556.0307456733435,47.17965327736194,11.785392792196332,0.0033155927077501207,0.0032611925674064434,-0.14958899205843956
141.75058186117533,11.382286782874223,12.45361187652143,0.013060553346315935,0.012876115405119988,-0.14259864811177586
372.3520918369206,33.713058750255634,11.04474365839312,0.004925318011427404,0.004870553557004368,-0.15752546669499704
102.95715025117191,12.211756292641315,8.430986320388074,0.017365798287223892,0.01686971608465122,-0.20579264467921993
547.5660414210439,34.887914369686726,15.695006460369294,0.0034337478183744676,0.0034044148859252153,-0.11465514354736822
374.9361956282728,46.77753708420919,8.01530433193416,0.004742553644473251,0.0046324092308869524,-0.2128335309748802
35.29294157901635,12.429602268705507,2.8394264608027533,0.04190891429387779,0.041965965378472386,-0.6349492184263246
21.919862038757326,9.964779408461204,2.1997337964295456,0.06272612484323455,0.06191384131890909,-0.8381026239288124
598.4204617693504,34.10317107139288,17.547355362250453,0.00316193719279349,0.0031321676408629976,-0.1043886025963777
481.0764489967534,49.25262593096174,9.76752893685479,0.003771243355406459,0.0037031584409293506,-0.17952538509796961
664.5513770281821,42.17218007059627,15.758051301016984,0.0028299608523173385,0.0028051134146726644,-0.11449277768490264
237.05588602732453,18.352248051550585,12.916994439125164,0.007830604170900682,0.007737503394218534,-0.13642237085943215
209.25248978894874,27.921275474496273,7.494374316104693,0.008432635868383099,0.008300297384149816,-0.23331583217330729
535.7857487727505,36.66869504174981,14.611530302966111,0.003493727791984938,0.003422978787027826,-0.12277063113777566
152.56853166185385,42.14869543660053,3.619768775319399,0.010271304854750963,0.010198076213189803,-0.4858429126869703
400.9362835990863,20.24592340109951,19.80330932089333,0.0047485386769890725,0.004710477704657891,-0.09424755040194334
139.44281598160885,8.041278094345655,17.34087720205326,0.013560784385128321,0.0134349217744677,-0.10531834055107443
305.0984659538884,19.609564154702323,15.558656150994901,0.00615937954885547,0.0060803914718890045,-0.11538752843956268
633.3919711827917,44.830366122440765,14.128637037067032,0.0029488854760321825,0.0028954949476485744,-0.1272999322756782
194.8379942991118,47.63985149158905,4.089811118187701,0.00824817621369969,0.008145301077394248,-0.42605827893674014
84.38061188115715,7.003752599961938,12.047914411142353,0.02188558197407194,0.02163052400423494,-0.1467919710521373
173.26678868887194,43.72342098320116,3.962791217902237,0.009217005702803385,0.00905794661199028,-0.4449925416771312
238.42680881934163,32.177233991000904,7.409798147535712,0.007390872579837006,0.007284658559256571,-0.23459914221055408
79.58631078310684,39.355571306480066,2.022237465779149,0.0168149348645215,0.016807793714910643,-0.9281512709788704
462.4593022263352,36.812380607618046,12.562602434101551,0.00400583503684337,0.003966231653089784,-0.14093022118470583
114.09496903571782,21.681700746987794,5.262270260397763,0.014730071102795212,0.014423679734397255,-0.32832583858702225
207.08233682358988,15.964948795694813,12.971061759962094,0.00896670853647492,0.008857446515674819,-0.13642237085943215
40.52630623763376,7.89629529582756,5.132318982428133,0.04130302661698063,0.04060743367597995,-0.3386509138713664
301.7385871715425,35.62529550191704,8.469784823407448,0.005928316878946509,0.005756167647973442,-0.20579264467921993
62.498931794717194,12.163237516241965,5.138346736324136,0.026787327751893134,0.026331158716160135,-0.3386509138713664
302.5724482411482,20.81218704623227,14.538234139882206,0.00618458572783667,0.006061302881679671,-0.12277063113777566
415.17638575355926,31.24340058799376,13.28845061485092,0.004480088161840148,0.0044173592607204834,-0.13430770462602354
294.15834004174513,29.17416667590688,10.08283606896207,0.006185582824019878,0.0060562699414941825,-0.17124146754364714
170.88167273924313,23.71711307911425,7.204994645394883,0.010277556417370673,0.010155758917344328,-0.2372210342329613
286.3444943782296,15.378203938107161,18.620151971627095,0.006628603055588244,0.00654579795590006,-0.0997607700709778
26.62411081589813,5.2461601931236945,5.074970995128052,0.06275440831469054,0.06181123959619648,-0.34197935707601324
86.88554727094026,8.664754364424251,10.027468017751888,0.020931383426002412,0.020504012103178485,-0.17124146754364714
498.2552099841923,43.727743156686465,11.394487206870712,0.0036901529622097467,0.0036393464608165363,-0.15431342543842827
50.47182043921573,8.766753794153697,5.757184657435456,0.033761784882280106,0.03260570509159818,-0.29973366683317254
73.4177693200765,41.192839794524055,1.782294439671922,0.017450391507824337,0.017747742001099773,-1.0018388640172495
100.90816532317591,14.455704629410103,6.980508242945033,0.017336450318648205,0.017198143145049343,-0.24551035500853874
595.5061621333437,43.413016964100855,13.717225933083165,0.0031302863733489064,0.0030797049116517553,-0.1307087181154518
345.9075439217295,44.633191634954194,7.7500069175163855,0.005121104709215966,0.0050211622271385216,-0.22317195245009092
486.50337458713466,27.122617817631866,17.937183566066718,0.0038938839341757575,0.0038527034012351908,-0.10253805771853677
857.0616741219105,47.603237089095366,18.004272955593613,0.0022107633171300437,0.00218695254096456,-0.10233045364330785
756.4350436747446,41.81985525133053,18.087940264945754,0.0025054653628692808,0.002477877276651126,-0.10175601203112118
170.77868446044195,33.43363909158006,5.107989710382766,0.00979372823937587,0.009636268705760861,-0.3386509138713664
142.86955657046548,37.0578034104062,3.855316382037535,0.01111559687316383,0.010985134686833934,-0.4535117153793148
370.2099256534792,18.642572145618274,19.858307252977045,0.005143338441491277,0.005101433792052465,-0.094202377341679
25.09962405187973,4.185802877630098,5.996370298758679,0.06829335303234643,0.0655654956933078,-0.2900572529041707
332.2411736001438,18.636349761873454,17.827588441157513,0.005699994632989083,0.005641544019586381,-0.1030498638867562
262.66687132146234,41.387498953103055,6.346526800739882,0.006577770936803085,0.006328518729299627,-0.27287827585148805
262.1968740113614,19.418540822498336,13.502398373186717,0.0071018839688868195,0.006994680082881063,-0.13159897144042307
135.3865794813535,16.272566499043645,8.319927866898581,0.0131874671129858,0.012828877871615487,-0.2072744654045315
488.2731064953165,27.242911353450996,17.922941500650754,0.003879607870083143,0.003838739387958142,-0.10253805771853677
213.77041846751965,13.02579239504528,16.411317790450365,0.008818489481784023,0.008728075137903893,-0.11106247497193811
126.38374973017905,18.56044887929937,6.809304589132861,0.013798413590795576,0.013731457370408129,-0.2556930725164505
348.6082139169837,19.14701460712424,18.206922649302893,0.005438399905356863,0.005376675394202282,-0.1009016411972466
112.43171738014894,35.74123824128303,3.1457141082002114,0.01349773979746893,0.013469048092396315,-0.5642487625058341
34.70595608730372,4.074462934266072,8.517921661632506,0.05157241851583898,0.05004495162884828,-0.2029974040101572
116.81560615218973,20.238872072257294,5.771843694408064,0.014592737325406497,0.014087752029751524,-0.29973366683317254
157.38090962345694,32.07839766506653,4.9061337560150395,0.010556356552883641,0.010382664906141505,-0.3554540612432883
76.20192655431521,37.812051984622826,2.01528143950782,0.017541708706507075,0.017554284447385507,-0.9281512709788704
214.99308480258117,23.579496818860427,9.117797824702333,0.008383193015757058,0.008280801044808621,-0.18796039977881177
107.6718295372731,19.618517347608048,5.488275572995876,0.01571211053269232,0.015284121201892265,-0.3165272866883754
185.44784428742463,26.7561181277052,6.931044458777398,0.009424894696770294,0.009358065489521382,-0.24880816012122664
321.5774886752004,30.792873699729164,10.443243843072327,0.005675846250292632,0.005539885021721772,-0.16696830820621486
32.88371475120355,10.250998446019102,3.2078548176908264,0.04636636833205548,0.04631159074832874,-0.5515561863791927
251.38977351868763,13.109336073448413,19.176392466423323,0.0075614621277328604,0.007455964416328644,-0.09746965201511303
57.04352565306951,5.2210829493578075,10.9256118330941,0.03212097602299924,0.03179257916812761,-0.1605250445194975
22.177099453737537,2.7680457554765256,8.011825458398066,0.08017592133563745,0.07831763108810572,-0.2155387810136595
420.81664319444593,32.88626120315238,12.796122994793574,0.004408171031339307,0.004358717157268827,-0.13649634443750008
46.104110401629825,19.37513062115563,2.3795509461644055,0.030544031493951497,0.030229697013190126,-0.7607281560446899
853.1363416576598,48.786708524387834,17.487064970394307,0.0022174840742747535,0.0021970148433043523,-0.10465353045628414
325.46550937873815,17.406563048581248,18.69786174734051,0.00583307933434547,0.005758991819323939,-0.0993449122371446
302.24750522007616,37.55899158626245,8.047274233279095,0.005885702653707158,0.005746475532882843,-0.2128335309748802
408.8475208989253,28.90840267322087,14.142861005518608,0.0045687559946184985,0.004485738958153887,-0.1272999322756782
44.31846667062163,9.077893999643983,4.882020727754666,0.037455736213006054,0.03679524102117977,-0.35579358566393204
89.7557824870614,27.38735455346924,3.2772709869377197,0.01707312993767629,0.01697505730070411,-0.536427828735979
327.497554520883,19.085847355385102,17.159183368847337,0.005770616795763374,0.005710206731316872,-0.10656027883392642
346.25232395222,25.25121811606808,13.712301812952527,0.0053835287514765314,0.005296666984086494,-0.1307087181154518
139.69738406889127,44.28924651198014,3.1542054803552246,0.010870355056156644,0.010840204479112804,-0.5642487625058341
79.84908268840309,34.30076020184035,2.3279100002022384,0.017520830071777026,0.01740675930979019,-0.7845571358497296
80.1389338068503,47.02413499679177,1.7042085689044102,0.015727836854018407,0.01625925834413329,-1.0075910092209353
46.90561571575668,4.237804206847659,11.068377260082995,0.03910571492924432,0.038664044329879965,-0.15752546669499704
108.41173328713704,30.355402898425854,3.571414737926571,0.014412634395838146,0.014191915708559854,-0.4901323988167069
83.66469136598803,37.24000508577721,2.2466347996805576,0.0165419546030447,0.016377323634995916,-0.8168780506651379
189.85670919334456,32.73379971688499,5.800020493661519,0.008985109067730274,0.008667954372901637,-0.29972069979973437
288.92839290025364,23.794378425619993,12.142716558174822,0.006395440893288498,0.006317125265766151,-0.14563953835432356
351.4736378397022,20.303938543956324,17.310613755000844,0.005379560594951229,0.005330138943674686,-0.10531834055107443
409.5767082737134,41.27661534571977,9.92272997296967,0.00443603250818709,0.004349618220096873,-0.17514405718807308
131.0180016809536,30.84727069694857,4.247312605646956,0.012355954866777465,0.012185447167542962,-0.4073345456068944
388.48092661350313,46.36197233041113,8.379301118703252,0.004599362217613122,0.004470896187266446,-0.20594971400270712
55.5411098911257,28.736625439821015,1.932763817638834,0.02373106007353287,0.023712352514260505,-0.9732855739120402
93.56655248099565,10.924783051166386,8.564614239273704,0.01914034297498674,0.018567883374829258,-0.2022876414058329
278.06964571258914,35.79989956283766,7.767330330759959,0.00637207409927255,0.0062461254595809115,-0.22317195245009092
289.4432918163148,39.06475346803564,7.409320835805325,0.006088130956637111,0.006000684564920869,-0.23459914221055408
78.19495670420903,4.136305689394634,18.904540083847913,0.024292108997898475,0.023970256970336813,-0.09814922923627628
132.39812989839632,20.727769467082485,6.387475994880017,0.013061147776356417,0.012555254488866796,-0.2719234110987598
478.83838380964636,27.255481226885433,17.56851694613666,0.003951836088460848,0.003914375433046669,-0.10415929565028174
73.61677019249038,32.775783466782144,2.246072020432405,0.018798308069614533,0.01861265746568448,-0.8168780506651379
225.7091391804093,14.121718074737274,15.983121740986071,0.008339210487298885,0.008259045199543012,-0.11346214160985876
668.7565431898748,37.5537402798817,17.807987651982064,0.00283161670841741,0.0028027437265044914,-0.1030498638867562
149.4048383045713,24.008199938838505,6.223075394456224,0.011533158176911218,0.011014832661057223,-0.27526249160821264
516.9088874634094,26.7907701753137,19.29428993944019,0.0036785014886453315,0.0036260804397891732,-0.09656825685257014
83.75764805253988,37.36615588070432,2.241537725206351,0.0165120309555525,0.016359147602417478,-0.8168780506651379
206.9138328439673,14.283527393264539,14.486185880214606,0.009041699222156273,0.008863512058296956,-0.1235659613914814
154.08047574116972,26.516977694199962,5.810634889015713,0.011074353275505842,0.010680582888656339,-0.2988432229232257
675.6368840607773,38.1245485583278,17.721833034353228,0.0028020566937346546,0.0027742020162055616,-0.10335061644426226
9.035673833777402,7.177048120123754,1.2589679883073712,0.1233599148672721,0.14420613804341492,-1.006185247415505
432.44022175145057,40.634280432551954,10.642251250621987,0.0042276639107936935,0.004154245725342591,-0.16212800125053764
314.4301521340045,16.879485649692647,18.627946292885404,0.006036649019265007,0.005961111532285351,-0.09942312934518888
578.6642904086118,47.56996418811321,12.164488670210279,0.0031936930714336867,0.0031541549755879643,-0.14563953835432356
24.251478674252752,1.5836759469195116,15.313409742331146,0.07741389704557729,0.07649505151378576,-0.11682533421115988
583.7617277303308,33.80221171817067,17.269926968019217,0.0032385310609068995,0.003209191757068784,-0.10531834055107443
76.66536757957527,16.254433795054858,4.716581859830727,0.02152393752905782,0.021239498499696106,-0.36667374883688886
201.97281711808284,37.92543804027006,5.3255236473109075,0.0083368676386572,0.008147974148991691,-0.3230354954894175
277.4127146948555,23.276642336491676,11.918072662049932,0.006651382741795872,0.0065793554300315905,-0.147704426351155
162.05187391875708,47.565288610999694,3.4069355753111488,0.009541203477153664,0.00949430662802003,-0.5143724538765504
67.32304423637038,9.31157920733667,7.230035071100076,0.026097864256736717,0.025777697539035808,-0.2372210342329613
511.5547159582117,27.78612631085168,18.410436569505823,0.003708230201120669,0.0036640326977991646,-0.10052557411808749
346.14561372090355,24.29048734894675,14.250253967667414,0.005399041816453185,0.005298299847646435,-0.12596979872875796
482.929515606331,31.149575963154838,15.503566282172265,0.00389045194173136,0.0038413848201911834,-0.11558483690206266
105.06433189900918,23.212651511496624,4.526166769314291,0.015591261556250482,0.015498446811142723,-0.3801588369764024
101.30660567097839,30.630960819103507,3.3073270626168814,0.015158684923526653,0.015039587405936302,-0.5355966764484775
52.61451424100225,3.5864179205795983,14.670491673346104,0.03558659835480756,0.03485698345594019,-0.12220993775424631
89.78976549922956,26.782169127107636,3.3525949699252937,0.017156788264781345,0.016979211645901066,-0.5244389153491451
493.42271232755166,49.92393419237097,9.88349015977497,0.0036808914029557134,0.00361049920955406,-0.1764936057294186
165.68936565589382,19.67244938194157,8.422406505617408,0.010789708762787887,0.010482615385402464,-0.20579264467921993
197.16048638373272,17.71367259134885,11.130412700527366,0.009307773487234149,0.009198398921701805,-0.15752546669499704
600.3358738203084,41.20493466473922,14.569514032843276,0.00311749459044212,0.003054928636481734,-0.12277063113777566
34.30605788174509,10.18026645564997,3.369858542622476,0.04495763652738571,0.04452301343080095,-0.5256144831778897
116.41097571903717,41.8415715221482,2.7821845949886654,0.012638027222095154,0.012594531791448295,-0.6395235352944749
118.75527403834091,29.332472546102952,4.048594057377494,0.013505506337484464,0.013363735949693586,-0.4303661218707792
59.427489756687145,7.098508186857742,8.371828022500821,0.030063434774736254,0.029226506129288513,-0.20594971400270712
149.25997687930777,29.268053769035085,5.099757505475862,0.011202722579399969,0.011025522896924073,-0.3394645446927401
46.7012644383196,16.698413821165836,2.796748537823639,0.031545901413163296,0.03139404793853765,-0.6395235352944749
86.41365375496909,11.761750199743558,7.3470063797863325,0.020371701255464968,0.02009934562594712,-0.23475611431881827
173.48029290870466,9.410054857934114,18.435630347301778,0.010935514227092645,0.010804415732515766,-0.10045286830664628
553.4412746476554,45.94323126130215,12.046198307209997,0.003336756256264967,0.0032979051877715495,-0.1467919710521373
46.313608014661355,8.395896127323898,5.516219747399772,0.03655671955661461,0.03553316969293779,-0.3137827145586913
538.5387104566305,37.23511331429264,14.463195154287693,0.0034735861851123645,0.003405480825855394,-0.1235659613914814
124.13871443879854,44.066507371655405,2.817076320385841,0.011890237285580512,0.01181051166185348,-0.6380250352537501
400.2664269060545,35.30737240742445,11.336624608799443,0.0045916444082547215,0.004530884139778195,-0.15525947258038955
22.18388239100899,8.691675637167734,2.552313652403833,0.06477615718474854,0.06474161959423218,-0.6986694083805378
302.96812278906907,34.63013400705295,8.748684678129313,0.005924201205836836,0.0058503793222502406,-0.19849310542358004
210.65534106864325,20.622854371932878,10.214654929403915,0.008647594280083673,0.008456952972553082,-0.1709893682040057
509.9580269824569,40.11907841359221,12.71111020361038,0.0036358539200791193,0.003596807238449459,-0.13751371645582958
541.8620064506841,34.41471927043483,15.745065423683107,0.0034705548753462445,0.003440252241805043,-0.11449277768490264
178.62689793937597,12.974463758516206,13.767574619192139,0.010438339176072788,0.010267116954935752,-0.13055290822122617
367.495541424538,29.80462157218513,12.330152910496928,0.00503397729543971,0.004966582298420048,-0.1440771296373109
287.5742538854423,30.937744100703778,9.295256077798527,0.006279198311666085,0.006190800939951483,-0.18796039977881177
117.22455528948551,6.250999653242144,18.75292941804689,0.016197538054618755,0.015989424752822008,-0.09925419767386341
574.1139451487599,34.56185423727299,16.61120208445329,0.003285821453748262,0.003257330284549003,-0.10991373381799678
444.057565747528,24.786526221709885,17.915280333175097,0.004265810392532846,0.0042209689701580904,-0.10253805771853677
804.158796293691,43.73684483882547,18.38630105251292,0.002358780848700486,0.0023308247259409567,-0.10052557411808749
380.8664025344932,45.0212029059225,8.459711823568147,0.004696074678979621,0.004560281195884031,-0.20579264467921993
44.5339831233532,15.402070049606504,2.8914284235768015,0.03336889725168465,0.03333245411054368,-0.6138088772585288
284.74061484448134,21.23570406818765,13.408578963531504,0.006536453563162302,0.006440890961209112,-0.13297970256312866
32.84133551817104,6.28569067838909,5.22477754609899,0.05111556370148649,0.05010969458798714,-0.3311463425781078
138.7882055967694,44.93541711979032,3.0886150500569114,0.010885916413076109,0.010887262484569947,-0.5753102566362456
699.1351420150592,40.504168473059394,17.260819524787333,0.00270402069176139,0.0026796011416689116,-0.10531834055107443
795.0653081606825,43.67545059540437,18.203940596421486,0.0023845270175806696,0.0023574833246345663,-0.1009016411972466
632.9614539323927,41.20053002902959,15.362944444802354,0.002966646069610544,0.002930854792100165,-0.11647880534144663
113.1846425237549,8.117710189597245,13.942927239358674,0.01648772637350383,0.01620346375221385,-0.12898848216919093
175.48719653525652,16.4126223592622,10.692209489376518,0.010422104676916536,0.010237002916142914,-0.16212800125053764
212.89449771588576,39.9417119778601,5.33012951057016,0.007910259382635697,0.007729975693751191,-0.3230354954894175
335.14363267862325,17.17497255192027,19.513488692076663,0.005676680056936755,0.005592686308862717,-0.095752505942238
383.97798507440814,19.801960959955004,19.390907084955725,0.004953192994457909,0.004881407994317787,-0.09602694898365999
16.57275687146977,8.330576997306618,1.9893888354705747,0.08031053233830611,0.08071501347347018,-0.9281512709788704
18.498087230252093,1.9071156415061523,9.699509997014735,0.09801421787225127,0.09630737982039278,-0.17952538509796961
200.86415899242903,14.44596038103617,13.9045209660212,0.009288927087216505,0.00913046539333118,-0.12939059388111976
139.30620817684098,12.782520130087532,10.898180230433718,0.013150218443301222,0.013018521062981792,-0.1605250445194975
506.61348380890945,29.10233432085691,17.40800164768337,0.003733322654130665,0.0036978947157889743,-0.10507824526938718
23.790154056066793,18.673193507727216,1.2740270723495748,0.047099442572099096,0.05477054184340999,-1.006185247415505
270.5149694961976,27.969889595878115,9.671649527571358,0.0067005073760979155,0.006586473888923366,-0.18007056360018975
353.0377540360088,19.412141599792566,18.18644028641236,0.00536984980647086,0.005309214622391557,-0.1009016411972466
70.3359990042294,15.920988485114764,4.417816084094881,0.023186527355213652,0.02295159283946889,-0.3955206330648886
12.721240758427452,3.805440897338344,3.342908509582983,0.12101642916938768,0.11976894233198555,-0.5274031674594236
305.50851608471197,17.983514960363493,16.988253784539175,0.006182532514135779,0.006121200038156782,-0.10721876293292538
231.87724537145263,38.670970260491636,5.996157939909541,0.00739239767421277,0.007097157334437485,-0.2900572529041707
792.8749196262145,47.10365917252722,16.832554700732285,0.0023810131001914497,0.002358604988030865,-0.10808351469844871
269.6076167006805,18.459745622082718,14.60516424333382,0.00694282053986773,0.006802416322225201,-0.12277063113777566
159.07256401541983,16.649615156877175,9.55412857994585,0.011381602535437397,0.01120079879379383,-0.18063068011005493
59.72262256509704,13.959792291901014,4.278188479906397,0.02714351862491988,0.026732130454253454,-0.40512960780328844
881.8531239715597,46.04166042557888,19.153373614684796,0.002155416792540134,0.002125470959997076,-0.09746965201511303
255.8758727965295,48.84469738452672,5.238559894888144,0.006563390186660707,0.006431514134925057,-0.3311463425781078
4.720314872821213,3.268414372839345,1.4442216727619421,0.2503527079837374,0.27604082848189454,-1.0062522822285689
578.7239260487413,34.67618025244726,16.689379332889413,0.0032605145963538035,0.0032313831451258484,-0.10914581731440122
139.9106946561568,7.291906297337809,19.18712185141992,0.013586716450967163,0.013396782930644755,-0.09746965201511303
668.9366997629683,42.84923654872407,15.611402994364138,0.0028098335440055622,0.0027867240399599646,-0.11510358059965736
9.619516924930679,8.320769980103174,1.1560849474187005,0.11148093732206822,0.08709328001802334,-1.0082371884893364
493.6608364135832,28.221756687373652,17.492207940211102,0.0038322795709975046,0.0037968440429694953,-0.1043886025963777
756.9746613285245,38.41259173073606,19.706419880094337,0.0025144984311824136,0.0024949334784433994,-0.09471503595471148
104.33954771676471,36.69056761543349,2.8437703338466593,0.014181368250951048,0.014195023812351385,-0.6274572021233737
628.181725070009,39.2167781243163,16.01818800817056,0.0029967103468580354,0.0029675202382450586,-0.1130921114958023
475.816000157398,29.458172514331793,16.15225791504572,0.0039582470432332475,0.003917779103317867,-0.11260787068991106
67.8936582590879,18.268048683112912,3.7165249248459244,0.02321216780607242,0.02291680185628798,-0.4762965897576839
482.51829491723424,36.295432037100134,13.294187941447234,0.003854948117392504,0.0038008574426292496,-0.13430770462602354
76.10022947039978,9.923460612221286,7.668718851635102,0.02324940952985287,0.022823293775975032,-0.22442948299034765
156.022323261552,42.01271842014952,3.7136926418625387,0.010099222758841677,0.009972326274194528,-0.4762965897576839
254.65005413298516,20.250591078335116,12.574944264487167,0.007275355787042878,0.007202907256395185,-0.14093022118470583
740.3145142375888,46.551033464728484,15.903288480126266,0.0025417302941272367,0.0025167574934011746,-0.11351724158657407
50.28486507716768,31.455460690198322,1.5986052651531089,0.0244677272964635,0.025912362023630356,-1.0071209801278498
324.8010412730374,20.86826556297665,15.564352499389404,0.005785876733767405,0.005711552226561286,-0.11538752843956268
470.27862351734075,25.8599873963587,18.18557048421299,0.004031131534626498,0.003985622803701895,-0.1009016411972466
183.35891599119168,17.330231015433547,10.58029265898996,0.009965660972857567,0.009791046055205763,-0.16682248512960882
326.22813046466706,17.875528956894282,18.249984727799987,0.005812202065395068,0.0057455290667745105,-0.1009016411972466
247.29664536497063,21.689669090299162,11.401586826217445,0.007435322514642594,0.007332583635993899,-0.15431342543842827
77.04543798339745,5.322311905073057,14.475934397974724,0.02428134801191105,0.023803917538065662,-0.1235659613914814
175.89057302310772,16.58251773014623,10.606988388943316,0.010391062938579573,0.010206775498232682,-0.16682248512960882
362.9283704677787,34.44579767993755,10.536216168951169,0.005033039790489195,0.0049466388885179464,-0.16682248512960882
736.8456904584446,44.12571467274689,16.698782012329385,0.0025609132253235703,0.002537951655999305,-0.10914581731440122
98.3168969112847,10.391996988510915,9.460828079528984,0.01839775871368479,0.018122416788208254,-0.18063068011005493
139.860407819885,7.596226716501991,18.41182642904183,0.013563309689578407,0.013401599746499245,-0.10052557411808749
634.3348186587812,45.36849753867524,13.981834380079048,0.0029424602651474964,0.0028911912108477112,-0.12898848216919093
171.20850919618863,24.410747544626346,7.013652854473012,0.010223942332271984,0.010136371608397353,-0.24551035500853874
292.260012291227,26.495607159894718,11.030508209436643,0.0062743991884562905,0.0062052991483049005,-0.15752546669499704
75.91257220039621,4.687721965047377,16.193915246342687,0.024813805218808695,0.02455330465164051,-0.11260787068991106
69.51421589849271,19.15441564913619,3.6291483474009083,0.022555891131867616,0.022382551446657177,-0.4858429126869703
428.5511654420598,38.79244479855488,11.047284275777958,0.0042795064620018836,0.004231841963336171,-0.15752546669499704
49.63910715269302,12.82190370117266,3.8714303514971142,0.032019974903691795,0.031617033657497164,-0.4535117153793148
500.3452855236307,45.65520592866734,10.959216486842283,0.0036630003659524767,0.0036246185540778487,-0.1601612996055388
514.5114882293149,32.768595769338816,15.701359064972113,0.003654435924996898,0.0036231299496467364,-0.11465514354736822
294.1815382210267,19.348010877072827,15.204743272582531,0.006378984072643898,0.006306031716642394,-0.11859574204555984
94.18041986386417,17.126752730040742,5.499023740715858,0.017968293986739166,0.017473582036010734,-0.31490181318164073
62.0796788189966,6.583606062168639,9.429433996017003,0.029127648108612587,0.028700853758353975,-0.18344510331748873
484.49784993253365,33.25940872245989,14.567241828486116,0.00386281402446295,0.003785327948712935,-0.12277063113777566
513.2448054823211,36.95795047305914,13.887263739271903,0.0036350235951238927,0.0035733108895616814,-0.1295959871754494
56.60886907406465,29.17998731129936,1.9399895027419702,0.023313051184829753,0.02333220789277616,-0.9666357833130587
551.0384758637641,35.66887282901428,15.448721312424835,0.003408854524246421,0.0033665854413605246,-0.11611035730189036
196.34663709213063,14.97326577578835,13.113147127169917,0.009464323865651488,0.009340538140107768,-0.13470321933701077
58.7757790264766,10.224298859749242,5.748636638338457,0.02898547452798239,0.027999106433550535,-0.29973366683317254
70.77608634659838,5.415671665857712,13.068755034171582,0.02624955837970077,0.02591247054068128,-0.13487604758876864
38.475162101769925,7.1919944215291425,5.349720793246867,0.04379515065667847,0.04277225105184058,-0.3230354954894175
235.48016593234996,14.96135505488297,15.739227166826428,0.007985896236838286,0.00791634393096396,-0.11449277768490264
827.8932141576371,42.853393366271796,19.319198530710498,0.00229687946265709,0.0022640035863699696,-0.09656825685257014
476.52142517461283,39.6984880506151,12.00351571493236,0.0038743178028612687,0.0038302513892603898,-0.1467919710521373
513.016674303323,29.617466380600227,17.321423369264114,0.0036857245979385798,0.0036517396384210944,-0.10531834055107443
275.5218755807033,47.951367305551656,5.74586067223164,0.006182891611542884,0.005972916993282921,-0.29973366683317254
44.82327174068412,12.381046056648913,3.620313787348604,0.03496239579476715,0.034712002341627815,-0.4858429126869703
250.98578261991412,25.248395984782633,9.94066247896242,0.007240233667326475,0.007098020829062271,-0.17405732920395384
524.6574960582025,49.54757766980211,10.58896359282498,0.0034830761543346808,0.0034218049005120947,-0.16682248512960882
155.28534366319877,8.48625799286312,18.298447182938887,0.012212129452090336,0.012070380641006087,-0.1006659802439623
549.5401745320404,31.559506990349735,17.412825070432145,0.003441750294476695,0.0034090379767406473,-0.10507824526938718
54.266761460174,17.018569981497293,3.188679279115296,0.02805626290222814,0.02806316608666915,-0.553417555242661
267.19842862486166,19.246044138488628,13.883290857185184,0.006982156020347878,0.006863750142093092,-0.1295959871754494
47.652913524430375,20.77875159503293,2.293348245994798,0.029226236078115843,0.02916744561173569,-0.7845571358497296
61.89269688563085,3.371820657650352,18.35586858547829,0.030644522863034547,0.03028391555546202,-0.10052557411808749
158.05267608712379,8.94123235624999,17.67683354930864,0.011976484763084536,0.011859041253759268,-0.103664098523445
245.18508649793674,18.30394958434035,13.395201148701856,0.00759044865675352,0.00747999512791076,-0.13297970256312866
98.40552572858965,26.372107472257074,3.731424416198451,0.016028513674247416,0.01581116001466584,-0.4762965897576839
146.28510541844753,9.201696107514922,15.897624058566564,0.012862828100982254,0.012736717766661576,-0.11351724158657407
149.96320330851546,12.461678995313875,12.033948504443746,0.012313384326539528,0.012170964680132039,-0.1467919710521373
161.5234895410746,16.008157439310263,10.09007377353943,0.011265597058427427,0.011029369894721216,-0.17124146754364714
