L,l,kappa,alpha_theory,beta_theory,alpha_found,beta_found,inverse_score
126.01326062313719,15.689363151151472,8.031763903297046,0.01734371582444777,0.2288250191599494,0.017790042017530622,0.259741935483871,-0.5775546546072282
98.544340184006,7.802300651937144,12.63016443227416,0.024721306837192265,0.31451396960501543,0.025101266969606562,0.3385161290322581,-0.450927294605488
288.7599495284923,19.793838091048574,14.588375847081373,0.00870023194737898,0.34224476026615946,0.009003567099073134,0.396,-0.4206985450526088
73.2846721405124,14.741715090915257,4.9712446407049935,0.02601397725197577,0.14495821750598492,0.026057319989124934,0.16393548387096774,-0.7395424604878471
247.75422689963685,31.919378222725662,7.761875095776242,0.008742609742275264,0.2225385924000059,0.009048407485535146,0.259741935483871,-0.5846326301088123
353.5493092790655,43.2503226630629,8.174489518456411,0.006210079066680186,0.232078543995107,0.00634078795351896,0.259741935483871,-0.57273067755064
575.2205008343905,30.955252285561276,18.582323139478838,0.004581614312335174,0.38863175314246173,0.0046140778561750756,0.40238709677419354,-0.3972512359038028
616.9206719710741,37.41642376355388,16.487964640062593,0.004174499602147188,0.3657649729071753,0.004302193614031372,0.40238709677419354,-0.40208898661651354
89.50574527522494,14.58724354302012,6.135891610451155,0.02268083774046937,0.18045809465355445,0.023124440050065604,0.2107741935483871,-0.6604844668829127
148.65936790823358,16.55018954534081,8.982336274818314,0.01512783774372928,0.24963168943549685,0.015463572588017758,0.28316129032258064,-0.5444528648950178
218.4449816252321,15.670111195429762,13.940231750808652,0.011391828242686494,0.333499463216793,0.01162693044364242,0.37258064516129036,-0.4220302350034779
68.04756905678853,20.48849994269779,3.321256765849325,0.024507724587808654,0.08490879756331733,0.025069568699946396,0.10858064516129032,-0.9378209694826924
604.1281800621088,32.299722473894164,18.70381953127887,0.0043677324162212285,0.38987339024709233,0.0043932931171080875,0.40238709677419354,-0.39390849265531885
222.82461059686744,21.294553178247018,10.463925151737348,0.010474319990072653,0.27849111854475056,0.010669343455521113,0.31509677419354837,-0.5083215449736425
232.08871003749277,31.318425071121002,7.410612427363208,0.009218290679852163,0.2140817692891468,0.00957074329254148,0.259741935483871,-0.5973975242280231
537.0158597427724,28.33974109469887,18.949215447957098,0.004925590732462553,0.39235515401542337,0.004942334806627876,0.40238709677419354,-0.3947741708965418
4.871385508135279,3.5676890487177344,1.3654176251391938,0.23842390346979317,0.006038548758755116,0.2694908659818834,0.08516129032258064,-1.0192561858816762
568.8164048254768,29.55898016850577,19.243438088284726,0.004663579999944489,0.39528573895851066,0.004666026072388379,0.40238709677419354,-0.3926315987780923
592.7387809717841,46.74624517928017,12.679922819437696,0.004113527999646359,0.31526978021349317,0.004173149911411334,0.3385161290322581,-0.45203851610241974
549.136642058769,34.427927331319445,15.95032534994384,0.0046589632665397784,0.35940294622126273,0.004734467493113512,0.396,-0.4064542434785283
236.1852253727001,20.938033147788293,11.2802011395062,0.010056106549668573,0.29282944204000433,0.010134270818379107,0.31509677419354837,-0.47199785205505457
412.9950998046913,48.64621857305791,8.489767795300402,0.005368231867112924,0.23909881824572812,0.005527476415828252,0.2767741935483871,-0.5615997423054143
366.65871500780855,33.68048605876365,10.886384310727728,0.006424737774199028,0.28603719379253295,0.0065280462164273734,0.31509677419354837,-0.4881366572451255
376.86903289832827,37.99939581932665,9.91776381630392,0.006114268198979306,0.2683084202344353,0.006267243520692011,0.3001935483870968,-0.5160669677083899
101.58491725563002,40.00534873557049,2.539283382506961,0.01486500650638872,0.052370112600252615,0.015603015239179716,0.0915483870967742,-1.0382200846472878
275.61735567536664,38.731508038327604,7.116101841493585,0.007677699675475893,0.20673808446042308,0.007686971590543953,0.2256774193548387,-0.6174492158431643
258.7439392939101,13.64398810399242,18.96395227860086,0.01022441126049793,0.3925030960554034,0.010257678624514804,0.40238709677419354,-0.3947741708965418
3.6990123051429085,1.7670758500321773,2.0932957151078444,0.37809403314891105,0.0333476580688197,0.429711601346638,0.10006451612903226,-1.0452856926116099
558.9255114894368,38.80760976481464,14.402471960439904,0.00448286031620259,0.3397770444752973,0.004651549316789214,0.396,-0.4206985450526088
144.65082309217266,10.58727178638837,13.662709903994756,0.017130197052232995,0.32962957764149636,0.01755845250531973,0.37258064516129036,-0.4327763401139727
42.00019669467859,25.321647783849937,1.6586675975118088,0.03017843566767139,0.015833976312125946,0.03677919951192491,0.09580645161290323,-1.0223102372084008
633.3046592189171,49.92237396575921,12.685788132857795,0.0038504292642281145,0.31535868134301503,0.0039058417702993826,0.3385161290322581,-0.4489214483706321
248.33320772347685,24.627743902082642,10.083473691736602,0.009315991480354916,0.2714509499066413,0.00951113234606771,0.3001935483870968,-0.5111886067199459
267.0303544846337,19.718149955178358,13.54236351237944,0.00926196296770709,0.3279270145834656,0.009263320629133964,0.3555483870967742,-0.4338885792662149
2.474378733343634,2.231266800346913,1.1089569086757902,0.42530538016320096,0.0006681813097633256,0.5305549556453679,0.08516129032258064,-1.0185147783952624
395.41270975296766,21.062408915820996,18.773384912110124,0.006677856049751594,0.3905804453866919,0.006712258128920647,0.40238709677419354,-0.39390849265531885
15.151123674611535,2.6046603973163216,5.81692864460269,0.1319270554992193,0.17123415534469041,0.1313288151509768,0.17670967741935484,-0.6909862344763197
95.08418918854089,25.886126676819096,3.673171748544688,0.018165755195043105,0.09875857193858452,0.01860943962060741,0.12348387096774194,-0.8898136678060594
65.23975456121396,11.79198100729578,5.532552547434538,0.030187661821461792,0.16270399143122077,0.030599010584853568,0.17883870967741936,-0.7165536569740001
726.3605567748699,41.52038913186634,17.494069105855225,0.003586779430440521,0.377109790902746,0.003653987197628794,0.40238709677419354,-0.40033765897667556
189.33936607011535,25.934159406650178,7.3007712762636885,0.011254246088452572,0.21137061602214177,0.011298139228642647,0.23419354838709677,-0.6004530607055077
83.83973398754269,5.934039686271975,14.12861025879227,0.02976554523192612,0.33608266046431434,0.031009993203115996,0.396,-0.4235361280604418
116.48951693720868,11.254782144641782,10.350224059438364,0.019983859203284743,0.276412043436998,0.020456533428216035,0.30870967741935484,-0.50999085592812
687.8474818080864,37.63732402793832,18.27567446871342,0.0038194020133424304,0.3854590640297277,0.0038585765674990303,0.40238709677419354,-0.3986935167490806
686.5372809506758,37.295139237659704,18.408224100620263,0.003831929408309555,0.38683736880378095,0.003865940348705669,0.40238709677419354,-0.3976203970174925
120.18875056536363,44.17579193594897,2.720692607834327,0.012899220466544773,0.060087235303599766,0.013485878788173969,0.0915483870967742,-1.0068517918838433
123.74188532051994,22.69751412962343,5.451781398343508,0.015845821532538672,0.16022629450955667,0.016132548289538595,0.17883870967741936,-0.7227335311892739
37.434451621190895,25.67928975969439,1.4577681848485984,0.03196851747750605,0.008826372202814396,0.03767676273811514,0.0915483870967742,-1.0168294912316602
78.80472315555201,5.156314333048082,15.283149564888477,0.03218619413179606,0.3511931260575446,0.03327817214072406,0.396,-0.41208192770612107
10.94931008835685,2.199071244226003,4.979061100046637,0.17419848018136508,0.1452140224904826,0.1744038790438542,0.16393548387096774,-0.7395424604878471
859.2093597226013,46.88064680230648,18.327591838607677,0.0030592991309365005,0.3860001847559493,0.0030890168330740563,0.40238709677419354,-0.39808474001807764
28.214221643075877,4.41011999895473,6.397608602433291,0.07281490113991206,0.1877691057095874,0.0733591118315089,0.2107741935483871,-0.6423522770970063
311.70051375126906,35.93344652353036,8.674384004527862,0.007151815538212673,0.24310697935185868,0.007375043752325057,0.28316129032258064,-0.5519566276802491
52.473537964568386,8.175941260947134,6.418042435702338,0.039186833080514724,0.1883305094152111,0.03944407640572947,0.2107741935483871,-0.6414179835414868
199.34829398711975,15.798022771132175,12.618559732132436,0.012218078385000778,0.3143372811982639,0.012408372009756379,0.3385161290322581,-0.450927294605488
26.449638823693668,2.674795465354052,9.888471535969437,0.08705734563934055,0.2677479712259446,0.08929914016314235,0.3001935483870968,-0.5160669677083899
154.27718162828836,12.645385825965995,12.200274768326649,0.01567027056016205,0.3078608973025333,0.01603340017749523,0.3385161290322581,-0.4554803022251254
294.31015444545704,20.728029340532302,14.198655820597128,0.008488078272904261,0.337034381464538,0.008833774648392474,0.396,-0.4235361280604418
242.9461557057282,26.690636080096397,9.102299209980115,0.00928746175010736,0.25212069506625406,0.00946219922624446,0.28316129032258064,-0.5435382782468159
165.489617388828,16.52958951011678,10.011719727676338,0.01395562621470629,0.2700960076894811,0.014272375765012573,0.3001935483870968,-0.5167420073525736
312.31373512733984,16.98592289120147,18.386621505806737,0.008421590633965793,0.38661345786854323,0.008498224307156185,0.40238709677419354,-0.3976203970174925
428.83905820392755,27.712140056037388,15.474772332153407,0.005929622846721243,0.35358820795012424,0.006115294520177512,0.396,-0.41208192770612107
32.8130518061118,10.80117533614995,3.0379149291551015,0.049220898678967444,0.07336572756536848,0.05103398478281454,0.10858064516129032,-0.9836358236172007
382.301039705583,23.97420317823602,15.946350202480932,0.006691793844874112,0.3593550848273373,0.006800582031131694,0.396,-0.4064542434785283
469.1717478233999,49.483361432524674,9.481404137492978,0.0048579514268389315,0.2598006640235604,0.005034254546526023,0.3001935483870968,-0.5305783855042409
615.0813883089922,32.050225110928395,19.191172173678854,0.0043106182557546635,0.39476867334193955,0.004315058504069998,0.40238709677419354,-0.39324969606416943
444.3759687566556,49.372172921687586,9.000534966559183,0.00506335533982083,0.2500111448468255,0.005173108107015243,0.28316129032258064,-0.544104651951165
37.542405354763666,4.445522212933808,8.444993311592897,0.058974831667336525,0.23811548018263873,0.06080645745660526,0.2767741935483871,-0.5703214995786986
382.51369692892064,21.99896757407218,17.3878022066703,0.006802972583968452,0.3759442832409443,0.006938606895980222,0.40238709677419354,-0.40185298805755526
38.18531684790463,2.2761679524695726,16.77614202698651,0.06767358664857126,0.3690868987839863,0.06950609277093214,0.40238709677419354,-0.39987980622534436
236.84901060783898,17.683736628312584,13.393606542897238,0.010417532966847944,0.32580164273749185,0.010443732844626855,0.3555483870967742,-0.4338885792662149
31.690970976815073,27.87650761206977,1.1368343344090113,0.03360985838177782,0.00102725976600051,0.0414248556814307,0.08516129032258064,-1.0185147783952624
169.25503977280079,11.34786618587835,14.915142371296835,0.014911234533970728,0.3465061441332621,0.015360662728830304,0.396,-0.4159778176323718
914.0474380893722,49.425170949011836,18.493561489798893,0.002880661371235334,0.3877191635500984,0.0029036919362366706,0.40238709677419354,-0.3971747787476016
486.961383968094,49.32163911305119,9.87317925205039,0.004726813015703627,0.26745478680042306,0.0048503435433316965,0.3001935483870968,-0.5160669677083899
261.5445014744478,17.683837825797834,14.790030538105087,0.009632875000763269,0.3448858445749902,0.00994044824665814,0.396,-0.4152844521593946
119.70339923462055,25.90445194696447,4.620958570352908,0.01556550929455391,0.13323018046349205,0.01595278132846161,0.16393548387096774,-0.7744927715812335
157.5990973120898,19.642629673484247,8.0233196843717,0.013863902530097604,0.22863101359708476,0.014224581482293013,0.259741935483871,-0.5797222035860508
492.812308859038,40.16590110869477,12.269419962107069,0.0049118187780639155,0.30894619000920115,0.005019330375552769,0.3385161290322581,-0.4545060741832841
325.21726718498246,42.94311553357932,7.573210819570814,0.0066168777966871505,0.21803613101514746,0.006830084651078789,0.259741935483871,-0.5908613300132508
50.076617870490594,9.245361925584499,5.416404276387992,0.03907938535033269,0.1591332540977345,0.03947543186102576,0.17883870967741936,-0.718070723416558
290.32596388390436,38.90799406441023,7.461858953799682,0.0073828082960394,0.21533559803935193,0.007650922553224269,0.259741935483871,-0.597851499990443
117.26675314528238,28.592262129494692,4.1013457632061385,0.015286554876905228,0.11484092064461879,0.015560754964612027,0.14051612903225807,-0.804381111462261
33.40405385475884,5.460137740232,6.117804246700105,0.06072141804503565,0.1799444124108999,0.064356301497456,0.24483870967741939,-0.6661136538558168
137.92628828307116,7.2410510369213235,19.047827115124612,0.01919636714936131,0.39334277184124494,0.019242975420833235,0.40238709677419354,-0.3947741708965418
602.8740443595302,37.14940109315339,16.228365104670274,0.004258345080859162,0.3627203452889841,0.004312458971204759,0.396,-0.40577848924349313
131.9115350789847,41.95891411261267,3.1438262373747343,0.012396804630826777,0.07771899485116304,0.012694725943020265,0.10858064516129032,-0.9662259710408155
41.612491623064734,6.6269677071190065,6.279265791255117,0.04910880734473591,0.18449115733010826,0.049739156681648,0.2107741935483871,-0.6450199433546417
207.89767045797595,11.86028269698133,17.528896719374988,0.012536430465312078,0.3774901494632157,0.012766435378862963,0.40238709677419354,-0.40033765897667556
76.20843427025677,18.23656918319833,4.178880002301581,0.023668006012835755,0.11766245480933454,0.024124956339192212,0.1469032258064516,-0.8046641815252131
24.79429745260523,15.516162837094278,1.597965793020027,0.05029002785125143,0.013607085332876672,0.05688440879033102,0.0915483870967742,-1.0184487302384089
556.4178418786195,28.037014251735442,19.845830832153542,0.004794684779424459,0.40113840147446234,0.0048115669406684205,0.4109032258064516,-0.3866006783413005
512.4627135347857,34.214954673786785,14.977740535409811,0.0049290898150040445,0.3473116632285173,0.005073285358015172,0.396,-0.4159778176323718
242.81788083737652,47.592713222983264,5.1019970157977035,0.007914340970414418,0.1492042314071478,0.008161116743126022,0.18735483870967742,-0.7309069023446209
348.9133940309256,40.24925940360459,8.668815257745539,0.006388008431894441,0.24298715575909668,0.00658846855943299,0.28316129032258064,-0.5519566276802491
571.852177447106,33.58466270481189,17.027182391954558,0.00453204181971421,0.37193253938205967,0.004641255695075835,0.40238709677419354,-0.3996443547035727
186.5064559245202,13.923793127311496,13.394802279752929,0.013229727810475664,0.3258188199707907,0.013262746209190377,0.3555483870967742,-0.4338885792662149
70.33175431558028,9.253234189490147,7.600775347873862,0.030626369740435744,0.21869964187230775,0.031874381963980604,0.259741935483871,-0.5861043188736659
199.98080481216527,15.882159964785334,12.591536998466962,0.012173697614643429,0.31392522969751085,0.012369126095006037,0.3385161290322581,-0.4529250212471535
82.17943643906536,30.01822991210282,2.737650976746369,0.018909571760040753,0.060804911588262275,0.019723315126751965,0.0915483870967742,-1.0068517918838433
224.0967115390957,14.407813094989269,15.553832497801611,0.011358841370475504,0.35456753072961933,0.011702434741953132,0.396,-0.4109369645332417
556.5077421957068,31.526814431277156,17.651886250949794,0.004689612126598305,0.3788269938083811,0.004769227764641821,0.40238709677419354,-0.40033765897667556
174.44741909498185,9.273430778027318,18.81152976397059,0.015142178572317389,0.3909669581175095,0.015214396344108743,0.40238709677419354,-0.39405632341392993
200.52775640484123,18.471369375396208,10.856139159446588,0.011739828359149095,0.28550607373184583,0.01193632781885082,0.31509677419354837,-0.4881366572451255
211.20740850262965,28.780701406179382,7.338508034320602,0.01010304825039232,0.21230572696457647,0.010516967565738975,0.259741935483871,-0.5972899554898122
129.08156745171914,36.22336540142031,3.5634890911228774,0.013242221573242943,0.09450227399565983,0.013458216130885433,0.12348387096774194,-0.8830847783976592
27.827399602266382,5.139771066391875,5.41413211654994,0.0703161881328461,0.1590628874725098,0.07103775936060434,0.17883870967741936,-0.718070723416558
15.65897952963975,1.1373042560679218,13.76850517009282,0.15850101364458402,0.33111400274837816,0.1621973259695392,0.37258064516129036,-0.4254648891734714
142.84527181748481,8.328629487058441,17.151113762407963,0.018168760431027695,0.37332119811303544,0.018580329201998997,0.40238709677419354,-0.40005883805596304
44.58444483655834,13.650171674037727,3.266218616235926,0.03718382330289594,0.08269284522095542,0.0382627441832512,0.10858064516129032,-0.954814301559766
201.58062634201582,23.243005004827193,8.672743748071767,0.011058194240055124,0.24307169259396805,0.011403898123808256,0.28316129032258064,-0.5519566276802491
270.5438446739601,35.76540379035048,7.564400677812365,0.00795159565988279,0.2178236453353859,0.008210356689293161,0.259741935483871,-0.5908613300132508
713.3043288243344,36.56044909105227,19.510272618585176,0.003728411470654056,0.3979022197095923,0.003753295171492726,0.4109032258064516,-0.38770074595956033
18.289259238326476,6.043757613076822,3.0261404260743645,0.08818298796056678,0.0728790660257829,0.0915608863502579,0.10858064516129032,-0.9836358236172007
471.060733465184,31.164232689173744,15.115428580047391,0.0053723790771689145,0.3490714500997692,0.005519181278345518,0.396,-0.41488622764351374
619.7047572000508,47.14356538139653,13.145054944117454,0.003965512812623524,0.32219778363661716,0.003991558500339135,0.3385161290322581,-0.43474323849082774
266.80247102533224,17.984036833141502,14.835516269276148,0.009449018753000173,0.34547652667807444,0.009744548358616592,0.396,-0.4152844521593946
281.94346377006815,23.701001722659836,11.89584588319363,0.008526318412097394,0.3030110168431567,0.00881251354691763,0.3512903225806452,-0.4542505162906855
29.40085318328306,1.8285348171655214,16.078913514405155,0.0871579395801508,0.3609445562340919,0.088428371955648,0.396,-0.4064542434785283
506.8785657263666,49.38769740332788,10.263255676548544,0.004583443778265868,0.2748075714005013,0.0047012674403540886,0.30870967741935484,-0.509120058136931
278.4344917148986,16.078973785080933,17.31668298217187,0.00933852086756823,0.37516007167569787,0.009532267927622847,0.40238709677419354,-0.4000905715608007
165.56449031023683,21.204989168509787,7.807808294290778,0.013103009785371673,0.2236211586093956,0.013540229532618797,0.259741935483871,-0.5846326301088123
94.80060884790059,13.746833520746488,6.896177851054144,0.022130333125035366,0.20109552974436926,0.022465716274469878,0.22780645161290325,-0.6189901846513992
447.1522344850545,38.485877663523134,11.61860561929876,0.0053475605493234915,0.29848960488683557,0.0055565653089041,0.3512903225806452,-0.45876133997692625
292.2519980261659,18.02362484233402,16.21494014565385,0.008782910566798554,0.36256152335587527,0.008895985651642938,0.396,-0.40577848924349313
575.9170360697876,44.87436829673571,12.833986481135188,0.004244877437904646,0.31759171302029726,0.004295041883433227,0.3385161290322581,-0.444725025221947
44.905407406824025,29.550981435060674,1.5195910668992583,0.02715318292301874,0.010863973005553411,0.031408443512946,0.0915483870967742,-1.0158649818357623
34.95021830166605,23.885304663694296,1.4632519364423449,0.034299076092870986,0.009002039576376344,0.040354796636444076,0.0915483870967742,-1.0168294912316602
621.8658655499142,46.40586438074744,13.400587918106098,0.003968152031969102,0.3259019115159309,0.003977687035636014,0.3555483870967742,-0.4338885792662149
476.7929985317676,31.936584346736478,14.929367316028895,0.005294323502809635,0.346689493604103,0.005452826675540054,0.396,-0.4159778176323718
775.4710989100337,47.692985013897456,16.259646962421538,0.003311830336951063,0.363089892713903,0.003352632464006729,0.396,-0.4049384256029795
61.86533805681603,5.886776594962678,10.50920432580273,0.03776452689074871,0.27931327783609333,0.03868992092193272,0.31509677419354837,-0.5033560444295093
135.73218936882003,7.324730942810981,18.530672379445882,0.019406279365511776,0.3881012803686335,0.01955403642761539,0.40238709677419354,-0.39706701091370783
578.1454161751295,32.03016521088101,18.050029163718676,0.00453341018706739,0.3830880982775533,0.004590734616347671,0.40238709677419354,-0.39820426462327835
394.70495735177667,44.947137039911524,8.781537231198778,0.005665387613165871,0.24539976483455128,0.00582410958798529,0.28316129032258064,-0.550927263900092
16.11783206905597,9.045325636868915,1.7818962761671497,0.08111624095327107,0.02057038180948119,0.09584003649841656,0.09580645161290323,-1.0230615424578853
288.5632108339232,24.538688209873424,11.75952065431992,0.008309118982058697,0.30080046633171836,0.008610351218224366,0.3512903225806452,-0.45980762788720825
161.73575114891173,12.367126658757098,13.07787618026759,0.015177373330577233,0.3212121872074297,0.015294007501316176,0.3385161290322581,-0.43761192620708944
257.859828379409,17.235294517654793,14.961150104819676,0.009793692420808991,0.3470985100592461,0.01008249170661575,0.396,-0.4159778176323718
258.1433671880855,42.52436353657046,6.070481618521702,0.007839851604597837,0.17859519558624237,0.00832778073878529,0.24483870967741939,-0.6661136538558168
422.02009309792703,24.237025155253367,17.41220675370114,0.006167801259231267,0.3762126079514412,0.006289065896921709,0.40238709677419354,-0.40185298805755526
174.9369578315633,41.611928533682665,4.204009859575748,0.01033088698520409,0.1185710359055793,0.010509644001116985,0.1469032258064516,-0.8046641815252131
365.767790828626,31.869434017510592,11.477072063082629,0.006519216511405398,0.2961415808831771,0.006521201237565731,0.3129677419354839,-0.4621496522153594
341.04162684346755,17.345279057861056,19.661927934731267,0.00780928187906008,0.3993721849738279,0.007850190365207364,0.4109032258064516,-0.38756387365663836
158.3824932650617,48.37729544776782,3.273901358046456,0.010475953373201456,0.08300295300429307,0.01077090764367847,0.10858064516129032,-0.9555746071194339
298.3991641594437,35.61363667078097,8.378789476567661,0.007404825942264495,0.2366533263180357,0.00765022476002408,0.2767741935483871,-0.5703214995786986
26.955744885565366,11.19205605720478,2.4084712181380525,0.05488002496036851,0.046776133961197855,0.058801232120993245,0.10006451612903226,-1.0300340978018572
244.10659199715448,33.53761499366136,7.278591278577528,0.008722092231887149,0.21081919051153133,0.008763313197818258,0.23419354838709677,-0.6002813558849772
100.13976136235951,25.698874790415854,3.896659374351505,0.017598075817998222,0.10725892992501658,0.01766993902827163,0.11496774193548388,-0.8475993085332157
109.03380513056901,10.519157574446945,10.365260179715634,0.021357700535165728,0.2766881877727834,0.021855347471448107,0.30870967741935484,-0.50999085592812
436.0365103623353,22.26687502087403,19.58229477434862,0.0061033886739649875,0.39860184579384544,0.006139948443667055,0.4109032258064516,-0.3875897064122958
21.447900642338574,2.6132479481602635,8.20737299628915,0.1024740248050422,0.23282136875029188,0.10452217392439461,0.259741935483871,-0.57273067755064
115.13980002308722,16.291539125518792,7.0674599334039705,0.01834420963203743,0.20550201878071792,0.018400785675436022,0.2256774193548387,-0.6174492158431643
486.7106357930935,24.96416596091239,19.49637078022795,0.005463496938577741,0.3977668564651921,0.005500684588120161,0.4109032258064516,-0.38770074595956033
76.88380013895498,9.840048515914688,7.813355799476787,0.02822179980927319,0.2237515477137192,0.029158043660693043,0.259741935483871,-0.5846326301088123
212.14815440484116,43.37931960229098,4.890536696975696,0.008940737842312127,0.14230207830299754,0.009001266862870545,0.16393548387096774,-0.7405335238280623
182.917994474096,13.562245894403443,13.487293763754748,0.013509174375920191,0.32714291428038655,0.013522933041192732,0.3555483870967742,-0.4338885792662149
95.75164370229179,49.49753998166795,1.934472778601818,0.014137432165333513,0.026725240701023716,0.01603918822631004,0.0915483870967742,-1.0351239555462366
36.91377734377462,23.045920120820842,1.601748906107891,0.03381416184815468,0.013743457217110105,0.038208199037125086,0.0915483870967742,-1.0184487302384089
122.91332345878601,13.843526492619624,8.878758134664212,0.018243461158307564,0.24745914011048234,0.018702650468227052,0.28316129032258064,-0.5445901195695783
84.0277570979302,26.353728139241426,3.188458067639036,0.01956016447737943,0.07954000324825289,0.02008875770012674,0.10858064516129032,-0.9533436839173067
42.08952832764771,4.328173949878663,9.724546382621165,0.05448712732991338,0.264583627178795,0.056116808584666666,0.3001935483870968,-0.5168050190314742
323.42153741991007,34.228528389896276,9.448888182857988,0.007041255435646035,0.2591527349712302,0.007302945943006052,0.3001935483870968,-0.5327520127939143
521.9322782319636,36.813490293693775,14.177745007823168,0.004784826418613943,0.33675075726515785,0.004981239309267793,0.396,-0.4235361280604418
113.39012709719742,15.401338327259966,7.362355445208282,0.018835016271169562,0.21289467342871354,0.019589549123283763,0.259741935483871,-0.5973975242280231
17.172214442214813,6.453781837184606,2.660798718555074,0.08952400019693395,0.05754684778485686,0.09230207422252373,0.0915483870967742,-1.0274000317957324
295.5474916708623,39.402671272820164,7.500696834093327,0.007262460695745253,0.21628119670598103,0.0075157513681072124,0.259741935483871,-0.597851499990443
250.48164999339787,23.427269676929782,10.691884007296931,0.00936513768386771,0.28259737277603936,0.009555849848840968,0.31509677419354837,-0.49879699686956697
70.26815403537043,12.795090003425445,5.49180615506093,0.027965610581878127,0.1614571682282375,0.02840934087107204,0.17883870967741936,-0.7227335311892739
615.7804940726622,44.34916565127259,13.884827031802176,0.00403779177931551,0.33273305665782493,0.004124594123339701,0.37258064516129036,-0.4220302350034779
8.173300097356462,2.1411217599630104,3.817298133244726,0.21412096206092118,0.10426696559571941,0.21649314921776477,0.11496774193548388,-0.8733202697267424
138.08448561832745,28.694094440828906,4.812296338644744,0.013667235534292355,0.1397010678716621,0.013829230298483194,0.16393548387096774,-0.7545535696750356
32.89952898903584,23.807242870072805,1.3819126040165117,0.03549879683186717,0.006511086608770136,0.039903121395946956,0.08516129032258064,-1.0192561858816762
645.4563482007969,36.64196718849072,17.615220953626515,0.004041732568042893,0.3784294879580385,0.0041119932939171,0.40238709677419354,-0.40033765897667556
178.67100469604165,31.71573878496927,5.633512304645334,0.011082128579031863,0.1657664712901784,0.01113655303935686,0.17670967741935484,-0.7046874820729945
295.70869896057036,27.528292024403843,10.741992227430037,0.007941474077021931,0.283489092320872,0.008094334206739058,0.31509677419354837,-0.4951089009246189
151.73850692547066,10.033304804801023,15.12348223018825,0.016679962507066055,0.34917387718053994,0.01713388139756594,0.396,-0.41488622764351374
113.25665600039169,12.892477234006574,8.784708628505765,0.019745950247789794,0.24546725432411734,0.020297305321550878,0.28316129032258064,-0.550927263900092
22.606289731132204,4.555322509873147,4.9626101515613055,0.08428625936765892,0.14467534709457822,0.08447216128676066,0.16393548387096774,-0.7395424604878471
333.2908412960617,27.25791118163342,12.227306746844032,0.007257192732557643,0.30828589310692683,0.00742170946457295,0.3385161290322581,-0.4545985453563468
50.792660129772415,40.921363957752284,1.241225981182137,0.021870439763704078,0.0029130196465571153,0.02584613398402167,0.08516129032258064,-1.0188720669429654
146.84928368677737,36.61457702614616,4.010678140072834,0.01211689680528498,0.11150633387883568,0.012426068179409793,0.14051612903225807,-0.8312043001215623
267.88169045627876,22.714989237733878,11.793168275478502,0.008956388237721706,0.30134834196621835,0.009275104206288128,0.3512903225806452,-0.4552174760200831
167.0848042440651,46.75110963473017,3.573921679068387,0.010240651110753987,0.09490949449098962,0.0103971611370542,0.12348387096774194,-0.8830847783976592
275.25459154225524,30.63185750459617,8.98589292213032,0.008171044547655366,0.2497059008429682,0.008351558873759641,0.28316129032258064,-0.5444528648950178
698.5593317120646,36.06735565196946,19.368188188033123,0.003801968647441154,0.39651381646580586,0.003799408374966612,0.40238709677419354,-0.39157907616590765
99.6123243116192,12.48456371013241,7.978839038706202,0.021902592839864402,0.22760624847814942,0.02250505865357221,0.259741935483871,-0.581507413346959
202.92512132899435,11.91340019376283,17.03335051526551,0.012772401280716446,0.3720019037222462,0.013079268638282059,0.40238709677419354,-0.3996443547035727
27.15710277214261,12.81889107146201,2.1185220016886617,0.05175169561975602,0.034412732745733365,0.05853012062370564,0.10006451612903226,-1.0467338150064789
52.87474805987114,8.344397709025749,6.336556562096623,0.03874878399176232,0.1860837277795979,0.03914477735969048,0.2107741935483871,-0.6443629023315146
402.2025808303344,42.08211615578532,9.557565483194951,0.005677938379638773,0.2613105662518357,0.005872488435318796,0.3001935483870968,-0.5305783855042409
246.68074778168167,18.542016086580663,13.303879504247163,0.009987893274435652,0.32450832973352634,0.010027486188308649,0.3555483870967742,-0.4338885792662149
383.0376487808695,30.199432162129547,12.683604338137304,0.006365961075126398,0.31532558604099453,0.006457818961596559,0.3385161290322581,-0.45203851610241974
621.1675198880849,47.92385602872129,12.961551330840583,0.003944136083579846,0.3194937194827812,0.003982158937975582,0.3385161290322581,-0.44283856311318903
157.73075332809975,33.27502029362186,4.740215090367158,0.0119083501789679,0.13728181924606536,0.012106720547331876,0.16393548387096774,-0.7625677764264536
498.3056886985237,33.54757318161392,14.853703008586775,0.005060464167293465,0.3457121870012921,0.005217419026250933,0.396,-0.41497187585580825
539.6787199211832,33.03348711504435,16.337322125322906,0.004763315011615028,0.3640043265554185,0.004817439497122375,0.396,-0.4033493472874434
146.9704127513515,38.97974994486658,3.770429850351225,0.011857868267022995,0.10248626674162344,0.012039589768126935,0.12348387096774194,-0.8710458651855787
276.00600180291474,26.460508257426124,10.430865466291783,0.008449786790266115,0.27788876060288087,0.008613552912875903,0.31509677419354837,-0.5083215449736425
87.55222773664632,5.791960901061592,15.116163460391993,0.0289055123489483,0.3490807986849128,0.02969507056890726,0.396,-0.41488622764351374
619.3312124606455,46.827114730798684,13.225910159553454,0.003973161982323954,0.3233774699027835,0.003993965977388299,0.3555483870967742,-0.4338885792662149
123.91903631120942,12.141374620813572,10.206343200940276,0.01872331312390623,0.2737508388238099,0.01923006963416152,0.30870967741935484,-0.509120058136931
684.1873709979335,38.66685623086205,17.694414226824254,0.0038162243993286977,0.3792869695542103,0.0038792183074743045,0.40238709677419354,-0.40033765897667556
181.84014737330176,11.651469603227545,15.606627624289615,0.014008034937660835,0.3552186653758553,0.0144218819691608,0.396,-0.4109369645332417
132.30150439221055,12.892007692519305,10.262288663462371,0.017559870861552123,0.2747896610715317,0.01801167498593499,0.30870967741935484,-0.509120058136931
150.06968605994751,25.921924307590817,5.789295743603496,0.013300841007934569,0.17041821411449812,0.01325903433687334,0.17670967741935484,-0.6909862344763197
475.6805509995303,43.62122623091818,10.904795488357314,0.004954189974372351,0.28635982921441605,0.005031874925719237,0.31509677419354837,-0.4858328100012871
77.88761707356669,8.669764610447983,8.983821426905164,0.02887478009995138,0.24966268107674147,0.029514382554116814,0.28316129032258064,-0.5444528648950178
821.5766590578728,49.88412052348962,16.469703192842815,0.0031339389342105346,0.3655524333837484,0.0031644881246822446,0.396,-0.4033393304800173
60.201791176233534,3.819865726223064,15.760185171681085,0.042395020644083944,0.3570997330240536,0.04318591740059602,0.396,-0.4077233809115762
375.5937478420871,23.976727684979455,15.66492945896795,0.0067869633714967735,0.3559350908668743,0.006922025715395638,0.396,-0.4099685825236065
39.78145519061062,10.762626486549534,3.6962590163587885,0.043512410761339736,0.099647421745649,0.044479606618216413,0.12348387096774194,-0.8898136678060594
330.5897615501132,29.360633187713734,11.259626433685089,0.00718143480836761,0.29248014702794606,0.007240287860106681,0.31509677419354837,-0.47199785205505457
698.6941274171731,48.95551738643363,14.272020085131256,0.0035792865244750702,0.3380261493370611,0.0037210411238399223,0.396,-0.42521019395782267
198.479948135729,14.039255624285845,14.137497987598994,0.012574898249171833,0.3362036816386011,0.01309890296488213,0.396,-0.4235361280604418
154.4599638796365,40.17724793267102,3.844463516726688,0.011357482968213903,0.10529440906946239,0.01145580662544648,0.11496774193548388,-0.8564410249768832
120.28100871472262,25.937350963692854,4.637366741233219,0.015508193288163117,0.13379129208551188,0.015876173409823606,0.16393548387096774,-0.7744927715812335
78.40264818626456,42.827597935182546,1.830657145537863,0.016868864601364712,0.022508303706405504,0.01970256935841992,0.09580645161290323,-1.0260955867088786
481.30341598372604,37.60763761113982,12.798023129247511,0.005076215428150166,0.3170521480479576,0.005139352244668258,0.3385161290322581,-0.4489214483706321
55.59196279870106,14.861977456096945,3.7405495307015917,0.03126427501446804,0.10134568198945282,0.03182948376882833,0.12348387096774194,-0.8761494420002754
181.22426692399037,39.55831332184894,4.581192970730028,0.010253213223691044,0.13186543566863423,0.010432644131248102,0.15541935483870967,-0.7874766144807639
452.5013963777467,26.85066982389124,16.852517994732448,0.0057158712082088,0.36995733689867055,0.005865423171207749,0.40238709677419354,-0.3995746075365374
901.3291811673414,48.92723645019191,18.4218289558393,0.0029191662669948524,0.38697823965223843,0.0029446646472495973,0.40238709677419354,-0.3974516677744911
64.83346658037605,12.034408535933903,5.387341337697475,0.0301356503323306,0.15823170314718657,0.03056546529677788,0.17883870967741936,-0.7182985844734
132.09846957069348,12.680790222716743,10.41721117143381,0.017649481886654567,0.277639461643525,0.018039358858639023,0.30870967741935484,-0.5081097777724692
120.86696500403832,7.497280992807806,16.121439908679807,0.021212317801635724,0.36145159022622325,0.02151017510051557,0.396,-0.4064542434785283
48.09080456785358,43.549316951465194,1.1042837852416785,0.02183791845173967,0.0006147503231984627,0.027298231146594576,0.08516129032258064,-1.0185147783952624
99.05119981216156,7.232500920366991,13.695290315584986,0.02502901055001411,0.3300879334645,0.025641734900090293,0.37258064516129036,-0.4327763401139727
26.557490584976225,3.1221238623578973,8.506225811592055,0.08352259139619883,0.2394591551407039,0.08595769493803286,0.2767741935483871,-0.5617288311877584
63.5682055899521,3.597154791253186,17.67180154285383,0.041064100067631004,0.37904253988615655,0.04175219593955975,0.40238709677419354,-0.40033765897667556
97.7087733606184,41.414941811350545,2.359263808837212,0.015017859137773242,0.04467017858815771,0.016267817580488945,0.10006451612903226,-1.0367101276279114
39.048869489858056,4.092772566901463,9.540933157549233,0.05845775400208695,0.26098174930006784,0.06048651434569605,0.3001935483870968,-0.5305783855042409
605.804257373967,39.9609943433082,15.159889470453427,0.004179959237375598,0.3496362145459013,0.004291600049782805,0.396,-0.41488622764351374
87.62045833081531,4.721391680231101,18.558184591566548,0.030070526785665495,0.3883840370975383,0.030291009952232478,0.40238709677419354,-0.39706701091370783
537.0523438801437,40.12159377174612,13.385618401289415,0.00459371695245962,0.3256868509546791,0.004605859781620288,0.3555483870967742,-0.4338885792662149
286.44542849397135,43.496538246353595,6.585476454967877,0.007230851529347074,0.19288068740003006,0.007435145996993132,0.22780645161290325,-0.6338551886140326
353.03911330151544,49.15658937445236,7.181928563274099,0.006009016157836449,0.2084002379961373,0.006001212622375734,0.2256774193548387,-0.6179905131664357
85.73822763064055,9.074894251617383,9.447848674970484,0.02656028961961534,0.25913198846632957,0.02754815523778592,0.3001935483870968,-0.5327520127939143
201.56843701091051,29.1739360998645,6.909195808235376,0.010413634983566473,0.2014334244087572,0.010565957709483324,0.22780645161290325,-0.6189901846513992
341.49125822410167,18.305879063922962,18.65473146805111,0.007723089642299648,0.3893727721591036,0.007772123330829604,0.40238709677419354,-0.3962821655314169
326.65604290517535,46.30469441534686,7.054490846546027,0.006462724895376894,0.2051713210397304,0.006581116155068863,0.23632258064516132,-0.6071909762977401
160.14103470556248,32.253978830337054,4.96500092431818,0.011900035036997797,0.14475370101043492,0.011924502397367805,0.16393548387096774,-0.7395424604878471
101.83723155163271,13.715488212597021,7.424980428921231,0.021019566010191466,0.21443401037069118,0.021811879908967595,0.259741935483871,-0.5973975242280231
161.45684947690572,32.398874114084244,4.983409266271947,0.01181658392016795,0.14535621310890728,0.01182732202721808,0.16393548387096774,-0.7395424604878471
382.36073765104777,19.87300994861847,19.240202598380357,0.006937527159051374,0.39525377412985013,0.006941382610628052,0.40238709677419354,-0.3926315987780923
416.2431444589334,26.64058921184686,15.62439708630143,0.006120962267812351,0.3554373114133502,0.006300349153092892,0.396,-0.4109369645332417
29.16288931955495,1.49023758692717,19.569288531829375,0.09124522351020324,0.3984757079342928,0.09180303308924985,0.4109032258064516,-0.3875897064122958
46.35048557463828,8.107048551551436,5.7173070174555995,0.0429060781204982,0.16827960673399647,0.04292898112552675,0.17670967741935484,-0.7011096873397551
113.20315947198652,39.298975530713165,2.880562608649056,0.01399089079890988,0.06682035871169152,0.014792703616767957,0.10858064516129032,-0.987210109639711
77.57562193552455,12.278652980318716,6.317926083575246,0.02638866131340486,0.18556701415787868,0.026680678660541458,0.2107741935483871,-0.6450199433546417
317.5237589350161,44.97095657913146,7.060640535326334,0.006650183517572476,0.20532819115965387,0.006672454338672004,0.2256774193548387,-0.6174492158431643
660.2389942731363,38.85726257866825,16.991392353912044,0.003923721590166037,0.37152953830684354,0.004019926418069014,0.40238709677419354,-0.3995746075365374
420.9813856180038,29.96275884817816,14.05015431826969,0.0059209595888903965,0.33501102811550837,0.006190538375254766,0.39812903225806456,-0.42238797545359025
143.8669077942074,39.01483200289591,3.6874926895373727,0.012022088300397051,0.09931021218550672,0.012299308469948284,0.12348387096774194,-0.8898136678060594
448.10250940407485,48.19709052990207,9.297293767682232,0.005061884255287619,0.2561055654056713,0.005177044472043179,0.28316129032258064,-0.540267051904405
343.0214663883485,43.857744516001986,7.821229070801698,0.006327227910391,0.22393647059202587,0.006535396238769606,0.259741935483871,-0.5846326301088123
320.1244650177202,24.088675627949335,13.289417399364613,0.007694645623685715,0.32429906814215803,0.0077269564235446335,0.3555483870967742,-0.4338885792662149
265.56989983087163,13.824523119633042,19.210058642364288,0.00998556575548104,0.39495569104347256,0.009994024838689063,0.40238709677419354,-0.39324969606416943
153.3793003496982,17.33084430557323,8.850076640546284,0.014607844716142118,0.2468536422971818,0.014987712952768927,0.28316129032258064,-0.5445901195695783
91.48789318320415,10.053095702634145,9.10046973483324,0.024661626152603238,0.25208295353409255,0.025126875770703994,0.28316129032258064,-0.5435382782468159
473.6974557818873,36.134969311516905,13.10911465561729,0.005184727562156589,0.32167111323145364,0.005221872655447445,0.3385161290322581,-0.43699419344930923
114.9140823825559,14.085762725468259,8.15817251946048,0.01909628671788182,0.23170901437258698,0.019508324434847093,0.259741935483871,-0.57273067755064
188.7091998327203,26.294436784105784,7.176772842945603,0.011239535387609792,0.2082704911098065,0.011227130340309125,0.2256774193548387,-0.6179905131664357
499.9906526968052,28.121824690054726,17.77945272781772,0.005226929110654912,0.38020324087673146,0.005308323587655855,0.40238709677419354,-0.40033765897667556
230.21369508386928,12.694057224079554,18.135548865115666,0.011395193162291572,0.38399037908357675,0.011528906542032508,0.40238709677419354,-0.39820426462327835
64.01874372354992,14.920187936124673,4.290746470327502,0.028419054601807714,0.12168490452233004,0.029532730178658824,0.15541935483870967,-0.7938663951134481
243.3574147566938,19.396983310771027,12.546147555922209,0.009995883488152588,0.31323117454102195,0.010164423359672561,0.3385161290322581,-0.4529250212471535
21.849988959537704,18.493870602473557,1.1814719281433312,0.04965990250136259,0.0017360661890719578,0.060082131004735716,0.08516129032258064,-1.0185147783952624
44.832505881324536,31.895199037957266,1.405619254106898,0.026254153570629827,0.007210474036397354,0.02928218874479269,0.08516129032258064,-1.0192561858816762
69.60010735641927,4.165870187220008,16.707219435194453,0.037098345098726275,0.36829784572941127,0.038133736801960645,0.40238709677419354,-0.40000700631993724
291.0619403403062,20.779461059574434,14.007193906802277,0.008558335616032062,0.3344216860769745,0.008726130953946655,0.37258064516129036,-0.4215948386806185
753.8892878148334,46.568607625856316,16.188787388099854,0.003403681176009886,0.36225173544998274,0.0034486092628276195,0.396,-0.40577848924349313
57.95926920782306,20.87521268325085,2.7764636503237385,0.02695380326743339,0.06244455779102297,0.027965344352681984,0.0915483870967742,-1.0068517918838433
350.03406888392175,48.895372962865636,7.158838304592965,0.00605529927470329,0.20781857993631975,0.00605273306593474,0.2256774193548387,-0.6174492158431643
600.2741910912114,34.24520954249651,17.528705448459952,0.004341831191794116,0.3774880627349704,0.004421499732469102,0.40238709677419354,-0.40033765897667556
91.95927338299741,35.23088949642055,2.610188805830192,0.016595529383126036,0.05539404265498345,0.017236228100769947,0.0915483870967742,-1.0274000317957324
132.95979364206713,40.151491853222346,3.3114533857948416,0.012529686317681078,0.08451505265325557,0.012830368945411555,0.10858064516129032,-0.9378209694826924
417.23432930108476,26.11763007117179,15.975198674768778,0.006133736940943553,0.3597021455206578,0.0062311976712458705,0.396,-0.4064542434785283
393.188221576702,20.822515165795714,18.882839966546214,0.0067229526261180055,0.39168728491201277,0.006750233169942862,0.40238709677419354,-0.3947741708965418
56.84514391198607,2.977954808983316,19.088652299392415,0.046595715448366846,0.393750042620924,0.04669021824322034,0.40238709677419354,-0.3935221005111224
33.45862485727769,10.557988240549628,3.169034109052569,0.04901551586764999,0.07874849886838231,0.049915479331305315,0.10858064516129032,-0.9580292654484243
167.94787437682402,19.187665109983936,8.752908361394923,0.013303614788194315,0.24478956525670978,0.013687609534015223,0.28316129032258064,-0.550927263900092
323.51776752930874,47.754815230927,6.774558041212815,0.006453019358120099,0.19791458184552396,0.006583142549754983,0.22780645161290325,-0.6224977704231589
129.7527902543706,47.208920031695,2.7484803754726337,0.011994264891955547,0.06126281445228265,0.012491838662189945,0.0915483870967742,-1.0068517918838433
20.644192091740674,1.0419178883585976,19.813645895131756,0.1291915032352046,0.40083057382649856,0.12968498264712158,0.4109032258064516,-0.3873314793841234
64.53953092259722,3.854490911171691,16.743983164038244,0.040024526020763576,0.3687191532751781,0.041123821902284904,0.40238709677419354,-0.40000700631993724
760.9340499355046,45.08560208075817,16.877539942186097,0.0034000203500343207,0.37024160969143766,0.0034879661063174335,0.40238709677419354,-0.3995746075365374
174.22980337414737,19.02096748848456,9.159881245768778,0.012970765333902316,0.25330519972746357,0.013314866769592341,0.28316129032258064,-0.5408676641979074
81.33128940653854,48.5085130467982,1.6766395071330022,0.015657880907514094,0.016508081934751513,0.018993103700252978,0.09580645161290323,-1.0217196631229932
292.09768217355605,23.264289337582007,12.555624542619942,0.00832932571803593,0.31337628989911787,0.008468358163255564,0.3385161290322581,-0.4529250212471535
106.88627706064705,37.732520110867824,2.832736237775472,0.014725805351677975,0.06481412867076267,0.015164256501392616,0.0915483870967742,-1.0090871070062148
249.1726731518097,31.268263476082822,7.968868285327151,0.008753186312907472,0.22737588403511064,0.00899689830708615,0.259741935483871,-0.581507413346959
468.4934226749136,36.11055370717902,12.973864274525758,0.005230542746275599,0.3196763342035891,0.0052798773079443615,0.3385161290322581,-0.44283856311318903
50.62277029398545,19.970204132356724,2.534915014311942,0.02980986633052723,0.05218356576179374,0.03131063359048774,0.0915483870967742,-1.0382200846472878
243.0403194664463,27.180187275499947,8.941819164193962,0.009242706818131729,0.24878446003139879,0.009458533183236603,0.28316129032258064,-0.5444528648950178
112.18097014655253,8.883400171021815,12.628156785336946,0.021715446251786452,0.3144834133188284,0.02204997681933917,0.3385161290322581,-0.450927294605488
238.40310644486308,23.175192291757153,10.286995829141716,0.009750402013037085,0.27524678528417895,0.009995556403598588,0.30870967741935484,-0.5093512394750477
13.351865412508387,3.4810379117792625,3.8355989652763793,0.1312856720339282,0.10495951260562392,0.13252556275176972,0.11496774193548388,-0.8564410249768832
235.4365927750621,14.853768155134105,15.850294034223568,0.01085295326152712,0.3581947944930864,0.011042759115991315,0.396,-0.4064542434785283
712.5742200434194,42.979466064014865,16.57941071166614,0.0036180767568402524,0.366825615125142,0.003724681725303189,0.40238709677419354,-0.40016643262533436
732.3975825915867,43.68607384283661,16.765012695497262,0.0035278663679620486,0.36895971513000764,0.003623868017049332,0.40238709677419354,-0.39987980622534436
430.3566832098741,35.81055939758804,12.017591750852686,0.005598697672680306,0.30496472813309694,0.005747762002562317,0.3385161290322581,-0.4541542255946925
81.1301684802472,10.313918106130167,7.866086160993152,0.026792046719126553,0.22498712000503823,0.027631906148419434,0.259741935483871,-0.5823111465403928
320.0171471679166,42.7930992587527,7.4782418827134105,0.006701767525619579,0.21573496373214457,0.006941070141158459,0.259741935483871,-0.597851499990443
369.99802138439094,36.75300009889711,10.067151535623724,0.006250228968030628,0.27114350862544756,0.0063836287441323995,0.3001935483870968,-0.5161726282688136
364.49586274611215,20.460654371444882,17.814477295252427,0.007172650498331933,0.3805792771696855,0.007281597533979711,0.40238709677419354,-0.40047383303111694
183.83347093689372,15.669565936005274,11.73188023763212,0.013035884596111004,0.30034928262439486,0.013515659478526239,0.3512903225806452,-0.45980762788720825
653.2652019728473,43.73799468386281,14.935874556998616,0.0038644680959221325,0.34677330811779844,0.003979807240999826,0.396,-0.4159778176323718
179.618199889787,13.333157047450115,13.47154310494962,0.013753912782242899,0.3269180672650888,0.013771364999873319,0.3555483870967742,-0.4338885792662149
243.00149438004578,40.560568518077254,5.991077128806603,0.008296695658843388,0.17631406812976663,0.00851752062691571,0.2107741935483871,-0.6698180337548573
229.7917471238154,26.566730283872257,8.649605904393663,0.009694029451458405,0.24257331506057947,0.01000386199813858,0.28316129032258064,-0.5563325960820686
118.11570778148122,16.257889829954756,7.265131515644544,0.018016692682061186,0.21048390637409642,0.018110906326537654,0.23419354838709677,-0.6002813558849772
753.6563868403882,46.007455727478394,16.381179418062445,0.003412730635976586,0.36451864700705805,0.0034496749798729703,0.396,-0.4034733861031087
310.3103918996026,22.615187315162718,13.721327512133849,0.00799249766065955,0.3304534565238688,0.008184851920592649,0.37258064516129036,-0.4254648891734714
252.10144937620956,20.666507070242464,12.198551430067658,0.009589350517930452,0.30783377221230773,0.009811874534728047,0.3385161290322581,-0.4554803022251254
660.0490021231021,37.20146973455622,17.742551754883667,0.00395784948602278,0.3798062108354866,0.004021083535890103,0.40238709677419354,-0.40033765897667556
33.709858533763885,3.0185749197176657,11.1674745303048,0.0702947635295194,0.2909082722110878,0.07100489712317973,0.31509677419354837,-0.4758471515961191
3.2669174439221056,1.5574413039714168,2.097618340794988,0.42846314501201815,0.03352996089435037,0.4865468835158533,0.10006451612903226,-1.0452856926116099
124.23004564195017,8.57547929752236,14.48665915126667,0.020193414684299922,0.3408985187344521,0.02092786465359572,0.396,-0.4206985450526088
532.7935347887515,49.7380081405025,10.711999830867546,0.004404759991185117,0.28295581694905647,0.004492481385262825,0.31509677419354837,-0.49574163668162285
332.1728199968627,38.12531897996768,8.712656808757389,0.006718525310547249,0.24392870958218868,0.006920508807913661,0.28316129032258064,-0.550927263900092
307.255282561299,25.24294179089557,12.171928498132395,0.007864187925053247,0.3074142605260869,0.008050594836588267,0.3385161290322581,-0.4554803022251254
57.180156497062484,5.52192868356414,10.355105937397843,0.040716404814505607,0.27650174146400325,0.04167480194611163,0.30870967741935484,-0.50999085592812
429.8223560988009,28.217505076361004,15.232472004014319,0.005897104969856112,0.3505545708641255,0.006048707202440475,0.396,-0.41426176356193767
127.78268404837071,13.047496127231314,9.793655641075578,0.017978014457186574,0.2659235076025817,0.018483959874308398,0.3001935483870968,-0.5160717862733033
227.2250939667266,48.78227421452793,4.657943845903279,0.008220746573833494,0.1344933131644238,0.008404010837566518,0.16393548387096774,-0.7660314774820938
41.91340927997504,19.910802547072144,2.105058757972483,0.03344463027918932,0.033843953428938284,0.037923627028911173,0.10006451612903226,-1.0467338150064789
32.64800803647507,21.026672177942405,1.552694965717104,0.0377087530756503,0.012002631309980713,0.040320428987406946,0.0915483870967742,-1.0196050081006829
782.0728859113342,42.19877831738412,18.53306937061619,0.003368127265500205,0.38812593323398786,0.0033936890322250625,0.40238709677419354,-0.39706701091370783
188.48942029449609,29.880413282104605,6.308126280414685,0.0108558471119272,0.18529476358228206,0.010980829786200045,0.2107741935483871,-0.6450199433546417
622.8368541138299,39.52857313349994,15.756623746835524,0.004097606137161171,0.3570563198660199,0.004174238508740523,0.396,-0.4077233809115762
162.78963631981176,10.212561314427097,15.94013796419923,0.01571402308669668,0.3592802638368456,0.015970731551959022,0.396,-0.4064542434785283
143.98597922323043,23.48395119408777,6.131250147525421,0.01409597984976738,0.18032638230223133,0.014930352057273633,0.24483870967741939,-0.6661136538558168
403.4260984813843,20.616315138865744,19.568293158307814,0.006595878175901487,0.3984660508271995,0.006636263006432076,0.4109032258064516,-0.3875897064122958
43.666160596021285,5.259150548075034,8.302892301115827,0.0504836828571641,0.2349649457433177,0.052278941928113304,0.2767741935483871,-0.5703214995786986
326.0212850565688,21.231435817037813,15.355592898476658,0.007787424581842984,0.35210218732149223,0.00804388321522483,0.396,-0.41208192770612107
48.24777985295805,5.565849110476696,8.66853895879793,0.04619577727075035,0.2429812088628159,0.047645817767029724,0.28316129032258064,-0.5519566276802491
556.0611418904138,44.05253034079525,12.62268336435304,0.004380503710834244,0.3144000840655883,0.004448409725040537,0.3385161290322581,-0.450927294605488
91.7198108171823,39.16972835106899,2.3415993594624753,0.015951074164895558,0.04391437334088926,0.017330045569022345,0.10006451612903226,-1.0367101276279114
355.0941208493012,35.83308332569894,9.909672511900006,0.006487927909850976,0.2681537593434973,0.006651560433983908,0.3001935483870968,-0.5160669677083899
278.7502140211054,32.41761859884311,8.598725818529223,0.007979445182343623,0.24147333144977756,0.00824682748535488,0.28316129032258064,-0.5563325960820686
146.57143520316754,43.686568392023624,3.3550686308867608,0.011418847906314051,0.08626360300621992,0.011638851765140117,0.10858064516129032,-0.9348914477560157
23.845334191866904,10.600551133596099,2.2494428724837143,0.06038319060139992,0.039976229520698604,0.06665909935479213,0.10006451612903226,-1.034235956326284
55.56323814695112,7.16684729319172,7.752814574371419,0.03897091545753249,0.22232442816579856,0.04034648224285789,0.259741935483871,-0.5846326301088123
249.37720481744574,31.499735208595663,7.916803210123353,0.008731005528622573,0.22616905811497934,0.008989519322316257,0.259741935483871,-0.5823111465403928
370.01721321730577,21.50531227558953,17.20585167402143,0.007018401768803519,0.3739311927228787,0.007172942448380572,0.40238709677419354,-0.40005883805596304
486.99621082906094,36.191072712051,13.456252449430702,0.005071604678528152,0.3266995374767687,0.005079275231097659,0.3555483870967742,-0.4338885792662149
15.293139491908516,4.678320431984544,3.268938011888417,0.10843500119928136,0.08280264039937166,0.11154826700142882,0.10858064516129032,-0.954814301559766
321.48500963989454,18.322919258191565,17.54551254141282,0.008108529649442552,0.3776713332928984,0.0082557882816709,0.40238709677419354,-0.40033765897667556
110.7037149223424,14.79010682347962,7.484984134570132,0.019377832254864346,0.21589911340619342,0.020064922540532014,0.259741935483871,-0.597851499990443
14.881382993120049,10.011131955426865,1.4864835524471438,0.08112940935311018,0.009757517544538201,0.09477673900437335,0.0915483870967742,-1.0158649818357623
467.95570423020524,28.718315522539076,16.294678003065265,0.005490534244326501,0.36350285685987,0.005555802734324138,0.396,-0.4049384256029795
604.5934533526026,38.83392102707957,15.568694516605962,0.0042110457550391745,0.35475105677878105,0.004337587726314857,0.396,-0.4109369645332417
424.6284089107942,42.072262191679016,10.092835202828159,0.005449433248954272,0.2716270772075451,0.005562345700420873,0.3001935483870968,-0.5111886067199459
349.37926169012417,19.991810582052402,17.47611904665496,0.007455448175640929,0.37691344345306615,0.0075966505924782565,0.40238709677419354,-0.40033765897667556
793.0891078294512,47.45749182260214,16.711568129096406,0.0032558521613863926,0.36834773161156004,0.003346549774944895,0.40238709677419354,-0.40000700631993724
189.5960444404968,11.902576474592141,15.928991915760287,0.01349037465108818,0.35914594391107074,0.013712678388291483,0.396,-0.4064542434785283
701.3954053658092,44.78642825523848,15.660891763204404,0.003634196122499368,0.35588556321253995,0.0037067103109248386,0.396,-0.4099685825236065
50.496695159400694,33.71446008023311,1.4977755846965812,0.0239904340242623,0.010131081941672875,0.027930717990769165,0.0915483870967742,-1.0158649818357623
90.62960473721787,29.083437746213644,3.116192986814872,0.017986135013420432,0.0765874724871676,0.018477193974378362,0.10858064516129032,-0.9662259710408155
78.80427937178156,24.54024442953898,3.211226342836472,0.02090997665880279,0.08046579025035101,0.021420324706755367,0.10858064516129032,-0.9529924713419298
442.99935982542416,29.285446283729332,15.126945839700236,0.005713577456360627,0.3492179105834546,0.005868788573711033,0.396,-0.41488622764351374
803.5923684869937,47.94199501981045,16.761763213127356,0.003215190420424197,0.36892256410454605,0.0033028090850527473,0.40238709677419354,-0.40000700631993724
66.99375584357539,36.30740789507259,1.8451814582077986,0.01980793409692811,0.023091321735559632,0.023057874488788065,0.09580645161290323,-1.0260955867088786
575.0491566312529,40.771157176996496,14.104312863499041,0.004338120685076218,0.335751420810847,0.0045211258048534165,0.396,-0.4235361280604418
48.68814351577941,29.214272797824343,1.6665875564564911,0.0260872592308527,0.01613026454139482,0.03172710032110874,0.09580645161290323,-1.0247222149998616
210.12891725723003,28.36534799013931,7.407944275186663,0.010180674959652362,0.21401629711229087,0.010570946130878186,0.259741935483871,-0.5973975242280231
20.96969662381799,1.8343316078233198,11.431791577042791,0.11361015366735502,0.29538457581573546,0.11414399932272586,0.31509677419354837,-0.4681462497160535
466.8026463121458,24.981826505938326,18.68568922297111,0.0056516166372326026,0.38968865425567417,0.005685726497666686,0.40238709677419354,-0.3949287526801738
39.51922163098398,3.933978058816591,10.045613127509931,0.05848762018759528,0.2707371196963948,0.05976661247623624,0.3001935483870968,-0.5161726282688136
453.1868752128646,29.469505051420303,15.378163780562815,0.005603922701965896,0.35238452330585535,0.0057867455703362325,0.396,-0.41208192770612107
744.9808738901447,40.61299172503888,18.34341284025245,0.0035289602412727503,0.3861647587718753,0.003562658141085746,0.40238709677419354,-0.39808474001807764
209.57527158152786,30.56481652478202,6.8567488835276915,0.00999474166176961,0.20006907162858,0.01016228472449062,0.22780645161290325,-0.6189901846513992
614.9789578805955,34.19352542573796,17.985245751164694,0.004258965405059733,0.3824015741591959,0.004315777216938894,0.40238709677419354,-0.3986301985030694
44.06997699022836,3.1446203587674013,14.01440300014546,0.056530004851551435,0.33452070860138905,0.05763208380350369,0.37258064516129036,-0.4215948386806185
1.9708022569631811,1.3510740182060175,1.4586930326586036,0.6074012650157296,0.008855925881755296,0.7156521903604703,0.0915483870967742,-1.0168294912316602
146.5615164560651,27.885754106959702,5.255784580682594,0.013231616144008319,0.15410966072995327,0.013521046457146467,0.17883870967741936,-0.7340526807073978
97.55242699110231,23.908438258726584,4.080250911223599,0.018344484461945747,0.11406847765498598,0.018705420946173085,0.14051612903225807,-0.804381111462261
235.1557204654547,27.613275184993494,8.51603871290323,0.009435464141098812,0.23967371792617698,0.009707697816172929,0.2767741935483871,-0.5617288311877584
158.04501672271022,37.51712372118056,4.212610164288388,0.011442719107324743,0.11888132056331685,0.011483011944324056,0.13838709677419353,-0.7971740839899449
638.4807026764253,32.2551511413991,19.794689532765606,0.004176454883003825,0.40064901594159635,0.004193144259424908,0.4109032258064516,-0.3873314793841234
281.75675393560715,31.84975729335037,8.846433313149067,0.00795121632292137,0.24677660552905578,0.008158828118324992,0.28316129032258064,-0.5445901195695783
133.93300508410493,9.265568888432497,14.4549143929319,0.018721924074612546,0.34047641475331725,0.01941171692124828,0.396,-0.4206985450526088
90.65573266100805,21.567493704352774,4.2033503708737285,0.01993432669739854,0.11854722870160586,0.020280296628598236,0.1469032258064516,-0.8046641815252131
64.924753969311,6.55324709604264,9.907264752540403,0.03548246160635858,0.2681077142503344,0.03637949873014479,0.3001935483870968,-0.5160669677083899
89.9768372147787,10.57726492347516,8.506626038559768,0.024652756755658783,0.23946791039902052,0.02537120379741591,0.2767741935483871,-0.5617288311877584
46.18979118054578,15.95638170081442,2.8947534626968867,0.03435172785139233,0.06741420891303203,0.03625434849889763,0.10858064516129032,-0.9850724559277038
76.77934372051156,42.03654512066522,1.8264903431078294,0.017208834973592994,0.022341511654290082,0.020119130210291162,0.09580645161290323,-1.0248459926768836
869.0090127183614,48.61240141435705,17.876282336089464,0.0030104810409237862,0.3812409349961116,0.0030541825648223433,0.40238709677419354,-0.400037303587736
240.76872619729417,35.6370750725979,6.756130398098421,0.008664280976758662,0.19742876290423053,0.008845681973159304,0.22780645161290325,-0.6224977704231589
316.03455951960615,18.743892214045662,16.86066884671834,0.00818481583597738,0.3700499866467912,0.008398170691687412,0.40238709677419354,-0.3995746075365374
10.736960949578554,3.76942204109893,2.848436930784307,0.14689720370895995,0.06547354863087086,0.15596413122994038,0.10858064516129032,-0.987210109639711
380.1570826375315,43.31038158150929,8.777504809605137,0.0058815093336236504,0.24531392164511392,0.006046986973355037,0.28316129032258064,-0.550927263900092
420.9075419669888,32.44390195622063,12.97339458536633,0.005821838174332393,0.31966937131042555,0.005876796076741392,0.3385161290322581,-0.44283856311318903
324.5589797659923,19.54477708408484,16.60591872548284,0.007946044784752955,0.3671319312662272,0.008177595878664389,0.40238709677419354,-0.40000700631993724
212.0459236565471,30.052629582706675,7.0558192943810045,0.009956319035503543,0.20520521704192524,0.0101381876342792,0.23632258064516132,-0.6071909762977401
242.3077772532468,16.480691670229238,14.702524754525452,0.010384885310336186,0.3437442847038994,0.010729616731977656,0.396,-0.41796193293455597
159.94396699755413,12.860013189483142,12.437309716630427,0.015179707335348602,0.3115569228113024,0.015465339754517209,0.3385161290322581,-0.45268640939988236
43.99473999260524,4.019559467412445,10.945164600569141,0.05361175690362848,0.28706547527424436,0.054405709355917646,0.31509677419354837,-0.47999739779806233
452.90171791288896,28.4639049001029,15.911440102909129,0.005646162366159786,0.35893423194489044,0.005740471891088765,0.396,-0.4064542434785283
436.8118317917956,48.03400482541757,9.09380413686958,0.00516430293199859,0.251945387804792,0.005262689238769344,0.28316129032258064,-0.5435382782468159
55.96452738839226,35.622687762605054,1.571036070083995,0.022113269476564005,0.012646384621024664,0.025201837981671145,0.0915483870967742,-1.0184487302384089
555.2131893623895,46.03299352924674,12.061201038547248,0.0043431790836756115,0.3056599228373779,0.004455203584308123,0.3385161290322581,-0.4542705327112752
47.718705863418926,3.3818366595219005,14.110292917034334,0.05228253683240029,0.3358329983056455,0.05448323742362442,0.396,-0.4235361280604418
313.51412215883005,16.81263798749181,18.64752708004995,0.008411665952990727,0.38929918084227483,0.008465686193151108,0.40238709677419354,-0.3962821655314169
224.547290703279,35.60478693059278,6.306660144912726,0.009112008762907827,0.18525400554425864,0.009217524888725622,0.2107741935483871,-0.6450199433546417
222.92296348316165,16.657146879873004,13.383022019966798,0.011066440562457378,0.32564952563975097,0.011096155158951597,0.3555483870967742,-0.4338885792662149
834.3471007746857,46.801582170308805,17.827326814263138,0.0031339025183026213,0.38071703824017805,0.003181064778499946,0.40238709677419354,-0.40047383303111694
22.88672859755054,5.84744431329297,3.913971193453222,0.07711429263957932,0.10790770930152939,0.07731395380674638,0.11496774193548388,-0.8475993085332157
62.21161919292324,30.920717593923648,2.0119720379694126,0.02211769128414261,0.029936136811138922,0.024686363355325296,0.0915483870967742,-1.0361985533079836
42.623958091195135,19.21993792105419,2.217694888832256,0.03358852822516177,0.03862272338070293,0.03729143355582043,0.10006451612903226,-1.034235956326284
459.22185530678723,23.022170144393954,19.946940380796843,0.0058149064616613315,0.4021019498468227,0.005829952695506357,0.4109032258064516,-0.3863523383144174
364.846469004319,41.989086489912246,8.689078508339835,0.006112655730924561,0.24342284491784474,0.006300745989981322,0.28316129032258064,-0.550927263900092
148.6609894356991,14.256652606447805,10.427482070262743,0.01568678503873369,0.2778270148662606,0.01602956973654116,0.30870967741935484,-0.5081097777724692
82.63614816018485,20.939774694345903,3.946372363905998,0.021416526350884913,0.10911824056564019,0.021635754189757866,0.132,-0.8401805533120676
45.0565625622364,18.48350693992934,2.4376630857265575,0.0329878591404168,0.04802543125486844,0.03517869366578976,0.0915483870967742,-1.03599664373947
42.855938459275855,17.47409444187874,2.4525413091831822,0.034764179323665524,0.04866204118918981,0.03698509632490237,0.0915483870967742,-1.03599664373947
215.2771125356854,15.340479728280586,14.033271211122313,0.01157569657880152,0.33477963689071777,0.011798024310170468,0.37258064516129036,-0.4215948386806185
265.53807784317013,41.398301467213535,6.414226391714886,0.007742488987370654,0.1882257683170339,0.007794626885774974,0.2107741935483871,-0.6414179835414868
21.183419524896674,1.1278324812717562,18.782416605886382,0.12466104876680816,0.39067203719475435,0.125291961111309,0.40238709677419354,-0.39390849265531885
193.12953366769858,16.353186552242246,11.809902189443187,0.012426994058360298,0.3016202597511785,0.01246485159347867,0.3044516129032258,-0.4540452239806243
505.95827445882196,40.24006205348422,12.573496377474227,0.004810156211793674,0.31364966062302074,0.0048889165691543175,0.3385161290322581,-0.4529250212471535
476.8265414383073,24.50360996210653,19.459440554909786,0.005574796388850051,0.3974067588243379,0.005614707782636342,0.4109032258064516,-0.38770074595956033
173.8600256711388,8.911921475242455,19.50870260180438,0.015296515240618695,0.39788693754108756,0.015398834107187544,0.4109032258064516,-0.38770074595956033
276.90191952314456,17.04956727423645,16.240993983558177,0.009272752044197287,0.36286962504762293,0.009389135277870274,0.396,-0.40577848924349313
45.63249007112174,14.115857038962293,3.232711265434886,0.03619639553464617,0.08133740226896727,0.03699147799724553,0.10858064516129032,-0.9529924713419298
8.247138651465438,2.483826836155914,3.320335593212727,0.20219463355173806,0.08487181721297364,0.2068503125057053,0.10858064516129032,-0.9378209694826924
79.95920197264478,14.087389581807528,5.675941700079353,0.0248183841303023,0.16704221767202068,0.024884929705443773,0.17670967741935484,-0.7046874820729945
8.894522614076175,1.733131028368985,5.132054338930526,0.21644861360127998,0.15017044837092397,0.22279611383484207,0.18735483870967742,-0.7327058846362876
67.88819840012941,16.416433273268975,4.135380522069454,0.026477379739095183,0.11608287329056018,0.026878886966985815,0.14051612903225807,-0.8033119020052658
502.9160397787299,38.29452244206716,13.13284531853225,0.004885414715939734,0.3220190225477494,0.004918490554389113,0.3385161290322581,-0.43699419344930923
29.57483584455234,4.860704331905753,6.084475381566119,0.06847547387762809,0.17899496590753447,0.07268886875360633,0.24483870967741939,-0.6661136538558168
47.86685296648454,3.81789869126782,12.5374864126081,0.050811831972341244,0.3130984583829488,0.05167642403887345,0.3385161290322581,-0.4529250212471535
231.90387749403808,23.02658766768878,10.071135195574321,0.009973061361592279,0.271218585998582,0.010184952619613849,0.3001935483870968,-0.5161726282688136
84.09514195213261,46.517531988852575,1.8078160718476015,0.015643147481714484,0.02159666071995866,0.01836888050742507,0.09580645161290323,-1.0248459926768836
137.08377231412533,8.76150124487638,15.646151097026925,0.01859099859618474,0.35570463799779034,0.018965553232276038,0.396,-0.4099685825236065
379.683146194978,25.518233640732333,14.878896068610558,0.006643798452348974,0.34603815012108036,0.006847471654087183,0.396,-0.4159778176323718
79.70707847066905,4.367424205491834,18.250363308066362,0.032951599252701996,0.3851946597775376,0.03329832464370864,0.40238709677419354,-0.3987817346088648
772.8475126071336,44.67687029258441,17.29860456978816,0.0033637166426858556,0.37496018628063277,0.0034341990263570647,0.40238709677419354,-0.4000905715608007
520.1666877556709,26.750629538155284,19.445026032517866,0.0051096060136338935,0.39726600670252493,0.005146891864091785,0.4109032258064516,-0.38770074595956033
300.4938952995767,16.313737520299796,18.419684325903912,0.008755824651003462,0.38695604053516425,0.008832499484463359,0.40238709677419354,-0.3974516677744911
183.59767612131824,48.829174192621416,3.759999614104916,0.00948331567675571,0.1020885966405683,0.009637722627868842,0.12348387096774194,-0.8713007945979213
607.494218886108,37.54341791942448,16.181111165475382,0.004223507689891943,0.3621607096589463,0.0042796614359093535,0.396,-0.4064542434785283
190.92319327812464,22.91120833361899,8.333178700050123,0.011556982803976828,0.2356402511627982,0.011956748862342773,0.2767741935483871,-0.5703214995786986
472.9298212583974,41.88761530150258,11.290445107803324,0.005023152041993542,0.293003128854871,0.005061142117995264,0.31509677419354837,-0.47199785205505457
578.2816849130882,49.04626522007691,11.790534555857898,0.004148724798403816,0.30130551172464715,0.004296574937025766,0.3512903225806452,-0.4552174760200831
189.05846923176318,41.62535715231612,4.541906236142495,0.00980138342220865,0.13051031584628656,0.01000033636391395,0.15541935483870967,-0.7877817722873217
287.38006448278594,19.17139940044625,14.99004107525383,0.008791147352016186,0.34746954498688104,0.00904679865593281,0.396,-0.4159778176323718
524.389609100565,28.608437712330073,18.32989324245959,0.005012763216478513,0.3860241339240715,0.005061336321805156,0.40238709677419354,-0.39808474001807764
146.00580366947207,10.56514384074159,13.819575565686158,0.017012434736936716,0.3318265131089269,0.017395504447679493,0.37258064516129036,-0.42481834420082254
507.72801017653603,34.49462989352483,14.719045014941422,0.004957226893984074,0.34396032694117584,0.005120595139513344,0.396,-0.41555075157032906
264.4093620015435,31.441928716540108,8.409451099049477,0.008364551827886046,0.23733172727919635,0.008633660535854022,0.2767741935483871,-0.5703214995786986
263.45825921757597,25.021029659870038,10.529473119170765,0.00887190380728911,0.2796802506579343,0.009085177455948081,0.31509677419354837,-0.5033560444295093
145.5102796004024,37.234383020230325,3.9079546321834635,0.012122733150691923,0.10768238983157759,0.012160401879769809,0.11496774193548388,-0.8475993085332157
108.71900741299297,18.668656536946628,5.823611741842813,0.018391593752098676,0.1714310821980774,0.01830203538222194,0.17670967741935484,-0.6909862344763197
174.6695118669212,15.307594819615181,11.41064379644406,0.013633537987096815,0.2950300503448193,0.01370339340646053,0.31509677419354837,-0.4681462497160535
66.35270617108947,26.18388047919849,2.5341051424292393,0.0227401726459402,0.05214897824677656,0.023887963332247922,0.0915483870967742,-1.0382200846472878
490.88062271603667,42.45794440556717,11.561572977416011,0.004865752482960594,0.29754672861529496,0.005061578067985601,0.3512903225806452,-0.45904084165172343
362.06821408232435,31.918951276539925,11.343361846240871,0.0065682239637096405,0.2938979704520622,0.00661081239427059,0.31509677419354837,-0.4681462497160535
113.78945214733146,10.428747705424724,10.911132895480977,0.020713080193591447,0.28647076752685374,0.021035034373201172,0.31509677419354837,-0.4858328100012871
14.170124865054332,4.326759741944676,3.2749969284602622,0.11710589942253029,0.08304715420868725,0.12038872088844968,0.10858064516129032,-0.9555746071194339
181.97705072152056,13.94452658382912,13.050070192598126,0.013482974135946924,0.3208027797409775,0.01359285570073225,0.3385161290322581,-0.43761192620708944
19.539711235659826,6.414880398708629,3.0459977460520293,0.08273676694245527,0.07369949956967091,0.08570140911267499,0.10858064516129032,-0.9836358236172007
38.44456213526845,1.9367159321719853,19.85038770871973,0.069397602476213,0.40118194140282515,0.06963902160626181,0.4109032258064516,-0.3866006783413005
92.20986868847089,6.535603968206027,14.108851934273764,0.02705568788581827,0.33581334416832653,0.02819513375394077,0.396,-0.4235361280604418
51.09704637957621,2.784946206478614,18.347588280416073,0.05145348570207009,0.38620816756280946,0.051942575224441186,0.40238709677419354,-0.39808474001807764
178.7184924827149,11.560635180324773,15.459227775553261,0.014225365330909139,0.35339505292671913,0.014673787285477472,0.396,-0.41208192770612107
495.33075801885013,27.469309573608676,18.032151725238208,0.005290354742032536,0.38289890836134766,0.005358262398106305,0.40238709677419354,-0.39930162034523414
140.72578007647397,49.86269458307101,2.8222658493119637,0.01116934226618191,0.06437395273099762,0.011517796674822181,0.0915483870967742,-1.0090871070062148
291.9501261387527,22.943988163917588,12.72447161552682,0.008358009551854903,0.31594400758230407,0.008472638200289255,0.3385161290322581,-0.4489214483706321
317.45744085787544,33.45993615438536,9.487688183059145,0.007180753858913068,0.25992565457022165,0.007440146931817987,0.3001935483870968,-0.5305783855042409
364.23403454083393,21.490906669360978,16.948286088837417,0.007108915330561752,0.3710429739745923,0.0072868318817700915,0.40238709677419354,-0.3995746075365374
279.8287424505272,32.65147170192878,8.570172426071602,0.007941965736574732,0.24085357707816996,0.008215042194760349,0.28316129032258064,-0.556798432002509
167.73621367527474,9.418507134510602,17.809214483754864,0.015585504211896972,0.38052282366917106,0.0158231315537864,0.40238709677419354,-0.40047383303111694
329.53105815795726,16.92309520136,19.4722687686278,0.008067629805466943,0.39753192693472134,0.008124398677765682,0.4109032258064516,-0.38770074595956033
388.6109429437534,40.22032900329108,9.662052811948774,0.0058921291227716,0.2633646130971839,0.006077878267373886,0.3001935483870968,-0.5268457006737897
325.966459617803,28.51471693728864,11.431516586143534,0.007308596650422045,0.2953799698041039,0.007342979520142384,0.31509677419354837,-0.4681462497160535
393.64139344205137,29.16938403179486,13.49501905878366,0.00627823684504949,0.3272531008101611,0.006283860977304979,0.3555483870967742,-0.4338885792662149
130.37157113317338,20.171754556987473,6.4630754238486805,0.015803597193535725,0.18956303969128038,0.016336104278810902,0.22780645161290325,-0.6380685153324481
40.157337730299254,10.758848773207456,3.7324939291183514,0.0432490157838043,0.10103747687064246,0.044063266580629916,0.12348387096774194,-0.8843548500975146
78.22233983124654,17.95532609348652,4.356497867205125,0.02337388085569794,0.12402265215191499,0.024170183209082083,0.15541935483870967,-0.7878766206439196
157.46151036552132,11.755262367637329,13.394980515196213,0.015670094150231628,0.325821380263472,0.015709158292464172,0.3555483870967742,-0.4338885792662149
449.5473245036522,32.82408081152148,13.695656158202546,0.005514808960400841,0.33009307413663275,0.005649782500482184,0.37258064516129036,-0.4327763401139727
37.41841576255799,4.493074732175512,8.328019895729685,0.05895878941113791,0.23552537099295054,0.06100794561984974,0.2767741935483871,-0.5703214995786986
114.37444045603146,26.00075850091964,4.398888611345168,0.01603587389794318,0.12551949443617663,0.016530339096969156,0.15541935483870967,-0.7925434887534203
141.7290073403621,24.62569899054416,5.755329316531627,0.014059253491953225,0.16941149294282357,0.014039321644398408,0.17670967741935484,-0.7011096873397551
55.77066132315713,16.39375153447501,3.401946235788373,0.03015706955291187,0.08813360889633004,0.03058818322861042,0.10858064516129032,-0.9212029527259438
296.43369230090514,18.407698822387232,16.103788700648767,0.008647155964023512,0.36124130648661845,0.008770492857693334,0.396,-0.4064542434785283
219.4313609541725,28.073378600791617,7.816350289522507,0.00988928051169457,0.22382189871647346,0.010216320910117474,0.259741935483871,-0.5846326301088123
610.6744458063126,44.80099575724123,13.630823053918588,0.004055620822436612,0.32917992470049123,0.004050583429991779,0.3555483870967742,-0.4338885792662149
94.44558845913528,9.701656619448014,9.73499600777551,0.024288434538650684,0.2647867722359898,0.025008367707968403,0.3001935483870968,-0.5168050190314742
65.43802724708954,5.099731985831456,12.831660061527836,0.03735749103548074,0.31755685410337264,0.037800463971237444,0.3385161290322581,-0.444725025221947
186.06415721151498,13.050129688068264,14.25764813522378,0.013437833002344704,0.33783226786877546,0.013972973731578289,0.396,-0.4238434549688274
59.743072009897546,15.437597603091982,3.8699720996699423,0.029429268842143124,0.10625606888650449,0.02961788569033443,0.11496774193548388,-0.8564410249768832
263.2700791328255,20.78730821349924,12.66494326388341,0.009258992090805428,0.3150425513872377,0.009395628244007491,0.3385161290322581,-0.45203851610241974
231.77084056370813,38.80799522921433,5.972244615955658,0.008690774726733628,0.1757698538490694,0.00893024435567188,0.2107741935483871,-0.6698180337548573
108.87263017932207,46.105312220796634,2.36139015083414,0.013482707956587564,0.044761168546824534,0.014599707000977456,0.10006451612903226,-1.0367101276279114
830.0712684124069,48.75458868097001,17.025500386108313,0.0031221512397505203,0.3719136196244504,0.003197450961523037,0.40238709677419354,-0.3996443547035727
315.93232160533546,25.833130089908682,12.229734472972348,0.007656268419253216,0.3083240173030545,0.007829486323949099,0.3385161290322581,-0.4545985453563468
206.17758839601476,25.663897307894988,8.033759873742493,0.010600957355359639,0.22887085157518408,0.010873059573020882,0.259741935483871,-0.5775546546072282
39.41093080752977,5.76267122213539,6.83900387309027,0.05311091270979077,0.1996056170921869,0.054039920838840606,0.22780645161290325,-0.6218149957858929
13.549832080442087,2.333661414323517,5.806254496593251,0.14743850845484519,0.1709192949602386,0.14684898739554908,0.17670967741935484,-0.6909862344763197
204.28225880843507,46.147092839497176,4.426763339544337,0.008996544270382495,0.1264993743519039,0.009255078222613821,0.15541935483870967,-0.7932979759566623
202.9421844823759,12.203712447136041,16.629544932452273,0.012711416177078633,0.3674045173309448,0.013078168947907372,0.40238709677419354,-0.40000700631993724
109.62246058546933,7.235198262333633,15.151272516768852,0.023096935248468377,0.349526889847656,0.023716577489863146,0.396,-0.41488622764351374
250.5458195639389,32.5879392499365,7.688298963685687,0.008623439973349896,0.22079348678019076,0.008947589726914396,0.259741935483871,-0.5846326301088123
243.1108995223416,12.777644960599341,19.026268163811807,0.010888547789896673,0.3931273227448014,0.010917289930367715,0.40238709677419354,-0.3947741708965418
288.0797884989769,19.567470491547976,14.722382671966253,0.008737304856360312,0.34400394501192555,0.009024824666288539,0.396,-0.41555075157032906
163.73059277047813,24.466167275865743,6.692122673909269,0.01270726791341949,0.19573332517320652,0.013007731450709962,0.22780645161290325,-0.6305019473211078
51.93120908366178,13.99239235146979,3.7113888589757,0.03337889778057252,0.10022857681523006,0.0340732193376807,0.12348387096774194,-0.8843548500975146
481.851208890567,31.12204683031165,15.482632344774409,0.005277802633233211,0.35368579991093363,0.005442504022581279,0.396,-0.41208192770612107
634.0525665395146,47.35391857992641,13.389653603203454,0.0038912011415718267,0.3257448463856075,0.0039012345692449883,0.3555483870967742,-0.4338885792662149
350.90190135678716,26.217270970639607,13.384379394398364,0.007030504611206612,0.32566904001119734,0.007049228806507344,0.3555483870967742,-0.4338885792662149
205.10742014443417,28.80353175640573,7.120912181153603,0.010318969245070562,0.20685995937497315,0.010329527724767123,0.2256774193548387,-0.6174492158431643
38.88970027439084,4.320826741004016,9.000522956714107,0.05785677616055171,0.2500108946545864,0.059110893380980564,0.28316129032258064,-0.544104651951165
269.6653911725113,31.067843230627023,8.679887727342212,0.008267961079129778,0.24322533862298001,0.008524656859163688,0.28316129032258064,-0.550927263900092
139.91488097204555,16.34853593266588,8.558251426813257,0.015878243676232542,0.24059430564686177,0.016430024530393588,0.28316129032258064,-0.556798432002509
106.97504019979053,5.807086795725283,18.42146397373242,0.02459564292421854,0.38697446190778756,0.024810574227043802,0.40238709677419354,-0.3974516677744911
507.2828185933561,25.77249939041897,19.683105270804294,0.005251149112024719,0.3995764798452774,0.005277611610432528,0.4109032258064516,-0.3875677342195873
170.47823767483774,37.667187989647125,4.525908271190668,0.010857375762298314,0.12995654982142163,0.011090261786788543,0.15541935483870967,-0.7877817722873217
281.9306851109476,16.09644050463119,17.515095031714115,0.009243048002892653,0.3773395141144569,0.009414059254576813,0.40238709677419354,-0.40033765897667556
61.92229806320052,37.67693511904029,1.6435067732435509,0.020387111643476404,0.01527034324549172,0.02277707701551283,0.0915483870967742,-1.0184487302384089
355.7349879941695,42.36939347092981,8.396036828760456,0.006214627360432114,0.23703519068045492,0.006417194684433126,0.2767741935483871,-0.5703214995786986
407.8515084998579,41.061602714050835,9.932673873937599,0.005651842581785374,0.26859311874026126,0.005791151817162729,0.3001935483870968,-0.5160669677083899
473.45249441886585,29.92740435790504,15.820031993312774,0.0053948429442721635,0.35782774760214925,0.005491299785622491,0.396,-0.4064542434785283
362.65798375335163,21.984839566349788,16.495821252588968,0.007101946302080066,0.3658563383484949,0.007318499231283968,0.40238709677419354,-0.40236232252115295
57.15297607518559,3.5103149238352356,16.281438365291294,0.044948002886670405,0.36334688946945715,0.045489662300080135,0.396,-0.4049384256029795
720.9227788439159,38.656360955963244,18.649525227301673,0.0036581299347036925,0.3893195945392094,0.0036815485003457334,0.40238709677419354,-0.3962821655314169
256.44308378016484,24.0050960472786,10.682860142492002,0.009145620939173784,0.2824363728915206,0.009333708680865515,0.31509677419354837,-0.49879699686956697
344.27198012115593,26.68425409073851,12.901690223398255,0.007109213206724936,0.3186034796880744,0.007184981451095611,0.3385161290322581,-0.44283856311318903
182.0206561817095,36.97663797084726,4.922585344974207,0.010441773464117085,0.1433600673978052,0.01049112882197888,0.16393548387096774,-0.7405335238280623
211.43413110772323,26.119343553320242,8.094925152927365,0.010357842661163685,0.23027075707591144,0.010602740387782925,0.259741935483871,-0.5771775101356185
450.92185781528497,45.73193588105707,9.8601086774038,0.005102966643726879,0.26720387135642204,0.005238002912577926,0.3001935483870968,-0.5160669677083899
37.44941171070993,2.181870020752974,17.16390589471776,0.06931211281989312,0.37346393528406335,0.07087193240365013,0.40238709677419354,-0.40005883805596304
484.21321817096276,35.76752578231109,13.53778903013838,0.005107350676926434,0.32786200230923196,0.0051084681261821824,0.3555483870967742,-0.4338885792662149
79.01195476655545,17.598955035358646,4.489582171657914,0.023365786148484818,0.1286949290210401,0.023928635740633395,0.15541935483870967,-0.7877817722873217
395.8739026094791,45.87913609900624,8.628625912989976,0.005623596505420445,0.2421204223699503,0.005806912027756293,0.28316129032258064,-0.5563325960820686
579.9445681607626,37.73367381918176,15.3694170077325,0.0043785747000151,0.35227516154159455,0.004521944486848963,0.396,-0.41208192770612107
347.66295374598405,37.40993619160482,9.293331909611844,0.006523571885884728,0.2560253394066197,0.006672688574446191,0.28316129032258064,-0.540267051904405
814.5643133220792,40.92032130191486,19.906107464604922,0.0032770044081417995,0.4017134593802025,0.00328671616150541,0.4109032258064516,-0.3863523383144174
965.4402715142552,49.692111119412985,19.42844145208979,0.0027525551341932714,0.3971039258520757,0.0027730785343997363,0.4109032258064516,-0.3883843453450917
289.2826748187489,22.410528228089646,12.908338075501417,0.008461541873834005,0.31870254468513426,0.008550763687636315,0.3385161290322581,-0.44283856311318903
135.62332666810525,8.096738138422527,16.75036593125247,0.019048032053726172,0.3687922005991719,0.019569732143593477,0.40238709677419354,-0.40000700631993724
733.5635128325589,38.27184074839856,19.167186591704606,0.0036135449659185875,0.3945308782252312,0.0036181082195178888,0.40238709677419354,-0.39324969606416943
26.13428394293927,1.5973647502540635,16.36087433304295,0.09839160445070574,0.36428070449330446,0.09948118673468234,0.396,-0.4034733861031087
228.11705920731674,34.977563802175574,6.521810967095657,0.00905500015806729,0.19116092646880375,0.009336274930181207,0.22780645161290325,-0.6380685153324481
190.2581041048545,13.5206935634113,14.071623117006137,0.013105434732380454,0.3353048663422099,0.01366496104508599,0.396,-0.4235361280604418
202.08656411978873,22.70063279900192,8.902243647087841,0.01110342310950346,0.24795367849430217,0.011375347671184952,0.28316129032258064,-0.5444528648950178
157.05841913946992,27.026198577385262,5.811339641043407,0.012723163502725615,0.17106934477414446,0.012669038255285741,0.17670967741935484,-0.6909862344763197
372.9789277594628,36.93869122191838,10.097242631545852,0.006204709864003127,0.27170994696122563,0.006332609777099097,0.3001935483870968,-0.5111886067199459
550.8675186733439,42.584177700601934,12.935967028560405,0.004445563939362438,0.3191137305767401,0.004490349689267598,0.3385161290322581,-0.44283856311318903
497.431879957349,27.968404092718433,17.785493884753162,0.0052541583956476935,0.3802681567586726,0.005335629424365538,0.40238709677419354,-0.40047383303111694
161.4007688048634,20.345676922398923,7.9329269515321155,0.013497303811809785,0.22654349734872894,0.013889532360047203,0.259741935483871,-0.581507413346959
65.3516808244087,6.526025603435746,10.014009260092868,0.035341677987572734,0.2701393775290824,0.036141840191191175,0.3001935483870968,-0.5167420073525736
390.9538535969599,25.938742836856267,15.072197448268579,0.006469391354442456,0.348520679549999,0.006650067667027004,0.396,-0.41488622764351374
81.89139718359853,10.089336436888852,8.116628650045351,0.02676137297452792,0.23076535944428128,0.027375051328354164,0.259741935483871,-0.5749588619964165
210.73080708887701,19.754163240279304,10.667665571335913,0.011125801310934241,0.2821649925193832,0.011358401129348621,0.31509677419354837,-0.49879699686956697
224.1997605330979,34.182851270375664,6.558837317570378,0.009227885973228647,0.19216263959372812,0.009499401676254347,0.22780645161290325,-0.6338551886140326
342.1662179600963,40.12594975442968,8.527305149264985,0.006486765393230399,0.23991980181680922,0.00673164178550611,0.2852903225806452,-0.556509355831092
165.37551055950294,18.20235719643666,9.085389808297865,0.013637500209086504,0.2517716049526407,0.0139005159757961,0.28316129032258064,-0.5435382782468159
81.5269210733929,8.90427817480031,9.155927013165359,0.027716630510942936,0.2532240681118159,0.028454976450424874,0.28316129032258064,-0.5408676641979074
521.1030204831802,37.27681947574693,13.97927794838346,0.004778244704183191,0.3340377566032006,0.0048739779031875706,0.37258064516129036,-0.4220302350034779
186.99334032308772,26.651961762027735,7.016119188250737,0.011272797127752907,0.20419007385149565,0.011496459485668057,0.23632258064516132,-0.6121460414467292
340.5942406132165,37.7866363047304,9.013616291921133,0.006608597640083943,0.2502834851264189,0.006749394594573787,0.28316129032258064,-0.544104651951165
445.4892032633461,22.982874120784366,19.383528836390038,0.005962636044032548,0.39666424711671033,0.005957747473733831,0.40238709677419354,-0.39157907616590765
21.21551774800621,7.856703611953181,2.7003077621165374,0.07286843128118523,0.05922358217980305,0.07639931021616918,0.0915483870967742,-1.0155956461362012
240.5400980380562,12.598925644066979,19.092111885851956,0.011012008280246871,0.3937845124205743,0.011033969791173806,0.40238709677419354,-0.3935221005111224
128.94535712484702,11.090187251581742,11.626977453104422,0.018547114516686548,0.2986276389780826,0.019268864341761022,0.3512903225806452,-0.45876133997692625
605.2184737556584,44.87886367369852,13.48560155524503,0.004082830965154098,0.3271187698104056,0.004087098954453117,0.3555483870967742,-0.4338885792662149
111.18641288421641,27.488128367696167,4.044888447730105,0.01604864130025409,0.11276898501461696,0.016411710422653825,0.14051612903225807,-0.8080369111809464
57.53041715346303,16.35489476752682,3.5176268616348154,0.02957844221308688,0.09270621452544876,0.030196332987551297,0.12348387096774194,-0.9117423413283192
304.63658314570273,30.592496056226413,9.95788583533055,0.00757138162800074,0.26907364572054576,0.007753271062168654,0.3001935483870968,-0.5157184265181172
418.1552102819755,43.19645826135068,9.68031239394719,0.005478343770306834,0.2637215196424971,0.00564845288664175,0.3001935483870968,-0.5268457006737897
728.6630705875789,40.64259352439514,17.928557392633156,0.003592326812729364,0.3817986821870069,0.0036424409064366005,0.40238709677419354,-0.400037303587736
183.65545831777123,32.49094313077819,5.652512381020948,0.010792116536731004,0.16633857671389424,0.01083430429249653,0.17670967741935484,-0.7046874820729945
139.89037824656162,21.30126954970666,6.567231963340328,0.014794676634012389,0.19238915262470238,0.01522451799558474,0.22780645161290325,-0.6338551886140326
26.313042289280975,9.582424481580805,2.7459691792885526,0.059124828630368845,0.06115666071715087,0.061598765509788586,0.0915483870967742,-1.0068517918838433
157.8004460041672,27.822545407102456,5.671675387539645,0.012572949407878233,0.1669142399764546,0.012609464489980593,0.17670967741935484,-0.7046874820729945
194.58905563871292,29.117184062403833,6.682962721315029,0.010688031594515379,0.1954896789078836,0.010944929939832768,0.22780645161290325,-0.6305019473211078
169.39444488243169,9.496283298783293,17.837972978768995,0.015437704473864658,0.3808310973880246,0.015668236211405784,0.40238709677419354,-0.40047383303111694
43.94790226145752,14.658896422473699,2.9980362091978874,0.03657307287981669,0.07171535976008077,0.03810377060976193,0.10858064516129032,-0.9935948089381477
802.6839014551907,44.98824182510062,17.84208203947511,0.0032580405338664465,0.38087510111831735,0.0033065471607269573,0.40238709677419354,-0.40047383303111694
108.53315391425973,12.834468692667423,8.456380744164875,0.020406859196970217,0.23836599280529092,0.02103339478945277,0.2767741935483871,-0.5615997423054143
54.320225580389014,39.40055218689696,1.37866660656735,0.02147692720959065,0.006417161067111252,0.02416768128431568,0.08516129032258064,-1.0192561858816762
579.6746021889995,42.725976193308874,13.567264082307377,0.0042682496262647284,0.32828051803361946,0.004267200567286479,0.3555483870967742,-0.4338885792662149
242.92131464569968,27.318316209886213,8.892250634312118,0.009234347967767275,0.24774339300072906,0.009463166827870212,0.28316129032258064,-0.5445901195695783
308.78884558161803,20.04002973254,15.408602167901085,0.0082277725774295,0.35276460148840705,0.008492784568474313,0.396,-0.41208192770612107
873.0321389359727,48.01993087947973,18.1806204829221,0.003006266725292914,0.38446409487418054,0.0030401082124567095,0.40238709677419354,-0.3987817346088648
93.08314136831024,19.10417531657448,4.872397778277965,0.020353483842756002,0.14170136875397604,0.02051501619082182,0.16393548387096774,-0.7458731980089137
598.5825548501576,34.959842707139074,17.122003661873524,0.004334345958274693,0.3729959651240638,0.0044339952005154875,0.40238709677419354,-0.40005883805596304
728.8510141764531,42.96599248648201,16.963439501735348,0.003553210552773289,0.3712141664423166,0.003641501656297817,0.40238709677419354,-0.3995746075365374
115.2042574485109,13.650758463205701,8.439403404509195,0.019215276848488297,0.23799240202999974,0.019815419365411424,0.2767741935483871,-0.5703214995786986
220.00875114559466,29.07911957823919,7.565866997920875,0.00977854940049355,0.2178590244683803,0.010096241414488005,0.259741935483871,-0.5908613300132508
81.33766545772473,10.593997676840548,7.677712223359869,0.0265532291548592,0.2205412588997167,0.027561415595543662,0.259741935483871,-0.5846326301088123
371.98057725089444,30.74332152175873,12.09955719936193,0.0064871709002764354,0.3062693784819144,0.0066497767426014565,0.3385161290322581,-0.45516376989093443
232.67490791668882,38.533347007504986,6.038274014229069,0.008684636478604152,0.17767255200661367,0.008895545545867285,0.2107741935483871,-0.6698180337548573
355.1800918845781,19.27819347787699,18.423930244925224,0.007408034708785052,0.3869999874786024,0.007472581476161105,0.40238709677419354,-0.3974516677744911
69.28767362167751,37.24467206833662,1.860337862407496,0.019218619646477985,0.023702315931744794,0.022294493854825917,0.09580645161290323,-1.0260955867088786
61.03115797525504,12.566703212913898,4.856576696467034,0.03101112643823227,0.14117628944488722,0.03128897133227728,0.16393548387096774,-0.7458731980089137
311.7684711857528,39.89869069015315,7.814002559805704,0.006959801067151145,0.22376674425297222,0.007190532104562895,0.259741935483871,-0.5846326301088123
230.26691211288835,37.374647519442284,6.161045719377114,0.008826511394407918,0.18117063785593612,0.00898856992418727,0.2107741935483871,-0.6604844668829127
140.35296616956853,27.704335912422327,5.066101082994585,0.013662548559119367,0.14804552520489628,0.014145890011767005,0.18096774193548387,-0.7328251756521494
122.92824183690287,8.624149465861425,14.253955398559892,0.02033839760518321,0.3377824201141332,0.02114948967182149,0.396,-0.4238434549688274
31.253170506221483,7.257955188613504,4.306057242576034,0.05828087312357326,0.1222310152333303,0.060494607559509576,0.15541935483870967,-0.795351868566414
159.4816047066635,21.54877562258879,7.400958991817836,0.01341039881962506,0.21384479934184006,0.013928010499715829,0.259741935483871,-0.5973975242280231
24.339600228094376,10.749592206471997,2.264234750546189,0.05931213927486819,0.040607534360826,0.06530544816464003,0.10006451612903226,-1.0356583906939716
352.8164522688465,22.325901396479004,15.803010413926168,0.007237897625967147,0.35762097549699373,0.007368901207372406,0.396,-0.4064542434785283
629.8635904703959,43.35958219519504,14.526514292386222,0.003985089043089353,0.34142714447174904,0.004127670848799361,0.396,-0.4206985450526088
194.38030029925065,14.183597964059139,13.704583335751984,0.012755980147382849,0.3302184728537777,0.013066368367623678,0.37258064516129036,-0.42806877419815853
89.67785037946263,10.589897735041816,8.468245173201241,0.024706382977275787,0.23862669259298452,0.025455791640450174,0.2767741935483871,-0.5615997423054143
367.12773403574926,34.48602618351899,10.645695508147618,0.006383107809886106,0.28177196470666827,0.006519706400044875,0.31509677419354837,-0.49879699686956697
190.13305105455441,45.34350984509888,4.193170129619016,0.009497161591845152,0.11817947497798666,0.009669676782920928,0.1469032258064516,-0.8046641815252131
14.318390698325151,1.5308066041829012,9.35349420312168,0.15865035009328377,0.2572403503702155,0.16201867012124477,0.28316129032258064,-0.5397171726733557
664.9340490866755,48.36197711164388,13.749108055522042,0.0037315298094937346,0.3308426923762265,0.0038196940141777074,0.37258064516129036,-0.4254648891734714
167.40179445983608,8.461379213496556,19.784220779612056,0.01592770834144219,0.4005486691346183,0.015992909166953836,0.4109032258064516,-0.3873314793841234
211.109922668075,28.239913398703397,7.475586758625395,0.010158104204657624,0.2156702880670272,0.010521824065836995,0.259741935483871,-0.597851499990443
279.44553559844786,41.648032459973734,6.709693569966644,0.007450787551065992,0.19619997980852422,0.007621390610026847,0.22780645161290325,-0.6224977704231589
711.9307845063997,39.44975885360256,18.046518031919124,0.0036813595168288214,0.3830509570291777,0.0037280480533765136,0.40238709677419354,-0.39820426462327835
161.1998839707491,25.55537401729946,6.3078663556881,0.012693485056867002,0.18528753828131814,0.012839775003367599,0.2107741935483871,-0.6450199433546417
340.7831687287736,32.23850628914218,10.570687291537084,0.006865147646743118,0.2804244372167101,0.007023718472234364,0.31509677419354837,-0.49879699686956697
45.548285764950585,21.80127980488977,2.089248253890794,0.03068103054433454,0.03317703919796721,0.03489721894796324,0.10006451612903226,-1.0388601508418323
254.79333437646832,30.110951180268557,8.461816196076601,0.008694045886767575,0.23848546598350176,0.008959499194159054,0.2767741935483871,-0.5615997423054143
180.90094232634098,31.45394005732544,5.751296721385154,0.011012618896325954,0.16929169523272025,0.010999274491357444,0.17670967741935484,-0.7011096873397551
551.6343124830366,27.844856877110647,19.81099471681959,0.004834704220803279,0.400805192986541,0.004853290726478445,0.4109032258064516,-0.3873314793841234
110.07430883100241,40.791547236588954,2.698458780996388,0.014040886684768529,0.05914519482282444,0.01472506108864212,0.0915483870967742,-1.0155956461362012
313.16787020846,17.297120608036124,18.10520243831591,0.008374083569235085,0.38367072490192183,0.008475046222178506,0.40238709677419354,-0.39820426462327835
275.9816382890164,45.67647041902245,6.042096417635653,0.007323193201964225,0.17778223752369013,0.007789508658771063,0.24483870967741939,-0.6661136538558168
65.89170555494162,12.328653168244488,5.344598850802463,0.029580530910277042,0.15689986951208265,0.03007457548932235,0.17883870967741936,-0.734194761052143
238.03842018749987,47.810447841475195,4.978795031930309,0.008012662964726492,0.14520531918237928,0.008022243429271927,0.16393548387096774,-0.7395424604878471
259.16903699148855,19.68775243562195,13.163972771343984,0.009484972120129737,0.3224744366125159,0.009544302899824018,0.3385161290322581,-0.43474323849082774
353.5596556812515,28.99679281369221,12.193060727540239,0.006836885535867703,0.30774732468399907,0.00699623882859673,0.3385161290322581,-0.4554803022251254
185.68766300834392,25.142165720978298,7.385507878241711,0.011511321692804508,0.2134649904710531,0.011962353496613964,0.259741935483871,-0.5973975242280231
71.95429598621429,25.356883066885963,2.8376632804755397,0.02188897832729214,0.06502114464827813,0.022526117441787046,0.0915483870967742,-0.9975484105950139
389.3223049257772,48.01542156065498,8.108276305227683,0.005627573723303262,0.23057514889211722,0.0057581627687091665,0.259741935483871,-0.5771775101356185
113.25677891156673,9.118186317695018,12.420976602745803,0.02143092651009292,0.3113044432517426,0.021840527472831377,0.3385161290322581,-0.45268640939988236
467.5372889476675,25.326732125485336,18.460229556311464,0.005629850022632443,0.3873752600967029,0.005676792499891872,0.40238709677419354,-0.3971747787476016
64.99512097366436,17.468393384871096,3.720726888939591,0.026692695338453948,0.10058673265530459,0.027224558567950665,0.12348387096774194,-0.8843548500975146
136.6839457203123,41.474436068596155,3.29561914945017,0.012167580226872716,0.08387820175318157,0.012480786959605552,0.10858064516129032,-0.9378209694826924
373.9336583057135,49.47675558873327,7.557764325008909,0.005751693461805703,0.21766345462856804,0.005940255485238834,0.259741935483871,-0.5908613300132508
560.3226276329599,47.790954793996335,11.724449324108285,0.004276266308723453,0.30022781220475764,0.004434285662234876,0.3512903225806452,-0.45980762788720825
51.4606849082548,22.317155619040456,2.30588009452019,0.028257448289214167,0.04238675679496771,0.030887822497459708,0.10006451612903226,-1.0356583906939716
74.71517176637046,46.1433594755606,1.619196621475787,0.0167861829717489,0.014376709561942789,0.01887714260195128,0.0915483870967742,-1.0184487302384089
396.24558837634584,42.55749579204569,9.310829526073924,0.00572639289030821,0.25637943071359626,0.005854567690519497,0.28316129032258064,-0.5397171726733557
43.72517225067338,8.774917337720819,4.982972553224129,0.043631999280120286,0.14534193556353323,0.04367283315239615,0.16393548387096774,-0.7395424604878471
391.93628923620736,30.903395745078672,12.682628552191476,0.0062213214273553466,0.31531079625512987,0.0063111986800786155,0.3385161290322581,-0.45203851610241974
276.91458052589775,43.484314595126804,6.368148678533638,0.007409247473319889,0.18695735206496777,0.007474399639132804,0.2107741935483871,-0.6404472180216702
518.5761723972711,35.61147934252038,14.562050832246307,0.004842754078418992,0.34189725533615994,0.005013476745539791,0.396,-0.4206985450526088
576.3874575228119,46.85747135829499,12.300865599756193,0.004202000660306372,0.3094378013455047,0.0042915364639150985,0.3385161290322581,-0.4545060741832841
56.67346924078692,15.57520400351498,3.6386983584932158,0.03037915382121275,0.09742677893359288,0.0306529255496585,0.12348387096774194,-0.8824237573916808
519.1223282117138,43.10426116835691,12.04341088655069,0.004643596156384802,0.3053766147313161,0.004764942012460805,0.3385161290322581,-0.4541542255946925
377.44354316096013,37.55027671636853,10.051684732230717,0.006124678000936817,0.2708517595637053,0.006257704092117086,0.3001935483870968,-0.5161726282688136
94.42670762566249,8.54462177017195,11.051010818909807,0.02503423347619412,0.28890415072470504,0.025348390274451803,0.31509677419354837,-0.4758471515961191
171.32151269048538,11.016820166095268,15.550903991129365,0.014857340473985436,0.3545313463545519,0.015307342910346638,0.396,-0.4109369645332417
235.67786425462967,18.342206011248628,12.848937805523324,0.010375680895986273,0.31781559512738206,0.01049563054691451,0.3385161290322581,-0.44283856311318903
265.947578515873,17.63840221331997,15.07775904526305,0.009510989378256212,0.34859162526886245,0.00977587235655007,0.396,-0.41488622764351374
187.88438606208177,47.614125862708335,3.9459799514923772,0.009419198446957057,0.10910360889134028,0.00951593384769826,0.132,-0.8401805533120676
95.69271157855621,17.71722597366131,5.401111422341986,0.020433117076522497,0.15865926582278286,0.020657750041437394,0.17883870967741936,-0.7190217004561023
50.609838304760935,6.1027427395972635,8.29296604236357,0.043543888834146637,0.2347431622465326,0.04510626294192919,0.2767741935483871,-0.5703214995786986
860.2608703574671,45.24589312624773,19.013015567117154,0.003076718605316624,0.3929947532251927,0.003085241078342928,0.40238709677419354,-0.3947741708965418
226.48183388110368,49.93089330825445,4.535905906647624,0.008178369784826809,0.1303027480935111,0.00834790257728504,0.15541935483870967,-0.7877817722873217
27.6725194212121,1.4566619557449436,18.997214358536773,0.09563169947952394,0.3928365597628507,0.09591147574670826,0.40238709677419354,-0.3947741708965418
40.385035078360744,2.9615228760143903,13.636577115592239,0.06133179683701207,0.3292611430207527,0.06289073668479314,0.37258064516129036,-0.4327763401139727
149.88711385119456,7.672601420542163,19.535370813072053,0.01774751036447011,0.3981463399040534,0.017861720226591028,0.4109032258064516,-0.38770074595956033
516.1539190210991,33.2347030785848,15.53057109614105,0.004930134579865163,0.35427992179906315,0.00508080447717256,0.396,-0.41129960006204724
118.8091306268109,13.838725018342211,8.585265656289733,0.018713930833685184,0.24118139789002618,0.019348722732081425,0.28316129032258064,-0.5558198776662234
5.2429725206271245,1.5836115032685019,3.3107694089149193,0.31772481284159654,0.0844875656698352,0.3253732878862117,0.10858064516129032,-0.9378209694826924
106.26892336613844,17.561883011501262,6.051112132824425,0.01902661838572315,0.17804074867186143,0.020229445194502815,0.24483870967741939,-0.6661136538558168
115.50185815550178,12.52998124411906,9.218039189780313,0.01959660844999864,0.2544949129237392,0.0200849289895908,0.28316129032258064,-0.5408676641979074
450.75687254867603,45.14509419211221,9.984625807413481,0.0051202946408004015,0.2695820913326183,0.0052399201175273346,0.3001935483870968,-0.5167420073525736
197.49478289018205,21.020685316798772,9.39525899911328,0.011514788888118486,0.2580797425958756,0.011959455181633202,0.3001935483870968,-0.5327520127939143
57.64114568620881,11.131131650724784,5.178372468755736,0.03349175845124996,0.15165225035547553,0.03437934914791995,0.18735483870967742,-0.7284280750303733
39.80556856234279,2.2407921874132826,17.76406075759011,0.06564362360108797,0.3800377394262732,0.06667690655293801,0.40238709677419354,-0.40033765897667556
35.500297608797176,24.782888240923185,1.4324519912161278,0.033443130399943934,0.008029222648126754,0.036979799819865614,0.08516129032258064,-1.0192561858816762
518.6597737986398,45.849699703658054,11.312173845214067,0.004582282881000841,0.2933710482961882,0.00461490394694867,0.31509677419354837,-0.4681462497160535
89.06903400604541,32.35758211265555,2.7526480098526624,0.017482805430074293,0.06143895181778583,0.018197692833589695,0.0915483870967742,-1.0068517918838433
64.91225322224138,9.983169619850393,6.502168719358506,0.03179440695298085,0.19062777637852185,0.032809885272850094,0.22780645161290325,-0.6380685153324481
281.195301966312,38.28310327694585,7.34515433433131,0.00759030971415078,0.2124700213896499,0.007899354823261064,0.259741935483871,-0.5986009228138746
345.8324915279693,21.831815581224557,15.840757276522,0.007387604264879458,0.3580792016219156,0.007517713473415746,0.396,-0.4064542434785283
370.3736556814429,24.091814943753622,15.373422739056492,0.006856494949281856,0.3523252535038753,0.007080625477661258,0.396,-0.41208192770612107
90.566448645038,4.728193558610583,19.15455607355712,0.02926514014962839,0.394405529799234,0.029305688972306992,0.40238709677419354,-0.39324969606416943
213.62044492464858,31.121712480375837,6.864032467986762,0.009808355401819733,0.20025903081829316,0.00996984900848407,0.22780645161290325,-0.6189901846513992
321.6485287292037,38.86529651428828,8.275982883880845,0.006847799429960412,0.23436318349761565,0.007097252031719927,0.2767741935483871,-0.5703214995786986
34.74417794078181,1.7508681891752602,19.84397121130399,0.07678415449176211,0.4011206301133045,0.07705583645537221,0.4109032258064516,-0.3866006783413005
395.81099072261077,35.45425129092631,11.163992365110511,0.005986332820025828,0.2908486362010094,0.006047242480197542,0.31509677419354837,-0.4758471515961191
499.65106168959426,38.13581188396179,13.101886048995459,0.004914828078356554,0.32156501320544983,0.004950630511897454,0.3385161290322581,-0.43699419344930923
597.1351030173457,45.93987925232821,12.99818616713241,0.004105389237306116,0.32003655549537036,0.004142425690272322,0.3385161290322581,-0.44126680688191544
119.65801357670632,8.798956937010374,13.599113444162688,0.020687576970525288,0.32873173245150583,0.020672144868231313,0.3555483870967742,-0.4338885792662149
173.51850869870253,8.69449601198642,19.957281993054707,0.015390780776135028,0.40220020503153653,0.015429141901109786,0.4109032258064516,-0.3863523383144174
217.44613893418165,49.21130602488936,4.41862158310135,0.008446893556735776,0.1262135268402008,0.008694788944201877,0.15541935483870967,-0.7932979759566623
422.57863353400205,29.463783435709765,14.342307207629066,0.0059240968098996875,0.3389715201548072,0.006152392418334511,0.396,-0.42264352484996065
132.25371825758765,29.8759742545268,4.426758342032933,0.013896272564655292,0.12649919898604736,0.014295615349595947,0.15541935483870967,-0.7932979759566623
286.17833379417885,29.31133707790678,9.763400865458431,0.00802142257476571,0.2653379840193758,0.008253350186461795,0.3001935483870968,-0.5168050190314742
747.9714298608111,44.53620760783571,16.794681676695184,0.0034556097777713904,0.3692985704975801,0.003548413842239666,0.40238709677419354,-0.39987980622534436
335.82626609358124,37.63939720473063,8.922200965837296,0.006685343007996437,0.24837303042906042,0.006845220754404074,0.28316129032258064,-0.5444528648950178
107.95735142849598,12.161767964150219,8.876781052452788,0.02076967368227165,0.24741745639354495,0.02129363953561225,0.28316129032258064,-0.5445901195695783
21.675579344388193,11.473831126683526,1.889131808291957,0.06183337485514404,0.024869961942407575,0.07333176547622021,0.10006451612903226,-1.0301111441521762
36.84184458033698,7.104399892586212,5.1857785509488625,0.0524226085716066,0.15188838609809135,0.053788432566428436,0.18735483870967742,-0.7284280750303733
128.80216032006186,9.300180360636878,13.849426067608162,0.019293543484987446,0.3322417576508058,0.019718959688316044,0.37258064516129036,-0.42481834420082254
257.95277125331626,20.923701440162592,12.32825711985077,0.009393872699991396,0.3098650417525833,0.009589304969603663,0.3385161290322581,-0.45295438778866065
114.87338660628387,15.727641109300025,7.303917085083869,0.018551901738122975,0.21144871653869382,0.018622089785294813,0.23419354838709677,-0.6004530607055077
262.94258802549115,31.920830886849647,8.237335329946408,0.008366558506181405,0.23349602283138784,0.008525744034413765,0.259741935483871,-0.57273067755064
587.9481486669134,35.053151690002935,16.773046654021545,0.004395019829253409,0.3690515343596533,0.004514194289642223,0.40238709677419354,-0.39987980622534436
114.26302557538287,6.609990134696681,17.28641393511341,0.022748258037730316,0.3748252755857599,0.023228092919409853,0.40238709677419354,-0.4000905715608007
51.719914553717466,13.390038561766001,3.862566512795477,0.03397259990789807,0.10597719360716085,0.03421242074444573,0.11496774193548388,-0.8564410249768832
394.39788302471396,46.60049363350815,8.463384232074349,0.005616891060580975,0.23851991979114476,0.00578811594148445,0.2767741935483871,-0.5615997423054143
114.28072365169265,5.915867813927122,19.31766010434737,0.0232289021322182,0.3960174298905477,0.023224495702417497,0.40238709677419354,-0.39277869884063077
305.63493845834154,32.41880873770058,9.427704174179343,0.007446919627083568,0.2587295425016768,0.007727945033036354,0.3001935483870968,-0.5327520127939143
479.0874314114076,24.998546130646343,19.164611770125397,0.005532807474805754,0.39450533224472045,0.0055399327999459185,0.40238709677419354,-0.39324969606416943
78.14723515491129,4.152035262074229,18.82142858196039,0.03380509004575518,0.3910671235730753,0.033962969643860724,0.40238709677419354,-0.39405632341392993
397.3028325029006,29.914021261727147,13.281491947430727,0.006199120107228019,0.3241842941594983,0.006225950556958093,0.3555483870967742,-0.4338885792662149
37.08572592238384,2.855362504824937,12.988097259005498,0.06609169981698566,0.3198872133473813,0.06669918761950076,0.3385161290322581,-0.44126680688191544
127.1016571489917,34.74013512886242,3.6586402637045157,0.013571251746929384,0.09819785308850508,0.013667859823749622,0.12348387096774194,-0.8824237573916808
439.1872157073098,35.94448345950966,12.218487329273781,0.0055064620468878505,0.3081473343677137,0.005632194432888389,0.3385161290322581,-0.4545985453563468
729.379823761559,49.393657772469645,14.766669581779599,0.0034530753597535246,0.34458175995731055,0.0035644934181160914,0.396,-0.4152844521593946
50.235619908706,7.774009160693828,6.461996489880967,0.04101159081534085,0.1895335853719639,0.04239548720398767,0.22780645161290325,-0.6380685153324481
401.88628691686307,42.11527386724103,9.54253053615939,0.005680220353670647,0.2610133513137017,0.005877110221155959,0.3001935483870968,-0.5305783855042409
17.881563643844125,1.2311628530375742,14.524125382540591,0.14036673420302404,0.3413955000414438,0.1453938611235365,0.396,-0.4206985450526088
193.46060418658053,28.822757014069122,6.712078379321849,0.01076340791071347,0.19626324418352617,0.011008771475612219,0.22780645161290325,-0.6224977704231589
19.71206148491757,2.2418269093782754,8.792856131066918,0.11347789690294177,0.24564054191329693,0.11661920435347203,0.28316129032258064,-0.550927263900092
461.97457249663944,30.0104987198776,15.393765255578653,0.005498457214119687,0.35257943203482295,0.005676669883582478,0.396,-0.41208192770612107
548.0456410589021,41.4221826374655,13.230728227324418,0.004490313086048992,0.32344754127430975,0.00451347042287051,0.3555483870967742,-0.4338885792662149
364.6588155015095,47.70135184680249,7.644622246192238,0.0059159499319423195,0.2197510519799846,0.00614761279846906,0.259741935483871,-0.5884668387429504
854.0214638312851,45.64486191453088,18.710133583719102,0.0030898959795381507,0.38993768142392876,0.0031077815812861425,0.40238709677419354,-0.39390849265531885
19.647297565118375,2.3834848027616755,8.243097477421973,0.11199107769237017,0.23362552989247695,0.1141012494884632,0.259741935483871,-0.57273067755064
142.52194513501726,19.35056299578508,7.365260905641932,0.014986687204147255,0.21296632315355893,0.015585399587141759,0.259741935483871,-0.5973975242280231
630.7438164950273,31.84979723630546,19.80369959077934,0.004228037535301098,0.4007353347534361,0.0042445785803471945,0.4109032258064516,-0.3873314793841234
202.8504024026877,36.83714061450597,5.506681545277376,0.00969523123469871,0.16191307681424355,0.009841104167044949,0.17883870967741936,-0.7165536569740001
426.4575808986174,25.363074073080213,16.81411250347014,0.006062229073298995,0.36952015524320936,0.006223625265906259,0.40238709677419354,-0.39981951622396145
27.39858246632957,4.0746512080935995,6.7241540605750405,0.07603815586285836,0.19658332382197555,0.07773261932953006,0.22780645161290325,-0.6224977704231589
512.5804475905861,39.82302199606025,12.871460323661434,0.004772426098481553,0.31815236757353593,0.004825755260329777,0.3385161290322581,-0.44283856311318903
313.73798836436225,36.411948053144116,8.616347246965587,0.007093275165809173,0.2418549241499795,0.007327148805034317,0.28316129032258064,-0.5563325960820686
277.8091512880239,46.117699915680944,6.023916019141344,0.007268678653264194,0.17726009428172806,0.007450331391738454,0.2107741935483871,-0.6698180337548573
72.93459508676614,18.188698686914325,4.009885277787255,0.024395013839204113,0.11147700634139829,0.025019117594586953,0.14051612903225807,-0.8312043001215623
450.03011159814616,27.171515331727516,16.562569518257856,0.005727686842309235,0.3666307398473987,0.0058976324181789054,0.40238709677419354,-0.40054544118454455
11.44769514191422,4.21512520441829,2.7158612346591173,0.1353373930383046,0.05988263664997867,0.14158753371165855,0.0915483870967742,-1.0068517918838433
153.18890088821874,46.68117262826496,3.2815992457624015,0.010840176310031115,0.08331341800878198,0.011136075769473085,0.10858064516129032,-0.9555746071194339
140.01905267225519,22.04720822088856,6.350874508437515,0.014641913251196697,0.18648006647161122,0.014782061449866582,0.2107741935483871,-0.6443629023315146
273.9664070666566,35.17402448162501,7.788884300395516,0.007913398999299071,0.2231757908285271,0.00818268642953082,0.259741935483871,-0.5846326301088123
48.12422107630499,7.4128351015360785,6.492012896163406,0.04286693323094677,0.19035163950942657,0.04425554395253514,0.22780645161290325,-0.6380685153324481
7.857470794221609,1.174915263706851,6.687691476091079,0.26473967868102716,0.19561549134948517,0.2710495064888009,0.22780645161290325,-0.6305019473211078
98.65229097476154,6.509433045663552,15.155281617111283,0.02566671047705274,0.34957776184998685,0.02635386928591332,0.396,-0.41488622764351374
314.4961529862074,17.247866848418365,18.233915866242135,0.008349947884550174,0.38502263831515215,0.00843925164144789,0.40238709677419354,-0.3987817346088648
500.38050662663187,45.586031778357736,10.976619089363044,0.0047168224404852965,0.2876136100513665,0.004783489775337811,0.31509677419354837,-0.47743209066085285
59.50529104831775,36.8161625332707,1.616281734809893,0.021060114731292635,0.014270431756565307,0.02370224440743967,0.0915483870967742,-1.0184487302384089
158.59242756098453,28.986056721326584,5.471335031380782,0.012376988652259025,0.1608283856850563,0.012587435422187456,0.17883870967741936,-0.7227335311892739
514.7539852641626,29.892362811008834,17.220250821878412,0.00504581118404701,0.3740913172340304,0.005156078925655825,0.40238709677419354,-0.40005883805596304
61.42288556402797,12.107048072825306,5.07331640169942,0.031232963151525798,0.14827885390698778,0.032323743894942025,0.18096774193548387,-0.7328251756521494
146.07031792476548,15.018271465727473,9.72617376494399,0.01570086722917789,0.264615277077842,0.01616981490926884,0.3001935483870968,-0.5168050190314742
71.85573012159493,4.280336990432513,16.787400216900718,0.03596759111257092,0.3692154654023306,0.036936680913638824,0.40238709677419354,-0.39987980622534436
349.5991789893459,33.82976341706645,10.334071056878274,0.006656330991249315,0.2761149761408755,0.006816296606163851,0.30870967741935484,-0.5093512394750477
221.50989617440501,41.73152022541291,5.307975721419176,0.008780936314896964,0.15575305642503715,0.008946169480717176,0.17883870967741936,-0.7340526807073978
100.3988457783177,23.511817593452108,4.270143955449797,0.018092847499925617,0.12094836800002505,0.018831374704634456,0.15541935483870967,-0.7938663951134481
459.14368807554234,29.545615309630563,15.540163346196477,0.005542984332114538,0.35439857596799085,0.005711669812263846,0.396,-0.41129960006204724
518.2183717779136,32.443031094510175,15.973179887794258,0.004938344589045035,0.359677879635491,0.005016938269064196,0.396,-0.4064542434785283
291.0672679039194,20.50492512366618,14.194992966249758,0.00858218262424226,0.3369847305992,0.008932194952140626,0.396,-0.4235361280604418
550.1146067809094,38.7488948931007,14.19691086154971,0.0045409869211877636,0.3370107297332541,0.004726050806609804,0.396,-0.4235361280604418
141.34958375952925,39.558440038534265,3.573183968372849,0.012104280312596633,0.09488071542483174,0.012290150328522539,0.12348387096774194,-0.8830847783976592
265.9596371649906,23.04073777184843,11.543017406757897,0.008977420947327562,0.2972390098717492,0.008968448730186864,0.3129677419354839,-0.4621496522153594
92.60133763269565,5.274785551519026,17.555469644832943,0.02815354300967274,0.3777798218434075,0.02866170449767655,0.40238709677419354,-0.40033765897667556
128.95853541941,30.018066049620717,4.296030770477947,0.014113693420535983,0.12187350708631475,0.014660900719873868,0.15541935483870967,-0.7938663951134481
125.40443609506642,16.978533686335368,7.386058090281034,0.01704527624706318,0.21347852640062132,0.01771278221116554,0.259741935483871,-0.5973975242280231
194.33199593784838,26.410520050667593,7.358128335414438,0.010988280941656145,0.21279039072491837,0.01143024057436402,0.259741935483871,-0.5986009228138746
170.69847544142343,8.675456703929795,19.676021824199836,0.015604365210261368,0.3995081731983665,0.015684039861855424,0.4109032258064516,-0.38756387365663836
199.04521649644374,10.162085852778219,19.587043386572713,0.013370927886810189,0.3986478765527713,0.01345041965994228,0.4109032258064516,-0.3875897064122958
615.4130775524541,43.80389765870276,14.049276672761712,0.004050256764079496,0.3349990064225066,0.004234718952188742,0.39812903225806456,-0.42238797545359025
236.69119936988406,47.75413258280851,4.956454793926943,0.00804705422791904,0.14447350555087457,0.00806790517495858,0.16393548387096774,-0.7395424604878471
213.34759511247984,31.573805845048856,6.757107336362976,0.009778276128237357,0.1974545441387264,0.009982599428416769,0.22780645161290325,-0.6224977704231589
356.6288068949247,24.741394257373678,14.41425665769174,0.007026948745297151,0.33993442824043246,0.0072901278047086205,0.396,-0.4206985450526088
186.63074980841586,22.116512529643753,8.43852526741123,0.011860975296964426,0.23797306095033877,0.012231750000289211,0.2767741935483871,-0.5703214995786986
222.34750812931978,44.25209670401248,5.024564363956088,0.00860239965282092,0.14669817403022598,0.008929345055242226,0.18096774193548387,-0.731888654760022
701.8269100858707,39.21962112663169,17.89479066663656,0.0037283451121764752,0.3814386062707327,0.003781719020995018,0.40238709677419354,-0.400037303587736
255.82110126577555,44.55185955453536,5.742097048780382,0.007783777698569564,0.16901817684322257,0.007778010142820242,0.17670967741935484,-0.7011096873397551
14.030624630994875,11.912253279945016,1.1778312886123956,0.07722138441463502,0.0016724739913167592,0.09356631893771122,0.08516129032258064,-1.0185147783952624
801.1749691504288,45.562095575897466,17.584243196536676,0.0032550670566839817,0.37809296253197855,0.0033127747090405677,0.40238709677419354,-0.40033765897667556
267.7665561315873,18.001834123464132,14.874404146551507,0.009420076662794093,0.34598007200292297,0.009709463417183099,0.396,-0.4159778176323718
184.91074000810335,12.218001739282325,15.134286600532507,0.01368964453238683,0.3493112008191971,0.014060132910564405,0.396,-0.41488622764351374
247.63513233042994,47.26269141406008,5.239547831945124,0.007823701048288527,0.15359620638388605,0.008002358365646091,0.18735483870967742,-0.7284280750303733
429.0408761558821,28.39462830637587,15.109931059021578,0.00589810579623807,0.3490015001369646,0.0060597246686587255,0.396,-0.41488622764351374
977.3118584449982,49.26878155511587,19.83633099088723,0.0027295422167635747,0.40104759789624034,0.0027393934393070765,0.4109032258064516,-0.3866006783413005
475.7933450743281,41.20291201316832,11.547565980828395,0.00501866103455102,0.29731448522687015,0.005013196159439132,0.3129677419354839,-0.46066499542020845
62.92317978172007,34.67302342095207,1.8147589559120223,0.020940836602432886,0.021873072142497254,0.02454951607869055,0.09580645161290323,-1.0248459926768836
479.4631444009682,47.096025957129115,10.180543573621629,0.0048361897175122626,0.2732700226738091,0.004926197210700024,0.3001935483870968,-0.5107590582759036
180.00566752667905,10.34392525215405,17.402065766977014,0.014458671932666525,0.3761011572529085,0.014744603388249015,0.40238709677419354,-0.40185298805755526
367.8928085543453,20.662190939388047,17.805120939669393,0.007105706540130973,0.38047890055160366,0.007214362753507944,0.40238709677419354,-0.40047383303111694
195.70835751439606,34.135717189058205,5.73324287960553,0.010169978428119503,0.16875464078260877,0.010167062590805714,0.17670967741935484,-0.7011096873397551
445.7656116441327,47.84282626331671,9.317292611241943,0.00509112071699161,0.2565100721562415,0.00520418479716879,0.28316129032258064,-0.5397171726733557
55.2569288142718,25.214758490297847,2.191451837047482,0.025785608451511666,0.03750571013405751,0.028765777164099976,0.10006451612903226,-1.0362846335622402
33.557633113321614,5.3382177798670485,6.2862990041139515,0.06091586728615954,0.18468724549586538,0.06167807585725497,0.2107741935483871,-0.6450199433546417
728.3497920337916,39.41569154160424,18.478675967539484,0.003614555988711529,0.38756566329172487,0.00364400759682617,0.40238709677419354,-0.3971747787476016
564.5263317750964,37.539220700509155,15.038307168892285,0.004478209324616999,0.34808778556347075,0.004605400022581272,0.396,-0.4150916801719765
5.032040932901908,1.0675735503265642,4.713530914439232,0.37260734617772373,0.13638058265148428,0.37948859671978064,0.16393548387096774,-0.7660314774820938
160.40147592758487,10.592557779862455,15.142846445692713,0.015783239874195183,0.3494199255304286,0.01620851408049695,0.396,-0.41488622764351374
318.8648128997638,36.53678622029854,8.727226608743543,0.007001885820915879,0.24424070880479717,0.007209340239308387,0.28316129032258064,-0.550927263900092
128.70471039908097,30.72383237044583,4.189083863212516,0.014025490152307137,0.11803172830533752,0.014284831874042059,0.1469032258064516,-0.8046641815252131
18.00963326200319,12.288890369158517,1.4655215174839584,0.0666088591617237,0.009075046678103847,0.07831414062932344,0.0915483870967742,-1.0168294912316602
31.053489483603,2.3286649738162533,13.335318662311499,0.07938148332252236,0.32496246866574596,0.07965571124007101,0.3555483870967742,-0.4338885792662149
3.2162022953623146,2.3444886656134334,1.3718139663178104,0.36190479898974637,0.0062203722380136375,0.4081813824372895,0.08516129032258064,-1.0192561858816762
197.47708025697725,42.770322938044984,4.6171519570481845,0.009432774902651,0.13309983764254063,0.009574013765567144,0.15541935483870967,-0.7734308188019752
274.5622738239073,46.0814396652767,5.958196528108811,0.007331271721799752,0.17536309473805828,0.007538436406164256,0.2107741935483871,-0.6698180337548573
463.7445589417345,30.275533325716264,15.317469520770636,0.005471940766754298,0.3516243412369917,0.0056550035835613,0.396,-0.41208192770612107
312.07914385784943,26.15567389253835,11.931604023663825,0.007708176443711976,0.3035868273133765,0.007926155399955757,0.3385161290322581,-0.4541542255946925
302.84097019399695,21.859930059387274,13.853702613469636,0.008206328800559732,0.3323011746585098,0.008386727216903051,0.37258064516129036,-0.42481834420082254
289.55947646202736,42.41159253730849,6.827366272730943,0.0072253354457604635,0.19930116590394711,0.007355185218064273,0.22780645161290325,-0.6218149957858929
169.58741270540537,39.5570421787559,4.287161106208346,0.010725188649191697,0.12155686678249582,0.011148517773831489,0.15541935483870967,-0.7938663951134481
293.5848532508022,42.69256219387327,6.8767213342124975,0.007140471130482218,0.20058958840794014,0.007254337400044714,0.22780645161290325,-0.6189901846513992
575.8993018884144,33.6027376941246,17.138463750502975,0.004505907602266432,0.37317993687592904,0.004608639334367792,0.40238709677419354,-0.40005883805596304
329.44096617735374,30.6962300810235,10.732294008345185,0.007126821774921962,0.28331680612677346,0.007265535507014866,0.31509677419354837,-0.4951089009246189
648.157869900334,32.464175518874335,19.96532668829066,0.004120573550866019,0.4022765992453601,0.004130539514382366,0.4109032258064516,-0.3863523383144174
87.62045356460177,23.47119522800651,3.7331057371995486,0.01982256824886288,0.10106089503509162,0.02019463955723482,0.12348387096774194,-0.8843548500975146
655.8199718448378,47.6825022925088,13.753891685920832,0.0037836672537661423,0.33090963716847044,0.003872777158607528,0.37258064516129036,-0.4254648891734714
91.89908475757973,7.784819418813347,11.804908991914427,0.026113326361443916,0.3015391613705275,0.02619537487055388,0.3044516129032258,-0.4540452239806243
24.563454723385377,15.471910420161207,1.5876161415320191,0.05061703583423275,0.013235756053745228,0.057418997769083935,0.0915483870967742,-1.0184487302384089
636.0654394673163,35.739473164768484,17.797280797478052,0.004109510726177375,0.3803947471801032,0.004172703012351415,0.40238709677419354,-0.40047383303111694
98.53258134299018,49.152506272365336,2.004629851365025,0.013943588811865184,0.029630067676400258,0.01558650565515597,0.0915483870967742,-1.0361985533079836
59.350789412496404,30.473488623247572,1.9476204430108786,0.022872806641442714,0.027266671609380927,0.025876296701729657,0.0915483870967742,-1.0374464992342673
142.753867409612,12.55880167113186,11.366838265927194,0.016666943014451194,0.29429370249553677,0.01676707665200307,0.31509677419354837,-0.4681462497160535
360.4809344375903,25.763317626912414,13.992023063870903,0.006908649792303432,0.3342131359019107,0.007045711338609063,0.37258064516129036,-0.4220302350034779
166.47794113555813,24.299337542963677,6.85113085248552,0.012579301393356623,0.19992244375075724,0.012793067757185495,0.22780645161290325,-0.6218149957858929
212.87882114908015,45.20014776035647,4.709693036353058,0.008805449853129053,0.13625070943964793,0.008970371697643592,0.16393548387096774,-0.7660314774820938
338.7362461783028,44.4129137934541,7.626976418471967,0.00636477195854315,0.21932851466380088,0.006618072989070164,0.259741935483871,-0.5884668387429504
146.25184396724532,16.955410395762883,8.625674080044286,0.015220605606688711,0.24205662540493667,0.015718126104807606,0.28316129032258064,-0.5563325960820686
168.08948875634786,26.866363235738074,6.256503244650265,0.012144856411701275,0.18385541453238485,0.012313501909412033,0.2107741935483871,-0.6450199433546417
170.14150557626365,40.47069549526573,4.20406675729521,0.010622111008763818,0.11857308979093532,0.010805859177166208,0.1469032258064516,-0.8046641815252131
473.289040047142,31.073867218909285,15.231095528371599,0.005355418398352538,0.35053719650959314,0.0054931962524333786,0.396,-0.41426176356193767
344.8709647128862,27.146520648142033,12.704057701644718,0.007072975813578499,0.31563533809342287,0.007172502310717248,0.3385161290322581,-0.4489214483706321
288.25318419654025,16.269174723225696,17.71775084479443,0.009060345413015772,0.3795388788997223,0.009207572789580145,0.40238709677419354,-0.40033765897667556
109.67673913758873,16.892866769700596,6.492488257487903,0.018809643331353237,0.19036457185302613,0.019418553084005894,0.22780645161290325,-0.6380685153324481
12.243295809159813,4.71741849087668,2.59533807162496,0.12437700078172764,0.05476138787714912,0.12946113830105827,0.0915483870967742,-1.0274000317957324
429.95065649942103,32.9547542754057,13.0466958699278,0.005706362501120397,0.3207530388056024,0.005753189939147804,0.3385161290322581,-0.43761192620708944
781.6213270877706,49.3500077502987,15.838322276312908,0.0032685836902032455,0.3580496760390664,0.0033262521006067747,0.396,-0.4064542434785283
404.5526430179128,24.00527586232639,16.852655446997517,0.006393343066765213,0.3699588996901528,0.006560610148332114,0.40238709677419354,-0.3995746075365374
108.28769119019918,28.45874653830703,3.805075920839944,0.016143800161069807,0.10380358171359051,0.016340393429116837,0.11496774193548388,-0.8731110126843543
10.742727505833969,6.781410772248054,1.5841434572577482,0.11562471480153044,0.01311174527290868,0.1312896516454615,0.0915483870967742,-1.0184487302384089
427.8286774478804,29.053788017862825,14.725400942033554,0.005883541094902816,0.34404338055410855,0.006076894135787513,0.396,-0.41555075157032906
586.2806333319243,34.06454683048179,17.210874292544705,0.0044297501012010645,0.3739870623020055,0.004527033683910321,0.40238709677419354,-0.40005883805596304
24.13239572728191,2.2255444366255395,10.843367281343717,0.09752517612831718,0.2852813784323595,0.09918472514193435,0.31509677419354837,-0.4881366572451255
43.41715516457569,27.87213286992249,1.5577263271239719,0.028396365620337528,0.01217834392058152,0.03248506141447563,0.0915483870967742,-1.0184487302384089
63.166197134138415,33.71572704832195,1.8734935492747213,0.02114397964680749,0.024234716528744128,0.025163910020868138,0.10006451612903226,-1.028576454083499
34.36451643707707,24.734146545843966,1.3893552532076867,0.03406940494623383,0.006728140473068059,0.03820201868758306,0.08516129032258064,-1.0192561858816762
890.2781650339859,46.437445999300344,19.17155747642537,0.002977582990849344,0.3945742353378817,0.0029812167472585134,0.40238709677419354,-0.39324969606416943
511.2330224540307,28.15841159959984,18.15560585318299,0.0051324557663317985,0.38420133800926703,0.005191589859703461,0.40238709677419354,-0.39820426462327835
512.9955775047357,29.200801818274957,17.567859290209075,0.005082714589721406,0.3779147238395939,0.0051737525462261826,0.40238709677419354,-0.40033765897667556
694.8472088606331,42.706636510668325,16.270239607538677,0.0036965839718562173,0.36321486159023597,0.0037416421163551264,0.396,-0.4049384256029795
148.06247909446853,17.855911598481445,8.292070571578126,0.014883499513528317,0.23472314358196136,0.01541795523068714,0.2767741935483871,-0.5703214995786986
79.81762993643278,4.059389011964497,19.66247376173635,0.033367362622464064,0.3993774534712306,0.033541984337462846,0.4109032258064516,-0.38756387365663836
291.55608226771,20.817804971068067,14.005130832616862,0.00854356521631859,0.3343933387497246,0.008711341527724353,0.37258064516129036,-0.4215948386806185
220.48824053716734,38.959083351492225,5.659482245716701,0.008992562287876819,0.16654811024586152,0.00902442286965065,0.17670967741935484,-0.7046874820729945
212.19955428829437,36.03026202283373,5.889481296411764,0.009453848276764727,0.1733635105872913,0.009471164570649131,0.19374193548387098,-0.6834820567669544
117.86818289519323,7.074985881982291,16.659847081160333,0.021894010691376527,0.36775353651097176,0.02251763037424525,0.40238709677419354,-0.40000700631993724
553.468522087298,44.80202015311791,12.35365102278274,0.004380159848777666,0.3102603039139563,0.004469247468625336,0.3385161290322581,-0.45295438778866065
888.3505285726291,45.091951678259406,19.70086668483985,0.0029991085014488355,0.39974763906696315,0.0030137221818091714,0.4109032258064516,-0.3872436586562453
69.03527804772695,46.705287260239146,1.4781041311889678,0.017443891975453023,0.009482959205013027,0.020430263944008237,0.0915483870967742,-1.0158649818357623
164.49488995132882,30.255173737868507,5.436917711215813,0.011910318447501948,0.15976763810481312,0.012135768721827754,0.17883870967741936,-0.7200732117998425
408.26564370900655,21.70042241617745,18.81371873225143,0.006470227408986462,0.39098911298862526,0.006500944216627814,0.40238709677419354,-0.39405632341392993
17.488451925926896,1.8107158559900411,9.65830826966762,0.13091666550061287,0.2632913464727124,0.13505655129370914,0.3001935483870968,-0.5268457006737897
93.21471859966891,9.21837438755619,10.111839103161042,0.024835414449875394,0.2719841588601799,0.025338595020871536,0.3001935483870968,-0.5111886067199459
201.4431648582402,11.238396545942912,17.924546801203743,0.012993660035086719,0.38175595230868803,0.013175488863996216,0.40238709677419354,-0.400037303587736
101.98682853592446,46.50564023472381,2.1929991291631583,0.013974735915528736,0.03757151825735395,0.015585429254562806,0.10006451612903226,-1.0362846335622402
521.7781384338991,45.93463986346553,11.359142903586786,0.004559221210947187,0.29416407026955155,0.004587323348599959,0.31509677419354837,-0.4681462497160535
50.25746724801706,24.687503059838825,2.0357452564643923,0.02751164003259241,0.030929522681528366,0.030558217920944424,0.0915483870967742,-1.0406927231112433
20.19014371832516,2.430706601912573,8.306285794607536,0.1091948974424203,0.23504071538935004,0.11306609333103024,0.2767741935483871,-0.5703214995786986
389.8527535877775,41.412878958657316,9.413804676003556,0.005836084851046155,0.2584514124405429,0.006058518204231975,0.3001935483870968,-0.5327520127939143
6.137136608185425,2.699088390299496,2.2737812626819665,0.23562441440543247,0.04101517041132656,0.25899839005113007,0.10006451612903226,-1.0356583906939716
363.9021245815226,28.80485877690316,12.63335909403289,0.006694877545568483,0.3145625824371304,0.006797398597622973,0.3385161290322581,-0.450927294605488
148.65866604795258,13.852587886717274,10.731472506339108,0.015793394914513467,0.2833022057215108,0.01610107974771386,0.31509677419354837,-0.4951089009246189
191.22702401444437,21.853970128117584,8.750218971353371,0.01168318328401895,0.24473215445425994,0.01202133923479438,0.28316129032258064,-0.550927263900092
108.5847644272555,10.467402161684765,10.373611594357467,0.021450116237333165,0.2768414058195601,0.021945727928149424,0.30870967741935484,-0.5081097777724692
43.675400361563625,7.509582735498744,5.815955679548546,0.045763636182747446,0.1712054722370199,0.0455583487253787,0.17670967741935484,-0.6909862344763197
317.6835630955499,32.36154177659206,9.816700492475876,0.0072354584348958695,0.26636840332057393,0.007434851150517702,0.3001935483870968,-0.5160717862733033
334.44698092841867,45.24934246950562,7.391200903169118,0.00639250333605599,0.21360500700471255,0.006641595205015029,0.259741935483871,-0.5973975242280231
50.01412347800944,5.051464041367393,9.900916460739765,0.04605367237175459,0.26798626328777964,0.047225260393097206,0.3001935483870968,-0.5160669677083899
177.17241253956962,15.511367752964933,11.42210122029399,0.013444019003904158,0.29522220199846405,0.01350980665058263,0.31509677419354837,-0.4681462497160535
689.397074116848,46.681365527771234,14.768142840781262,0.0036534175681620594,0.3446009514714843,0.003771222244357962,0.396,-0.4152844521593946
212.38005584970736,15.199475667667908,13.972854096636963,0.011722928609223174,0.3339493004493227,0.011958960067873153,0.37258064516129036,-0.4220302350034779
89.2129271784926,23.465849005260996,3.801819706522924,0.019589847323133677,0.10368001099864206,0.019834160065595796,0.11496774193548388,-0.8731110126843543
282.7594142127305,34.897975460385865,8.102458967389166,0.0077469790512565044,0.23044257163722842,0.00792822834031291,0.259741935483871,-0.5771775101356185
354.86764835701075,19.93939030578391,17.797316914653738,0.007365897608882032,0.38039513493921695,0.0074791607169773806,0.40238709677419354,-0.40047383303111694
411.74106376489146,33.34506992063524,12.347884252301116,0.005887267711645536,0.31017061187397493,0.006007629573510082,0.3385161290322581,-0.45295438778866065
583.3306485147989,36.9701607133417,15.778417979781407,0.00437633422198901,0.357321829676294,0.00445693979516455,0.396,-0.4077233809115762
610.0231458357785,35.47631963124769,17.195220704305175,0.004256588750621604,0.3738128816196014,0.004350838477909819,0.40238709677419354,-0.40005883805596304
45.51543914245002,17.01437393128746,2.6751168938842005,0.03384481305734094,0.05815491699555924,0.034824029864893136,0.0915483870967742,-1.0274000317957324
206.55259127615702,31.17238478531921,6.626140178194964,0.010044990097975062,0.19397251528944365,0.010310999091638016,0.22780645161290325,-0.6338551886140326
65.82767915692001,6.6491038281212855,9.90023330339838,0.0349897756822903,0.2679731894103148,0.035880499431722994,0.3001935483870968,-0.5160669677083899
774.4727435188906,47.59550922183516,16.27197095232652,0.003316598773672754,0.3632352794575974,0.0033569542670953104,0.396,-0.4049384256029795
489.14387436773626,38.8645047141918,12.585876958033637,0.004976583200146349,0.31383881443781425,0.005056973869906485,0.3385161290322581,-0.4529250212471535
275.3539622152441,37.925378707986326,7.260414308196745,0.007727073730194776,0.2103662827303136,0.007768845968705918,0.23419354838709677,-0.605132650023778
11.498246491833061,1.804904267868456,6.370557539548724,0.17845754793562973,0.18702383219717128,0.18000746828862052,0.2107741935483871,-0.6404472180216702
121.93011337990953,20.65291844225562,5.903771601133233,0.016464521814564453,0.17378071891138802,0.0164830233054961,0.19374193548387098,-0.6776153949885355
751.5300888029584,44.15722147794435,17.01941525415798,0.003448201669089574,0.37184515569200083,0.0035316113284903647,0.40238709677419354,-0.3996443547035727
428.9722810736674,41.10772533509289,10.435320309670889,0.0054372447851725415,0.2779700317299532,0.005542065083670194,0.31509677419354837,-0.5083215449736425
250.48459187640663,28.591046889490887,8.760945090418371,0.00892203304467399,0.24496103551641973,0.009177430473136955,0.28316129032258064,-0.550927263900092
224.55608775362515,26.678839840963935,8.417010975448463,0.009851326649741981,0.2374986687792861,0.01016592645899538,0.2767741935483871,-0.5703214995786986
139.98740339504923,19.523781595057475,7.170096772158505,0.015147556877244218,0.20810237359713257,0.015134667345450024,0.2256774193548387,-0.6179905131664357
52.85854331792917,4.659956483030944,11.343140973614574,0.044990542107221226,0.29389424361964606,0.045282463098353494,0.31509677419354837,-0.4681462497160535
285.2761762463213,28.456946178520486,10.024834515154332,0.008098247994327555,0.27034431471554804,0.008279450585954667,0.3001935483870968,-0.5161726282688136
108.80744593471773,23.251332962094,4.679621857039486,0.01719281240018172,0.13523090568498047,0.017550289282676147,0.16393548387096774,-0.7660314774820938
657.6800521321277,33.348008922641014,19.72171872862874,0.004051784429503982,0.3999483690660195,0.00407073573921226,0.4109032258064516,-0.3877070755193965
723.8799478102048,40.7186325660279,17.777609467518012,0.003610217085701356,0.3801834292886382,0.0036665087675750666,0.40238709677419354,-0.40033765897667556
381.93946682211975,19.228456515801632,19.86324105152424,0.006986125323156522,0.4013046940345837,0.007009596875276843,0.4109032258064516,-0.3866006783413005
131.69527224611193,23.311629759354553,5.649337845770518,0.015047627775395504,0.1662430819977331,0.015108963947271776,0.17670967741935484,-0.7046874820729945
460.46773003710797,36.269467680448116,12.695739956650469,0.005296601246746344,0.31550943036804635,0.005371902589358699,0.3385161290322581,-0.4489214483706321
200.1428895736987,24.10364440303978,8.303428569849716,0.011014457163316197,0.2349769212544581,0.01140595441029876,0.2767741935483871,-0.5703214995786986
89.89210154725842,11.368487377258932,7.907129467995452,0.024213647480518515,0.22594410194398012,0.024938578169441165,0.259741935483871,-0.5823111465403928
199.1642542447032,18.646736249689692,10.680917645736399,0.011775362632383227,0.2824016991950257,0.012018045338025331,0.31509677419354837,-0.49879699686956697
18.377229151660565,2.3902465967815902,7.688423937682858,0.11756811250026698,0.22079646256970709,0.12198689926272592,0.259741935483871,-0.5846326301088123
277.71173749413845,22.17021593679695,12.526343373733551,0.008756296038779057,0.31292758046431307,0.008907033651592315,0.3385161290322581,-0.45268640939988236
86.198984092162,31.632528036347328,2.725010912599686,0.017996375282411468,0.060270056179336465,0.018803596572479236,0.0915483870967742,-1.0068517918838433
22.19855554009541,5.925684260394943,3.746159019720684,0.07833528156845698,0.10156012183510811,0.0797107484936364,0.12348387096774194,-0.8761494420002754
168.00528235261007,42.578507109778876,3.9457767253193525,0.010533536639787481,0.10909603102368333,0.010641899848301972,0.132,-0.8401805533120676
33.16595430227477,14.663318694906398,2.261831376126036,0.043509126056504185,0.040504934012653565,0.04792590879662575,0.10006451612903226,-1.0356583906939716
981.4863921573136,49.937099191632434,19.654453463363637,0.0027133375084876362,0.3993000231061844,0.002727742039598368,0.4109032258064516,-0.38756387365663836
163.02809341956123,14.163503082909324,11.5104358339345,0.014636106628296688,0.2966975500241406,0.014630885512932837,0.3129677419354839,-0.4621496522153594
91.5462676073168,35.6689860764839,2.5665508801124033,0.016563012892146567,0.053533943421243776,0.01731398836279506,0.0915483870967742,-1.0382200846472878
55.43279674693268,46.78918746111018,1.1847351867994462,0.019600361087341606,0.0017939007710860632,0.023682620689558037,0.08516129032258064,-1.0185147783952624
116.92679163250484,6.838835323331471,17.09747144131336,0.02218259563232044,0.3727214279709679,0.022698922447642638,0.40238709677419354,-0.40005883805596304
193.91459254289205,38.6289887749768,5.019924121557814,0.00986092335968226,0.1465472165807721,0.01023861895190181,0.18096774193548387,-0.731888654760022
49.922608735305516,3.7377367648434943,13.356373622901684,0.049394613613274685,0.32526601616734147,0.049548448167395724,0.3555483870967742,-0.4338885792662149
369.5064699883608,33.60938582507087,10.994145263812824,0.006389817567769535,0.28791838866155806,0.00647773511869019,0.31509677419354837,-0.47743209066085285
242.39940724362847,32.63212008453165,7.428245747309909,0.008831816460258012,0.2145139850733727,0.009163642313008686,0.259741935483871,-0.5973975242280231
123.87457751491995,38.32167139301474,3.232494121785611,0.013333583360693187,0.08132860280284444,0.013626793215275457,0.10858064516129032,-0.9529924713419298
876.3760436392948,46.08969368855683,19.014577305747682,0.003020188879696281,0.3930103808892041,0.0030285083607446213,0.40238709677419354,-0.3947741708965418
209.55202981382084,27.590290226110234,7.595136843305477,0.010277069702581906,0.21856407624117885,0.010697969393297629,0.259741935483871,-0.5861043188736659
657.1559010937647,41.498523433260466,15.835645385085284,0.003887521968894409,0.3580172120070455,0.003956244746151638,0.396,-0.4064542434785283
439.3838487441057,43.39576584702069,10.125039624672768,0.005270445549660973,0.2722318355944216,0.005375550356101243,0.3001935483870968,-0.5101453544404669
301.78018743279375,27.102741984125533,11.134673665474539,0.007846839771391466,0.29034582534020736,0.007931485024211182,0.31509677419354837,-0.4758471515961191
877.6769516794618,49.70158447247589,17.658933029901856,0.0029737658090875775,0.37890329144516005,0.003024019452987996,0.40238709677419354,-0.40033765897667556
36.70622377109575,8.287007546522076,4.429370139345506,0.05007823623289751,0.12659083340253394,0.05150756712416425,0.15541935483870967,-0.7932979759566623
410.3661941368481,47.094363652172824,8.713700797991667,0.005438506378272264,0.243951080671789,0.0056018379666313515,0.28316129032258064,-0.550927263900092
382.38094588633385,40.41466805501179,9.461439726928925,0.005957503043437701,0.2594030784038389,0.006176902981153295,0.3001935483870968,-0.5327520127939143
40.11087067282361,34.88246636748276,1.149886313950975,0.026701522038431173,0.0012181208586186474,0.032729129961480315,0.08516129032258064,-1.0185147783952624
922.44722109609,46.13849363909575,19.99300688730003,0.002896055932064752,0.40253920243600616,0.0029023250674439943,0.4109032258064516,-0.3863523383144174
943.7511430855116,47.45207145465335,19.888513064964698,0.0028279686292992444,0.4015457979900776,0.00283680895413618,0.4109032258064516,-0.3863523383144174
965.4718053116536,49.688917586597086,19.430324752577757,0.0027525145669963502,0.39712233880999026,0.002772987961380211,0.4109032258064516,-0.3883843453450917
244.08201186551418,43.354447526154324,5.629918631030126,0.008110718561698538,0.1656581132484567,0.008152092426577454,0.17670967741935484,-0.7046874820729945
393.74666666898236,23.1477008309113,17.010184706689117,0.0065807617497978255,0.3717412536747289,0.006740659413757463,0.40238709677419354,-0.3996443547035727
137.38136004836193,17.499697073852506,7.850499323993031,0.015813717043360515,0.22462260635362818,0.01631794299068287,0.259741935483871,-0.5846326301088123
288.36788536709275,16.311845045393195,17.67843457098888,0.009052878386883482,0.37911427318634017,0.009203910386689588,0.40238709677419354,-0.40033765897667556
59.16684650802097,24.501959338009357,2.414780209688648,0.025028351736883666,0.047046151059737466,0.026789175113389397,0.10006451612903226,-1.0300340978018572
171.35406547569525,39.876861509232555,4.2970800356498025,0.010622601126478148,0.12191094146855888,0.011033577052961584,0.15541935483870967,-0.795351868566414
102.90682453465905,11.013481715879045,9.343714112340132,0.022068818982644192,0.2570433085452573,0.02254317563202737,0.28316129032258064,-0.5397171726733557
428.5265857371597,48.66207492083127,8.806171673409592,0.005221932332627032,0.245923447926476,0.005364439460817487,0.28316129032258064,-0.550927263900092
43.341223790019654,38.248787586821244,1.1331398071543848,0.02453672431506894,0.0009758080084418012,0.030289728446045293,0.08516129032258064,-1.0185147783952624
180.36196784569302,12.239758661365535,14.73574543712211,0.013958114498128301,0.34417847556135783,0.014414732840623284,0.396,-0.41555075157032906
686.2339450945107,48.70574570668505,14.089383811658228,0.003634441383055184,0.3355476131488235,0.0037886053286779455,0.396,-0.4235361280604418
303.38444199814836,28.542738069933236,10.629128896282444,0.0077214231303192925,0.28147510287967076,0.007889544438938157,0.31509677419354837,-0.49879699686956697
197.61047755437409,13.22670233637913,14.940267991883369,0.012776018689876137,0.34682987540252014,0.013156537109169109,0.396,-0.4159778176323718
415.75941215040905,32.31887882753706,12.864289456605912,0.005883102274635627,0.31804520643359974,0.005949565347200351,0.3385161290322581,-0.44283856311318903
330.0808012190151,16.630388186627215,19.848051501554174,0.008082575144003772,0.401159620819014,0.008110867652083865,0.4109032258064516,-0.3866006783413005
123.00033216384134,35.04667990386141,3.5096143914701967,0.013823626684265015,0.09239144669372502,0.014123601153895039,0.12348387096774194,-0.9093520426241478
300.7507801510724,20.4621439064145,14.697911495813134,0.00836631287626641,0.3436839112826685,0.00864459796180343,0.396,-0.41796193293455597
81.99514824274804,4.700325199462941,17.444569208129856,0.031756394291778754,0.37656781897164243,0.032369136859907284,0.40238709677419354,-0.4003898725263461
193.21949825342935,29.977619447019016,6.445458372534086,0.010654991000243275,0.18908164018925802,0.010712015399391229,0.2107741935483871,-0.6414179835414868
129.26189853612559,26.410607749407223,4.89431745617542,0.014677313799768362,0.14242711237458894,0.01477312474820067,0.16393548387096774,-0.7405335238280623
306.2564519722173,20.05976192784892,15.267202725224879,0.008280265376790578,0.35099242392105373,0.008489191213318845,0.396,-0.41426176356193767
135.07657726506704,23.895064807265655,5.65290692260416,0.014673691827142663,0.16635044251211833,0.014730748740309066,0.17670967741935484,-0.7046874820729945
448.60458298653396,23.602164871503874,19.006925230327397,0.005899677643125198,0.3929337966354614,0.005916373296163066,0.40238709677419354,-0.3947741708965418
98.56815925072502,47.49048566240495,2.075534875583613,0.014139519732458944,0.032599545922707654,0.015580879748531326,0.0915483870967742,-1.036397339754947
567.0038968379444,32.97210738202482,17.196471255794044,0.00457960582828534,0.3738268028785605,0.004680941683327567,0.40238709677419354,-0.40005883805596304
161.4170949082645,22.50437578079876,7.172698166815593,0.013137866856344587,0.2081678969679982,0.013125392847278388,0.2256774193548387,-0.6179905131664357
25.30603529165646,3.2700970400569567,7.738619062881295,0.08552511297699833,0.22198847305772224,0.08858682031439255,0.259741935483871,-0.5846326301088123
170.9907673481347,18.854748681090783,9.068843623443225,0.01318366097690356,0.25142946065730976,0.01344402953556828,0.28316129032258064,-0.5435382782468159
165.24122691230065,15.713092144891878,10.516149551507494,0.014141017506978408,0.27943909687555796,0.014485277566337586,0.31509677419354837,-0.5033560444295093
724.4130405796029,47.50016922816172,15.250746520501147,0.0034998366891002323,0.3507850862431697,0.0035889326053884893,0.396,-0.41426176356193767
285.68862987528945,19.113930783711957,14.946618417114944,0.008837928440854338,0.34691160984670877,0.009100360704728302,0.396,-0.4159778176323718
113.93928438157366,16.916803618383682,6.735272629029904,0.018293037212570577,0.19687764363731491,0.018692091955672844,0.22780645161290325,-0.6224977704231589
169.1974563419745,8.779500614924874,19.2718770421115,0.015682552119882318,0.395566451807313,0.015686477992633188,0.40238709677419354,-0.3926315987780923
157.44840127890583,19.347879952490455,8.13775988198847,0.01392841349149048,0.23124585437436268,0.014238196025125282,0.259741935483871,-0.5749588619964165
42.85242928424382,7.219051509055369,5.9360193275378315,0.046921702286009344,0.17471955740140968,0.04689995255932421,0.19374193548387098,-0.676878132846438
170.28053948046062,38.439693740433945,4.42980999355221,0.01079537182591298,0.12660626260541588,0.011103137742767465,0.15541935483870967,-0.7932979759566623
378.4393547730608,39.094438685682285,9.680132711859557,0.0060532490077416104,0.2637180104763636,0.006241237796206194,0.3001935483870968,-0.5268457006737897
641.4270392148367,49.82591048677845,12.87336313472972,0.0038138883714049824,0.31818079328319204,0.0038563821605187587,0.3385161290322581,-0.44283856311318903
28.982644688246452,1.8412861835282288,15.740434565533207,0.08803931300813904,0.3568588490807057,0.08970435959417797,0.396,-0.4077233809115762
2.853959523857091,1.6524431651318963,1.7271150887838802,0.45199394528946,0.018433365229582256,0.541259818459508,0.09580645161290323,-1.0217196631229932
81.0226866888419,13.497736419354615,6.002686981845505,0.024897242592473074,0.17664895203398306,0.025545564154174385,0.2107741935483871,-0.6698180337548573
114.66660847431204,23.825605441100056,4.812746889382625,0.016458919787429572,0.13971612000865233,0.016653515593349353,0.16393548387096774,-0.7545535696750356
218.91207659576833,33.83738794315555,6.469532369446641,0.009414375897756115,0.18973923356300457,0.009728853766969851,0.22780645161290325,-0.6380685153324481
23.092042749160704,20.035386345463348,1.1525628880318288,0.04643258368990663,0.0012589803833228188,0.05685048799620327,0.08516129032258064,-1.0185147783952624
176.90389625997344,9.088413551865981,19.46477184938977,0.015027059880078134,0.39745878838827753,0.015133876357628825,0.4109032258064516,-0.38770074595956033
122.58945004779946,8.851321849583933,13.84984662528817,0.02027145127543349,0.33224760156158745,0.020718296771288204,0.37258064516129036,-0.42481834420082254
225.4546424430552,11.663827507282797,19.32938757044231,0.011775824673417236,0.3961327644820666,0.011772266681038812,0.40238709677419354,-0.39277869884063077
106.23239223815392,9.58644476760555,11.081521336995932,0.022266344984100416,0.28943109021376817,0.022531404845528704,0.31509677419354837,-0.4758471515961191
33.06099320440305,2.5525092704332217,12.952349904214769,0.07409308543890848,0.31935714082341116,0.07481891956509737,0.3385161290322581,-0.44283856311318903
668.5150678140476,39.68672918501362,16.84480131122749,0.003868585436881974,0.369869579122106,0.003970160588895146,0.40238709677419354,-0.3995746075365374
237.004057454531,22.750608627994556,10.417482069596073,0.0098373163406298,0.2776444106042332,0.010054560765146048,0.30870967741935484,-0.5081097777724692
92.58642291634015,7.813657587032428,11.849306408051063,0.025941395640512628,0.30225910533865324,0.026000907040774617,0.3044516129032258,-0.4540452239806243
20.986173654302213,17.594000771772574,1.1928028153762484,0.051940678649531655,0.0019402210538151186,0.06255518136579641,0.08516129032258064,-1.0185147783952624
826.4254160365058,49.688374404740486,16.63216850897141,0.003121591685285965,0.3674347618028824,0.0032115568130114927,0.40238709677419354,-0.40000700631993724
51.02132604568083,10.178164501930521,5.012821912634982,0.03746161885299304,0.14631599444598356,0.03742752884458001,0.16393548387096774,-0.7333672400064716
129.27088768799476,31.93840352560773,4.047506243834239,0.013806467018720375,0.11286538112594566,0.014115778454260968,0.14051612903225807,-0.8080369111809464
291.69377698634815,39.22946210552864,7.435579315405386,0.007341240221709996,0.21469349655991968,0.007615045777853183,0.259741935483871,-0.5973975242280231
65.22095873815533,10.023378548235977,6.506883724314056,0.03165037821283715,0.19075586674428452,0.032654588681751265,0.22780645161290325,-0.6380685153324481
198.77029762684305,17.633114746234682,11.272557372161819,0.011947129026500745,0.29269974469810345,0.012041864734339497,0.31509677419354837,-0.47199785205505457
159.4313235610741,29.444228403182137,5.414688453640844,0.012273479616428417,0.15908011853748258,0.012399044757474624,0.17883870967741936,-0.718070723416558
61.70647334067293,43.29233339969371,1.4253441312800548,0.01919659230887197,0.007809642956428484,0.02127481653134217,0.08516129032258064,-1.0192561858816762
83.85789444852502,4.584116299872772,18.293142879218056,0.0313344597907067,0.38564131480245994,0.031650117055432234,0.40238709677419354,-0.39808474001807764
2.7715889982930677,2.2182607919094783,1.2494423597088802,0.4020534804966959,0.0030932376533209754,0.47366110196262173,0.08516129032258064,-1.0188720669429654
416.6214908909846,23.280635270275678,17.895623811559812,0.006280703898056967,0.38144749927228727,0.006370559928730097,0.40238709677419354,-0.400037303587736
135.6750511611336,25.244034957243034,5.3745390303464795,0.014390257374457868,0.15783353285299506,0.014605965178364155,0.17883870967741936,-0.734194761052143
185.42259215958623,49.3917579766589,3.754120115489947,0.009384981862563176,0.10186420854910996,0.009542868843380495,0.12348387096774194,-0.8713007945979213
224.73244204787534,12.136675914621541,18.516803417081537,0.011719202438544716,0.3879585724210147,0.011810098048738709,0.40238709677419354,-0.39706701091370783
181.10531715240535,20.090479755641766,9.014484440151199,0.012428704437021812,0.25030154687059203,0.012693194008231668,0.28316129032258064,-0.544104651951165
114.79982451654432,35.62098805993487,3.2228141544918794,0.01437216185489253,0.08093613234680634,0.014703970668371166,0.10858064516129032,-0.9529924713419298
32.17526873003804,3.364957831899684,9.561863873899878,0.07098409791868068,0.2613954611623417,0.07340824483546496,0.3001935483870968,-0.5305783855042409
520.700367832922,28.986248495437707,17.963703302787792,0.005028947994357497,0.3821727033548316,0.005097196659114954,0.40238709677419354,-0.3986301985030694
31.911741051945608,7.06436555770813,4.517283369789068,0.05796666882358151,0.12965753193720198,0.05924616528088297,0.15541935483870967,-0.7877817722873217
90.6300498704281,36.44928163196515,2.486470125407018,0.016526893270317655,0.050113274301684635,0.017489022838192095,0.0915483870967742,-1.03599664373947
396.878354067912,45.608630161854485,8.701825787345125,0.0056213923796154825,0.24369648061412272,0.005792215430686971,0.28316129032258064,-0.550927263900092
148.1388374078378,19.334207875509374,7.662007068594992,0.01457149785023702,0.22016655965947032,0.015132974177999308,0.259741935483871,-0.5842805675541525
85.9857744542443,10.267542843002225,8.374523074218027,0.02569384199338247,0.2365587629871802,0.02654881797032399,0.2767741935483871,-0.5703214995786986
338.4951935079946,32.409315771463866,10.44437950788325,0.006891990639359729,0.2781352030251707,0.007023415240147506,0.31509677419354837,-0.5083215449736425
582.8678067117651,36.56795175907515,15.939306925144185,0.004388736794171767,0.35927025241333643,0.004460478947656853,0.396,-0.4064542434785283
456.72719175783294,30.35055150328646,15.048398435474128,0.005535940854683998,0.3482167891632567,0.005692390617467903,0.396,-0.4150916801719765
133.35003532584537,13.947865149383427,9.560605432992746,0.01712679686435774,0.2613706099928135,0.01771225630956944,0.3001935483870968,-0.5305783855042409
83.52215586686174,18.1469404619456,4.602547522653139,0.0222801071092733,0.13259917795442602,0.02263648806884356,0.15541935483870967,-0.7734308188019752
356.6364023300161,27.027140232860017,13.195491615365654,0.006896326337843666,0.3229344967233835,0.006935881405099836,0.3555483870967742,-0.4338885792662149
96.50811580865499,22.41302202199247,4.305894837115572,0.018873435766503854,0.12222522806313811,0.01959056260628758,0.15541935483870967,-0.795351868566414
532.5455437981282,28.760901142497605,18.516302432931408,0.00494543908342957,0.3879534152951393,0.004983821958942146,0.40238709677419354,-0.39706701091370783
211.97378947555944,19.154839064337047,11.06633100719794,0.011155423890163503,0.28916891225734387,0.011291797175248523,0.31509677419354837,-0.4758471515961191
553.1187681986345,48.12028323885756,11.494503584966145,0.004312535073260894,0.2964322483691476,0.0043123565992552555,0.3129677419354839,-0.4621496522153594
119.45316429781428,16.26057112388727,7.346185037887997,0.017868427032686415,0.2124954893579921,0.01859525009591213,0.259741935483871,-0.5986009228138746
112.62222575961896,8.806961362095766,12.787864182569615,0.021689998820138008,0.3168994627001547,0.021963584670952,0.3385161290322581,-0.4489214483706321
227.71451917781656,19.396760857180396,11.739821965868078,0.010525452514936393,0.30047902195675524,0.010911164570926722,0.3512903225806452,-0.45980762788720825
252.1327936547124,13.257235128241199,19.01850508162196,0.010498131258412055,0.39304967841860017,0.010526644062622877,0.40238709677419354,-0.3947741708965418
525.4075869404246,30.82491191646636,17.044901486312348,0.004933662572994125,0.37213173074662,0.00505152997651487,0.40238709677419354,-0.3996443547035727
268.7787347914772,36.341939390183185,7.395828051600368,0.007955663759611967,0.2137187449477032,0.008264275321443224,0.259741935483871,-0.5973975242280231
295.97506004053326,34.30367046302206,8.628087200160758,0.007521578993961748,0.24210878075394748,0.007766887271593053,0.28316129032258064,-0.5563325960820686
128.11186816214703,13.016802037181876,9.842038604889401,0.017953212246024357,0.26685648504386233,0.01843646524295543,0.3001935483870968,-0.5160669677083899
812.8617946922398,40.64737934169524,19.9978893561392,0.003286632468599707,0.4025854818138248,0.0032936001060240175,0.4109032258064516,-0.3863523383144174
334.81232888530286,39.84912789127612,8.401998904437779,0.006604186345137969,0.23716703844669124,0.0068182097165397255,0.2767741935483871,-0.5703214995786986
326.6748169319366,21.752351829463247,15.017907925223069,0.007736633990220194,0.3478267384778166,0.007958585866894172,0.396,-0.4157376895927058
66.17677978599103,30.643418322278503,2.1595756416600205,0.021403624393769145,0.03615157701985954,0.024019127346241183,0.10006451612903226,-1.0467338150064789
168.54349113379158,48.922108522621805,3.4451395539474,0.010023176003093685,0.08984798998727062,0.01030717722525214,0.12348387096774194,-0.9156008416209852
303.5518276872021,37.110775757042724,8.179614181996595,0.007234104719123015,0.23219447360237197,0.007385167858589579,0.259741935483871,-0.57273067755064
390.4190383414204,35.74856903856492,10.921249404982987,0.006038223990921633,0.28664773551774886,0.0061307590106138244,0.31509677419354837,-0.4810840776301583
149.81069899085887,33.012069967787546,4.538058326455774,0.012365825447898021,0.13037722442200517,0.012620248737239196,0.15541935483870967,-0.7877817722873217
404.1248199308369,39.33163692407247,10.274802971230955,0.005750378884210226,0.27502132278257685,0.0058966229732451865,0.30870967741935484,-0.509120058136931
221.39574161928144,31.622150032221402,7.001286800350076,0.009515608866537562,0.20380964659584014,0.00971003934127563,0.23632258064516132,-0.6121460414467292
24.991480557640717,9.932607395273955,2.516104740989958,0.0602094473700351,0.05138001777374647,0.0634228535742277,0.0915483870967742,-1.03599664373947
60.91932106094389,24.223476343687146,2.514887632006626,0.024695641726076523,0.051328010130343,0.026018527199683256,0.0915483870967742,-1.03599664373947
262.8507278620426,39.354519622932116,6.679048058024774,0.007911083506177922,0.19538547442940055,0.008102559191472894,0.22780645161290325,-0.6305019473211078
500.9019738466367,48.429452184131556,10.342920500983134,0.004646658527670127,0.2762777776415306,0.004757361363467798,0.30870967741935484,-0.5093512394750477
51.707118675210516,22.443779512284006,2.303850768401552,0.028112943481617848,0.04230000492811635,0.03074061254559755,0.10006451612903226,-1.0356583906939716
225.44391987291027,13.749992940526445,16.39592986323953,0.011410752808127651,0.36469130616148193,0.011532223102625163,0.396,-0.4034733861031087
1.8069407155583213,1.519031198962454,1.1895349593823474,0.6024587159229849,0.0018803844090493045,0.7265284842028351,0.08516129032258064,-1.0185147783952624
494.7407317490618,34.72791563480579,14.24619712140776,0.005052905989673677,0.337677649855182,0.005255014221112152,0.396,-0.4238434549688274
592.6046366612516,44.14361158281482,13.424471070961342,0.004165679425083461,0.32624453833412137,0.004174094561997885,0.3555483870967742,-0.4338885792662149
375.98772041291113,22.552178911516457,16.671902164668882,0.0068645182322904395,0.3678922026038648,0.007059039514383985,0.40238709677419354,-0.40000700631993724
174.34981330846543,37.20790119694669,4.685827679062228,0.010734108054150225,0.13544168359507902,0.010952705460515234,0.16393548387096774,-0.7660314774820938
297.45875606895424,24.434560171208407,12.173689805943557,0.008123449452160862,0.30744204173269646,0.008315733663355526,0.3385161290322581,-0.4554803022251254
353.7778373633674,37.35454597504068,9.47081079769387,0.006440733865762325,0.2595897936820083,0.006676308561849111,0.3001935483870968,-0.5305783855042409
166.7748814904587,44.74963489097739,3.7268434009968776,0.010408449370996014,0.10082110974029748,0.010609891979925021,0.12348387096774194,-0.8843548500975146
48.100501217231724,38.08135652628947,1.2630984188818362,0.023285687027172437,0.0034018834179660343,0.02729272805682683,0.08516129032258064,-1.0188720669429654
576.5313716947618,32.441521329964644,17.771403684519814,0.004532604746829642,0.38011671280722764,0.00460358673547272,0.40238709677419354,-0.40033765897667556
515.787436156862,37.6755058957947,13.690259066021822,0.004806165404963266,0.3300172225113338,0.004924207976145621,0.37258064516129036,-0.4327763401139727
25.525986178704535,2.4320539681999476,10.495649567183435,0.0914990817047893,0.2790674998536965,0.09376973804145194,0.31509677419354837,-0.5033560444295093
128.68656484957685,17.601285671643417,7.311202559304947,0.01656500501087751,0.2116294884572568,0.016623200112798216,0.23419354838709677,-0.6004530607055077
274.432167945441,27.802603024275896,9.870736481250335,0.008386910028691734,0.26740791583263385,0.008606607681104935,0.3001935483870968,-0.5160669677083899
128.45410143448495,9.129477172545968,14.070258242254035,0.01941054612088967,0.33528619901441165,0.020239677457327084,0.396,-0.4235361280604418
91.73969540773183,26.77004926389805,3.426952804732097,0.01838038149232283,0.08912715881116483,0.01853443924480463,0.1064516129032258,-0.9142871760922061
68.8245365906723,9.11336434572572,7.552044884823665,0.031243471794080192,0.21752530479808352,0.032274266924261184,0.259741935483871,-0.595630259818516
55.57690001313428,12.485311287740965,4.451382807547933,0.03312739660003808,0.127361933619844,0.03401859917191312,0.15541935483870967,-0.7862239858164513
250.49117298571758,37.69169941401002,6.645791431006954,0.008289863413514544,0.1944983251540159,0.008502349825897329,0.22780645161290325,-0.6338551886140326
454.8820169334435,42.71253272019651,10.649848837419881,0.005152171876248933,0.2818463222501187,0.005261946940358084,0.31509677419354837,-0.49879699686956697
810.3444983591546,43.66912872890265,18.55646132511052,0.003251391535954593,0.38836633935199577,0.003275288695970837,0.40238709677419354,-0.39706701091370783
265.6766678270376,20.86371651999986,12.733909012440867,0.009186045769479826,0.31608654270811315,0.009310519480441664,0.3385161290322581,-0.4489214483706321
295.19474421183867,38.41272267131017,7.684817000288156,0.007318244835814513,0.2207105608533824,0.007594244969493402,0.259741935483871,-0.5846326301088123
33.25257571877004,11.96124940677369,2.7800252789594877,0.04700309280642816,0.06259480925477272,0.048743620209596265,0.0915483870967742,-1.0090871070062148
158.62940467159885,14.869615122204422,10.668023574781136,0.014780157170167594,0.2821713907112156,0.015089037509672967,0.31509677419354837,-0.49879699686956697
94.91253466277402,10.467667779986355,9.067209301793273,0.023750108790772575,0.2513956362045988,0.024220245879066484,0.28316129032258064,-0.544104651951165
105.80343579461872,37.17387668728096,2.846177079799142,0.014902765556572512,0.06537868391327963,0.015827281732149437,0.10858064516129032,-0.987210109639711
254.9936116213972,47.25611260001314,5.395992128673875,0.007665849155782118,0.1585003966290382,0.00775233584875935,0.17883870967741936,-0.7190217004561023
241.89833759688648,26.305565474432253,9.195709471898638,0.00935138447750735,0.25403890799400813,0.009590171814594982,0.28316129032258064,-0.5408676641979074
96.14791467563631,39.50457203971417,2.4338427101293054,0.015449211056504488,0.047861948802560665,0.016485339462198958,0.0915483870967742,-1.03599664373947
91.01415530443455,20.56005559683141,4.426746555999639,0.02019281653540984,0.12649878540619397,0.0207731234601942,0.15541935483870967,-0.7932979759566623
68.36268536999737,6.3322781468635405,10.795906904983049,0.03439172285184541,0.2844442418502927,0.0350127415895415,0.31509677419354837,-0.49023479798101555
575.6616808574892,30.155684868508803,19.089657003898633,0.004601254875139265,0.3937600537453872,0.004610541683727164,0.40238709677419354,-0.3935221005111224
20.84587694159065,2.6378531002281482,7.902592051008332,0.10439896102572163,0.22583850868720418,0.10754074810731315,0.259741935483871,-0.5823111465403928
99.52918517397542,5.243930414101206,18.979882895916425,0.02658435565675573,0.3926628840299036,0.026666672400447688,0.40238709677419354,-0.3947741708965418
162.14973241967115,10.056269277740032,16.12424328956627,0.0158122824097965,0.36148496575068056,0.016033758072297313,0.396,-0.4064542434785283
122.90800355602144,13.516232985710753,9.093362306343694,0.018353575549888573,0.25193626610227554,0.01870345998655826,0.28316129032258064,-0.5435382782468159
107.91190020332496,11.780566828783883,9.160161966032053,0.020942186076632098,0.2533109582787879,0.02149759771487708,0.28316129032258064,-0.5408676641979074
120.12663013186722,14.395960141993328,8.344468097091713,0.018374481772572646,0.23589144149315427,0.01900345220303886,0.2767741935483871,-0.5703214995786986
311.4899891052688,27.433910779397145,11.35419560156905,0.007636408568763917,0.29408068661907355,0.007684243863188604,0.31509677419354837,-0.4681462497160535
398.77536689249763,41.73056961049774,9.55595312056756,0.005726500408418156,0.2612787126475128,0.005922958639564726,0.3001935483870968,-0.5305783855042409
60.94348020071956,5.652222342613916,10.78221565016067,0.03856711651061953,0.28420210954765174,0.03927516166361937,0.31509677419354837,-0.49023479798101555
855.8148974426174,46.841691980444644,18.270366873167198,0.003069614000656537,0.38540365233895507,0.003101268958099501,0.40238709677419354,-0.3986935167490806
138.93316550222687,42.35368277177808,3.280308969844848,0.011950799605463677,0.08326139741436608,0.012278732735749575,0.10858064516129032,-0.9555746071194339
51.67036475669241,24.85518475366252,2.078856595466608,0.026990707041426917,0.03273934400910037,0.03076247881215127,0.10006451612903226,-1.0388601508418323
647.1345186639511,47.433374538786964,13.643020867823346,0.0038278534578093356,0.32935205583972316,0.00392475526164635,0.37258064516129036,-0.4327763401139727
105.8825700664736,41.61528720586499,2.544319099437843,0.014272548032854543,0.05258512633128793,0.014969706638357146,0.0915483870967742,-1.0382200846472878
216.99958418497184,12.446421976368782,17.43469605939562,0.011998112738431535,0.37645952465331056,0.012230955120427859,0.40238709677419354,-0.4003898725263461
176.4787287757411,22.90626966297642,7.704385365766694,0.012249429075648473,0.22117619856167606,0.012702840828485185,0.259741935483871,-0.5846326301088123
69.80285687680119,8.047304758760031,8.67406653150747,0.03193571147196087,0.24310015001940025,0.0329328200791995,0.28316129032258064,-0.5519566276802491
377.18425819045206,23.313374085531013,16.17887899051661,0.006802208662554622,0.3621342318001539,0.00689283692160874,0.396,-0.4064542434785283
619.6840901632605,39.03140277160128,15.876551857217242,0.004124732768398061,0.358512689379953,0.004195475763174421,0.396,-0.4064542434785283
81.56637789629376,5.037761318383215,16.190996901471134,0.03145988033029257,0.36227792790086727,0.0318742801649267,0.396,-0.40577848924349313
229.94946565076748,28.552261165229307,8.05363415247819,0.009511168149108174,0.22932669529088578,0.009749016789003202,0.259741935483871,-0.5771775101356185
246.38424036819254,13.300158954177638,18.52490945537175,0.010690222430439588,0.3880419952356161,0.010772248141162098,0.40238709677419354,-0.39706701091370783
16.469274684737652,11.797160491382003,1.3960371817242543,0.07124527605424505,0.006924988596033633,0.07971170098556685,0.08516129032258064,-1.0192561858816762
175.1034562820159,20.208863607187244,8.664685936112742,0.012727289935728938,0.24289826162486303,0.013128266999112955,0.28316129032258064,-0.5519566276802491
37.992126007206856,25.03912653613374,1.517310356348923,0.03207255577527557,0.010786681390885625,0.03712371746965447,0.0915483870967742,-1.0158649818357623
374.3167286481543,35.95000532478978,10.412146681659586,0.006227884506951656,0.2775469181138777,0.00636619075473558,0.30870967741935484,-0.5081097777724692
17.231125180190766,3.359631524062644,5.128873525794869,0.11170724688723956,0.15006837137855925,0.11500497222958214,0.18735483870967742,-0.7327058846362876
330.1229753161708,21.976674621401603,15.021516266828026,0.007656201536052258,0.34787294034775224,0.0078754578611645,0.396,-0.4157376895927058
6.113657278927031,4.423113340887614,1.3822067868828711,0.19104897651741695,0.0065196213571885415,0.214731352973285,0.08516129032258064,-1.0192561858816762
156.8990727320401,11.392861285470088,13.771700435968768,0.015819637068472378,0.33115865885415596,0.016187760468521,0.37258064516129036,-0.4254648891734714
68.4503177779783,17.1827945945455,3.983654544744843,0.025936348090520377,0.11050510528421217,0.02611960684508859,0.132,-0.8412452927229321
316.9805781919352,17.642176613218783,17.96720354530578,0.008261302559270572,0.382209910330994,0.008373106612578654,0.40238709677419354,-0.3986301985030694
297.07987250512446,26.674105469496293,11.13738838758271,0.00797143832933229,0.29039243465034686,0.008056974769253543,0.31509677419354837,-0.4758471515961191
108.81800130100228,7.125878372125597,15.27081934581809,0.0233050328179151,0.35103796040932217,0.0238919071295312,0.396,-0.41426176356193767
85.14812272530344,6.28317723572191,13.551762035488768,0.029050456857001593,0.328060517448669,0.029050409006461716,0.3555483870967742,-0.4338885792662149
142.02529242608023,20.948499552472587,6.7797358025728744,0.014702375004321935,0.19805090277251883,0.014995664114773145,0.22780645161290325,-0.6224977704231589
560.9891883433692,43.515389648097155,12.89174227508957,0.00436210143574286,0.31845514378485357,0.0044093323769876895,0.3385161290322581,-0.44283856311318903
398.66396502213576,28.357646904109114,14.058428979322965,0.006253193268758836,0.33512433465587127,0.0065370880029035836,0.39812903225806456,-0.42238797545359025
73.24801334750751,7.357826170550581,9.955116042382176,0.03148707132041326,0.2690209088734401,0.03224565277116671,0.3001935483870968,-0.5157184265181172
422.075219616146,22.32356202768011,18.90716271412213,0.006264339007117638,0.3919323112834866,0.006288244492845767,0.40238709677419354,-0.3947741708965418
90.16467498921222,5.6026492994590225,16.093221290491677,0.028425463694024544,0.3611152998207498,0.028834680338123708,0.396,-0.4064542434785283
282.45022854748026,18.82453585381033,15.004366149633842,0.008946340055317598,0.34765324620981924,0.00920469986685711,0.396,-0.4159778176323718
483.9419544370829,49.36231842719666,9.803874085672003,0.004748212088756322,0.2661208976997862,0.004880605996082503,0.3001935483870968,-0.5160717862733033
25.192283534088368,2.5484376276221234,9.885383601714667,0.09139551887472845,0.2676888022668453,0.09375609008947204,0.3001935483870968,-0.5160669677083899
14.834928835144481,2.16666686896017,6.846889592336861,0.1411410679286224,0.19981168708400468,0.14356412522710907,0.22780645161290325,-0.6218149957858929
310.778809572482,42.10854424473765,7.380421601996376,0.00687664100108374,0.21333982301171847,0.007147403221994389,0.259741935483871,-0.5973975242280231
146.4178272046024,47.10815407468577,3.108120665744406,0.011122603200128879,0.07625634934254576,0.011437000661202117,0.10858064516129032,-0.9662259710408155
25.503974489832896,4.60171692325091,5.542273658983669,0.07726117377101835,0.16300052788146147,0.0782729743227921,0.17883870967741936,-0.7165536569740001
680.6233568280035,35.48518748015235,19.18049206330645,0.0038951157343730444,0.39466282922683676,0.0038995314349586792,0.40238709677419354,-0.39324969606416943
277.7563074580459,38.36478632713159,7.239876304527117,0.00765436713082778,0.20985345481529402,0.007701652354541819,0.23419354838709677,-0.605132650023778
378.2656731572552,44.37135170936967,8.524997742572237,0.005867301503152643,0.23986942564395464,0.006089213412318317,0.2852903225806452,-0.556509355831092
393.6272954823194,40.831515929149994,9.640281202523399,0.005813845796828683,0.26293826730987835,0.006000422307318378,0.3001935483870968,-0.5268457006737897
469.8246605084293,49.00825918151173,9.586642503834735,0.004864318111942675,0.2618841841599397,0.005027258471331638,0.3001935483870968,-0.5305783855042409
67.67219665535015,14.573300936517539,4.643573679713034,0.0275760565348929,0.13400324566687072,0.028218415341072986,0.16393548387096774,-0.7660314774820938
608.7507169778107,37.53244364615199,16.21932008256603,0.004216768863949972,0.3626133545071525,0.004270827957315602,0.396,-0.40577848924349313
355.0938776092056,28.647582731934293,12.395247478013989,0.006832235763611119,0.3109060646615464,0.00696601081369457,0.3385161290322581,-0.45268640939988236
367.2426989969463,43.91785201199308,8.3620368978123,0.0060136205796599606,0.2362817755458433,0.006216109075165164,0.2767741935483871,-0.5703214995786986
56.86422601006459,46.05037812828844,1.234826473121472,0.01948752735395633,0.00277558163387099,0.023086463867223263,0.08516129032258064,-1.0188720669429654
35.76216620921153,10.828664092219013,3.3025464549139167,0.046539499028899915,0.08415695078453374,0.04770189807165818,0.10858064516129032,-0.9378209694826924
203.9407661601056,12.668259970415566,16.09856181009645,0.012568072675713606,0.3611789913119689,0.012748160311723553,0.396,-0.4064542434785283
226.96415349098444,35.582914027195095,6.378458867014704,0.009044029886915505,0.18724176267821943,0.009119370653549473,0.2107741935483871,-0.6404472180216702
185.6170956082745,48.30824199150351,3.8423483852076625,0.00944929305561118,0.10521453405654138,0.009532869113052128,0.11496774193548388,-0.8564410249768832
83.0528585553727,34.29267657310853,2.421883237323642,0.017850702920146056,0.047350143292040646,0.01908460514882386,0.0915483870967742,-1.03599664373947
495.94797952930253,46.47719323674666,10.670781624075934,0.004727732929500065,0.28222067553790636,0.004826242138335854,0.31509677419354837,-0.49879699686956697
18.287217542681873,5.018089593273451,3.6442588763650536,0.09419673896786056,0.09764196642570064,0.09499573290600971,0.12348387096774194,-0.8824237573916808
180.51601691712347,11.739497238399492,15.376809862577572,0.014068440171853745,0.3523675993029778,0.014527670106285173,0.396,-0.41208192770612107
523.355535341038,31.770554970365946,16.47297429425451,0.0049199291714185625,0.3655905227693056,0.004967692907672371,0.396,-0.4033393304800173
134.14207599643765,9.02675533410465,14.860497602014933,0.01880018356447769,0.34580015486297006,0.019381462242867,0.396,-0.41497187585580825
136.86384001477796,8.525553413483577,16.05336725687756,0.01871717425308348,0.36063930567344066,0.018996029782768254,0.396,-0.4064542434785283
683.4036572871698,49.66763877283992,13.759535870283408,0.0036312664330036904,0.3309885951906121,0.0037164632937456816,0.37258064516129036,-0.4254648891734714
81.08287611526109,37.72136169756629,2.149521450613285,0.01743582838448645,0.035725150927086835,0.019603504182367146,0.10006451612903226,-1.0467338150064789
225.72994502284251,38.00618527689263,5.939294969444987,0.008909016119901202,0.17481471812035204,0.008903457183225971,0.19374193548387098,-0.676878132846438
527.3131104241673,31.791534201908302,16.586588966584543,0.004889634266797311,0.36690861454459633,0.005033275529946423,0.40238709677419354,-0.40016643262533436
53.9334603048685,7.8053509265134835,6.90980595397261,0.038920388171998305,0.20144924920155763,0.03948872497675961,0.22780645161290325,-0.6189901846513992
261.69096066086524,18.03962048943988,14.50645598747796,0.009588950020624567,0.3411612809452703,0.009934884928922007,0.396,-0.4206985450526088
133.12519061065888,27.56342366106029,4.829777035235612,0.014192473339793392,0.1402844370298592,0.014344408774206447,0.16393548387096774,-0.7545643759708436
70.3385062111338,12.064854378229239,5.830033583998997,0.028436222795075832,0.17162016039104955,0.02828861782222049,0.17670967741935484,-0.6909862344763197
507.848871631074,32.68227329757163,15.538970224228812,0.00501130724508757,0.3543838213882005,0.0051638928215984245,0.396,-0.41129960006204724
9.458880838170563,6.871278529943002,1.3765823633769982,0.12325134967190128,0.006357091238619816,0.13878955888959904,0.08516129032258064,-1.0192561858816762
328.2128125625829,35.09932387206123,9.350972507588319,0.006920713274285527,0.25718956266613796,0.0070681171801503006,0.28316129032258064,-0.5397171726733557
115.8321090344619,21.84993687457611,5.301256003592416,0.016785660885615363,0.155542066333419,0.017108080732974616,0.17883870967741936,-0.7340526807073978
30.565957549941807,4.462345760179687,6.849751048585485,0.06850953679600721,0.19988641726323483,0.06967763328023036,0.22780645161290325,-0.6218149957858929
202.2795865407724,24.65786296228509,8.20345164745886,0.010864076613756084,0.2327329189658096,0.011082587420652965,0.259741935483871,-0.57273067755064
193.67446344343335,21.459800278086842,9.024989092801547,0.01162548403903247,0.2505199745717679,0.011869427108077266,0.28316129032258064,-0.544104651951165
792.2422036015366,45.048930164218184,17.58626011125132,0.0032918415987928814,0.37811489221528355,0.003350127225300914,0.40238709677419354,-0.40033765897667556
14.90607207872095,3.538248303863842,4.212839461392012,0.12132619314648535,0.11888958859656969,0.12175124373365452,0.13838709677419353,-0.7971740839899449
700.488445384279,37.99723813431693,18.435246343645115,0.0037566525442318593,0.3871170609344685,0.0037889449751906837,0.40238709677419354,-0.3971747787476016
115.16135879980598,17.538597985557022,6.566166742326894,0.01797077332634222,0.19236042190258357,0.018493734384692945,0.22780645161290325,-0.6338551886140326
612.8216559799899,49.25578227291295,12.441618581642071,0.003962145212679544,0.3116234761984382,0.004036390958388766,0.3385161290322581,-0.45268640939988236
22.865735022515835,5.790416722405608,3.9488928204490867,0.07741529374522484,0.10921220247041553,0.07819103068506807,0.132,-0.8401805533120676
163.18190056835226,33.480731223068034,4.87390491805988,0.011611268731828347,0.14175133361939485,0.011702291403718286,0.16393548387096774,-0.7405335238280623
89.27806137396378,8.272861097210189,10.791679000155161,0.02633228817493317,0.2843695011207582,0.02681022639146244,0.31509677419354837,-0.49023479798101555
828.7067690619797,49.43009307933992,16.765227767866588,0.0031178788473329427,0.3689621737668721,0.0032027156943850114,0.40238709677419354,-0.39987980622534436
519.5645564245244,41.989453381982614,12.373691833946712,0.004667660334156532,0.31057168853019057,0.004760886324357641,0.3385161290322581,-0.45295438778866065
357.164043083742,42.053109998123254,8.49316597749088,0.006208016155968928,0.23917326803607,0.006391518738317753,0.2767741935483871,-0.5615997423054143
314.2901549347785,39.7189669132248,7.912848177079166,0.006926810856021878,0.22607711417376025,0.007132839403502352,0.259741935483871,-0.5823111465403928
405.88238891219305,37.23661802944348,10.900087343895104,0.005805561722738432,0.2862773726591153,0.005897188699519213,0.31509677419354837,-0.4858328100012871
464.81371456543445,29.25306275940659,15.889403389597875,0.005499937026451802,0.35866808107430537,0.005593358155396582,0.396,-0.4064542434785283
562.9030479219749,43.873529235629,12.830129185614961,0.004342731614185524,0.3175339121848043,0.004394340731381741,0.3385161290322581,-0.444725025221947
20.332997409857985,7.816777833644602,2.601199348706275,0.07495698435569371,0.05501113127175852,0.07795363271142404,0.0915483870967742,-1.0274000317957324
169.5290073766328,12.186991844062911,13.910652402645331,0.014672243293817984,0.33309067547264354,0.014981770060604993,0.37258064516129036,-0.4220302350034779
221.3023511040954,49.116281786066615,4.505682088640407,0.00835190086328211,0.12925480674145598,0.008543281512065777,0.15541935483870967,-0.7877817722873217
83.26382976479582,4.741532589794588,17.560530943941686,0.031312522463911044,0.3778349428363715,0.031875931996105035,0.40238709677419354,-0.40033765897667556
466.9846489881557,24.850530924306124,18.791737303745144,0.0056554169660748485,0.3907665104947057,0.005683510541660685,0.40238709677419354,-0.39405632341392993
180.52401523214508,42.23781005185341,4.273990886613773,0.010065333591551845,0.1210860414732166,0.010473112302166703,0.15541935483870967,-0.7938663951134481
557.3167803202489,39.0575266007494,14.269126307387719,0.004487071665448946,0.3379871272934826,0.004664976316720265,0.396,-0.4238434549688274
70.15411530299232,11.866042059887516,5.912174838832263,0.028627736275484164,0.17402571712911738,0.028648025733097746,0.19374193548387098,-0.6776153949885355
650.1401985494402,44.262339610044066,14.688337857357851,0.0038696821701175864,0.3435585604000767,0.0039989368245579165,0.396,-0.41796193293455597
128.37874103637773,11.327865584210063,11.333003563824517,0.018520571793901337,0.293723118999464,0.01864455919963104,0.31509677419354837,-0.4681462497160535
90.69084297595676,41.144151450370124,2.2042219800146325,0.015747700986496124,0.03804903589108954,0.01752667026664727,0.10006451612903226,-1.034235956326284
506.47468767845754,27.149506723699687,18.65502356388447,0.005207319195013767,0.38937575521705586,0.005240364898557176,0.40238709677419354,-0.3962821655314169
94.87971271197841,30.42833851494535,3.118136491921068,0.01718432526525201,0.07666715531915974,0.01764951367036972,0.10858064516129032,-0.9662259710408155
429.1549004241562,30.388336116822252,14.122355984689348,0.005814458123219519,0.33599745233814027,0.006058114630719968,0.396,-0.4235361280604418
29.929592582877156,1.7760328059920905,16.851936789623945,0.0864168873390313,0.36995072862172196,0.08867852671126322,0.40238709677419354,-0.3995746075365374
55.41032449983736,3.1846962744861953,17.398935321949033,0.04696872605503006,0.3760667394689992,0.04789923537310611,0.40238709677419354,-0.40185298805755526
718.9485145307392,41.83578111835723,17.185014724519387,0.0036112712520204172,0.3736992279330919,0.0036916581948155886,0.40238709677419354,-0.40005883805596304
192.8890375162949,36.859436773686625,5.233097800723732,0.010040475358307727,0.1533919473586779,0.010273601332397572,0.18735483870967742,-0.7284280750303733
381.92542823773124,27.224454889052655,14.028763102665794,0.006524346499529644,0.3347178038805975,0.006650106066094091,0.37258064516129036,-0.4215948386806185
264.23065881432484,46.681462637390474,5.660290913907309,0.007504193815475942,0.16657240947723342,0.007530462699980877,0.17670967741935484,-0.7046874820729945
10.802928620940028,1.3747503697409993,7.858101993437021,0.2011549948192281,0.22480047714033266,0.2075160616081694,0.259741935483871,-0.5846326301088123
327.88427912549224,43.87875585353769,7.472506290286187,0.006539623974560656,0.21559522820214772,0.006774528717236204,0.259741935483871,-0.597851499990443
559.9206077912006,29.941221507937538,18.70066014650616,0.004712429734922376,0.389841211942483,0.0047401580480989185,0.40238709677419354,-0.39390849265531885
153.68296468051486,27.092049147912032,5.672622393436013,0.012910441864946186,0.16694265333337405,0.012947297864334644,0.17670967741935484,-0.7046874820729945
153.1516128582477,10.4033249324565,14.72141011191934,0.01643473751792028,0.343991236175002,0.016975789758813115,0.396,-0.41555075157032906
748.6902164217089,45.42593799943843,16.481557660536684,0.0034395231082483954,0.3656904318824437,0.003545007156635444,0.40238709677419354,-0.40208898661651354
591.7701754223398,30.845694176239146,19.184855171072414,0.0044801494632280055,0.3947060769896553,0.004485038762596792,0.40238709677419354,-0.39324969606416943
771.7341487649217,47.525864628794395,16.238192714485677,0.0033269938743096493,0.36283652301386726,0.0033688668374537607,0.396,-0.40577848924349313
240.51283235622333,27.460126719149198,8.758620628961001,0.009291321478928962,0.2449114552145802,0.00955793046057954,0.28316129032258064,-0.550927263900092
67.85244934780687,3.873950925060031,17.51505134173981,0.03840535791094811,0.3773390370716896,0.03911593760916582,0.40238709677419354,-0.40033765897667556
345.7619322275454,34.42519398386196,10.04386300305624,0.006684624363836346,0.270704063344849,0.0068310874750292915,0.3001935483870968,-0.5161726282688136
583.9343925811385,31.64067281525549,18.455182542755402,0.004507405214015348,0.3873231296927721,0.0045452232460329095,0.40238709677419354,-0.3971747787476016
634.2934246221379,45.86113723011097,13.830739116641025,0.003916703603940665,0.3319819118216936,0.0040042108407987356,0.37258064516129036,-0.42481834420082254
133.71725560903354,23.114339067888668,5.785034787985728,0.014924188655292254,0.1702921530343577,0.014880496248071539,0.17670967741935484,-0.6909862344763197
280.3689208226383,34.56371314131682,8.111655124445832,0.00781533561709478,0.23065211560198584,0.007995826337220168,0.259741935483871,-0.5771775101356185
353.862365398564,21.494685337084206,16.462784164979364,0.007275589139359137,0.3654718408570792,0.007347120901586847,0.396,-0.4033393304800173
512.9478802053591,28.48604814534078,18.00698635304587,0.005107298170655855,0.38263225589827143,0.005174233636086617,0.40238709677419354,-0.39930162034523414
166.56588005854582,39.16454176267546,4.252976610013249,0.010891273691801274,0.12033316539232314,0.011350753732395667,0.15541935483870967,-0.7938663951134481
41.9920689514295,12.864100535382944,3.264283331425275,0.03947102757043162,0.08261468911112188,0.04062489060271543,0.10858064516129032,-0.954814301559766
84.78365175814078,16.233875264929438,5.222637871396094,0.02282891664883346,0.15306035224047562,0.023373197918925646,0.18735483870967742,-0.7284280750303733
217.3896233978465,27.788395175466107,7.823036271982199,0.009984409715893816,0.22397889538348817,0.010312273264069029,0.259741935483871,-0.5846326301088123
210.4018478371456,42.43982408457008,4.9576512715480785,0.009053197149804253,0.1445127517967092,0.009075976147041748,0.16393548387096774,-0.7395424604878471
14.145348986039474,11.950999471548155,1.1836122175149808,0.07677502555950291,0.0017739099204923587,0.09280745921607267,0.08516129032258064,-1.0185147783952624
71.33431188364342,43.458990824040406,1.6414166673236026,0.017687321277810284,0.015193012765866582,0.019771816881946517,0.0915483870967742,-1.0184487302384089
414.3430780827553,25.915844719939525,15.988021326735367,0.006177529312237441,0.35985620029386406,0.006274678445540458,0.396,-0.4064542434785283
201.6744837650066,44.16756497204082,4.5661218564499,0.009203847711934943,0.13134638888293657,0.009374752073084826,0.15541935483870967,-0.7874766144807639
48.9518721051602,10.558286025359783,4.636346466423003,0.03810295490622147,0.1337564358546559,0.039009787984434253,0.16393548387096774,-0.7744927715812335
93.4242914048601,31.27649615005347,2.987044679066468,0.017181277819401392,0.07125943763956062,0.017924468694056374,0.10858064516129032,-0.9933177603329629
369.7531267160373,34.138012202972476,10.831126443965651,0.006363426528320968,0.2850657939754978,0.006473413919404271,0.31509677419354837,-0.4881366572451255
174.2846459481708,42.57227824491457,4.093852928084482,0.01027928243377679,0.11456678575042357,0.01046999407929507,0.14051612903225807,-0.804381111462261
199.54849760034577,34.50637996237723,5.782945003733111,0.009999623291106216,0.17023030253660934,0.009971406171033977,0.17670967741935484,-0.6909862344763197
889.0095876231427,44.56460021719671,19.948784086255287,0.0030037665760360385,0.4021194708424008,0.0030114879866921474,0.4109032258064516,-0.3863523383144174
101.60961286329439,26.93188012475516,3.7728377073050012,0.01715520759788747,0.1025779985761933,0.017414331456603427,0.12348387096774194,-0.8710458651855787
555.6781393116286,41.91289727183381,13.257927165179627,0.004430597365218767,0.32384263608252023,0.004451475802821272,0.3555483870967742,-0.4338885792662149
70.45452207238394,13.112545310895904,5.373062239399056,0.02770918252763943,0.15778756171142225,0.028126868432892912,0.17883870967741936,-0.734194761052143
607.5726871985639,44.033181696671946,13.798064636434951,0.004086908319677055,0.3315267233691681,0.004180313994742263,0.37258064516129036,-0.42481834420082254
484.8917428986612,49.75353677924862,9.74587485207487,0.00473210220364785,0.26499805306687874,0.00487104604104413,0.3001935483870968,-0.5168050190314742
54.92890057122048,47.77392855310533,1.1497672943132928,0.019497346390828053,0.0012163173775024262,0.023899875756967184,0.08516129032258064,-1.0185147783952624
121.62813308137459,7.826534354022931,15.540484150415349,0.020924738671582566,0.35440254295116114,0.021561435469193712,0.396,-0.41129960006204724
497.89797401028926,40.82808354806644,12.194987634531502,0.004855074851155484,0.30777766685685715,0.0049680615716892725,0.3385161290322581,-0.4554803022251254
264.21387863727244,24.149030896219013,10.940972321942747,0.008926198658963888,0.286992308186388,0.009059194958160646,0.31509677419354837,-0.47999739779806233
191.45580545584122,24.128519277329865,7.934834427893177,0.011379192378981731,0.22658775251581126,0.011709131493370717,0.259741935483871,-0.581507413346959
67.20351581148618,13.409942571161132,5.011469322472065,0.028438723719272682,0.1462719354995967,0.028415212049621046,0.16393548387096774,-0.7333672400064716
550.9010692865236,37.56634661142176,14.664749675685162,0.004565246341799431,0.34324935884812935,0.004719303929600035,0.396,-0.41796193293455597
162.46807357946307,14.200612654791785,11.440920017252962,0.014666293641345909,0.2955374147711933,0.014681317490027953,0.3129677419354839,-0.4621496522153594
392.89472403231963,24.940625921545998,15.753202235911056,0.00649545139187671,0.3570146027165645,0.00661721683208677,0.396,-0.4077233809115762
655.0395402574507,46.35371476149277,14.131327847786839,0.0038099016878027758,0.3361196730550773,0.003969026938561485,0.396,-0.4235361280604418
22.43781431173572,2.9653398922324983,7.566692226584216,0.09588407197129277,0.21787893299556826,0.09899633868099822,0.259741935483871,-0.5908613300132508
20.032610990000148,9.972274338419805,2.008830715057774,0.06864249814600715,0.02980514276361171,0.07666392748734852,0.0915483870967742,-1.0361985533079836
142.28296592589498,44.655689357930584,3.1862225837663924,0.011548697487368885,0.07944898928421709,0.011863776112908625,0.10858064516129032,-0.9533436839173067
375.5187856879891,34.82972602793428,10.781560135925675,0.0062590235997756595,0.28419050948139185,0.006374022095436822,0.31509677419354837,-0.49023479798101555
78.00548660816544,10.229292817452713,7.625696907911008,0.02763757903790524,0.21929784513382855,0.02873876311434974,0.259741935483871,-0.5884668387429504
845.2952507016563,44.7039721148281,18.908728032721633,0.003127975919530292,0.3919480686853189,0.003139864057102879,0.40238709677419354,-0.3947741708965418
110.5735473737481,19.58896221933228,5.6446863358909045,0.017917649163283523,0.16610309055067018,0.01799507357457767,0.17670967741935484,-0.7046874820729945
455.5838535442496,39.99264578636022,11.391690761795754,0.0052250733865625044,0.2947117888290901,0.005253840799242388,0.31509677419354837,-0.4681462497160535
93.41927367777132,13.58003134960514,6.879164802553097,0.022442261441208006,0.20065318872597224,0.022797903443031165,0.22780645161290325,-0.6189901846513992
549.3076389685501,33.09674894024533,16.597027096537488,0.004694433174956396,0.36702923991961184,0.004831740880759635,0.40238709677419354,-0.40016643262533436
708.7730649627366,36.49209337899202,19.422647465074373,0.003749128080330184,0.39704726621534814,0.0037446572203719904,0.40238709677419354,-0.389002595836188
112.52128426921516,9.405584170823108,11.963242497820113,0.021391428105949076,0.3040949202092948,0.021983287938522174,0.3385161290322581,-0.4541542255946925
134.62806331003702,13.152883251976503,10.235631285619924,0.01724573230882604,0.27429532237670584,0.017700408359696634,0.30870967741935484,-0.509120058136931
472.84526308896795,24.699428361043008,19.143975972932218,0.0056047245038052885,0.39430046195405927,0.005613067069720258,0.40238709677419354,-0.39288921038443403
398.0710183609004,25.6352679275772,15.528256598897277,0.0063924058929597655,0.35425128067728057,0.006587963005874908,0.396,-0.41089307912728845
242.9373190001595,13.358964770879766,18.185340194153433,0.010804008609923909,0.38451362827690466,0.01092509041526121,0.40238709677419354,-0.3987817346088648
170.81950324475847,42.33917229533806,4.034549897508679,0.01043718227590656,0.11238797515140628,0.01068238214330118,0.14051612903225807,-0.8176337822635009
406.2939231319841,36.77351027384659,11.048548808813102,0.00581790252812544,0.288861570470916,0.00589121545007529,0.31509677419354837,-0.4758471515961191
10.792367785116511,6.746879244806243,1.5996088552236194,0.1155883454209593,0.013666272059122892,0.13068577535952022,0.0915483870967742,-1.0184487302384089
182.84708568617546,12.6002474412886,14.511388489643508,0.013724686563156351,0.34122669338962436,0.01421881880888693,0.396,-0.4206985450526088
48.755981012937184,3.2550590079731916,14.978524473292355,0.05180906702662993,0.3473217292840387,0.053324115874417294,0.396,-0.4159778176323718
198.7180970737178,35.12543927261357,5.657383969818516,0.009976628537932887,0.16648504906197778,0.010013074549795557,0.17670967741935484,-0.7046874820729945
16.43688808458683,2.235476705944053,7.3527440661232255,0.1298879391822727,0.2126574911508428,0.13513880811470974,0.259741935483871,-0.5986009228138746
75.10155265541704,5.1804512780495475,14.49710626053662,0.03340816526835485,0.341037227741983,0.03461805367771214,0.396,-0.4206985450526088
68.10604498684042,8.318244383919886,8.187550382445743,0.03225084315296379,0.23237388478655427,0.03291603853497599,0.259741935483871,-0.57273067755064
293.8850865508731,14.819220161411005,19.83134627530164,0.009076646503339158,0.4009999330428961,0.009109824947574497,0.4109032258064516,-0.3870299214773159
113.04764522608588,33.720921986604054,3.3524482299444567,0.014800972799163778,0.08615878554363193,0.015090302888855423,0.10858064516129032,-0.9348914477560157
324.14192846622,41.67811775615128,7.777268886342158,0.006685811766789492,0.22290198478050288,0.006916048201043733,0.259741935483871,-0.5846326301088123
673.0315468921789,34.4733192026337,19.523259217834774,0.003951997065763544,0.39802857741006425,0.003977884403106789,0.4109032258064516,-0.38770074595956033
34.02035904701706,12.978131271756183,2.621360374205359,0.04493206844014813,0.0558696917933795,0.046590660898665114,0.0915483870967742,-1.0274000317957324
225.96715441173663,22.554427137575626,10.018749446988872,0.010222284380572343,0.2702291406533351,0.010452536833197535,0.3001935483870968,-0.5167420073525736
416.8248123582956,42.5091142221629,9.80553982329221,0.005512996031661019,0.26615305722267124,0.005666481299945352,0.3001935483870968,-0.5160717862733033
129.20089480921735,18.292399739960384,7.063091592459216,0.01634502352040179,0.20539068425392976,0.016398205183221715,0.2256774193548387,-0.6174492158431643
667.4402871012064,45.97560215169409,14.517271245279664,0.003760232140827845,0.3413046782730174,0.0038952841645151157,0.396,-0.4206985450526088
221.73081306291147,43.45933780143997,5.102029259533833,0.008667028289869915,0.14920526986810229,0.0089372561506372,0.18735483870967742,-0.7309069023446209
36.58324208632957,15.663803199011117,2.335527433633687,0.03995076135499786,0.043654618849205816,0.04344908789912433,0.10006451612903226,-1.0367101276279114
150.7133036961302,36.73521210725983,4.102693166874225,0.01189542829841601,0.11489018969186318,0.012107485977936528,0.14051612903225807,-0.804381111462261
21.338605827742207,5.761272084891229,3.7038010899888048,0.08117654682075966,0.09993725410587928,0.0829231062170938,0.12348387096774194,-0.8898136678060594
102.18383754197363,8.913203137423071,11.464322754290594,0.02332967134326134,0.29592872312963026,0.02334268733285283,0.3129677419354839,-0.4621496522153594
24.69748963366753,2.0338727076013803,12.143085229160764,0.09778467290375034,0.30695876140630524,0.10015543393246236,0.3385161290322581,-0.4554803022251254
104.67346831510254,12.635050448272686,8.284372804337497,0.021047934009407483,0.23455098083643094,0.02180897137325195,0.2767741935483871,-0.5703214995786986
626.3852782002847,41.680281050685096,15.028336239829382,0.004035413036961198,0.34796023367306855,0.004150591770890011,0.396,-0.4157376895927058
109.1307586047684,7.918699252515521,13.781399586567328,0.022747549155308456,0.33129414810538593,0.02327340742052116,0.37258064516129036,-0.4254648891734714
105.22582594442261,30.37678537149892,3.464021115386059,0.016085159094484408,0.090594788322065,0.016509327607428313,0.12348387096774194,-0.9156008416209852
63.693274200574066,23.310625924385757,2.732370825527389,0.024380091810376214,0.06058153645366188,0.02544775633173464,0.0915483870967742,-1.0068517918838433
69.38645469586442,5.341287379811362,12.990586306613395,0.035326213041235954,0.3199240683279271,0.035649433338894795,0.3385161290322581,-0.44126680688191544
59.621531099720336,3.9309189370273288,15.167326534799471,0.04247611281812724,0.3497305188146444,0.04360621965169471,0.396,-0.41488622764351374
732.9720386192963,42.17712158202621,17.378427240318185,0.0035498744551966796,0.37584110138291676,0.0036210278639243376,0.40238709677419354,-0.40185298805755526
436.7518044352328,45.42026062993881,9.615792564328604,0.0052365442672498074,0.26245768157251276,0.005407945612579076,0.3001935483870968,-0.5268457006737897
122.42358378642666,32.40707675918393,3.7776805571250023,0.014244755020438043,0.10276241456241249,0.01445361606686397,0.12348387096774194,-0.8710458651855787
631.6940460296203,34.40406887214711,18.361027248757427,0.00416259340686718,0.3863478107083769,0.004201578583809298,0.40238709677419354,-0.3980043745798535
682.3743696627515,44.72226528506078,15.258045747756315,0.0037158116682918067,0.3508770800573948,0.0038100340468380724,0.396,-0.41426176356193767
258.198316924788,15.915160713552178,16.223418762270203,0.00994231918786674,0.3626618441882753,0.010069273928931467,0.396,-0.40577848924349313
386.0915674874409,37.29457152790154,10.352487015398221,0.006029737440388936,0.2764536270812623,0.006172037666531689,0.30870967741935484,-0.50999085592812
127.88403791279627,9.403302638599367,13.59990663151141,0.019357108250545325,0.328742956241423,0.019342427965788774,0.3555483870967742,-0.4338885792662149
33.982551593959336,16.397529416411285,2.0724190047769193,0.04098716957828058,0.032468461869786656,0.04519315249395895,0.0915483870967742,-1.036397339754947
578.4381578334612,39.59546771753444,14.608696176034963,0.004344464479053192,0.342512566533381,0.004494637059979855,0.396,-0.4206985450526088
64.99281819750213,4.203903090682322,15.460113326959059,0.039117635542504324,0.35340606204372477,0.04035026046575332,0.396,-0.41208192770612107
490.7252381013429,25.300042576313192,19.396221829317295,0.005413644138593497,0.39678861805332843,0.005408550384705869,0.40238709677419354,-0.389002595836188
51.04488763380721,5.469052257344114,9.333406453606583,0.04447877610255248,0.256835439545814,0.045447188283799844,0.28316129032258064,-0.5397171726733557
66.3020519149491,31.45386626567659,2.1079142180781734,0.02115400359076936,0.033964522105956206,0.023973745233147027,0.10006451612903226,-1.0467338150064789
36.55302729762362,2.7828149599080865,13.135270517171193,0.06721882471689078,0.3220545429001444,0.0676712156058077,0.3385161290322581,-0.43699419344930923
133.24591296577273,37.809417587477846,3.5241461378633514,0.012779047618632662,0.09296210728046977,0.013037605391506035,0.12348387096774194,-0.9117423413283192
76.95957188680508,43.09011511133285,1.786014534608761,0.017005172689113075,0.020732829338654307,0.020072014122502178,0.09580645161290323,-1.025659148746078
8.34551781182564,1.149535703484248,7.2599030952499675,0.2549440147986047,0.21035353196035356,0.25632711684970205,0.23419354838709677,-0.605132650023778
151.46896574678317,8.828978827850603,17.15588730023696,0.017135272431678297,0.37337447526220896,0.017522481666342692,0.40238709677419354,-0.40005883805596304
434.68584845902626,35.426660280231964,12.270020516203738,0.005568690753652059,0.30895559029624015,0.005690518336567436,0.3385161290322581,-0.4545060741832841
467.92697698280404,36.02514491360302,12.988899228719431,0.005238192405229173,0.3198990887584428,0.005286268826072331,0.3385161290322581,-0.44126680688191544
520.7914109858278,27.632443575098005,18.847099409447747,0.005073909936969323,0.3913266226638502,0.00509630558287015,0.40238709677419354,-0.3947741708965418
15.966386571706272,2.64191420490251,6.043491700857656,0.1265910603461153,0.17782226327517345,0.13464294826254977,0.24483870967741939,-0.6661136538558168
470.43696431281944,26.88909610013388,17.495454758350064,0.00553811693660564,0.3771249390941682,0.0056418019344947395,0.40238709677419354,-0.40033765897667556
839.1041729368154,44.221419856663026,18.97506176094398,0.0031531171595015626,0.3926145420320035,0.00316303059967949,0.40238709677419354,-0.3947741708965418
229.50700016722715,23.341840567799792,9.8324294307722,0.010019199739788875,0.26667151964915015,0.010291320102918534,0.3001935483870968,-0.5160717862733033
176.66951914246414,39.6381911820676,4.457053005546575,0.010425520274244912,0.12756020973195076,0.010701609954797648,0.15541935483870967,-0.7862239858164513
222.50946575662775,33.64017051675412,6.614397678091713,0.00932000349306234,0.19365775240728306,0.009571563950242848,0.22780645161290325,-0.6338551886140326
665.3214537194251,41.07094733392398,16.19932085593457,0.0038572798011213237,0.36237657012433816,0.003907689383185217,0.396,-0.40577848924349313
141.87209208943605,13.213397912417909,10.736987792981328,0.016550874075575907,0.28340020798483545,0.016871288792428222,0.31509677419354837,-0.4951089009246189
37.26357987433849,13.293287723152744,2.803187642545117,0.042074246161527336,0.06357104622629563,0.043496919171278174,0.0915483870967742,-1.0090871070062148
155.008960057245,40.95687566487497,3.784687126176039,0.01125736053292737,0.10302903243016115,0.011415233525372333,0.11496774193548388,-0.8731110126843543
30.1915759802912,4.657489927110336,6.4823706444434706,0.06829963064949018,0.19008916497763276,0.07054164984346047,0.22780645161290325,-0.6380685153324481
96.1456963881873,33.461910750687956,2.8732876943140675,0.016457609056255238,0.06651566450416214,0.017417116412467504,0.10858064516129032,-0.987210109639711
121.28882460845888,17.39978578285731,6.970707922620264,0.017348552900122823,0.2030233470091363,0.01755943787813243,0.22780645161290325,-0.6186253522006839
338.11369662630915,33.18238617272707,10.189553423502982,0.006859420934775792,0.2734380616759774,0.006985608770507662,0.3001935483870968,-0.5107590582759036
457.85841291888966,33.297232832647815,13.750644542148294,0.005419317517246112,0.3308641973578163,0.0055472271240525565,0.37258064516129036,-0.4254648891734714
192.83512015125518,17.711027478063286,10.887856189602719,0.012216447748360478,0.28606300556608005,0.012412495376098466,0.31509677419354837,-0.4881366572451255
122.04478975519373,14.295806472472371,8.537104219352715,0.018191699949218647,0.24013360873563674,0.018872910634112134,0.2852903225806452,-0.556509355831092
270.01953006411,13.53499443340559,19.949733366544827,0.009889656980716664,0.4021284913053245,0.009914992787912727,0.4109032258064516,-0.3863523383144174
174.0676285384779,12.452707696332562,13.978295546898803,0.014304330118023444,0.33402423161372957,0.014591136953174978,0.37258064516129036,-0.4220302350034779
113.91810398449637,10.530772953451404,10.817639359241937,0.020648285933969408,0.2848279975880588,0.021011278747692274,0.31509677419354837,-0.49023479798101555
206.36067554866352,47.95148880343056,4.3035301029881685,0.008824909750203804,0.1221409493931138,0.009161863226787408,0.15541935483870967,-0.795351868566414
334.27438903330966,42.77153081109834,7.815347795468014,0.0064915082471873175,0.22379834911915153,0.006706410286874413,0.259741935483871,-0.5846326301088123
590.0295965727319,35.50992332968676,16.615907364673454,0.004371417569692766,0.3672472239193047,0.004498269562636643,0.40238709677419354,-0.40000700631993724
295.4013517744627,38.164742310986256,7.740163666437944,0.007327033978228387,0.22202505267450562,0.007588933455400146,0.259741935483871,-0.5846326301088123
103.05782761677769,39.302858047695004,2.622145888009326,0.014834195585460985,0.055903127413559746,0.015380015751005066,0.0915483870967742,-1.0274000317957324
27.10080838474713,5.0056351484999855,5.41405987067761,0.0722011236505081,0.15906064976101558,0.07294233029925987,0.17883870967741936,-0.718070723416558
760.3417454858148,44.44037194937425,17.10925701413984,0.0034117392538501614,0.37285337042514266,0.0034906832237944162,0.40238709677419354,-0.40005883805596304
105.50298930824484,12.943660444778715,8.150939199799792,0.02079493182002361,0.2315450029621708,0.021248508842739083,0.259741935483871,-0.5749588619964165
223.72534578506557,24.04342698671554,9.305052308420017,0.010140604652941738,0.2562625850115944,0.010369172125217025,0.28316129032258064,-0.5397171726733557
77.49302294368225,27.543184266477343,2.8135099483758155,0.020259787076546007,0.06400559670289993,0.020916088445852944,0.0915483870967742,-1.0090871070062148
164.96171706066661,31.127288222830355,5.299585234658354,0.011785358156982898,0.15548957895626192,0.012012878552322004,0.17883870967741936,-0.7340526807073978
672.414714896593,44.14805319249198,15.230902979226881,0.0037694807101433794,0.3505347659593749,0.003866467409929558,0.396,-0.41426176356193767
248.71680709553098,13.51311124016362,18.40559162691533,0.01057705472342656,0.38681009817816,0.010671221644858384,0.40238709677419354,-0.3976203970174925
697.7250505835734,43.76667609229138,15.941924607486099,0.0036663977130917237,0.3593017854804123,0.0037262093125798408,0.396,-0.4064542434785283
53.52433847979589,3.9442834989878897,13.570104302474792,0.046227689226474036,0.3283207985544659,0.04621426180234214,0.3555483870967742,-0.4338885792662149
415.5238618364367,28.438477234478974,14.611326000699263,0.006048022905992933,0.3425471980495497,0.006256847848916418,0.396,-0.4206985450526088
161.4136279214344,12.581147169380023,12.829802064018665,0.01514446636526946,0.3175290095477317,0.015324528809342191,0.3385161290322581,-0.444725025221947
116.91434552339588,39.2646393674964,2.9775988626595806,0.013713333811186463,0.07086727705052664,0.014323142117882466,0.10858064516129032,-0.9909196912362305
336.6818642698879,20.86902901314142,16.13308717228177,0.0076162036925349974,0.3615902168456973,0.00772203631087378,0.396,-0.4064542434785283
141.3981164542715,14.625771913835164,9.667737011577268,0.01619592738060755,0.26347578282493767,0.0167041122174026,0.3001935483870968,-0.5268457006737897
499.88215617634586,44.11002109444184,11.332621109068896,0.00475637964732408,0.2937166601371436,0.0047882586078596846,0.31509677419354837,-0.4681462497160535
890.2810349215885,46.340538348755175,19.21171109885269,0.002978731398949233,0.3949720446168011,0.0029812071370830208,0.40238709677419354,-0.39324969606416943
178.87696281460242,10.358774959333953,17.268158012586444,0.01452815489260585,0.37462305479814584,0.014837641100093814,0.40238709677419354,-0.4000905715608007
45.22448883175704,2.3350462861482435,19.367705514033613,0.05872677593738925,0.39650908127780976,0.05868749971263702,0.40238709677419354,-0.39157907616590765
133.42829072614896,22.675462872013824,5.884258746083939,0.015031167800619818,0.1732108573202976,0.015062599464814693,0.19374193548387098,-0.6868499712773853
211.47464299708403,36.88062299579512,5.734031201728749,0.009412146839936011,0.16877811599817263,0.009409067168493023,0.17670967741935484,-0.7011096873397551
53.49546276976342,27.08686119588752,1.9749598295237474,0.025524134222614344,0.028397026434733935,0.028708577453183212,0.0915483870967742,-1.0374464992342673
150.38600300519786,45.14521879245752,3.331161239832624,0.011101103624140338,0.08530617746527017,0.01134363021320903,0.10858064516129032,-0.9378209694826924
218.43669839413383,29.30964622569305,7.452723813590442,0.00980932820490503,0.21511260297069457,0.010168902392298706,0.259741935483871,-0.5973975242280231
270.9775908136258,16.37032417287332,16.552976468398413,0.00951125497570304,0.36651964308661666,0.009794581785706977,0.40238709677419354,-0.40054544118454455
64.36188574409066,5.406970002423034,11.90350338826516,0.03735576427709001,0.3031344645745312,0.03843249405615144,0.3385161290322581,-0.4541542255946925
593.7279063792988,39.75964482109486,14.932927822944002,0.004251813175072694,0.3467353582191859,0.004378890655417237,0.396,-0.4159778176323718
504.8562143918081,32.21428988850312,15.671809502527172,0.005049688793611329,0.3560194534217362,0.005149722845814172,0.396,-0.4099685825236065
248.42010985752785,14.636653985663239,16.972465845052977,0.010426008771338528,0.3713160635945193,0.010683966675806018,0.40238709677419354,-0.3995746075365374
639.3849596713029,34.40782093401889,18.582547290553503,0.004121843070455701,0.388634051830562,0.004151039424953524,0.40238709677419354,-0.3972512359038028
230.80349188161227,39.31247475668833,5.870998793896716,0.008683846829771667,0.17282284028135805,0.00870774044230544,0.19374193548387098,-0.6868499712773853
329.98113118813063,24.328904735672108,13.563336893842894,0.0074975285679725785,0.3282248081290507,0.007496149196155725,0.3555483870967742,-0.4338885792662149
372.7421999632576,40.82534026905526,9.130167623998672,0.006057993761587134,0.25269478936114387,0.006223729482327778,0.28316129032258064,-0.5414625897321396
232.59427138931812,26.11027439273889,8.908151170330143,0.009648673868549909,0.2480778952812037,0.00988332564171389,0.28316129032258064,-0.5444528648950178
98.46146712767093,24.123592350651876,4.081542487390369,0.01817702476571504,0.11411583102206216,0.018532724165315307,0.14051612903225807,-0.804381111462261
22.887752466379084,1.883060623345322,12.15454892032005,0.10553871756983528,0.30713992332580164,0.10807473538242927,0.3385161290322581,-0.4554803022251254
307.8420104978565,32.98021789594063,9.334141195463333,0.0073754007732993844,0.25685026342661516,0.007535835071591683,0.28316129032258064,-0.5397171726733557
707.9279184819925,46.32894633606586,15.280466629798772,0.003582756584534748,0.3511593744287171,0.0037044409101648825,0.396,-0.41208192770612107
238.7465789181723,29.962727490095197,7.968119023780293,0.009135214405389818,0.22735856338155594,0.009389794029341852,0.259741935483871,-0.581507413346959
356.35679080698884,22.798190933389844,15.6309240434106,0.007150203078364391,0.3555175588086246,0.0072956925423455785,0.396,-0.4099685825236065
244.28077896498343,29.601706194302743,8.252253345180442,0.009009931061670928,0.23383115514213965,0.00934506875119429,0.2767741935483871,-0.5703214995786986
462.4577304035001,36.34411985826459,12.724416830205286,0.00527641659370449,0.3159431798458387,0.005348786772672665,0.3385161290322581,-0.4489214483706321
160.51406637567067,30.568513602445883,5.250960791329659,0.012078099711763053,0.15395722707831527,0.012345740890984344,0.18735483870967742,-0.7284280750303733
323.4454881664082,29.805272199536113,10.851955519850689,0.0072777337940394034,0.2854324982426739,0.007400211549698264,0.31509677419354837,-0.4881366572451255
275.4299988971278,32.168331607520564,8.562147464083454,0.008066877821728144,0.24067907517427542,0.00834624019076587,0.28316129032258064,-0.556798432002509
81.30789687732577,15.297113555340285,5.315244381443508,0.023932114457300063,0.15598108341161557,0.024372356793610744,0.17883870967741936,-0.7340526807073978
272.9882884207025,33.99378851400742,8.030534410962032,0.008005658144647024,0.2287967822365097,0.008212005043223086,0.259741935483871,-0.5775546546072282
93.98183116221696,6.274386562870436,14.978648545240686,0.026877601268773022,0.34732332236509705,0.02766353399325937,0.396,-0.4159778176323718
168.2820499020121,38.86538401683063,4.329869732642746,0.010843274655976648,0.12307826013139259,0.011234996756131753,0.15541935483870967,-0.795351868566414
22.94177510582924,14.607941673248089,1.5705001853781442,0.053935291030866084,0.01262745130306552,0.061477760350143545,0.0915483870967742,-1.0184487302384089
96.3117574751754,10.007044624530922,9.62439572209762,0.02375170933434271,0.26262664212386516,0.02452379716142451,0.3001935483870968,-0.5268457006737897
246.42651950439225,47.42948188423529,5.195640131719424,0.007841952977575036,0.15220247253392077,0.008041606385618622,0.18735483870967742,-0.7284280750303733
134.50991823589553,24.383768324434886,5.516371237053775,0.014628770042870174,0.16220960097748244,0.01484107615671055,0.17883870967741936,-0.7165536569740001
463.82471471046864,30.546643127234645,15.184146839916881,0.005461253408280008,0.34994363147358665,0.005605284709176521,0.396,-0.41488622764351374
680.6564701066551,48.262159329901095,14.103315714780928,0.0036649847069072806,0.33573781473239694,0.0038196501396620336,0.396,-0.4235361280604418
493.2901746405612,28.85850453540766,17.09340738829081,0.005257797108401115,0.3726759077634357,0.005380427812599008,0.40238709677419354,-0.40018490226505876
221.70968107826005,18.952595613103874,11.698117007517926,0.01080183228498333,0.2997967750711831,0.011206685165279588,0.3512903225806452,-0.45980762788720825
249.95964799702327,21.950966401905482,11.387181931786165,0.009522511690762804,0.29463600222814773,0.009575805760677627,0.31509677419354837,-0.4681462497160535
184.23184021291883,42.11155667602008,4.374852291267291,0.00993774737537566,0.12467174918333186,0.010262331867169454,0.15541935483870967,-0.7882329550263345
338.2590461605004,32.00559720137113,10.568746586175536,0.006916077340533508,0.28038945497788004,0.007076130156445618,0.31509677419354837,-0.49879699686956697
63.665449956689905,23.10321803642779,2.755696191600061,0.024468918844248132,0.061567747673553906,0.0254588779774461,0.0915483870967742,-1.0068517918838433
51.45360839625695,2.823787431902404,18.221487855264066,0.051030176558428224,0.38489254612133394,0.05158262477682661,0.40238709677419354,-0.3987817346088648
50.10210511402441,5.649982192684734,8.867657172246258,0.04474182219923453,0.24722498875649038,0.0458824019730527,0.28316129032258064,-0.5445901195695783
277.1907300772322,33.60233662853798,8.249150442764691,0.007939440245020201,0.2337614908385201,0.008235559224462579,0.2767741935483871,-0.5703214995786986
63.320382313620016,40.4779479971865,1.5643179915647214,0.01950724180087607,0.012409563950053219,0.02227416987120251,0.0915483870967742,-1.0184487302384089
32.613542282499374,20.306574630821004,1.6060582779430974,0.038318101651870225,0.013899209656733424,0.04324611352382575,0.0915483870967742,-1.0184487302384089
532.6440964963825,36.48459566876578,14.59915031900369,0.004717340119875158,0.3423868064613663,0.004881063355824519,0.396,-0.4206985450526088
69.7499434758253,17.42117204686834,4.00374574616314,0.025495826302340135,0.11124980997391144,0.026161443583417824,0.14051612903225807,-0.8356475368648744
56.550227957123205,6.042682198495445,9.358464684971109,0.040175170595717555,0.25734042179220085,0.04102276335610825,0.28316129032258064,-0.5397171726733557
152.6549358659151,32.90424063363801,4.639369665618599,0.012221003858145077,0.13385970595763086,0.012509272244827677,0.16393548387096774,-0.7744927715812335
351.1288859614549,39.86092947670489,8.808848428049275,0.006373466648244066,0.24598027424910693,0.006546897787242028,0.28316129032258064,-0.550927263900092
600.4196949992432,36.87218990716438,16.283808922414444,0.004278651140516533,0.36337482509836616,0.004330087108664929,0.396,-0.4049384256029795
85.36602288264002,11.31169876008787,7.546702285234556,0.025184627020967323,0.21739618040450115,0.026020439864226738,0.259741935483871,-0.595630259818516
284.2150535862246,16.097095586460938,17.656294084833185,0.009182943323076828,0.3788747225420826,0.009338394085141933,0.40238709677419354,-0.40033765897667556
29.986573751323483,10.899188751630263,2.75126657906885,0.05191932391338908,0.06138057341837678,0.05405255482897681,0.0915483870967742,-1.0068517918838433
69.9442995216939,8.048733616527363,8.690099940451436,0.031886047610313606,0.24344478395904534,0.03286622272662564,0.28316129032258064,-0.550927263900092
29.45407985742179,5.490737393017313,5.364321355976552,0.06624818122327086,0.15751529301058617,0.06727981598559278,0.17883870967741936,-0.734194761052143
369.40814137706656,43.75676922704855,8.442308422275252,0.005993037363038412,0.23805637317344375,0.006179670717362234,0.2767741935483871,-0.5703214995786986
596.5957441831084,32.73403528989397,18.22554839021929,0.004401301530482016,0.38493506078621736,0.0044487614958635905,0.40238709677419354,-0.3987817346088648
67.62707678766736,22.02277340907915,3.0707793033818027,0.02397597455561868,0.07472126361611046,0.02476198685636809,0.10858064516129032,-0.9836358236172007
232.99659988663782,47.62475613907818,4.8923421089279655,0.008141659701295134,0.14236179283868303,0.00819583699158073,0.16393548387096774,-0.7405335238280623
763.1381641364532,44.44711629911568,17.169576514272908,0.0034015656470318956,0.37352717348912556,0.0034778920778011676,0.40238709677419354,-0.40005883805596304
114.37593132255444,44.17496014414191,2.589157544213924,0.01330169721931565,0.05449797607128624,0.013858081798175001,0.0915483870967742,-1.0382200846472878
101.5029605162044,43.7040270565441,2.3225081840829054,0.014367046275403207,0.043097754984787975,0.01565972551894308,0.10006451612903226,-1.0356583906939716
721.8082380884764,39.079562608334946,18.47022305041173,0.003646998772901004,0.3874784377283071,0.003677032257690258,0.40238709677419354,-0.3971747787476016
129.1151235281997,45.64523570405945,2.828665939317668,0.012184033699495042,0.06464305311085236,0.012553532673285664,0.0915483870967742,-1.0090871070062148
330.7290333619187,24.47443750769371,13.513243491620663,0.00747466113677299,0.3275127896779844,0.007479197596165078,0.3555483870967742,-0.4338885792662149
261.48087725080575,25.609568963876136,10.210280290919403,0.00887402650734038,0.27382411485663277,0.00911336890986893,0.30870967741935484,-0.509120058136931
53.624893776275414,3.8127187589947518,14.064738882134062,0.04649255543648069,0.3352106924675733,0.048482512468024305,0.396,-0.42324541764974627
191.9157005996767,10.231822283246851,18.756746871367312,0.013756404958725498,0.3904115930903628,0.013829572916778693,0.40238709677419354,-0.39390849265531885
21.744156230739108,7.048041421749871,3.0851345685395417,0.07469468390928992,0.07531205135323163,0.077012911827018,0.10858064516129032,-0.9833416426788512
172.33421974333984,13.724607619979185,12.556586280286037,0.014118018790720303,0.31339101044736134,0.014353433665040043,0.3385161290322581,-0.4529250212471535
186.09001265114617,41.60682426918648,4.472583907081853,0.009908811894814799,0.12810256304394863,0.010159858972703783,0.15541935483870967,-0.7877817722873217
523.8973544015246,26.743556938746806,19.589666236299614,0.005080164830596481,0.3986732960392211,0.005110240910148492,0.4109032258064516,-0.3875897064122958
94.4289396249124,5.402323358037292,17.479320167761895,0.02758551646973129,0.376948474605117,0.028106978494733464,0.40238709677419354,-0.40033765897667556
190.49268064172236,35.87107921567031,5.3104808889749116,0.010212161794487914,0.1558316700361513,0.010402841023374531,0.17883870967741936,-0.7340526807073978
72.06560959635082,8.15016093129497,8.842231485225458,0.031083357225786066,0.246687725226248,0.031898778618729834,0.28316129032258064,-0.5445901195695783
623.1442526804487,40.094003117448324,15.54208121486541,0.004084270708910244,0.35442229059203506,0.004208459167186416,0.396,-0.41129960006204724
772.2212297910021,44.280354087031036,17.439364379815846,0.0033717282726064553,0.3765107374947572,0.003436984212459712,0.40238709677419354,-0.4003898725263461
186.8359425944292,19.878020258085645,9.399122255066183,0.012172929217324945,0.2581572190182004,0.012641732483500936,0.3001935483870968,-0.5327520127939143
735.7983841254453,38.34088533321475,19.19095966957295,0.0036033996025911235,0.39476656795875903,0.003607118787672414,0.40238709677419354,-0.39324969606416943
135.77674097533432,48.88679146518277,2.7773706742860123,0.011507229511357495,0.062482825085520215,0.011937618403442301,0.0915483870967742,-1.0068517918838433
39.967836148909065,3.2140805896411013,12.435231486641737,0.06074416858599441,0.31152481511643254,0.06188945986684295,0.3385161290322581,-0.45268640939988236
293.9009121918164,21.18674536506026,13.871923560118761,0.008458307355298466,0.33255412573854704,0.008641839823422098,0.37258064516129036,-0.42481834420082254
138.58177641347635,7.2343076536043815,19.15619061962759,0.01912576058204357,0.39442175643906235,0.019151956656977873,0.40238709677419354,-0.39324969606416943
506.4015418972045,29.62346673760839,17.094607676498033,0.005121736228311294,0.3726893530028978,0.005241121828686417,0.40238709677419354,-0.40005883805596304
28.84497907577089,5.529050195869531,5.216986291301803,0.06707860744658035,0.15288100793481518,0.0687005203791895,0.18735483870967742,-0.7284280750303733
153.61888794958674,40.06193322288271,3.8345350708597903,0.011409692381613256,0.10491929489806198,0.011518528100263624,0.11496774193548388,-0.8564410249768832
51.01260753317665,7.934606784438034,6.42912861582839,0.04032877710041121,0.18863453345262535,0.04057370012711627,0.2107741935483871,-0.6414179835414868
255.94447329381026,30.81069967004396,8.306999712267329,0.008614014802784377,0.2350566523428173,0.00891920284366724,0.2767741935483871,-0.5703214995786986
426.5684645051878,35.92759489763619,11.873003626336628,0.005633095867739065,0.30264232053382467,0.0056434808847814575,0.3044516129032258,-0.4540452239806243
191.9440902825526,12.378668961628994,15.506036301442006,0.013253306620053387,0.3539760888592431,0.01366271365173123,0.396,-0.41208192770612107
62.54619105481047,15.700118684146416,3.9838037095839307,0.028384997192908705,0.11051064114787829,0.028585200131777854,0.132,-0.8412452927229321
207.46650639766787,21.71324990549814,9.554834366141295,0.011006701710624182,0.2612566078712453,0.011384632852756529,0.3001935483870968,-0.5305783855042409
76.03356701804508,4.053165245407525,18.759059257254705,0.03472323144605851,0.39043507007119316,0.03490711115378812,0.40238709677419354,-0.39390849265531885
635.8840566807387,39.907715599891155,15.933862590783649,0.004022554602222747,0.3592046518658569,0.004088590606715087,0.396,-0.4064542434785283
302.7148004075071,40.744331272173824,7.4296175923310575,0.0070724430596055265,0.21454757605305008,0.007337802650797819,0.259741935483871,-0.5973975242280231
182.13947373847526,10.60141805335139,17.18067081421208,0.014253859883366334,0.3736508326978847,0.014571866937140717,0.40238709677419354,-0.40005883805596304
208.93122695896042,13.254559200899887,15.76297059692302,0.012216206115573922,0.35713367983984273,0.012443662055435277,0.396,-0.4077233809115762
510.64045497777937,39.79876119931132,12.830561544880837,0.004787233006408219,0.31754039185221855,0.004844088961596474,0.3385161290322581,-0.444725025221947
303.6730810650678,19.190657203505857,15.824006329996404,0.008411449366821977,0.357875993414485,0.008561409434073875,0.396,-0.4064542434785283
189.8377233669654,43.29426801066507,4.384823490264369,0.009651388769413417,0.12502374168652422,0.00995928654869925,0.15541935483870967,-0.7882329550263345
659.1787454981036,41.48676882810394,15.88889094326293,0.003878203963620046,0.3586618874158877,0.003944104082330779,0.396,-0.4064542434785283
11.031633098293968,7.846945290251274,1.4058506450910548,0.10670479452803187,0.00721741396553132,0.11900267960525227,0.08516129032258064,-1.0192561858816762
661.0065519632756,36.343565046404926,18.187719094680883,0.003970856406012085,0.38453858968058335,0.0040152584984745445,0.40238709677419354,-0.3987817346088648
189.91105457223952,40.33743317641619,4.708059973515457,0.009869297633211437,0.1361954275941604,0.0100552448437753,0.16393548387096774,-0.7660314774820938
237.2116964105482,16.74541022328197,14.165773979113458,0.010526094083525875,0.33658819880385493,0.010960123891214422,0.396,-0.4235361280604418
13.299284632235862,2.822144963548935,4.712473952972139,0.1409732077189645,0.1363448215666162,0.14358683230485914,0.16393548387096774,-0.7660314774820938
234.24565434376836,28.583877892471477,8.195027113709607,0.009379028028982802,0.23254277484406646,0.009570214685655215,0.259741935483871,-0.57273067755064
486.4320149769506,47.513179233628165,10.237833435331792,0.004773284666136011,0.2743362040411852,0.004898879234697707,0.30870967741935484,-0.509120058136931
277.1291466171336,37.66664918717639,7.357414386397879,0.007705139579550354,0.21277277286392016,0.00801525747825692,0.259741935483871,-0.5986009228138746
8.609460020831552,2.250122610169207,3.8262181722551243,0.20343410109621146,0.1046047154088351,0.20552548862497172,0.11496774193548388,-0.8564410249768832
114.038330903651,32.158167624661345,3.546170050317098,0.01496376675520334,0.09382515220254739,0.015233541384838744,0.12348387096774194,-0.9117423413283192
333.9818416247045,18.938658331319175,17.634926180192668,0.007812769336017293,0.378643230054157,0.007946875681643567,0.40238709677419354,-0.40033765897667556
142.1752496207753,33.847004234496175,4.200526836459966,0.012707998603429192,0.11844527808262421,0.01293140088976141,0.1469032258064516,-0.8046641815252131
244.40956888141298,18.671392476440218,13.090055773280532,0.010045510245986615,0.3213912464221616,0.010120666726034127,0.3385161290322581,-0.43699419344930923
74.23213507763784,4.879261047003677,15.21380683725117,0.03413715095581338,0.3503188359160183,0.03502350536443014,0.396,-0.41426176356193767
173.40063197227911,15.375702111215661,11.277574885233609,0.013696472029846987,0.2927848898358183,0.013803669629125095,0.31509677419354837,-0.47199785205505457
55.88542017776405,5.311142399232631,10.522297460116778,0.041817721581020754,0.27955040778018037,0.04282986563603238,0.31509677419354837,-0.5033560444295093
44.16830615647594,13.543705205252545,3.2611686009930656,0.03751346876077479,0.0824888676698405,0.03862324267745062,0.10858064516129032,-0.954814301559766
150.48737932360004,36.611901937592705,4.110340390950332,0.011920619380086995,0.11516965910126113,0.012125662759170793,0.14051612903225807,-0.8033119020052658
21.10060176615505,9.22745789942755,2.286718833739039,0.06868674352171121,0.04156782788051363,0.07533000805661468,0.10006451612903226,-1.0356583906939716
727.4661869562237,38.41726937206095,18.935916030650404,0.00363559631632986,0.3922215362825465,0.0036484337319139374,0.40238709677419354,-0.3947741708965418
291.60384657598155,41.36704329407739,7.049182715404054,0.007238085177472289,0.2050358312491159,0.007372198228372704,0.23632258064516132,-0.6071909762977401
133.45970598580783,7.571228257940397,17.627219975284817,0.01954974883283509,0.3785596710626797,0.01988699252492087,0.40238709677419354,-0.40033765897667556
426.9583523031557,31.78667620541175,13.43199111300807,0.005782524989549206,0.32635229559112694,0.005793510720563505,0.3555483870967742,-0.4338885792662149
189.13899589837223,19.537110682503517,9.681011638417747,0.012111929783804747,0.2637351752326613,0.012487800272824857,0.3001935483870968,-0.5268457006737897
428.03390543628643,32.39943446314598,13.2111536058807,0.005747466949425736,0.32316270174284695,0.005778952928462954,0.3555483870967742,-0.4338885792662149
339.3405231280053,40.244321325932205,8.432010081117822,0.0065220175545770715,0.23782950948999393,0.006727226836866594,0.2767741935483871,-0.5703214995786986
230.10012663249827,16.419704766900892,14.013657973701077,0.010826800179685295,0.33451047744550166,0.011037997433073139,0.37258064516129036,-0.4215948386806185
669.1873517780523,38.03095946867216,17.59585772032106,0.003897577841736651,0.3782192095928238,0.003966172056698077,0.40238709677419354,-0.40033765897667556
446.88671634095533,39.99463398384473,11.173666860446053,0.0053031987311893845,0.29101427964112664,0.005356089025928128,0.31509677419354837,-0.4758471515961191
6.75915331322381,1.3520618427641367,4.99914508304257,0.2825396983248204,0.14587014161027267,0.282520911092139,0.16393548387096774,-0.7333672400064716
127.89621564170993,8.882627096348921,14.3984672838827,0.019589631055996752,0.3397235327523867,0.020327963326046014,0.396,-0.4206985450526088
48.25562853210025,6.355362428193791,7.592899551727786,0.04462509254006392,0.21851026265385773,0.046456367255902305,0.259741935483871,-0.5861043188736659
6.309543642906183,3.333932115882564,1.8925231299245908,0.21258062472162761,0.02500805064559154,0.2519213101617835,0.10006451612903226,-1.0301111441521762
630.765860745683,38.01231956697754,16.593721928341584,0.004088025277875483,0.36699105320486186,0.004207761295419891,0.40238709677419354,-0.40016643262533436
169.3468040752736,26.556084129052753,6.3769493744751955,0.012120292406801837,0.18720014418672265,0.012222080316516523,0.2107741935483871,-0.6404472180216702
69.4237024033976,7.120017126732599,9.750496546243053,0.033055298479893476,0.2650877479148527,0.03402195392658746,0.3001935483870968,-0.5168050190314742
32.8469487782541,5.265347924928917,6.238324465272168,0.06209788270392826,0.18334646512578545,0.06301255726144178,0.2107741935483871,-0.6518687657190233
435.9831677568868,24.424442149680473,17.85028149609511,0.005998870769968124,0.38096287666969625,0.006087648266269502,0.40238709677419354,-0.40047383303111694
586.6984431123439,49.10623631560932,11.947534307895042,0.004101394219709033,0.30384281853488054,0.004216114462790227,0.3385161290322581,-0.4541542255946925
219.28779697768445,12.93243050995025,16.95642569345057,0.011808919181317587,0.37113494933433155,0.012103328191983204,0.40238709677419354,-0.3995746075365374
529.8924373337295,40.73449701439118,13.008444345011124,0.004627150269645279,0.32018828656788273,0.004668094158408571,0.3385161290322581,-0.44126680688191544
35.635511358219,3.1220761679839866,11.414042912742216,0.06683011809601648,0.2950870757464204,0.06716797222764684,0.31509677419354837,-0.4681462497160535
628.5828331420238,48.8886434053728,12.85744069292263,0.003890769869337529,0.3179428041431083,0.003935181905840519,0.3385161290322581,-0.44283856311318903
111.33792154692034,32.226501181226844,3.4548560180581718,0.015188059444276838,0.09023249323919397,0.015603018352975123,0.12348387096774194,-0.9156008416209852
544.3782102702368,30.382367282790103,17.91757058307291,0.004807850975567976,0.38168160175316673,0.004875493040032517,0.40238709677419354,-0.400037303587736
89.1095554294671,18.090470503815496,4.925773235730537,0.021333298405719864,0.14346507116781296,0.021429824703535286,0.16393548387096774,-0.7395424604878471
440.20620360064765,34.385216593747586,12.802193710208947,0.0055505208902738214,0.3171147960668557,0.005619157047469703,0.3385161290322581,-0.4489214483706321
296.8582638862265,48.40522106935958,6.132773641522263,0.0068375004856122724,0.18036962302400236,0.007241709673064826,0.24483870967741939,-0.6661136538558168
495.27678163542805,32.73864377120461,15.128200944935005,0.005110585030171642,0.3492338643914242,0.0052493265937479565,0.396,-0.41488622764351374
89.74056776414331,15.432110327752227,5.815184434157329,0.02227161568357972,0.17118273343777074,0.02217257111212173,0.17670967741935484,-0.6909862344763197
703.2460509222198,37.16767199492723,18.920906615248896,0.0037602507208735064,0.3920706176719192,0.003774087564142535,0.40238709677419354,-0.3947741708965418
413.1882571060678,33.83303105529126,12.212569912249938,0.005852313294257178,0.30805431376134473,0.0059865878295458875,0.3385161290322581,-0.4545985453563468
595.8786429165968,40.657919234772756,14.655906011219841,0.0042201293161759496,0.3431333033764245,0.004363085692045262,0.396,-0.4206985450526088
185.0798577892657,42.18915980509092,4.386905514220085,0.009901016817821776,0.12509718268577888,0.010215310879031603,0.15541935483870967,-0.7925434887534203
97.91866938320948,15.21076600949974,6.4374581347221635,0.021017743028810335,0.18886270103918146,0.021137646720394403,0.2107741935483871,-0.6414179835414868
227.10966839396508,29.172950177820315,7.784940056101442,0.009544797529840448,0.22308285234250966,0.009870919266029881,0.259741935483871,-0.5846326301088123
230.044438229869,27.891430810924607,8.247853607415667,0.009566194676027139,0.23373236858723642,0.009923389983208316,0.2767741935483871,-0.5703214995786986
726.2542199147216,37.45269378743663,19.391241229178046,0.0036577901850888,0.3967398266121071,0.0036545222079804912,0.40238709677419354,-0.389002595836188
749.5027379497554,40.31900100766183,18.589318168059947,0.0035164984839391113,0.3887034738129552,0.003541164082439712,0.40238709677419354,-0.3972512359038028
122.0777955171782,30.801185228011118,3.9634122717511078,0.014518057412600352,0.10975290981924146,0.014645541240385414,0.132,-0.8412452927229321
461.1963184070597,40.42165061833873,11.409635958750815,0.005163344294630202,0.2950131392256401,0.005189904909679365,0.31509677419354837,-0.4681462497160535
751.9962145080883,43.04855123939743,17.46856033147689,0.0034635299995476668,0.37683069857488233,0.0035294222552091723,0.40238709677419354,-0.40033765897667556
562.2675090528841,35.22801930771017,15.960803931143058,0.004550758914277615,0.35952905096399373,0.004623901504613209,0.396,-0.4064542434785283
326.83956281188944,34.018827070411845,9.607608226333024,0.006996078550314131,0.2622968205782309,0.007226573136560297,0.3001935483870968,-0.5268457006737897
625.5185236179927,31.51266274830359,19.849751467024667,0.004265173075435406,0.4011758629054545,0.004280035829628347,0.4109032258064516,-0.3866006783413005
370.1526173846251,32.85501707778407,11.266243341413912,0.006414729830504668,0.2925925473535686,0.006466427426986682,0.31509677419354837,-0.47199785205505457
255.05605230331895,47.78304189526651,5.337794376137978,0.007638955557132191,0.15668719077258197,0.007769527736889959,0.17883870967741936,-0.734194761052143
411.62957566306073,25.27805194981741,16.284070326314605,0.006241035034252921,0.36337790533215036,0.0063160417395101715,0.396,-0.4049384256029795
60.24125463740974,3.089051144732401,19.501540057093592,0.04414370608107286,0.3978172022356761,0.04444199758613046,0.4109032258064516,-0.38770074595956033
156.05972185780257,24.049250734941886,6.489171890542879,0.013217268602401099,0.1902743342304007,0.013647106092913051,0.22780645161290325,-0.6380685153324481
806.0427230468061,47.408479940735745,17.002079038484712,0.0032143606105575983,0.3716499649580759,0.003292768608201647,0.40238709677419354,-0.3995746075365374
175.85519713016768,12.322117195078626,14.27150824376213,0.014220834776291796,0.3380192478328277,0.014784149820606857,0.396,-0.42521019395782267
336.9609571247521,36.40915757298884,9.25484080342293,0.006723860755651259,0.25524433077457515,0.006884615473003218,0.28316129032258064,-0.540267051904405
265.86121936828,47.06476288804575,5.648837963992115,0.00745369900586793,0.16622804142711045,0.007484277417822029,0.17670967741935484,-0.7046874820729945
568.8611433613414,34.9747297510601,16.264918911749387,0.004514975545021581,0.3631521001546238,0.0045703061484255935,0.396,-0.4049384256029795
97.51995161089154,31.073231845563328,3.1383910143487554,0.016758223862494162,0.07749667777702567,0.01717167368204261,0.10858064516129032,-0.9662259710408155
71.49282575972583,22.768011006389788,3.1400558327058756,0.02286346745023671,0.07756478661708015,0.02342306054846358,0.10858064516129032,-0.9662259710408155
346.5041990747281,37.912524009586136,9.139570844376252,0.006518385254540856,0.2528881496758547,0.006695002904477753,0.28316129032258064,-0.5408676641979074
335.0214485337667,18.824009000690758,17.797561004219286,0.007802263536833064,0.3803977554975551,0.00792221568778272,0.40238709677419354,-0.40047383303111694
69.00471207556785,26.169405276453745,2.6368467814458025,0.022202016247832957,0.05652864991137192,0.022969895306201988,0.0915483870967742,-1.0274000317957324
502.72762511907064,40.0650223938823,12.54779343879349,0.004838887890683553,0.3132563846012473,0.004920333929762852,0.3385161290322581,-0.4529250212471535
712.2021577371172,36.23347013124244,19.65591910345397,0.003739304018341309,0.39931417537897906,0.0037591035973376504,0.4109032258064516,-0.38756387365663836
31.745250571609727,12.44788544326721,2.5502524678824097,0.0476471469535575,0.05283842301969785,0.049929705498306054,0.0915483870967742,-1.0382200846472878
252.70841300517174,26.828774800238516,9.419305014365586,0.00900460885499033,0.258561518305846,0.00934646368315872,0.3001935483870968,-0.5327520127939143
93.57281175187511,20.07588553570309,4.660955631843217,0.019966720919331677,0.13459591079334068,0.02040766026489713,0.16393548387096774,-0.7660314774820938
131.5826007245973,9.854063436261915,13.353131078940207,0.018739402649380253,0.32521929954775475,0.01879874525720682,0.3555483870967742,-0.4338885792662149
298.75795280537176,28.20568292317813,10.592119099511901,0.007834573770594665,0.28081036220858246,0.008011719904862763,0.31509677419354837,-0.49879699686956697
131.0668020088125,47.10757795989787,2.7822870052964332,0.011928653313652043,0.06269020401082757,0.012366601587773455,0.0915483870967742,-1.0090871070062148
268.6749360268731,35.17372295253039,7.638512886152835,0.008027712579400239,0.21960485096142537,0.008343841946713714,0.259741935483871,-0.5884668387429504
259.67330123714083,30.444239672665326,8.529472374056073,0.008548032655726798,0.23996710684808906,0.00887014721742726,0.2852903225806452,-0.556509355831092
96.85180713888404,19.736095519459234,4.9073438585352855,0.0196050778125985,0.14285745181223955,0.019716742605794643,0.16393548387096774,-0.7405335238280623
19.789165350384966,16.42290855473064,1.2049732411549396,0.05535003355741866,0.002169752915936881,0.0663390231914675,0.08516129032258064,-1.0185147783952624
195.51651421862434,12.15621005604896,16.083673555915137,0.013107175080062466,0.3610013782108408,0.013297442374599658,0.396,-0.4064542434785283
583.165525282875,29.856903708762612,19.53201614512102,0.0045613787157506,0.3981137299400944,0.004590877850474082,0.4109032258064516,-0.38770074595956033
307.05289475729074,33.92448567448126,9.051070006000494,0.007338089834556105,0.2510613245799775,0.007486674008902904,0.28316129032258064,-0.544104651951165
322.1259051999719,23.203241161350075,13.88279779363501,0.007718461893565817,0.3327049284637379,0.007884633201240413,0.37258064516129036,-0.4220302350034779
208.80335785516917,14.277531659887499,14.62461179069201,0.012037983727937046,0.34272205899798713,0.0124512824305636,0.396,-0.4206985450526088
79.85389201315816,9.004263530339488,8.868453454754386,0.028072646467071468,0.24724179314432798,0.028787637879428785,0.28316129032258064,-0.5445901195695783
393.3230280078925,30.769080192912455,12.783060967109867,0.006210100142425456,0.3168272307696652,0.006288947290553318,0.3385161290322581,-0.4489214483706321
107.41341438555176,24.16659800959267,4.444705636387678,0.01713221090821597,0.12712826182964282,0.017601603073318,0.15541935483870967,-0.7862239858164513
893.1866073396359,47.079483143287014,18.97188642919488,0.0029621034079093667,0.392582695480541,0.0029715091488252314,0.40238709677419354,-0.3947741708965418
312.94359710042306,25.70673008556045,12.173605746776968,0.007721479124588984,0.3074407159509002,0.007904260749289887,0.3385161290322581,-0.4554803022251254
347.88335340326404,39.598028531083706,8.785370542631489,0.006428599647417479,0.24548133764199281,0.0066079762197561905,0.28316129032258064,-0.550927263900092
142.2185353210277,11.923741354785829,11.927341518855195,0.01691318311385022,0.30351827550189875,0.0173928650419502,0.3385161290322581,-0.4541542255946925
642.7884134409676,40.030146851575005,16.057608177764575,0.0039855097504664415,0.3606900149226931,0.004044673996513347,0.396,-0.4064542434785283
385.8665333130065,33.4058704674022,11.550860010953437,0.006188669296422561,0.29736912605654914,0.006181529529741467,0.3129677419354839,-0.46066499542020845
98.5628651493876,22.458258137384124,4.388713699274806,0.01859445554601329,0.12516094854223522,0.01918215630094287,0.15541935483870967,-0.7925434887534203
180.4202451504684,23.757489281441302,7.594247145105848,0.011936097550152947,0.21854267787424805,0.012425330646136901,0.259741935483871,-0.5861043188736659
898.4990388349556,45.83505302910425,19.602879880261696,0.0029625136126306293,0.3988013010092307,0.0029796823117948976,0.4109032258064516,-0.3875897064122958
34.744984297746846,4.722932007513124,7.356655620380598,0.061455184924558474,0.212754047563374,0.06393042074305912,0.259741935483871,-0.5986009228138746
555.2935309872724,33.75933374558041,16.44859271134071,0.0046355989790363445,0.3653064291770237,0.00468197347172831,0.396,-0.4033393304800173
679.3459185209317,47.104435780104616,14.422121977902245,0.003689280042035007,0.3400393968260363,0.0038270187694145184,0.396,-0.4206985450526088
59.95266258426868,7.354974145120946,8.151308407255158,0.03659475914889904,0.23155337749680227,0.03739252110947748,0.259741935483871,-0.5749588619964165
167.55853740642144,17.26823056419169,9.703283540461848,0.013679508390387672,0.2641696616111189,0.014096148373821952,0.3001935483870968,-0.5168050190314742
18.158062666880664,12.960531418647145,1.4010276338480612,0.06472485256546093,0.007073207115105535,0.07229812580796074,0.08516129032258064,-1.0192561858816762
98.49064841978169,14.055642379323299,7.007196523772361,0.02139495293647078,0.203961297410603,0.021827060696681746,0.23632258064516132,-0.6121460414467292
73.55672105158894,3.794056749003867,19.38735393741839,0.036113450333490074,0.3967017361792673,0.03608252430741765,0.40238709677419354,-0.39157907616590765
798.1535960805032,41.517355843132364,19.224576803402826,0.0033229667300792957,0.3950993187281265,0.0033253150626038138,0.40238709677419354,-0.3926315987780923
166.15039165910974,22.996770766436065,7.224944464881448,0.012788771096497802,0.20947988190619776,0.012751476308790444,0.2256774193548387,-0.6072868673301703
95.26617050197234,27.90256937853017,3.4142436565456786,0.017676929298322513,0.08862255331555956,0.017906914892713025,0.10858064516129032,-0.9212029527259438
238.15440662103993,13.869488240882081,17.171102674073403,0.010900110801687983,0.373544189333956,0.0111445016406571,0.40238709677419354,-0.40005883805596304
117.23802811818075,22.905793210279676,5.118269733857835,0.016407826958227498,0.14972778481106552,0.01690292053389616,0.18735483870967742,-0.7327058846362876
250.62886800562794,42.1997720451072,5.939104783261188,0.008023868115102332,0.17480919404593573,0.008018936192289312,0.19374193548387098,-0.676878132846438
99.92564210500946,21.631099266586496,4.619536014952525,0.01864448594362966,0.1331814779280732,0.019110231488497074,0.16393548387096774,-0.7744927715812335
317.45771804919656,18.77465030229614,16.90884852381892,0.008152675432757144,0.37059668457848244,0.008360521809416486,0.40238709677419354,-0.3995746075365374
167.8010405770014,11.301186837067595,14.848090116218449,0.015026496397213786,0.34563948748523604,0.015493763162402502,0.396,-0.41497187585580825
524.5917030742717,37.57053479601291,13.962848969877927,0.004745290093696683,0.3338114492081096,0.004841564577241758,0.37258064516129036,-0.4220302350034779
150.07504019400247,28.895807487720784,5.193661407724168,0.012875163717963505,0.15213948232244817,0.01320449469992204,0.18735483870967742,-0.7284280750303733
256.717427124197,44.70163290698651,5.742909384504253,0.007756923804916735,0.16904234100575685,0.007750853312463332,0.17670967741935484,-0.7011096873397551
640.5300503801344,47.95680411433003,13.35639566083464,0.0038497941536191345,0.3252663336382084,0.0038617825812145208,0.3555483870967742,-0.4338885792662149
82.89592457252597,27.964269396235874,2.9643515229360564,0.019309306707465095,0.07031674349594712,0.020201002584701467,0.10858064516129032,-0.9909196912362305
610.1838643333859,43.194206645956015,14.126520932188793,0.004089681790886829,0.33605419972448863,0.004260797004104753,0.396,-0.4235361280604418
644.9946264297583,40.71816946514185,15.840462253145432,0.00396106251100126,0.3580756245665743,0.004030839133491424,0.396,-0.4064542434785283
536.2902975920468,34.14796987327493,15.704895476429517,0.0047557279972385595,0.35642461964054406,0.004847877339527143,0.396,-0.407999245721962
429.44373771495935,37.81292292996928,11.357062729858324,0.005539264063800446,0.29412901444092665,0.005573640565730082,0.31509677419354837,-0.4681462497160535
23.260610162424033,8.526204086593692,2.728131994752297,0.066719624869935,0.06040216125238366,0.06968221858792621,0.0915483870967742,-1.0068517918838433
192.89288079803063,40.67102250046497,4.742759560466555,0.00973924121748262,0.13736759696041645,0.009899806277780145,0.16393548387096774,-0.7625677764264536
282.0399486908767,31.67177324769067,8.90508865686709,0.007956435299442895,0.2480135091405158,0.00815063588405825,0.28316129032258064,-0.5444528648950178
96.02613051021711,10.636552428924409,9.027937496842432,0.02344927405739406,0.2505812419684299,0.023939368527332423,0.28316129032258064,-0.544104651951165
431.8070666344959,40.241031355719095,10.730516890023175,0.005437095185357616,0.28328522041990906,0.005543135400451623,0.31509677419354837,-0.4951089009246189
355.9988935127886,30.539733279391807,11.656909058633344,0.006721813995311075,0.2991203756500011,0.006979321113674613,0.3512903225806452,-0.45889177357900185
562.156688913326,30.718075115270032,18.300518076208377,0.004674573080077237,0.3857182058926097,0.004721303201867819,0.40238709677419354,-0.39808474001807764
74.94591063554662,10.373839512538522,7.224510321849682,0.02835144287165064,0.20946901107347132,0.028269224631083684,0.2256774193548387,-0.6072868673301703
506.1230857339014,38.097198190709406,13.285047451529582,0.004866543314795123,0.32423579225460897,0.004887324567927282,0.3555483870967742,-0.4338885792662149
972.5323369550517,49.52111854897858,19.638739298531277,0.002737915923073848,0.3991482150285667,0.0027528562202502583,0.4109032258064516,-0.3875897064122958
15.699712044849056,10.637308427198418,1.4759102034408096,0.07665342820037728,0.009411453882978642,0.08983661279480616,0.0915483870967742,-1.0158649818357623
127.28240052002886,24.831597516468953,5.125824081016612,0.015119850726147008,0.1499704718346331,0.015569042261427671,0.18735483870967742,-0.7327058846362876
623.7284780651478,44.943719305394886,13.87798979935062,0.003985923959468669,0.3326382662649045,0.004072035663656256,0.37258064516129036,-0.4220302350034779
337.0155306755907,36.86003316249034,9.143115232423227,0.006702556194648475,0.2529609882153109,0.006883500634432524,0.28316129032258064,-0.5408676641979074
341.91318807406395,36.586438791622165,9.345353069792564,0.006642417865412632,0.2570763417723242,0.00678489950120475,0.28316129032258064,-0.5397171726733557
181.37346472535606,13.64368533295321,13.293583097177551,0.013581978477284127,0.3243593673966225,0.013638090858814884,0.3555483870967742,-0.4338885792662149
42.130124115805664,16.519396100291445,2.550342873312565,0.0359028438147172,0.05284228206331702,0.03762227254905619,0.0915483870967742,-1.0382200846472878
27.252568132272575,10.95897579711141,2.486780574828522,0.05496383767867485,0.050126548993107534,0.05816079439990123,0.0915483870967742,-1.03599664373947
61.01841692046078,3.5662531336367826,17.10995115431854,0.042513529522636755,0.3728611385273155,0.04349690321821373,0.40238709677419354,-0.40005883805596304
26.918872602903647,1.6831907663141576,15.992763946685885,0.09509196098968037,0.3599131470650127,0.09658166667887542,0.396,-0.4064542434785283
750.4152759417565,37.59715922768742,19.95936106228827,0.003558877725639818,0.4022199515258626,0.003567680161922808,0.4109032258064516,-0.3863523383144174
262.96711275112534,26.86913923401531,9.786957090840444,0.008734545812997178,0.2657940106158029,0.008981845599897755,0.3001935483870968,-0.5168050190314742
125.76953661401014,17.282318420820175,7.277353278162863,0.016927964648996353,0.21078837250147936,0.017008749311753495,0.23419354838709677,-0.6002813558849772
50.75201934204139,10.379884120978858,4.889459145258291,0.03737055012971282,0.1422664314447815,0.03762613147259711,0.16393548387096774,-0.7405335238280623
298.9046177243806,31.84970438466664,9.384847473444113,0.007606073254143526,0.2578708015429984,0.007831556199171221,0.2916774193548387,-0.5393414167201779
544.866600662518,30.59743103862675,17.807593061478546,0.004797886058129019,0.38050542732681913,0.004871122898872295,0.40238709677419354,-0.40047383303111694
140.26840185583748,8.531819739857065,16.44061948479322,0.01834961555417275,0.36521343032835396,0.018534962591053108,0.396,-0.4033393304800173
510.6780518701066,26.05195711488786,19.60229128345488,0.005212287659116482,0.3987956010549827,0.00524252351041357,0.4109032258064516,-0.3875897064122958
11.576139551534828,2.313685580285354,5.003333058810483,0.16501384819347029,0.14600674786801215,0.16496018761368986,0.16393548387096774,-0.7333672400064716
383.337760969843,42.932464476060424,8.9288552531988,0.005857846018267043,0.24851267141703992,0.0059968131517277095,0.28316129032258064,-0.5444528648950178
223.73230632460573,14.588001608742571,15.336734415392664,0.0113449497859627,0.3518659632395021,0.011721495146381312,0.396,-0.41208192770612107
440.20785081551776,41.28127688240769,10.663620024871747,0.00532553116334006,0.28209267718236186,0.005437351998135858,0.31509677419354837,-0.49879699686956697
270.43985288842697,40.6836708193929,6.647380814995557,0.007678884490995502,0.19454080049192427,0.00787518392084983,0.22780645161290325,-0.6338551886140326
691.8622569438533,36.71218344922676,18.845576371144045,0.003819269960947185,0.391311237253598,0.0038361858139824598,0.40238709677419354,-0.39405632341392993
135.15712347939782,6.961158786618608,19.415894339202477,0.019659415831563876,0.3969812041675934,0.019637234849278717,0.40238709677419354,-0.389002595836188
416.9593359042171,47.23261615748539,8.82778405739733,0.005370113963557771,0.24638184176884406,0.0055132592763575475,0.28316129032258064,-0.550927263900092
910.8521656351758,47.450337800133916,19.19590476830294,0.002911013067402554,0.39481555501238347,0.002913878097294826,0.40238709677419354,-0.39324969606416943
45.029907310834986,5.714654942082731,7.879724632056899,0.04829307906628864,0.22530557853218042,0.049784273056059244,0.259741935483871,-0.5823111465403928
582.0908654778715,49.856448654033855,11.675337517863397,0.0041124413954194946,0.29942314718010726,0.004268458313460788,0.3512903225806452,-0.45889177357900185
59.74014625955454,19.355529608581286,3.0864640476212397,0.02719154272583843,0.07536672489874163,0.02803107945660563,0.10858064516129032,-0.9833416426788512
659.0458377657525,40.493152706834394,16.275488414971438,0.0038976433701728474,0.3632767541964426,0.003944899477582066,0.396,-0.4049384256029795
67.26707550240279,14.129593141351135,4.760722749018265,0.02796115347907862,0.13797237231685486,0.028388362924968092,0.16393548387096774,-0.7547358132093557
158.22953118927566,8.69304645344437,18.20185041419878,0.016590766993442845,0.3846867958076201,0.01677381052303709,0.40238709677419354,-0.3987817346088648
335.74356187710566,26.59323539066484,12.62514910069812,0.007255336126820109,0.31443762764657457,0.007367491359991842,0.3385161290322581,-0.450927294605488
598.1338669226316,38.24326252808825,15.640241636898121,0.004260467556168125,0.35563205675609766,0.004346634967320859,0.396,-0.4099685825236065
362.6829632061156,20.497385530119388,17.69410848389322,0.007199135714574035,0.3792836668549812,0.007317995176436078,0.40238709677419354,-0.40033765897667556
87.45184559605025,14.68006167437404,5.957185162832717,0.023015995995087767,0.17533378435338035,0.023667542138720313,0.2107741935483871,-0.6698180337548573
155.07198753252817,30.150982087121996,5.143181972794249,0.012423159306940957,0.15052722944479946,0.012779000929594813,0.18735483870967742,-0.7327058846362876
134.6690055335431,6.8400499792876905,19.68830724063909,0.019781442554305778,0.3996266262705647,0.019880162347485308,0.4109032258064516,-0.3875677342195873
296.97241739082415,20.257283203056744,14.660031871697987,0.00846823266157145,0.3431874558948169,0.008754582677903213,0.396,-0.41796193293455597
82.75026516324085,26.57739584773919,3.11355806405239,0.019692718343157074,0.07647941770269245,0.020236560973519314,0.10858064516129032,-0.9662259710408155
387.46868167097716,37.21029763290964,10.412942285317571,0.006016598518881019,0.2775614589398342,0.006150101440421115,0.30870967741935484,-0.5081097777724692
81.72358636313876,35.77415577292564,2.2844308858572218,0.017727490870226462,0.041470075494652626,0.0194498133498559,0.10006451612903226,-1.0356583906939716
806.4809406175393,42.49081909614919,18.980122242233456,0.0032808282906987046,0.392665283636466,0.0032909794164330632,0.40238709677419354,-0.3947741708965418
18.27918484218762,9.461012184327531,1.9320538316679978,0.07401719507656229,0.026625787386922502,0.08401789519492779,0.0915483870967742,-1.0351239555462366
221.6654516749346,11.313816267429194,19.59245637681749,0.012007079815819784,0.39870033280761275,0.012077848275189608,0.4109032258064516,-0.3875897064122958
29.706176944960436,8.796699408526816,3.3769685157328038,0.056470504541948,0.08713842699883195,0.05742654837390348,0.10858064516129032,-0.9226713847919931
656.1121883692089,36.532561225386196,17.959654794563967,0.003990876014402435,0.3821296588294247,0.004045210898939085,0.40238709677419354,-0.3986301985030694
6.458734272232221,1.8640995425947975,3.464801167882786,0.26208035159325643,0.09062560622105434,0.2689702904712166,0.12348387096774194,-0.9156008416209852
89.12045719043222,10.504153638836522,8.484306328206326,0.02487295259284713,0.2389791111186232,0.025615001829996726,0.2767741935483871,-0.5615997423054143
274.80364236988777,27.550365845830175,9.974591404980565,0.008396723068393393,0.26939143780306224,0.008594973429800238,0.3001935483870968,-0.5167420073525736
173.1844043559053,34.17869611836691,5.0670278279819945,0.01107309355913256,0.1480755061317109,0.011464182526388512,0.18096774193548387,-0.7328251756521494
166.8530748186823,23.33764786446394,7.1495240560531474,0.012698658584313564,0.20758352662856766,0.012697774885118076,0.2256774193548387,-0.6174492158431643
8.797680576413779,5.441009476151105,1.6169206495551145,0.14247008772384337,0.014293710430767298,0.16031599916736097,0.0915483870967742,-1.0184487302384089
541.8181149089164,32.61945602981909,16.61027438390184,0.004760072404635375,0.36718221480562513,0.004898529787554396,0.40238709677419354,-0.40000700631993724
165.92294170929958,12.276890578970471,13.515062355733216,0.014899438135729734,0.327538688488247,0.014908051688453302,0.3555483870967742,-0.4338885792662149
262.5948628484045,14.708157733243613,17.853688246413306,0.009960218468928419,0.38099933354348436,0.010107250943633697,0.40238709677419354,-0.40047383303111694
73.11403635851278,3.8605274377777583,18.938872352789062,0.036174319882650886,0.392251246797266,0.03630099372853015,0.40238709677419354,-0.3947741708965418
131.14897650788168,37.36426217560668,3.5100111408998327,0.012965237013907966,0.09240703975633553,0.013246063214029742,0.12348387096774194,-0.9117423413283192
219.37140133717608,14.216179286303767,15.431108240772128,0.01158490646198626,0.35304513610234406,0.011954507865142317,0.396,-0.41208192770612107
118.4752012025677,11.28617773325846,10.497371563930034,0.019714629271422302,0.27909873973418026,0.02020308902564642,0.31509677419354837,-0.5033560444295093
59.391180783302026,5.057557892417613,11.743055056738434,0.04035864290827735,0.3005318150511264,0.0418350091910812,0.3512903225806452,-0.45980762788720825
19.649714533373636,12.478491463693612,1.5746866991530846,0.06304588311601948,0.012775560009248673,0.07177757974893632,0.0915483870967742,-1.0184487302384089
21.90777704547357,2.637648374498232,8.305798929563974,0.10063218096145186,0.23502984631921145,0.10420138333910636,0.2767741935483871,-0.5703214995786986
148.14746608408146,45.044959729784416,3.28887997620129,0.011217901730022012,0.08360682388225776,0.011515034663942924,0.10858064516129032,-0.9378209694826924
33.92016147550121,9.229408792952917,3.67522581743273,0.050931573395342405,0.09883775255262779,0.05216553815218587,0.12348387096774194,-0.8898136678060594
359.1534894584685,34.151669165341055,10.5164256458351,0.006506113987747157,0.27944409698774075,0.006664462708787442,0.31509677419354837,-0.5033560444295093
213.2384693265434,13.17344144364926,16.186997925993197,0.012033205453771676,0.3622305197393741,0.012192310277389177,0.396,-0.40577848924349313
86.54745322047735,38.09801966850171,2.2717047755642836,0.016702194918701417,0.04092649196272076,0.018365745517602314,0.10006451612903226,-1.0356583906939716
55.96756655354525,11.853398735201864,4.721647166675872,0.033519281882189486,0.13665502651785144,0.0341197995527729,0.16393548387096774,-0.7660314774820938
255.1801133142901,20.187116219766537,12.640741279550689,0.009548520880812966,0.3146748705487786,0.009693497503294436,0.3385161290322581,-0.45203851610241974
67.20890207415653,8.550092589573497,7.860605177084883,0.03233567223152036,0.22485901001793693,0.0333554206670141,0.259741935483871,-0.5823111465403928
180.375596550867,29.857728179298185,6.041169491117886,0.011204271683270022,0.17775564357695023,0.011918249487301746,0.24483870967741939,-0.6661136538558168
389.6088430886919,24.43992395372461,15.941491627649524,0.006565876671034985,0.3592965700973008,0.006673025079445921,0.396,-0.4064542434785283
132.03178484585882,31.660844371774353,4.1701915241264125,0.013651777137468365,0.11734764656268547,0.014239411721920503,0.15754838709677418,-0.8034835286471331
433.3531961559258,47.797691557464354,9.066404297683095,0.005201607252802229,0.25137897361110073,0.005304691293220944,0.28316129032258064,-0.544104651951165
54.80473139882466,14.073736181324213,3.8941138794082484,0.0321483173557599,0.1071634173725229,0.032286691904424,0.11496774193548388,-0.8475993085332157
67.35388611686867,6.32453315846691,10.649621786977157,0.03479559606847379,0.2818422580341148,0.035537148266006034,0.31509677419354837,-0.49879699686956697
70.61261769694954,7.081498505795858,9.971423087805016,0.03267509216112868,0.2693312036510737,0.03344912115733032,0.3001935483870968,-0.5157184265181172
158.19335526344213,15.046412167136623,10.513692799733187,0.014770218389760472,0.27939459937048067,0.015130629432827959,0.31509677419354837,-0.5033560444295093
173.9746131365956,21.37396104019736,8.1395588215683,0.01260604758954338,0.23128671131104855,0.012885680047418874,0.259741935483871,-0.5749588619964165
918.5618202903995,47.27654511664296,19.429546258595668,0.0028930611534522827,0.3971147277364832,0.002914601536927406,0.4109032258064516,-0.3883843453450917
76.63628311939316,32.80262951201194,2.3362847509322338,0.0190734171249649,0.04368701516068958,0.020740939361158103,0.10006451612903226,-1.0367101276279114
197.34974714475328,16.751995694787745,11.78067083709657,0.01215445523002115,0.3011450240063515,0.01258998620411793,0.3512903225806452,-0.4552174760200831
319.4684639341301,23.985936321192497,13.318990747585177,0.00771413464541908,0.3247267440656075,0.007742823065667231,0.3555483870967742,-0.4338885792662149
71.5049917268439,36.26115499765816,1.9719446810632997,0.01908339697382414,0.028272079141525023,0.021477922019576726,0.0915483870967742,-1.0374464992342673
113.24987198745178,9.430765654791648,12.008555416697373,0.02127182247581576,0.30482037257284134,0.021841859490812836,0.3385161290322581,-0.4541542255946925
136.0790549033373,26.37933158472921,5.158548254577928,0.01417001753835377,0.15101909289427856,0.014562601674739387,0.18735483870967742,-0.7284280750303733
630.4880401247667,43.75345489054135,14.410017259255703,0.003974474535428788,0.3398778263338889,0.00412358270997538,0.396,-0.4206985450526088
17.486499856427653,3.4091241612101326,5.129323260030661,0.11007881894534483,0.15008280649377448,0.11332542756427474,0.18735483870967742,-0.7327058846362876
96.68516277333993,32.22684514575647,3.0001435863811547,0.01662843886948122,0.07180272161238642,0.017319935536298913,0.10858064516129032,-0.9935948089381477
202.66253353114524,30.645098437547276,6.613212026195914,0.0102322066084843,0.1936259468199395,0.010508916196375442,0.22780645161290325,-0.6338551886140326
162.5141770885833,41.78071812396706,3.889693245730948,0.010837250464367806,0.10699747400509169,0.010888056102416615,0.11496774193548388,-0.8475993085332157
231.32760298194492,32.996035853908,7.010769536260728,0.00911044461958034,0.2040529366299965,0.009293146746875277,0.23632258064516132,-0.6121460414467292
160.59596068923,25.670970332294303,6.255936515465443,0.012711215650317511,0.18383956436870602,0.012888059150868707,0.2107741935483871,-0.6450199433546417
43.60960849450415,5.5898859277589175,7.801520291843952,0.04973519694034104,0.223473272228232,0.05140567133351278,0.259741935483871,-0.5846326301088123
64.44738153175088,11.368033048964497,5.669176123447436,0.030781055390645844,0.1668392378368894,0.03087447578319927,0.17670967741935484,-0.7046874820729945
166.85849200647493,11.404396452803388,14.631067299090464,0.015065468497281737,0.34280696515885295,0.015581284175838435,0.396,-0.4206985450526088
274.5313660412185,48.65759475366031,5.642107207129605,0.007215750389624212,0.1660254348889457,0.007247911774474244,0.17670967741935484,-0.7046874820729945
767.4208356795905,44.646692471732656,17.188750010215667,0.0033833167430820706,0.3737408322538213,0.0034584833404575797,0.40238709677419354,-0.40005883805596304
39.103504741504004,15.80610427158831,2.4739495621190537,0.03822929542978925,0.04957783244786207,0.040534244244559293,0.0915483870967742,-1.03599664373947
735.6893603177085,48.51613709189887,15.163807434301123,0.003442174036978957,0.34968590141975925,0.003533923040537102,0.396,-0.41488622764351374
201.60693980839798,22.862098438345683,8.81839173040436,0.011103382116201507,0.24618275245492285,0.011402409702376973,0.28316129032258064,-0.550927263900092
937.4670105001503,48.17778566526157,19.458491035965313,0.002835499149461839,0.3973974905992565,0.0028558249657797477,0.4109032258064516,-0.38770074595956033
27.167164564673115,20.20043079708459,1.3448804551531641,0.04245380313331813,0.005467284193367165,0.04832281617000502,0.08516129032258064,-1.0192561858816762
592.2286356862547,42.63758538977645,13.889825849009219,0.004198687174632544,0.33280233001968096,0.004288621748551947,0.37258064516129036,-0.4220302350034779
258.14329326049136,30.818023683633847,8.376374030680637,0.008558929665096337,0.2365997938291888,0.008843230615019237,0.2767741935483871,-0.5703214995786986
357.0162105419043,44.18771657292075,8.079535179255949,0.0061311431730193605,0.22991935935930835,0.006279214038625625,0.259741935483871,-0.5771775101356185
372.12481387842985,31.607966219400165,11.773133750378065,0.006444967410622884,0.3010223051653447,0.006676874267111664,0.3512903225806452,-0.45980762788720825
590.8839894182679,44.373408078079265,13.316173244537604,0.0041705489596821,0.3246860391293745,0.00418624947637816,0.3555483870967742,-0.4338885792662149
284.0714734079589,43.71354396549771,6.498477305618854,0.007264074813656703,0.1905274444982755,0.007497280721198468,0.22780645161290325,-0.6380685153324481
47.13108327433844,7.354229730081977,6.408704242886504,0.043610802640497395,0.1880741161207524,0.04391518498961203,0.2107741935483871,-0.6423522770970063
551.3146543055516,49.85919604495237,11.057431688398943,0.004288327433103697,0.28901515726132104,0.0043415588875319044,0.31509677419354837,-0.4758471515961191
257.90838984311483,31.144544749348114,8.28101331770191,0.008541520633433506,0.23447580248801367,0.00885128504509567,0.2767741935483871,-0.5703214995786986
310.0778134265223,35.76040244104465,8.670982211056577,0.007188527659979989,0.24303379032106776,0.007413638857726738,0.28316129032258064,-0.5519566276802491
561.7152854673055,42.87031490855476,13.102662918746494,0.0043718421936762295,0.3215764187061307,0.004403632685987209,0.3385161290322581,-0.43699419344930923
222.084940641003,12.132980642608684,18.3042359649931,0.011833056558171934,0.38575695474321936,0.011950887654324255,0.40238709677419354,-0.39808474001807764
25.190245793373048,22.54930665151435,1.1171184188796928,0.041926083918942675,0.0007662410285571389,0.052115168303134944,0.08516129032258064,-1.0185147783952624
54.00221590126405,30.06113738875221,1.7964129301863916,0.024294630244868172,0.021144042662333683,0.02860500422053079,0.09580645161290323,-1.0248459926768836
85.25128708507859,42.917109103685874,1.9864172789251757,0.016055009928062334,0.02887243663721987,0.018014726684266534,0.0915483870967742,-1.0361985533079836
254.5223176543147,15.476555980521743,16.4456690477292,0.010113170584344647,0.3652723333250073,0.010214701818941569,0.396,-0.4033393304800173
12.676983423459303,1.7678397185959671,7.170889583546334,0.1672740929922299,0.20812234476023384,0.16712672977206192,0.2256774193548387,-0.6179905131664357
142.31603182126523,14.927162545180131,9.534031092012059,0.016036880347065754,0.26084514672254466,0.01659637339767779,0.3001935483870968,-0.5305783855042409
207.10700717901454,18.32197786736298,11.30374726344011,0.011473488603604,0.2932284454258149,0.011557141739574029,0.31509677419354837,-0.4681462497160535
305.6917148779898,26.041377076232884,11.738692388774812,0.007840403055205999,0.30046057383540997,0.008127896416591767,0.3512903225806452,-0.45980762788720825
5.929620697123299,4.79204145755243,1.2373892733707477,0.18706620213118605,0.0028303099044284545,0.22139593174245753,0.08516129032258064,-1.0188720669429654
178.07253621006384,15.029051213961278,11.848554754051465,0.013487687547985235,0.3022469380976031,0.013518822310958661,0.3044516129032258,-0.4540452239806243
368.2883839291581,20.660803381675205,17.825462888621555,0.00709962692531737,0.38069706140615067,0.007206613868735072,0.40238709677419354,-0.40047383303111694
32.91520394766049,14.258855941151984,2.3084042705463537,0.04419779310391021,0.04249466941860173,0.048291011763785696,0.10006451612903226,-1.0356583906939716
381.7226734892809,37.008820634224406,10.31437011360145,0.0060934135569912255,0.2757520815156795,0.006242677898800955,0.30870967741935484,-0.5093512394750477
298.46475749104616,37.01069296106094,8.064284497592677,0.0073303163406189175,0.2295705881627864,0.00751104157186431,0.259741935483871,-0.5771775101356185
504.18379444523737,41.17452556642593,12.245041989174814,0.004798915447278787,0.3085642331029896,0.004906123160948075,0.3385161290322581,-0.45638971137719486
469.269612116871,38.39139039800782,12.223303382656908,0.005153923595323125,0.308223009643413,0.005271144193940303,0.3385161290322581,-0.4545985453563468
554.3996872620888,37.01852274690781,14.976277985279633,0.004556142706813216,0.3472928821045082,0.004689522091803924,0.396,-0.4159778176323718
469.25494925500266,30.759809336557296,15.255457019276918,0.005403218347714249,0.3508444588749136,0.005540420160154624,0.396,-0.41426176356193767
49.74823739436678,5.447593021513053,9.132150143725193,0.04539239871729453,0.252735570884895,0.04663173492618512,0.28316129032258064,-0.5414625897321396
346.5272891301824,49.40450410493731,7.014082934506202,0.006082552122194857,0.20413788459334656,0.006203728908364561,0.23632258064516132,-0.6121460414467292
186.37259820505912,39.07428426568524,4.769699604420655,0.010097935890949991,0.13827408300205682,0.010246152978789155,0.16393548387096774,-0.7547358132093557
98.48580652493801,7.50339205852308,13.12550453938606,0.024944267624814893,0.3219114674027525,0.02511618555589647,0.3385161290322581,-0.43699419344930923
372.2294757059436,28.969583656560864,12.848975674582856,0.0065693880935372715,0.317816161857195,0.006645330240468554,0.3385161290322581,-0.44283856311318903
871.535554030727,47.589387738540914,18.31365343086568,0.003015596695781255,0.385855068704771,0.003045328630648525,0.40238709677419354,-0.39808474001807764
449.23744528023917,43.00055574113993,10.447247425931293,0.00519337175109926,0.27818746466099914,0.005292061749923106,0.31509677419354837,-0.5083215449736425
213.70828770432564,15.843773741475276,13.488471319486694,0.0115630389510848,0.32715971389980336,0.011574599272091753,0.3555483870967742,-0.4338885792662149
10.841102249813229,1.6772618190199673,6.463571832898301,0.19005304265140444,0.18957659014988204,0.19645267906781574,0.22780645161290325,-0.6380685153324481
30.521707505145503,3.5993621158599978,8.479754612812258,0.07261667396578594,0.2388792940162199,0.07479334744421547,0.2767741935483871,-0.5615997423054143
163.54499563322932,49.154057645179115,3.3271921682190833,0.010203590171477131,0.08514698475702938,0.010430910470408148,0.10858064516129032,-0.9378209694826924
20.806212294408077,1.9118301629836325,10.88287688794363,0.1132118381013416,0.2859756723328174,0.11504088314383618,0.31509677419354837,-0.4881366572451255
273.5588445437581,26.01740006932689,10.514457394467682,0.00854145461797928,0.27940844899366246,0.008749726375028521,0.31509677419354837,-0.5033560444295093
57.16840854711943,9.806351522656195,5.829732741584866,0.034986651830056635,0.17161130598140953,0.03480557131046648,0.17670967741935484,-0.6909862344763197
110.57721787982535,9.641089233811176,11.469369818923829,0.021560992581110244,0.2960130138953749,0.021570857143517478,0.3129677419354839,-0.4621496522153594
520.5370041223553,28.57008199653182,18.21965383877947,0.005044092037009371,0.3848733402788487,0.005098796347423618,0.40238709677419354,-0.3987817346088648
314.9496974485156,16.520425115157707,19.064261073980788,0.008408038818995944,0.3935068289263541,0.008427098666293405,0.40238709677419354,-0.3947741708965418
155.25679818056648,38.15440464213824,4.069171033770994,0.011516002394119809,0.11366193737792946,0.011753167864940494,0.14051612903225807,-0.804381111462261
715.3156886253576,48.61315879733101,14.714445765754894,0.003518391038372165,0.34390020536298216,0.0036345764848258744,0.396,-0.41555075157032906
195.99700357641402,27.643869299189618,7.090071272409022,0.01078584093476529,0.20607744067416295,0.010809669251455578,0.2256774193548387,-0.6174492158431643
451.27969785976035,30.925809797380857,14.592332450352837,0.0055673231164011456,0.3422969348177759,0.005761104683935254,0.396,-0.4206985450526088
285.15765196223174,39.95886465919576,7.136280131938339,0.007426561397646182,0.20724888603894354,0.007429794600840667,0.2256774193548387,-0.6174492158431643
85.46432220723153,5.445119339879737,15.695582938154507,0.02983871961769579,0.35631066846277903,0.030420525360286128,0.396,-0.4099685825236065
353.9817874132834,40.513160877912924,8.737451725379152,0.006309127186804151,0.2444594016604421,0.006494133337582958,0.28316129032258064,-0.550927263900092
159.25952056675726,10.831055348343904,14.703970706890392,0.01580056033803415,0.3437632038387671,0.01632473570090246,0.396,-0.41796193293455597
14.586095698280365,4.971313710588957,2.9340525558087007,0.10932482903974952,0.0690552200425139,0.11480665019551739,0.10858064516129032,-0.9909196912362305
152.27317504941712,13.301110761780237,11.44815480275248,0.015650479294253623,0.2956584658744878,0.015664251890979728,0.3129677419354839,-0.4621496522153594
510.7957162102305,48.56965190235001,10.516767079928691,0.004574649605366006,0.2794502802458135,0.004685953623467188,0.31509677419354837,-0.5033560444295093
15.399219467156316,2.238929100642437,6.877939753758916,0.13613915313994063,0.20062130448828952,0.13830334619013157,0.22780645161290325,-0.6189901846513992
17.272435608729825,1.6584008345239298,10.415115121241573,0.1349756699159616,0.27760116549883745,0.13796384894660407,0.30870967741935484,-0.5081097777724692
84.2352581588866,4.7499002816439395,17.734110857951062,0.031010008723475237,0.37971526975033865,0.031508328380874036,0.40238709677419354,-0.40033765897667556
598.9169943654866,30.062076918463823,19.922675202711556,0.004457608385053974,0.4018711910893994,0.004470138129938351,0.4109032258064516,-0.3863523383144174
11.474359979953368,3.3067770136862698,3.4699527462730804,0.14759744986077994,0.09082906315202278,0.15139908773245256,0.12348387096774194,-0.9093520426241478
40.783367181790915,17.65286016978754,2.310297979450984,0.035682509987956884,0.0425756330656088,0.03897443028572605,0.10006451612903226,-1.0356583906939716
122.59621313848106,25.566132135372282,4.795258527544799,0.01537679804412097,0.139131230509682,0.015576355120418038,0.16393548387096774,-0.7547358132093557
114.55813277353452,9.743663749107554,11.757192748367078,0.020929102275704294,0.30076250623808015,0.02168881888857576,0.3512903225806452,-0.45980762788720825
46.39030229533141,7.291480448346959,6.362261083186267,0.04421592300439793,0.18679478626665003,0.04461644219467994,0.2107741935483871,-0.6404472180216702
525.3249032468908,38.787881857718624,13.543531589940466,0.004708078408442842,0.32794361173878417,0.004708681762493815,0.3555483870967742,-0.4338885792662149
16.61002608725774,1.550018238874748,10.71601976717123,0.1413022292516006,0.28302737329520056,0.14410362901615506,0.31509677419354837,-0.4951089009246189
734.1305542478219,38.90268284151436,18.87094926688209,0.0036002782514150842,0.3915673755568688,0.0036153135977799716,0.40238709677419354,-0.3947741708965418
439.4686947844505,23.821508222099112,18.44839926536462,0.005988700095805941,0.38725304156563906,0.006039365731430949,0.40238709677419354,-0.3971747787476016
18.02580391645024,3.2395355541805393,5.5643173581436365,0.10944303459706818,0.16367164170132198,0.11074523775053655,0.17883870967741936,-0.7118785364049608
648.8308819087405,38.54715257398239,16.83213515352292,0.0039853628534940655,0.3697254424676032,0.004090607043101879,0.40238709677419354,-0.39981951622396145
272.986631079212,43.954573079738324,6.210653680653088,0.007462391453402724,0.18256966657345922,0.007581947264490035,0.2107741935483871,-0.6580590961228628
38.189702301945644,18.66388968961362,2.04618131252662,0.03628149599517114,0.0313666850764257,0.04021446996829271,0.0915483870967742,-1.0406927231112433
100.02866086896402,8.94746653409802,11.179551271610066,0.023695372469260526,0.291114964536572,0.023928792172499238,0.31509677419354837,-0.4758471515961191
631.4968422240719,35.84547045694193,17.61720056046229,0.004131166107425119,0.3784509720992498,0.004202890652580885,0.40238709677419354,-0.40033765897667556
100.46254340283254,8.516245972805326,11.796576064575468,0.02388361541199876,0.3014037467564752,0.024731910120728156,0.3512903225806452,-0.4552174760200831
79.44101395290883,10.971692781155658,7.2405430536071975,0.026763276209136128,0.20987012156969478,0.026927935746026213,0.23419354838709677,-0.605132650023778
22.690269909917742,3.0770745845663257,7.373974626330238,0.09416422951196705,0.21318107044625909,0.09789488946956255,0.259741935483871,-0.5973975242280231
243.06704974511743,35.26073433536597,6.893419956410975,0.008630283792197152,0.20102388193397203,0.008762041515940663,0.22780645161290325,-0.6189901846513992
234.22553038249333,21.9834332680956,10.654638314499454,0.010006925731103582,0.2819320354472305,0.01021906123264242,0.31509677419354837,-0.49879699686956697
412.1685795800268,44.21312579924543,9.322312596750649,0.005506844263556265,0.25661148812993506,0.005628392687241751,0.28316129032258064,-0.5397171726733557
98.65604140041837,5.846909235994829,16.873195293176536,0.02622303530531445,0.3701922820240981,0.026902682670446598,0.40238709677419354,-0.3995746075365374
59.62660784524882,29.738068578890637,2.0050598675253024,0.023043735507232405,0.029647983603638597,0.025756599139523353,0.0915483870967742,-1.0361985533079836
63.120708788718225,18.20829213321681,3.466591392916479,0.0268218301158031,0.09069632310806743,0.02752199185680246,0.12348387096774194,-0.9156008416209852
137.6426096113584,24.83199777680518,5.542953525065398,0.014316344838951153,0.1630212534710754,0.014503299131049753,0.17883870967741936,-0.7165536569740001
60.137978292240575,17.917355580495165,3.3564092659804543,0.027834541563277932,0.08631721745809944,0.028366820032485477,0.10858064516129032,-0.9348914477560157
86.21447382870194,8.453315670566058,10.198894397011058,0.02690697944309658,0.2736121329900991,0.027640042227682474,0.30870967741935484,-0.509120058136931
166.61121570622262,12.342023437709608,13.499505696704606,0.014834233476102885,0.3273170653829821,0.014846466252692246,0.3555483870967742,-0.4338885792662149
357.78491077694133,19.85848521983364,18.016727198286205,0.0073229694015482134,0.382735516790569,0.007418178059981368,0.40238709677419354,-0.39930162034523414
37.3207027560106,15.561932926055865,2.39820483312348,0.039572034316542354,0.04633673697997049,0.042470556419389294,0.10006451612903226,-1.0300340978018572
167.9856630705984,43.79193214036576,3.8359956928174794,0.01043523520410099,0.10497450849265105,0.010533419609951602,0.11496774193548388,-0.8564410249768832
744.2990655751164,40.37023194595106,18.436829061859427,0.003535587370663557,0.3871334292314654,0.0035659216813164712,0.40238709677419354,-0.3971747787476016
501.0000557590512,25.20120797942707,19.88000163198689,0.005326724694430877,0.4014646328982437,0.005343795200032503,0.4109032258064516,-0.3863523383144174
243.9443688312797,17.455203162165905,13.975452852936613,0.010206482588602885,0.3339850901096742,0.01041157301268128,0.37258064516129036,-0.4220302350034779
193.3421253563683,28.987585852821706,6.669825018820877,0.01075105773917827,0.19513978117241618,0.011015517581066992,0.22780645161290325,-0.6338551886140326
642.208891947836,42.469138148466314,15.12177830646719,0.003940982920014999,0.34915221115952133,0.004048323861133845,0.396,-0.41488622764351374
218.17399942197764,31.29442592079381,6.971656868676103,0.009644890225940722,0.2030477886346597,0.009761766235511346,0.22780645161290325,-0.6181640236107399
23.320582806684783,4.944711325990887,4.716267799922879,0.0804147414392237,0.13647315969136026,0.08188483830327166,0.16393548387096774,-0.7660314774820938
27.614104011824217,10.869442892234225,2.5405261599518933,0.05469470795872699,0.05242317956672447,0.05739932794240594,0.0915483870967742,-1.0382200846472878
212.16856174083065,11.686394462520022,18.15517715248157,0.012366908064128353,0.3841968315331584,0.012509450757176568,0.40238709677419354,-0.39820426462327835
92.93852896785589,21.546527586003503,4.313387788212714,0.019609408284343887,0.1224921082104145,0.02034299774013225,0.15541935483870967,-0.795351868566414
287.9243582597633,17.306523594373186,16.636752996042212,0.008960348909147582,0.36748759962993294,0.009218088359594003,0.40238709677419354,-0.40000700631993724
17.284549548037013,1.2901468197884138,13.397350815368213,0.14275931077124224,0.3258554256279273,0.14310976311114715,0.3555483870967742,-0.4338885792662149
203.5198457133084,39.28227329690419,5.180958957620909,0.009487023817453604,0.15173474298904596,0.009736962338423734,0.18735483870967742,-0.7284280750303733
533.8920308360235,37.97400915720525,14.059406491050522,0.004669407246196063,0.335137715498915,0.004881326696064883,0.39812903225806456,-0.42238797545359025
7.999272140759313,1.2790767606859814,6.253942207869702,0.2551712146485275,0.18378377955731323,0.25874482132031995,0.2107741935483871,-0.6450199433546417
555.3135703345633,46.56067818258094,11.926664129697203,0.004331494103379405,0.30350737921396054,0.004454398241721671,0.3385161290322581,-0.4541542255946925
130.79415444202715,30.225662335073615,4.327255197655492,0.013948411855374078,0.12298536064193695,0.014455143602020179,0.15541935483870967,-0.795351868566414
139.7907027876589,46.09595710639649,3.0326022402572237,0.011546242320424808,0.07314620963557765,0.011979199997974768,0.10858064516129032,-0.9836358236172007
111.92735668946877,24.074018963626703,4.6493008441415276,0.016679223455340012,0.13419866737580904,0.017061085053240742,0.16393548387096774,-0.7660314774820938
233.13451821462937,27.115767982641593,8.597747198746964,0.009540447680849995,0.2414521196956505,0.00986042283288771,0.28316129032258064,-0.5563325960820686
42.72388043590781,10.307427887307917,4.1449604016649,0.04210461800432225,0.11643148960921643,0.04271052143605721,0.14051612903225807,-0.8033119020052658
414.9541392988781,46.042547098826454,9.012406251292179,0.005424153121667793,0.2502583078013088,0.005539901181422008,0.28316129032258064,-0.544104651951165
405.10182033036295,29.86765918356819,13.56322629237819,0.006107202006092484,0.3282232389382418,0.006106089055055928,0.3555483870967742,-0.4338885792662149
147.00864013649465,11.115260485517881,13.225838506261983,0.01673847435359488,0.3233764276259709,0.01682613885147012,0.3555483870967742,-0.4338885792662149
313.6914920806785,19.827955371303375,15.820667648600734,0.008142466505318895,0.3578354648751137,0.008287982450082165,0.396,-0.4064542434785283
474.49271109557395,34.2640052523773,13.848139106932129,0.0052371745890386024,0.33222387343010534,0.005352757898545961,0.37258064516129036,-0.42481834420082254
68.54367047433676,21.73393467319626,3.1537626069553526,0.023884663537568733,0.07812511196315454,0.024430859552200226,0.10858064516129032,-0.966186894151115
748.3721915413032,37.430919939913124,19.993422356240387,0.003569706254705055,0.4025431410105957,0.0035774200637617827,0.4109032258064516,-0.3863523383144174
145.56015871825582,7.630725115471285,19.075534305793926,0.018194545849484454,0.3936192798178974,0.018233781817009142,0.40238709677419354,-0.3936901917291104
124.45103088377799,9.763556159948724,12.746485895609533,0.019614504844189334,0.3162763338650244,0.019875992779943223,0.3385161290322581,-0.4489214483706321
150.05231971569754,29.145610152655948,5.148367762066691,0.012842707835138453,0.15069332898044743,0.013206494085442541,0.18735483870967742,-0.7327058846362876
299.89594944803616,36.09802279485579,8.307822042008722,0.0073517688410956435,0.2350750079656241,0.0076120423707777265,0.2767741935483871,-0.5703214995786986
247.0913230710059,30.25828692908659,8.166071121279597,0.008883286123522453,0.23188797093909286,0.009072682817791354,0.259741935483871,-0.57273067755064
282.03764947498115,18.846054187338236,14.965342170376903,0.008954638458976106,0.3471523922468876,0.009218164971749205,0.396,-0.4159778176323718
409.68468484449255,41.53384785772652,9.863875031464948,0.00561712834438936,0.2672762047777059,0.005765238711517981,0.3001935483870968,-0.5160669677083899
425.56991209488626,42.70211495765093,9.966014857037825,0.005420901835421321,0.2692283454627805,0.005550039928703628,0.3001935483870968,-0.5157184265181172
308.90517079404435,35.90219481426029,8.604074831418043,0.007201639868553116,0.24158923556776854,0.0074417819573194665,0.28316129032258064,-0.5563325960820686
53.73324522423616,2.7380893660819816,19.624357732751708,0.049547586433822205,0.39900916582354096,0.04982467896753192,0.4109032258064516,-0.3875897064122958
50.93103982962433,2.73784455178124,18.60260466449369,0.05175585959191991,0.38883962224950497,0.05211187881096663,0.40238709677419354,-0.3972512359038028
672.6623957577377,33.8834799238668,19.852222890598927,0.003966336854631987,0.40119947310208925,0.003980067430654254,0.4109032258064516,-0.3866006783413005
123.8867692850421,20.61835585685694,6.008566839428262,0.016287565942936393,0.17681837742047785,0.016706951458159324,0.2107741935483871,-0.6698180337548573
495.5946182380077,36.3209222094333,13.64487981280639,0.004998456236255585,0.3293782751553853,0.005124842993955935,0.37258064516129036,-0.4327763401139727
20.800986352883587,9.993998546055595,2.0813477465526815,0.06707872897000518,0.0328442228356716,0.07641505427090135,0.10006451612903226,-1.0388601508418323
26.373036855720752,11.604873520002768,2.272582877380163,0.05481944535927226,0.04096399135065731,0.06027021119105921,0.10006451612903226,-1.0356583906939716
43.733242718845624,22.913281721391748,1.9086416014348764,0.03077927673734921,0.025665909664286876,0.03634554408102291,0.10006451612903226,-1.0363206433980399
91.06604459223108,5.8707281150425805,15.511882479941857,0.02793673635805385,0.3540485312618474,0.028797529907171226,0.396,-0.41208192770612107
329.5790245344279,18.47030215227942,17.84372674670915,0.00793504026770765,0.3808927112037785,0.008053037292246275,0.40238709677419354,-0.40047383303111694
179.5870677130513,21.9840575187265,8.168968242558277,0.012223512393621534,0.23195357373343706,0.01248297680784911,0.259741935483871,-0.57273067755064
468.51049888066314,44.945302906001935,10.424014715408646,0.004977112784850968,0.27776371776415715,0.005086271712066215,0.30870967741935484,-0.5081097777724692
464.75884603439897,46.068362260456986,10.088460349573293,0.004978375335859619,0.2715447873305676,0.005082054972670051,0.3001935483870968,-0.5111886067199459
53.66856143172837,7.4086850768817225,7.244006308109562,0.03962053766847649,0.20995667299060491,0.03985913656441768,0.23419354838709677,-0.605132650023778
77.15693769342849,6.637699908603451,11.624047298887612,0.030994330300191445,0.29857933761111,0.03220229662056978,0.3512903225806452,-0.45876133997692625
52.56663100900552,31.83849819460574,1.6510399041972292,0.02406369902121379,0.01554981250118176,0.026830879683376194,0.0915483870967742,-1.0184487302384089
127.66840787378176,8.065254560725712,15.829433145913518,0.020008917859256185,0.35794185119403343,0.020364235948450847,0.396,-0.4064542434785283
532.0532570596761,31.678309755426923,16.795506489058436,0.004858014212855858,0.36930798191163616,0.004988433282009225,0.40238709677419354,-0.39987980622534436
59.5911870388068,4.287223563084915,13.899715319703871,0.04173364026705128,0.3329393044451716,0.04262114472506362,0.37258064516129036,-0.4220302350034779
138.50945453914784,9.682382273248644,14.30530737480116,0.018064078012243346,0.33847445047838304,0.018770340189087478,0.396,-0.4241135914128048
240.93318057119558,16.682712256254845,14.442086926294767,0.010405457289124138,0.34030558490780816,0.010790832441347747,0.396,-0.4206985450526088
286.79696149777925,45.16690785173659,6.349714318261714,0.007148054865519271,0.18644797574020522,0.0072168485675166705,0.2107741935483871,-0.6443629023315146
228.47792678837357,31.311633077232973,7.296902279891059,0.009325043890847226,0.2112745240653321,0.009362753546448744,0.23419354838709677,-0.6012435070338594
204.43082080923773,25.854152127319107,7.907078901776222,0.010647181271344388,0.22594292546107853,0.010965964879354174,0.259741935483871,-0.5823111465403928
193.6549177897791,37.55184543281803,5.157001355265924,0.009956193363218345,0.15096962076400824,0.010232970561498867,0.18735483870967742,-0.7284280750303733
409.71228736153154,21.933112468840715,18.68007962588937,0.0064387641239888535,0.3896314573563127,0.0064779901828423804,0.40238709677419354,-0.3949287526801738
120.07410545982671,28.941329293754176,4.148880109862123,0.014986018193275536,0.11657400814801334,0.015196941956814302,0.14051612903225807,-0.8033119020052658
275.3431890502013,24.63026056580224,11.1790611518134,0.0086081390331441,0.29110658027320213,0.008693024314432727,0.31509677419354837,-0.4758471515961191
543.8105357558495,27.79846949334405,19.56260706676881,0.004892893083962599,0.39841087425725985,0.004923114793022721,0.4109032258064516,-0.3875897064122958
81.08842774499676,17.554087393621504,4.619347387689391,0.022975387799858565,0.13317501943158694,0.023549626073262532,0.16393548387096774,-0.7744927715812335
531.3117813360334,42.55719243178541,12.484653027515124,0.004573472368846453,0.31228694743269464,0.004655623831796829,0.3385161290322581,-0.45268640939988236
276.11635062401876,37.9064787568735,7.284146659862232,0.007712543915935655,0.21095743110325046,0.007747395308132172,0.23419354838709677,-0.6012435070338594
37.206832256745884,3.38463004053951,10.99288011129722,0.06345651672167513,0.2878964030124679,0.0643313308886401,0.31509677419354837,-0.47743209066085285
309.44723447043833,35.955232798157255,8.60645893207227,0.00718953101219576,0.24164087505824952,0.007428746068685301,0.28316129032258064,-0.5563325960820686
406.42715109928747,26.244739279019456,15.48604262280453,0.006257527503442352,0.35372812700432527,0.006452514640272911,0.396,-0.41208192770612107
752.868434524325,42.18356245747543,17.84743607852655,0.003473816621862164,0.38093242118004256,0.0035253333166967086,0.40238709677419354,-0.40047383303111694
247.2369636679079,17.617783269597332,14.03337524843775,0.010079344086227083,0.33478106362685683,0.01027291619116822,0.37258064516129036,-0.4215948386806185
561.2276692248159,38.55066151710811,14.558185181225824,0.004474473665763959,0.3418461731003025,0.004632468646272854,0.396,-0.4206985450526088
699.3833089238893,41.33430662326855,16.920165500736417,0.0037010726733728346,0.3707248627937354,0.0037949321086911047,0.40238709677419354,-0.3995746075365374
333.57403771776177,34.05697298627448,9.794588551724711,0.006887022582532246,0.2659415363789259,0.00708067696377483,0.3001935483870968,-0.5160717862733033
554.2656308316128,29.77709207290651,18.61382667839236,0.004756345659023662,0.38895453488563503,0.004788520210671736,0.40238709677419354,-0.3972512359038028
71.56179440169028,13.967469660151004,5.123461596330156,0.026888916051922188,0.14989460067076774,0.027691662700753714,0.18735483870967742,-0.7327058846362876
584.5108970170963,32.90268020289864,17.764841447949962,0.004470410720882751,0.38004613741141785,0.004540740281939119,0.40238709677419354,-0.40033765897667556
391.5206209607638,21.522870690497363,18.190910803251974,0.006704243510829738,0.3845720742967125,0.006778984383517003,0.40238709677419354,-0.3987817346088648
459.2403650981058,27.236089598029924,16.861464765166737,0.005632581055139527,0.3700590312464485,0.005779352985992225,0.40238709677419354,-0.3995746075365374
240.3426063439519,23.632296679284053,10.17009093977036,0.009645423788046793,0.2730749045338326,0.009827346222589338,0.3001935483870968,-0.5098373889738793
177.36586478960143,19.067079644610168,9.302204013174023,0.012790165697277752,0.2562049538588602,0.013079442439338248,0.28316129032258064,-0.5397171726733557
98.69714001717732,20.211146402960804,4.883302413895672,0.019209135030437866,0.1420626650412073,0.01934810017728064,0.16393548387096774,-0.7405335238280623
326.6949033275976,18.69076395808061,17.478948643314126,0.007973373186165303,0.3769444092107187,0.008124130949959913,0.40238709677419354,-0.40033765897667556
661.450712371134,47.74085435792968,13.85502461711325,0.003757290980228719,0.3323195384626924,0.003839809315518941,0.37258064516129036,-0.42481834420082254
641.9482521500172,32.5210656393796,19.739459317491896,0.004151764742543546,0.4001189667627078,0.0041704945596698784,0.4109032258064516,-0.38750976070745097
78.57896971030284,4.203295500428486,18.694609908414115,0.03357674667585486,0.38977957411707914,0.03377636771139677,0.40238709677419354,-0.39390849265531885
64.74967284843035,21.646270210929337,2.99126233838372,0.024802887687673452,0.07143443618596419,0.025862382200304967,0.10858064516129032,-0.9933177603329629
795.6555820296833,41.10403460124914,19.35711639376402,0.0033376495205839863,0.39640516664613573,0.0033357551122149753,0.40238709677419354,-0.39157907616590765
196.49345237817172,20.930428801293388,9.38793248067758,0.011571247158950844,0.2579327336929762,0.011913314584116515,0.2916774193548387,-0.5393414167201779
838.4622485048355,43.05106374847717,19.475993750200754,0.003170838684938042,0.397568255890336,0.0031930378475063734,0.4109032258064516,-0.38770074595956033
257.12368155417875,14.577462874772632,17.63843844179155,0.010148513020817103,0.3786813010040609,0.010322317101541063,0.40238709677419354,-0.40033765897667556
244.48496925629834,21.806863912001532,11.211376851017292,0.009701075964617813,0.2916586511615052,0.009790233912979847,0.31509677419354837,-0.4758471515961191
201.4447964646771,26.901338207740604,7.488281620380999,0.010650316927725775,0.21597935174119945,0.01102665099247392,0.259741935483871,-0.597851499990443
36.6296670685709,2.9273665053540108,12.512839441722457,0.06637101832511605,0.3127203001111003,0.06752962801086602,0.3385161290322581,-0.45268640939988236
335.44818525652073,48.332499521329005,6.940427012438873,0.006265255603866729,0.20224204298011694,0.00634900910075063,0.22780645161290325,-0.6186253522006839
121.91539987438317,26.406082131110146,4.616943902130387,0.015278875270923557,0.13309271178023274,0.015507870922888802,0.15541935483870967,-0.7734308188019752
606.8242756620107,37.37038931191526,16.238104200550286,0.004231129349763094,0.3628354769659907,0.004284386247185715,0.396,-0.40577848924349313
343.14642242965243,27.087342393292804,12.668146525685746,0.007104112533723828,0.31509116454322267,0.007208548973899229,0.3385161290322581,-0.45203851610241974
308.956593650683,34.73614922503695,8.894382380992157,0.00726106846896382,0.24778826915329008,0.007440543344211375,0.28316129032258064,-0.5445901195695783
791.4680906515773,44.2629205374685,17.881063450876464,0.003305589956924681,0.38129201863850903,0.0033534038916627654,0.40238709677419354,-0.400037303587736
78.61126526972916,25.162239323180767,3.1241760425237017,0.020755098938239815,0.07691467749686476,0.0213020459701931,0.10858064516129032,-0.9662259710408155
127.51322682960816,6.5694667339189765,19.40998135681873,0.020836743405831873,0.39692334047299976,0.020814406797692468,0.40238709677419354,-0.389002595836188
338.1218628988325,49.04996296991767,6.89341729179699,0.006204086828910249,0.20102381269872258,0.0062988047053945395,0.22780645161290325,-0.6189901846513992
543.8981302358891,35.4286538187861,15.351927652060159,0.004667680957922499,0.3520562991732434,0.004821632943535203,0.396,-0.41208192770612107
588.3340915242039,32.66580227201828,18.010703873885085,0.00445304962349705,0.38267167163048726,0.0045112330112332235,0.40238709677419354,-0.39930162034523414
35.3260678182746,5.211673094486646,6.7782585702939695,0.05910600794153193,0.1980120181607152,0.060288724801750536,0.22780645161290325,-0.6224977704231589
425.6402363520214,26.523565812244183,16.047624944739947,0.00601804308747041,0.3605706220094986,0.006108138655750948,0.396,-0.4064542434785283
302.0790267979997,47.485315162640916,6.361525152846841,0.006790020123473954,0.18677445818083988,0.006851750890131931,0.2107741935483871,-0.6404472180216702
292.401011500773,20.258870882286164,14.433233382046032,0.008572814511761891,0.340187588469628,0.008891452077271213,0.396,-0.4206985450526088
215.66592328980744,12.112531516711218,17.805189855833277,0.012121248616536138,0.38047964010012636,0.01230659037288592,0.40238709677419354,-0.40047383303111694
514.3583227938502,30.120755427763616,17.076541258315974,0.005041467813951031,0.3724868741119957,0.005160045162488096,0.40238709677419354,-0.3996443547035727
23.574180179902818,3.6873360855702346,6.393282205046722,0.0871301550240198,0.1876500692002523,0.08779818534338164,0.2107741935483871,-0.6423522770970063
839.0819344672473,42.53335963106988,19.727619490803463,0.003176000098762747,0.4000051305635018,0.0031906796979023003,0.4109032258064516,-0.3877070755193965
540.6248244442297,44.33094005814878,12.1952032538695,0.004471384474503303,0.3077810618335727,0.004575423989908986,0.3385161290322581,-0.4554803022251254
468.45241140012047,25.570521849071838,18.320017642390212,0.005610757109851961,0.38592134257891325,0.005665702877663136,0.40238709677419354,-0.39808474001807764
95.05808232124963,42.039590812608104,2.261156221642879,0.015178610833899731,0.04047611336600877,0.016721445060001526,0.10006451612903226,-1.0356583906939716
214.3965444789324,20.90834139359032,10.254115352481188,0.010833929047374413,0.2746382190217226,0.011114785935819544,0.30870967741935484,-0.509120058136931
58.5159217543516,4.891159371892965,11.963609709921373,0.041134232538451325,0.3041008098156959,0.04227204694282221,0.3385161290322581,-0.4541542255946925
576.9512696522482,35.624612279768954,16.195299618177067,0.004447869932764734,0.3623289233911292,0.004506220399985943,0.396,-0.40577848924349313
119.97538944361972,38.36351673601298,3.1273303297295274,0.013604286136389573,0.07704389309533322,0.013957702444781428,0.10858064516129032,-0.9662259710408155
31.994783279400675,4.391186399746633,7.286136448511213,0.0665644991923037,0.21100692465939433,0.06686035347207303,0.23419354838709677,-0.6012435070338594
97.69642988684699,23.643956649262453,4.131983125163382,0.018393861615506577,0.1159591391586371,0.018677849470066007,0.14051612903225807,-0.8033119020052658
505.83402554798266,30.35003528167476,16.66667009950408,0.00510209882188419,0.3678320325360383,0.005247002062470257,0.40238709677419354,-0.40000700631993724
175.57156343920062,21.985617186963523,7.985746406214451,0.01242947172888695,0.22776569571575989,0.01276847547141632,0.259741935483871,-0.581507413346959
210.49122537405495,44.38425137009648,4.742475514994755,0.008924813303253211,0.13735802275960343,0.009072122359827439,0.16393548387096774,-0.7625677764264536
58.64908672734984,29.89427839114725,1.9618833396800741,0.02321699971728195,0.02785564146166966,0.026185891750697157,0.0915483870967742,-1.0374464992342673
105.2335319013476,24.698988070169676,4.260641432044899,0.01724907675071538,0.12060800470128034,0.017966215241513685,0.15541935483870967,-0.7938663951134481
106.7734078079226,28.17500268012619,3.7896503159248103,0.016350214909840656,0.10321775661049648,0.01657213639525018,0.11496774193548388,-0.8731110126843543
198.15148011145752,10.11705728588145,19.585881003953766,0.013431088800695521,0.39863661008731754,0.013511086022043954,0.4109032258064516,-0.3875897064122958
381.49903987711474,35.692125809457124,10.688605153802055,0.006148447009310557,0.28253888748819384,0.006274105009537749,0.31509677419354837,-0.49879699686956697
469.49633740582277,41.65849780690715,11.270121634774318,0.005057795835190876,0.2926583983383116,0.005098154866238924,0.31509677419354837,-0.47199785205505457
121.58172586770876,17.70931609847974,6.865410566484043,0.017234345262856852,0.20029495463418773,0.017517135620704193,0.22780645161290325,-0.6189901846513992
217.0009253221619,10.962218264101482,19.795347993825807,0.01228843666199782,0.4006553256148562,0.012337466714515492,0.4109032258064516,-0.3873314793841234
690.5848457310661,47.814794295544274,14.442911569639854,0.0036303283453796905,0.3403165717033821,0.003764735929518524,0.396,-0.4206985450526088
63.12702538559301,6.41377483380283,9.842413714446533,0.03643512004922073,0.2668637021562813,0.03741551245531295,0.3001935483870968,-0.5160669677083899
38.557103398766415,5.169586373841754,7.458450369233871,0.05558401170114103,0.2152524179864083,0.05760965604426096,0.259741935483871,-0.5973975242280231
174.6273644015414,26.610096174426932,6.562447698680748,0.011849285736041906,0.1922600855800588,0.012196047213578254,0.22780645161290325,-0.6338551886140326
71.43670306104161,6.72568564807454,10.621475162386282,0.03278655705805529,0.281337808602667,0.03350609609155088,0.31509677419354837,-0.49879699686956697
109.3093687456216,8.006311529408713,13.652899758410273,0.022665194420527415,0.32949135100499793,0.023235378963992543,0.37258064516129036,-0.4327763401139727
493.3830786455229,39.20904627140031,12.583399127598883,0.004933610207605595,0.3138009719902432,0.00501352376756245,0.3385161290322581,-0.4529250212471535
414.46318596299534,35.40377452936871,11.706751369664925,0.005779211758935479,0.2999382140170163,0.005994816133465812,0.3512903225806452,-0.45980762788720825
50.010968224599765,5.135943400417809,9.737445358243505,0.0458714485712292,0.2648343602345579,0.04722823989277833,0.3001935483870968,-0.5168050190314742
297.3516614452729,33.599754679996444,8.849816442924826,0.007534931598299133,0.2468481414320688,0.007730930156450122,0.28316129032258064,-0.5445901195695783
83.1926317012972,8.608185743644782,9.66436298876524,0.027525022914371526,0.2634098018650324,0.02839109613772061,0.3001935483870968,-0.5268457006737897
104.10953551649432,13.362194574659007,7.791350061159479,0.020826012710244646,0.22323387198639388,0.021532909450897288,0.259741935483871,-0.5846326301088123
123.84393767115844,13.483905717924324,9.184574578160328,0.01826011566799278,0.25381115236032475,0.01873201597787457,0.28316129032258064,-0.5408676641979074
191.5510352636073,18.150274871404715,10.553616219079467,0.012208951078056723,0.28011651822138056,0.012495703998325502,0.31509677419354837,-0.49879699686956697
44.02571643723334,4.35072836383764,10.119160001613993,0.05259260203694571,0.2721215546924987,0.053648871516920625,0.3001935483870968,-0.5101453544404669
150.7885514495594,22.131034825154824,6.813443322504217,0.01386698204410756,0.198936398972985,0.014124172959751291,0.22780645161290325,-0.6218149957858929
387.32660788494394,30.68862075359657,12.621180045686836,0.006288656971366162,0.3143771908574886,0.006386310005423759,0.3385161290322581,-0.450927294605488
682.1265456339614,39.27566716269527,17.367662853652487,0.0038140236632896057,0.375722555177966,0.0038909381144977915,0.40238709677419354,-0.40185298805755526
180.67152376779748,36.52591687920461,4.946392567373433,0.010535512857298278,0.14414321425438517,0.010569469457277055,0.16393548387096774,-0.7395424604878471
72.87622620302585,10.387428886290376,7.015809879498667,0.028924556476211966,0.20418214702338033,0.02949880191552589,0.23632258064516132,-0.6121460414467292
226.95172702696902,25.513015971918204,8.895527180195842,0.009885042561088929,0.24781236485918923,0.010129047955050974,0.28316129032258064,-0.5445901195695783
3.8683125883480733,2.141724627316769,1.8061671136473023,0.33994168988205986,0.021531103673588358,0.3993300899277473,0.09580645161290323,-1.0248459926768836
112.85457071028094,29.43725721540881,3.8337325344022775,0.015529900343026145,0.10488895365649303,0.01567914765385189,0.11496774193548388,-0.8564410249768832
87.81542781904493,26.3397338188154,3.3339527431486524,0.019016539998718905,0.08541809867329646,0.019426235795933063,0.10858064516129032,-0.9378209694826924
251.0994618840048,40.174653618660116,6.250196063106202,0.008127594549635983,0.18367895680475038,0.008242830252298631,0.2107741935483871,-0.6450199433546417
54.26387021252935,10.629313758548856,5.105115103868908,0.03542142840181179,0.14930463489857335,0.03651905153596532,0.18735483870967742,-0.7309069023446209
71.48559238967604,5.628151328131531,12.701433956184736,0.034120911969399495,0.315595630513073,0.0346026060442873,0.3385161290322581,-0.4489214483706321
127.73683447048545,36.441923977949564,3.5052165343349326,0.013305235882956575,0.09221855406368898,0.013599895758181619,0.12348387096774194,-0.9093520426241478
15.403863300751649,7.093895840593982,2.1714250740199565,0.09215625214805294,0.03665458209800543,0.10318895136951235,0.10006451612903226,-1.0438709214609425
856.8953939321808,43.91546197216826,19.51238482872489,0.0031036987802870604,0.3979227773698358,0.0031243506641991884,0.4109032258064516,-0.38770074595956033
521.6459781476075,38.22950468277005,13.645114747790917,0.004748847303691367,0.32938158852097055,0.004868904800413573,0.37258064516129036,-0.4327763401139727
275.1501496744343,14.477624383951955,19.005200188743025,0.009618666799968175,0.3929165273420418,0.009646050269128766,0.40238709677419354,-0.3947741708965418
686.7047097856886,43.62041725355912,15.74273592556381,0.003715843486391362,0.35688693312836617,0.003786008081867003,0.396,-0.4077233809115762
272.2898935853347,34.459743749250734,7.90168074280167,0.007992298250824665,0.22581729495515404,0.008233067969337177,0.259741935483871,-0.5823111465403928
625.2489744853793,49.145905835657274,12.722300339242842,0.0039024946306534087,0.3159111996964966,0.0039561644916545225,0.3385161290322581,-0.4489214483706321
192.7688492332178,38.49005597491509,5.0082766665460285,0.00991242181827368,0.14616790882759043,0.009906176023041691,0.16393548387096774,-0.7333672400064716
42.72288957330035,30.693665517381348,1.3919122676666635,0.027427144982921897,0.006803250309400053,0.030728115823406368,0.08516129032258064,-1.0192561858816762
281.7809269178854,29.371106022638227,9.593813957863842,0.008111953554778013,0.2620254198441429,0.008382150028450325,0.3001935483870968,-0.5305783855042409
78.36995904622121,27.752398555689012,2.823898586241513,0.020060666561390297,0.06444261528027165,0.020682043751874622,0.0915483870967742,-1.0090871070062148
82.83824577413667,33.721207537110594,2.4565622593132876,0.017996550944370266,0.048834069781904646,0.019134048496537284,0.0915483870967742,-1.03599664373947
480.5614928775894,34.63511520571392,13.87497890575253,0.005173157151925105,0.3325965088768478,0.005285160473243077,0.37258064516129036,-0.42481834420082254
217.4357043032223,46.80330755140385,4.645733724361547,0.008583720922009958,0.13407696723389617,0.008782376189700788,0.16393548387096774,-0.7660314774820938
426.7760096448358,23.636220945004506,18.056017103488557,0.006141713425813108,0.38315142188202583,0.0062189816562713005,0.40238709677419354,-0.39820426462327835
201.0475291272499,10.644169231135745,18.888043280931367,0.013148741703783539,0.39173973127483513,0.013201416534883244,0.40238709677419354,-0.3947741708965418
213.13927982047667,15.995111261893987,13.325276475459713,0.011563672463934645,0.32481752434982114,0.01160549943391908,0.3555483870967742,-0.4338885792662149
98.3128213458012,8.648954143430814,11.367018452800245,0.024201107936339134,0.29429673683868873,0.02434641793879383,0.31509677419354837,-0.4681462497160535
371.00200273900003,33.24549191530117,11.15946798694373,0.006386043906455187,0.2907711249684377,0.00645162295501332,0.31509677419354837,-0.4758471515961191
920.6248684921242,48.77476927171515,18.875022521654476,0.0028710727884750553,0.3916084605706673,0.002882946427099045,0.40238709677419354,-0.3947741708965418
55.350975047723765,20.146595760459725,2.7474108135110917,0.028112629120496734,0.061217603814451516,0.029283150304562244,0.0915483870967742,-1.0068517918838433
76.47076682781653,20.939576061916778,3.651973019974145,0.022542580773863057,0.09794026140075476,0.022717277534175146,0.12348387096774194,-0.8824237573916808
38.30085269175365,3.4678506051101214,11.044550949027231,0.061710913058814196,0.2887924088660831,0.062493779355000965,0.31509677419354837,-0.4758471515961191
405.4966775569258,21.302565642403334,19.035109871919545,0.006528670029611482,0.39321571386816134,0.006545336428669749,0.40238709677419354,-0.3947741708965418
146.17708436540883,37.146507362272935,3.9351501593355853,0.01209554658860178,0.10869952226599333,0.012231023737707389,0.132,-0.8411584589980476
256.93421160651707,45.97300067167535,5.588806644174916,0.007688262475959585,0.16441507692797555,0.007769584003196248,0.17883870967741936,-0.7117148219651234
214.0469826330073,15.941188833817463,13.427291080005926,0.011533505795164104,0.32628495421590936,0.011556284330078758,0.3555483870967742,-0.4338885792662149
607.3189074965579,46.15988716381237,13.156854247526699,0.004047171515375096,0.322370381825551,0.0040729635793802154,0.3385161290322581,-0.43474323849082774
238.44515564751828,18.6504354480494,12.7849645286677,0.010244095237557323,0.3168558601695447,0.010373822796211659,0.3385161290322581,-0.4489214483706321
279.0968117372862,17.807970137786803,15.672578602603872,0.009134436118782664,0.3560288816994777,0.009315296598773077,0.396,-0.4099685825236065
146.5535591292583,27.64688277793935,5.300907169404276,0.013266684009810426,0.15553110857606434,0.013521780600937096,0.17883870967741936,-0.7340526807073978
349.50974614116626,27.964334171247796,12.498411154753082,0.006954112397185866,0.31249859075844566,0.0070773070525575145,0.3385161290322581,-0.45268640939988236
2.9322252894523224,1.560552787092076,1.8789657829622106,0.45604599210544566,0.02445671761364278,0.5420826655992604,0.10006451612903226,-1.0301111441521762
314.20501628853054,40.46231941144883,7.7653733364485795,0.0068944675892683065,0.22262122547782517,0.007134772155238438,0.259741935483871,-0.5846326301088123
416.0470411669861,22.43495055592812,18.54459362991783,0.006332047555448284,0.38824441189858677,0.006379355968674306,0.40238709677419354,-0.39706701091370783
415.5530994449081,42.15032853188176,9.85883417564803,0.005537119939410204,0.2671793886933426,0.00568382237489398,0.3001935483870968,-0.5160669677083899
86.08975481738186,10.790635727574758,7.978191182692338,0.025342409971499585,0.22759128769464118,0.02604004629827361,0.259741935483871,-0.581507413346959
914.1734250379177,46.81818204156263,19.526034228034835,0.0029096103562505967,0.3980555661141804,0.0029285927810362555,0.4109032258064516,-0.38770074595956033
86.47973736978804,15.939868984211207,5.425373160560362,0.02264040762201175,0.15941081817026367,0.02285848889809159,0.17883870967741936,-0.718070723416558
265.36978764506546,25.724350130918005,10.315898605582982,0.008765413615645451,0.27578025934808903,0.008979815367866947,0.30870967741935484,-0.5093512394750477
42.792723844383154,5.956095657405231,7.184693850774346,0.04957944869310617,0.20846979766920537,0.049509883751311635,0.2256774193548387,-0.6179905131664357
566.965789485147,28.911813720247252,19.61017717432562,0.00469516539957465,0.39887195247571955,0.004722051564367573,0.4109032258064516,-0.3875897064122958
520.612539190489,29.62692767709292,17.572275629275545,0.005008593054204242,0.37796278595100796,0.005098056568988581,0.40238709677419354,-0.40033765897667556
342.3461061006029,45.995042215413186,7.443108857195067,0.006256754719897686,0.21487765632836067,0.006488350313565977,0.259741935483871,-0.5973975242280231
326.8312436084638,29.8330499098758,10.955341294162185,0.007218232952916086,0.287242978301307,0.007323550254253789,0.31509677419354837,-0.47743209066085285
267.7761376794635,15.987599534454425,16.74898955921348,0.009647296477420193,0.3687764512217096,0.009911682939033776,0.40238709677419354,-0.40000700631993724
30.112279041823793,2.7615327614316465,10.9041904055532,0.07825981614774655,0.28634923389919564,0.07948800666672745,0.31509677419354837,-0.4858328100012871
124.4924718875624,6.348480034371424,19.609807578120336,0.021382730012672553,0.3988683747738908,0.021505249695734478,0.4109032258064516,-0.3875897064122958
419.0180704151497,34.20202034146101,12.251266627872267,0.0057749506608304095,0.3086618313082535,0.005903296220260169,0.3385161290322581,-0.45638971137719486
201.12358909722823,17.840032725052016,11.273723103366214,0.011807619175357886,0.29271952986728444,0.011900966206752293,0.31509677419354837,-0.47199785205505457
56.62735435829639,5.546070674937975,10.210355705380492,0.04097652710998596,0.2738255181975035,0.04208163570886694,0.30870967741935484,-0.509120058136931
140.05183034476383,41.47206374509267,3.377016181436979,0.01197793088582763,0.08714032876729814,0.012180656283706232,0.10858064516129032,-0.9226713847919931
457.1145590133957,49.100760870138004,9.309724552382704,0.004963726058690913,0.25635708730722623,0.005074978631671759,0.28316129032258064,-0.5397171726733557
622.4032292357924,43.7033043818473,14.241559946993736,0.0040162194275512545,0.33761500056699373,0.004177146677559754,0.396,-0.4238434549688274
245.7208538827953,45.161437549755505,5.440944026905219,0.007974991932036206,0.1598919636733986,0.008124145382158011,0.17883870967741936,-0.7200732117998425
38.93668769325226,10.287325000678033,3.784918595522739,0.04481706289980741,0.10303783654239608,0.045444632874747905,0.11496774193548388,-0.8731110126843543
65.23345705975164,20.337522126751075,3.207542032563861,0.025249591358953587,0.08031612832235802,0.025876495413684142,0.10858064516129032,-0.9529924713419298
141.80903910723325,15.189215302242456,9.336166239364406,0.016011529801239835,0.25689111460997677,0.01635894745372909,0.28316129032258064,-0.5397171726733557
22.684738171589053,2.208307823218051,10.272452931191348,0.10243646674874658,0.2749778391610393,0.10504735294883155,0.30870967741935484,-0.509120058136931
956.3660589322463,48.35888566868533,19.77642879293099,0.002787775799559546,0.40047394288614124,0.00279939011655254,0.4109032258064516,-0.3873314793841234
281.2929561470738,42.970303863499986,6.546217523632894,0.00735095123101459,0.19182170517376573,0.007571336339863371,0.22780645161290325,-0.6396857696350626
472.6597121248403,25.98949071590726,18.186570767835086,0.005553108409780904,0.3845265409127496,0.005615270578882944,0.40238709677419354,-0.3987817346088648
41.056092250410686,29.33862255043106,1.3993871791301076,0.028610794872721734,0.007024372645316042,0.031975617433630484,0.08516129032258064,-1.0192561858816762
181.55132765838755,35.61271686376914,5.097935334529058,0.010582538074239685,0.1490733847558022,0.010915178084299407,0.18735483870967742,-0.7309069023446209
315.3307310347391,48.60023565849814,6.488255185643343,0.006541072311431862,0.1902493847548828,0.006754062866106455,0.22780645161290325,-0.6380685153324481
172.6884586109917,12.307913142177831,14.030685512331722,0.014429949748191827,0.33474417399802514,0.01470766852370097,0.37258064516129036,-0.4215948386806185
596.6212240017094,49.6828758607915,12.00858874742692,0.004037792443220293,0.30482090522355004,0.0041459936250866185,0.3385161290322581,-0.4541542255946925
197.1601090306575,30.10890058016435,6.548233420404131,0.010488682128618348,0.19187619974690936,0.01080220330316801,0.22780645161290325,-0.6348368734788629
46.75767398741689,9.357600163510883,4.996759123107676,0.04083709113907414,0.14579228239778433,0.04084040093134958,0.16393548387096774,-0.7333672400064716
333.03351229143414,16.7110388575406,19.92895325841205,0.008016885004344053,0.40193092372862865,0.008038955823876391,0.4109032258064516,-0.3863523383144174
90.07441764757274,9.167419957713484,9.825492675481062,0.02552427331579896,0.26653789369973047,0.026221984735142603,0.3001935483870968,-0.5160717862733033
547.9109912817966,34.93942160924412,15.681741884840836,0.004653479336564438,0.35614117634825415,0.004745058271276056,0.396,-0.4099685825236065
395.7854813344127,23.81458991094234,16.61945399078894,0.006517101577175718,0.36728814304807317,0.006705936171204187,0.40238709677419354,-0.40000700631993724
523.5554188224497,27.064401372779198,19.344799525070254,0.005071681653678549,0.39628422011796227,0.005069400640122056,0.40238709677419354,-0.39157907616590765
317.2107912129381,29.541202811914182,10.737910478208581,0.007402504504167117,0.2834165987989488,0.00754566081460983,0.31509677419354837,-0.4951089009246189
404.34860932181874,21.127983388066767,19.138059789946524,0.006553787948958922,0.3942416829330755,0.006563920622280427,0.40238709677419354,-0.39288921038443403
575.9072597900268,29.976892819819074,19.21170627161427,0.004604748253728979,0.3949719968461252,0.004608575652068659,0.40238709677419354,-0.39324969606416943
71.89742687806559,31.983133151067314,2.247979475258705,0.0200213359370434,0.03991379483573616,0.022108002609601093,0.10006451612903226,-1.034235956326284
343.0552154461551,41.75855637633561,8.215207737415055,0.006408284070844773,0.23299798210588127,0.0065347533000952454,0.259741935483871,-0.57273067755064
345.2491835794448,32.59821751479018,10.591044845406081,0.006779408996833733,0.2807910352042501,0.006932862266062586,0.31509677419354837,-0.49879699686956697
439.79812943285464,39.107462900091335,11.245887531912164,0.005396665180423733,0.29224656742670635,0.005442417502578943,0.31509677419354837,-0.47199785205505457
726.4632886073173,41.21924346417365,17.62437219981328,0.0035914032821176573,0.3785287826529733,0.003653470473925837,0.40238709677419354,-0.40033765897667556
183.45519323296367,35.35691264251919,5.188665511828253,0.010529402566586908,0.15198037460279762,0.010801902295106152,0.18735483870967742,-0.7284280750303733
169.97012222828536,19.962216082854926,8.514591843050365,0.013053512697270812,0.23964209488340268,0.013430717376063484,0.2767741935483871,-0.5617288311877584
704.9127243220123,39.124367455119646,18.017229930442504,0.0037168599787205468,0.38274084455502416,0.0037651642306083103,0.40238709677419354,-0.39930162034523414
318.34008646737607,17.730578485681203,17.95429780954186,0.0082248933373466,0.38207268652502147,0.0083373482892796,0.40238709677419354,-0.3986301985030694
428.0112050906284,35.565688480068054,12.034385481684042,0.005631138002372357,0.3052327312038373,0.005779259425646806,0.3385161290322581,-0.4541542255946925
275.8143010593314,21.69619305982883,12.71256668387645,0.008845160647263995,0.3157640573654312,0.008968308683784893,0.3385161290322581,-0.4489214483706321
563.702579762272,48.341083302477315,11.660942230754356,0.004245405209760405,0.29918667788796427,0.004407697752574485,0.3512903225806452,-0.45889177357900185
48.80959838671999,3.6748996545441113,13.281886030919408,0.05046023310403118,0.3241900027551269,0.050678306584376054,0.3555483870967742,-0.4338885792662149
203.4549984192053,18.718025976570985,10.869468750276672,0.011574225282446022,0.28574031801954547,0.011764591953130921,0.31509677419354837,-0.4881366572451255
24.124968465747408,1.7449974093559524,13.82521735356129,0.10296921688520949,0.33190506350324295,0.10527867054936828,0.37258064516129036,-0.42481834420082254
319.4511590705344,16.643924398710787,19.193259439178814,0.008299968789697604,0.3947893515827729,0.008308350431534585,0.40238709677419354,-0.39324969606416943
80.66845879468455,7.06595826061343,11.41649240193521,0.02952383347815809,0.2951281597219453,0.029671634651145275,0.31509677419354837,-0.4681462497160535
526.2379615910454,46.480132729039425,11.321782677747548,0.004517173627988847,0.29353353596735804,0.00454844616300592,0.31509677419354837,-0.4681462497160535
26.8410625950996,5.424205536537111,4.948385973632428,0.07092509978931669,0.1442086809826966,0.07114480455077359,0.16393548387096774,-0.7395424604878471
136.34854341700688,27.895674516004984,4.887802348667988,0.013908698001777195,0.14221161288417034,0.014005299245648225,0.16393548387096774,-0.7405335238280623
69.08412317155863,33.138787399672005,2.0846907383292606,0.02021044023962086,0.03298501260998227,0.02300830390647942,0.10006451612903226,-1.0388601508418323
406.3030625595037,37.10309819379723,10.950650547760135,0.005805788439028955,0.2871611809478641,0.005891082932401736,0.31509677419354837,-0.47999739779806233
956.3288822641844,49.385164989176054,19.364699550437603,0.002777090750120917,0.39647958894698887,0.0027753132050493726,0.40238709677419354,-0.39157907616590765
267.9656611929747,21.83860753079915,12.270272306284216,0.009033404077312153,0.30895953135590315,0.00923098795677822,0.3385161290322581,-0.4545060741832841
44.069393487552325,19.22410810817677,2.2924025000050783,0.03291998914453481,0.04181069272549927,0.036068308983940166,0.10006451612903226,-1.0356583906939716
50.34540799705512,18.088931244396516,2.783216283861482,0.031058366501724687,0.06272939473218227,0.03219461290136687,0.0915483870967742,-1.0090871070062148
578.1589836876337,36.48018897131818,15.848574253335137,0.00441941879117615,0.3581739547209675,0.004496807373851001,0.396,-0.4064542434785283
146.8146231557481,32.224425664103705,4.5560043392578375,0.012634086149148079,0.1309973834257683,0.012877792716592106,0.15541935483870967,-0.7874766144807639
78.76468131624306,26.294204621429667,2.995514884373044,0.020400193786028205,0.0716108160363784,0.021260554331798947,0.10858064516129032,-0.9935948089381477
460.1827243396032,27.850135954579464,16.523536010384692,0.005598714293287952,0.3661782752616216,0.0057675180638880955,0.40238709677419354,-0.40054544118454455
158.07582604721713,11.578660055267566,13.652341919763204,0.015672836227745353,0.32948348799327143,0.016067255004320966,0.37258064516129036,-0.4327763401139727
882.8807126079155,47.23918019886167,18.68958582454804,0.002988277930552818,0.3897283742213226,0.003006195669942764,0.40238709677419354,-0.3949287526801738
655.9641980553325,41.08813890174763,15.964806768783388,0.003900932910086588,0.35957720064431975,0.003963432133662644,0.396,-0.4064542434785283
179.0732973584987,23.63733799236767,7.575865667120393,0.012018117548102008,0.21810012194857756,0.012404202623348404,0.259741935483871,-0.5868579711838172
252.70981613383034,18.37591131387395,13.752233117441776,0.009818933968934695,0.330886428864818,0.010050439060801131,0.37258064516129036,-0.4254648891734714
76.38259067287386,23.110968651695245,3.3050363151814937,0.021795523193220614,0.08425708991735861,0.022333927041562625,0.10858064516129032,-0.9378209694826924
205.34327001781853,13.011134150177853,15.782119194813745,0.012432695256517207,0.357366882469545,0.012661089797971708,0.396,-0.4077233809115762
544.460516252134,28.54941274272005,19.0708131602801,0.004864042050158568,0.39357219489467243,0.00487475601277358,0.40238709677419354,-0.3936901917291104
63.62633971693947,4.32883495728601,14.698259542061727,0.03954631779707238,0.34368846681124254,0.04086152987380758,0.396,-0.41796193293455597
775.3038270305988,44.74350154397795,17.32774146584304,0.003354153314454497,0.37528223257398613,0.0034233188110048478,0.40238709677419354,-0.4000905715608007
24.767708845331494,5.37522843239872,4.6077500066873975,0.07516040142564161,0.13277763297106945,0.0763352111643011,0.15541935483870967,-0.7734308188019752
228.7280283917533,18.738116470931885,12.206564557679803,0.010570818622501095,0.3079598662765131,0.010814537285591567,0.3385161290322581,-0.4554803022251254
57.461063830744706,2.908724013696551,19.75473216440371,0.04638961810471606,0.40026570158318,0.04659227509374388,0.4109032258064516,-0.38750976070745097
231.16481959670386,13.259740487262183,17.433585507858897,0.011262758038549675,0.3764473394523282,0.011481471012536987,0.40238709677419354,-0.4003898725263461
290.1965096880867,45.36037934243523,6.397576781651912,0.007079385160853071,0.18776823041234858,0.007132305770934471,0.2107741935483871,-0.6423522770970063
115.77957317532272,24.060734675639495,4.8119716515782365,0.01629988145202218,0.13969022009248527,0.016493428848383885,0.16393548387096774,-0.7545535696750356
744.1830924012227,40.78300427146495,18.24738284231583,0.0035292314040166425,0.38516349973280656,0.0035664773930216436,0.40238709677419354,-0.3987817346088648
140.5659651396153,7.977898522887956,17.61942255048027,0.01855983882119024,0.3784750837264587,0.018881613146409487,0.40238709677419354,-0.40033765897667556
800.8212244982188,45.240059000928845,17.701595492653464,0.0032606728440811826,0.3793645257670709,0.003314238052295529,0.40238709677419354,-0.40033765897667556
92.1187307213056,47.691621108461376,1.931549579994504,0.014685680257665484,0.026605061841837033,0.01667173032340133,0.0915483870967742,-1.0351239555462366
577.8668734439796,46.105154518928956,12.533671765631546,0.004208650127777198,0.3130399776077463,0.004280549560767063,0.3385161290322581,-0.4529250212471535
66.02404456991763,13.518155834380272,4.884101454282758,0.028716558347170053,0.1420891194861573,0.028922829019376796,0.16393548387096774,-0.7405335238280623
582.8277320779631,32.31031331266972,18.038442599980023,0.004496439507358069,0.38296550488673137,0.00455385361615371,0.40238709677419354,-0.39930162034523414
447.0366208824174,47.215237371222095,9.46805831701459,0.0050967333659101485,0.2595349685622087,0.005283526884037455,0.3001935483870968,-0.5327520127939143
51.70736573182324,32.69942489889549,1.5812928175862138,0.024003049112992406,0.01301017048960414,0.027276751232658998,0.0915483870967742,-1.0184487302384089
516.5643625297214,42.76937497751872,12.077903004223188,0.004669575418788216,0.3059255357813747,0.0047885374422439765,0.3385161290322581,-0.4542705327112752
128.91610171258634,20.293877919866603,6.352462660001738,0.015904083499109344,0.18652398748746818,0.016055172420337823,0.2107741935483871,-0.6443629023315146
327.23546577646255,49.5615157102258,6.602612149509898,0.00633413464730581,0.19334140771753916,0.006508351947642478,0.22780645161290325,-0.6338551886140326
67.44448083978475,10.974139503945935,6.145764851588952,0.03011371595057619,0.18073802913359066,0.03068850430727087,0.2107741935483871,-0.6604844668829127
392.71343425675065,28.783529747750745,13.643685736195673,0.006307810244666575,0.329361433821726,0.006467424807929552,0.37258064516129036,-0.4327763401139727
197.79292146391631,47.17952266957531,4.1923468121789025,0.009128779495851403,0.11814971252721077,0.00929520195081172,0.1469032258064516,-0.8046641815252131
467.3930998772195,30.041202322845052,15.558401919279609,0.0054464437620991195,0.35462397613583496,0.005610859773842333,0.396,-0.4109369645332417
175.1383767348689,22.584171034295935,7.754917214756599,0.0123645397107119,0.22237414679748466,0.012800056978062213,0.259741935483871,-0.5846326301088123
128.2063411675902,13.328228943304138,9.619158082664747,0.017840500640290732,0.26252379434334183,0.018422879734895623,0.3001935483870968,-0.5268457006737897
326.2658130076715,42.10147502155324,7.7495102687172945,0.006636019605799214,0.2222462727485106,0.006871026972105522,0.259741935483871,-0.5846326301088123
332.2111598732789,29.712022112140478,11.18103502412028,0.007134886122767455,0.29114034432780445,0.007204950725134779,0.31509677419354837,-0.4758471515961191
54.40404264993297,16.717135700274984,3.2543878105289332,0.03043298312198181,0.08221481017366833,0.031356552275175614,0.10858064516129032,-0.954814301559766
681.3724956650092,48.77711047208,13.969103316503888,0.0036537652621867573,0.3338976335515199,0.003727542017440065,0.37258064516129036,-0.4220302350034779
78.02197231572819,43.55092954356165,1.7915110683845914,0.016795683819042805,0.020950010296076342,0.019798699878063392,0.09580645161290323,-1.0248459926768836
320.2330090358999,21.918360007744237,14.610263218724144,0.007847598020994431,0.34253320329371884,0.008118680797248144,0.396,-0.4206985450526088
84.02571116304125,43.288293678828445,1.941072378284496,0.01613328927871412,0.02699683467274718,0.018277484534937743,0.0915483870967742,-1.0374464992342673
314.02849841292294,25.85756729495467,12.14454920800675,0.007690706021035218,0.3069819060027736,0.007876953218589377,0.3385161290322581,-0.4554803022251254
21.069009775833145,1.3238130355918154,15.915396819169533,0.1213765670178358,0.3589819793447222,0.12339780600827709,0.396,-0.4064542434785283
282.28987488520636,43.550700993552,6.481867534738452,0.007304648651547684,0.19007546160614672,0.007544597842519167,0.22780645161290325,-0.6380685153324481
537.2932528220962,34.42718616994715,15.606656035430532,0.004740845080007561,0.3552190151675955,0.004880904662208543,0.396,-0.4109369645332417
643.2791544633658,45.78677082441577,14.049454523233981,0.0038748148576980175,0.33500144261926396,0.004051276036000624,0.39812903225806456,-0.42238797545359025
351.9378193812348,23.633441102073068,14.891518245743896,0.007168819312570954,0.34620125269967694,0.007387298090542684,0.396,-0.4159778176323718
162.2536542263588,30.593243922529307,5.303577961109017,0.011984792120377638,0.15561499268703174,0.012213377148767862,0.17883870967741936,-0.7340526807073978
37.53923356409151,22.5117572159422,1.667539019899667,0.033843436364279986,0.016165942538017498,0.041149844232603136,0.09580645161290323,-1.0247222149998616
140.2613768182942,10.26866084036278,13.659169291770953,0.01766530749451173,0.3295797012003028,0.01810794008110756,0.37258064516129036,-0.4327763401139727
90.43523234026222,4.566526605024883,19.803942944457987,0.02948866802279996,0.4007376655598186,0.029603967656190923,0.4109032258064516,-0.3873314793841234
17.148709148290443,14.03909265497872,1.221496970618607,0.06428781148461882,0.0024977614741114253,0.07655351127404514,0.08516129032258064,-1.0188720669429654
313.6144206741606,21.424105395760797,14.638390489631167,0.008016410849111746,0.34290323762866287,0.008290019239280985,0.396,-0.4206985450526088
255.47387237322604,24.33627946093815,10.497655271558,0.009142655316994458,0.27910388620782356,0.009369118708664062,0.31509677419354837,-0.5033560444295093
58.36507722105383,3.083560796734695,18.92781789250237,0.04531069103877969,0.3921401259889134,0.045474319604951866,0.40238709677419354,-0.3947741708965418
19.3647720390352,1.3133843002934538,14.744178101343579,0.13002015359946947,0.34428853169667734,0.1342576910207864,0.396,-0.41555075157032906
161.980355345383,17.387535399889423,9.315889320714948,0.014010107476619104,0.25648171359786986,0.014321777565387751,0.28316129032258064,-0.5397171726733557
665.2568848097396,40.07875058525516,16.598743101899128,0.003876307942767434,0.3670490628992663,0.003989604972035669,0.40238709677419354,-0.40016643262533436
652.6543020501238,36.76545601433775,17.751834814604294,0.004003094359748988,0.3799061725036787,0.004066643193771612,0.40238709677419354,-0.40033765897667556
110.83875335501092,13.461074043887438,8.234020033887406,0.019845908092626395,0.23342147524393042,0.02022560822270651,0.259741935483871,-0.57273067755064
379.7278790518234,22.484591923053582,16.888359831093318,0.006814131814615765,0.3703643973525649,0.006989510967551786,0.40238709677419354,-0.3995746075365374
121.36072343178785,25.097026809281342,4.835661385471622,0.01557419143187464,0.14048051946804793,0.01573492723398896,0.16393548387096774,-0.7545643759708436
352.9352065694117,46.12781179151847,7.651245373714129,0.0061138686558183655,0.21990943982657984,0.006351820842817381,0.259741935483871,-0.5842805675541525
223.8138612683012,43.58711609751115,5.134862805963001,0.00860326356033701,0.1502605422848973,0.00885407660456174,0.18735483870967742,-0.7327058846362876
87.81609880189231,36.859054065324926,2.382483789363035,0.016774214633101053,0.045663886804693,0.01804943550938351,0.10006451612903226,-1.0300340978018572
48.82970937795785,5.933254361076292,8.229835838202652,0.04504238884110598,0.2333273534124812,0.04591018930503008,0.259741935483871,-0.57273067755064
71.7483238322478,8.654600719604614,8.290194563190159,0.030712345489597816,0.23468119860527925,0.03181705929967713,0.2767741935483871,-0.5703214995786986
250.05103415661551,33.00335080113445,7.576534748345017,0.008606941357930798,0.2181162462182617,0.008883232466355993,0.259741935483871,-0.5868579711838172
146.68537783596202,20.612887309047448,7.116197533936868,0.014426216655822131,0.20674050956254142,0.014443585408401701,0.2256774193548387,-0.6174492158431643
162.45090024801442,12.905040391610992,12.588174489838615,0.014985222536693047,0.3138738968079616,0.015226679492240587,0.3385161290322581,-0.4529250212471535
60.72902597580975,23.816183810720236,2.5499058311967744,0.02490557724197076,0.05282362638852254,0.02610005654695948,0.0915483870967742,-1.0382200846472878
515.7485713746088,38.23825774856761,13.487763348577994,0.004791267748713144,0.32714961379486707,0.004796111765680097,0.3555483870967742,-0.4338885792662149
96.50164211376494,22.620571243938972,4.266101022520459,0.01881770957716789,0.12080360757735067,0.019591876815271587,0.15541935483870967,-0.7938663951134481
136.46468808713064,33.72137615312416,4.046830338935847,0.013077927385181308,0.1128404950519268,0.01337165853502193,0.14051612903225807,-0.8080369111809464
227.33014998246813,45.156691340108125,5.0342516963937465,0.008418850863184831,0.14701303963753953,0.00873363089943454,0.18096774193548387,-0.7328251756521494
369.1294534320613,21.11840241981078,17.479042500193472,0.007056773871259226,0.37694543624521404,0.007190193442004458,0.40238709677419354,-0.40033765897667556
369.18005511681247,28.792030451070598,12.822300106420071,0.006620647982021162,0.3174165426078793,0.0067002205482628065,0.3385161290322581,-0.444725025221947
294.01066046015626,34.07279521616164,8.628897588088082,0.007572014202831,0.24212629304747676,0.007818780866448674,0.28316129032258064,-0.5563325960820686
522.2413784460499,48.07685186350009,10.862636761841205,0.00450843133860805,0.2856202912535298,0.004583254288177998,0.31509677419354837,-0.4881366572451255
97.34836508117512,6.215230217372023,15.6628735664657,0.02618506764603186,0.35590987427936216,0.026706864351926395,0.396,-0.4099685825236065
430.0949794963098,28.392093207773698,15.148406859222012,0.005886711312328325,0.3494905187217136,0.00604487312116383,0.396,-0.41488622764351374
22.269719587293075,2.939484620513609,7.576062630802927,0.09663969228696193,0.21810486872081158,0.0997435758523593,0.259741935483871,-0.5868579711838172
551.0906562832153,39.0092902759108,14.12716438533944,0.0045282599094046,0.336062965272744,0.004717680387904513,0.396,-0.4235361280604418
441.45378558129687,49.74064004419398,8.87511268831825,0.005078975697426833,0.24738227523169973,0.00520735125990774,0.28316129032258064,-0.5445901195695783
174.488141073369,38.15614884894546,4.573001897129128,0.010642970573050348,0.13158346008519003,0.010835397025459315,0.15541935483870967,-0.7874766144807639
466.1142283095315,45.538711579221086,10.235560299036113,0.0049810873937087725,0.27429400441694884,0.005112419987489187,0.30870967741935484,-0.509120058136931
701.6955781418836,36.44624310452897,19.252891885986678,0.0037807886342773626,0.3953791041266147,0.0037824268215371783,0.40238709677419354,-0.3926315987780923
45.863183567334566,18.375006983104875,2.4959546197453983,0.032706985639033466,0.05051878790535915,0.03455998665429154,0.0915483870967742,-1.03599664373947
404.6236357022068,25.092770226448504,16.125108230406614,0.0063367152999894505,0.3614952620522941,0.006425402155741077,0.396,-0.4064542434785283
109.65114955102966,20.429670898242392,5.36724992278085,0.017798266394306612,0.15760654757305537,0.018072451414748385,0.17883870967741936,-0.734194761052143
30.239726737503357,11.076898889409328,2.7299812916425275,0.0513343191933745,0.06048042396254632,0.05360005187534937,0.0915483870967742,-1.0068517918838433
832.3962315369308,49.78180168822942,16.720894047789063,0.0031024455752820985,0.36845466789523107,0.0031885201719586867,0.40238709677419354,-0.40000700631993724
257.59277624157795,12.940461597853698,19.90599595645817,0.01036258914793926,0.4017123972958826,0.010393310450097558,0.4109032258064516,-0.3863523383144174
87.27742676498092,9.350352720464768,9.334132024127825,0.026014259772673742,0.2568500783955091,0.026580144548325003,0.28316129032258064,-0.5397171726733557
37.74288218873256,13.494149944188221,2.7969810877185335,0.041505511331371335,0.06330960888939008,0.042944545509840386,0.0915483870967742,-1.0090871070062148
55.536169339395265,3.013771014203007,18.427468137980558,0.04737960754395842,0.3870365978378299,0.04779069580939156,0.40238709677419354,-0.3974516677744911
346.15410051689196,34.831640252412775,9.937921326943941,0.006660056205679074,0.26869322354292374,0.006823348332591115,0.3001935483870968,-0.5157184265181172
143.91829302856945,19.65112286608404,7.323667660587409,0.014818643685735718,0.21193844601339318,0.015434184342535193,0.259741935483871,-0.5972899554898122
68.87825939520161,29.6994177489741,2.3191787791052185,0.021160071974560626,0.0429553717278788,0.023077071270395818,0.10006451612903226,-1.0356583906939716
487.88622464401817,25.014716766306535,19.50396757244817,0.0054507244070617624,0.39784083987510604,0.0054874303842758826,0.4109032258064516,-0.38770074595956033
108.38531603603563,41.1016738623278,2.637004916127696,0.01413548265155491,0.05653537617074027,0.014624038292082104,0.0915483870967742,-1.0274000317957324
159.44735198683495,47.95473814208556,3.324955117352676,0.010463320108945347,0.08505723014161456,0.010698974840763485,0.10858064516129032,-0.9378209694826924
425.3166373758331,39.790674075816824,10.688852281452641,0.005515042505394989,0.28254329611291756,0.00562772491571206,0.31509677419354837,-0.49879699686956697
216.69544027772582,35.228984706645825,6.151055503931312,0.00937493773424604,0.1808878989821109,0.009551517272816995,0.2107741935483871,-0.6604844668829127
385.3527370492488,24.12010327543454,15.976413228782345,0.006641303691327732,0.35971674297338524,0.006746726651048761,0.396,-0.4064542434785283
658.8305652141044,44.020625651695305,14.96640621210098,0.0038334318383099076,0.34716606632949526,0.003946188471477269,0.396,-0.4159778176323718
564.6946985850677,45.16398225841082,12.503208759451356,0.004304513097905419,0.3125723397810371,0.0043803984657557965,0.3385161290322581,-0.45268640939988236
93.21295083807388,19.386177546876763,4.808217123395276,0.020241093609129398,0.13956474897308238,0.020486446734003,0.16393548387096774,-0.7545535696750356
192.7529570826986,15.816986831547801,12.186452396751246,0.012539133936931299,0.3076432309794924,0.012832943414928757,0.3385161290322581,-0.4554803022251254
278.98968033613977,27.948623080190753,9.98223345513863,0.00827225952794495,0.2695366524634993,0.008466012082367164,0.3001935483870968,-0.5167420073525736
129.08191677264185,10.875300343799701,11.869273738838384,0.018614003318960085,0.3025820519589299,0.018649637653938407,0.3044516129032258,-0.4540452239806243
147.65932554117234,26.896874837879473,5.4898320504217235,0.013306850163851023,0.16139660180759882,0.013519443713124694,0.17883870967741936,-0.7227335311892739
13.094131535341612,7.596923639614848,1.7236097342167658,0.09842883499163507,0.018298227809303243,0.11797144465857641,0.09580645161290323,-1.0217196631229932
143.38024006876296,7.224048187837708,19.84763062767987,0.01860711425451622,0.4011555994053325,0.0186723197833765,0.4109032258064516,-0.3866006783413005
522.8595142826517,31.990083075504383,16.344425022235047,0.004916963901251933,0.3640877204171116,0.004972405608171247,0.396,-0.4034733861031087
171.92894679196183,24.456361715631623,7.030029600930831,0.01226717303182974,0.20454628018595689,0.012503777875841816,0.23632258064516132,-0.6118999876495034
14.63267158023025,1.7060480170074621,8.576940059340808,0.15190916547708577,0.24100062949024373,0.1571008352052165,0.28316129032258064,-0.5558198776662234
113.92142523411502,14.55721795806674,7.825769014538013,0.019054420280920224,0.22404303225311087,0.019678310700947246,0.259741935483871,-0.5846326301088123
416.8883601515653,26.052959120997883,16.001574263230854,0.00614085356693309,0.36001889019848415,0.0062363688450297215,0.396,-0.4064542434785283
180.57638623587263,47.53356539669567,3.798923660130606,0.009675773100674316,0.10357006700126187,0.00979897490731293,0.11496774193548388,-0.8731110126843543
679.5304369216896,41.286268223931366,16.458993901701277,0.003788557250016855,0.3654276771063521,0.003825979588025968,0.396,-0.4033393304800173
293.4560062521253,17.476888874017895,16.791089556470954,0.008807415354958542,0.3692575774478538,0.009044327322568392,0.40238709677419354,-0.39987980622534436
871.6566711047692,44.698366223985374,19.500861994303357,0.0030508057295986933,0.39781059911459443,0.0030714406049207436,0.4109032258064516,-0.38770074595956033
595.7042704513111,30.5177101019215,19.51995311777352,0.004464858984661093,0.39799641813268277,0.004494246266109408,0.4109032258064516,-0.38770074595956033
555.466948197936,46.65556884892808,11.905694473398281,0.004328586745937568,0.30316977335981166,0.004453168274597358,0.3385161290322581,-0.4541542255946925
191.835400643362,48.00189336083037,3.996413208148577,0.009264432721354018,0.11097823718672183,0.009512108844716129,0.14051612903225807,-0.8411891082887986
333.5079891870634,21.337367371396713,15.63023138618963,0.007639998773168294,0.3555090443855507,0.0077955241415416125,0.396,-0.4099685825236065
90.10204670841424,15.541686987445548,5.797443146371302,0.022162394941098493,0.17065907460993962,0.022083617332599722,0.17670967741935484,-0.6909862344763197
94.70859879427249,43.706312819674835,2.1669317927829974,0.014976186849453196,0.036463789540512506,0.01678314874551817,0.10006451612903226,-1.0438709214609425
854.0872405641396,45.489041924777965,18.775670016890743,0.0030916858314469285,0.39060362343834304,0.0031075422383839966,0.40238709677419354,-0.39390849265531885
909.4058306010356,48.51683086344084,18.74413094212024,0.002902705006731741,0.3902834527473654,0.0029185123802909505,0.40238709677419354,-0.39390849265531885
181.36237522616827,40.917868490981576,4.432351486396245,0.01013761166810707,0.1266953961483307,0.010424699623648904,0.15541935483870967,-0.7932979759566623
342.63833181469437,19.0883906723326,17.950090067641305,0.0076412818741062065,0.38202792395998286,0.0077461040662353394,0.40238709677419354,-0.3992748482842478
41.18949555958337,4.861578361142728,8.472453285706509,0.05379761981478316,0.23871908342484904,0.05542239940085726,0.2767741935483871,-0.5615997423054143
450.65185440766186,25.981665686444398,17.34499472998699,0.005771615316160177,0.37547266238524135,0.005889495736806565,0.40238709677419354,-0.40185298805755526
866.5031628844231,48.065596000687016,18.027513127519274,0.003024047725174324,0.38284978741101094,0.0030630149882925604,0.40238709677419354,-0.39930162034523414
101.37837443067838,7.186681506604409,14.106423714132006,0.02460792210935408,0.33578022015116177,0.025645208810114818,0.396,-0.4235361280604418
42.35298896245659,4.937463761198698,8.577883506769131,0.05248505988252036,0.2410211215362731,0.05427727730327513,0.28316129032258064,-0.5558198776662234
59.257366926583586,11.731174710819142,5.05127307258779,0.03233100227414494,0.1475653505585501,0.033504992294372246,0.18096774193548387,-0.7328251756521494
94.50636049444257,47.550655071238324,1.9874880872378573,0.014485971185841218,0.02891691711552501,0.016250532009535416,0.0915483870967742,-1.0361985533079836
103.88690892572889,18.685616983564433,5.559725912026675,0.018985200772637392,0.16353200679861632,0.019215818056527362,0.17883870967741936,-0.7118785364049608
579.4643660621254,33.652659927085615,17.218976666855948,0.004482267154638989,0.3740771537706898,0.0045802853993498985,0.40238709677419354,-0.40005883805596304
55.56951024120337,16.837341887258397,3.300373100058948,0.02994383783535704,0.08406951915166813,0.030698906647347205,0.10858064516129032,-0.9378209694826924
169.16338684099648,10.065136743305242,16.806864243897568,0.01528146861492348,0.3694375290262897,0.015689637248825036,0.40238709677419354,-0.39981951622396145
232.19851797483912,26.301821920710147,8.828229416001223,0.009643246720504069,0.2463912774734714,0.00990017053763842,0.28316129032258064,-0.550927263900092
39.64579111396343,4.849813047827702,8.17470502944878,0.055380006349189916,0.232083420495517,0.056545250788603424,0.259741935483871,-0.57273067755064
8.966745860738834,1.497956921280355,5.985983797901644,0.22478746489113385,0.176167004604645,0.23082735620019443,0.2107741935483871,-0.6698180337548573
42.405327444713926,2.406085694073729,17.62419665648638,0.0615257043637371,0.3785268784491665,0.06258912111404409,0.40238709677419354,-0.40033765897667556
332.0220266880603,18.56946753391413,17.879997155636033,0.00787971556563053,0.38128062709927873,0.007993783429951398,0.40238709677419354,-0.400037303587736
372.03528032931075,38.48041812388067,9.66817146143296,0.00615559542302672,0.263484277239541,0.006348672100373992,0.3001935483870968,-0.5268457006737897
119.18622087675853,18.75669515391872,6.354329475353108,0.017203864304963228,0.18657560461135422,0.017365851736280614,0.2107741935483871,-0.6443629023315146
295.34566779497516,19.63928323678405,15.038515623716739,0.00855971338859868,0.3480904512768248,0.008802802494159302,0.396,-0.4150916801719765
44.46182682558306,4.757108381414221,9.346397698083386,0.05108186060149445,0.25709739359891126,0.05217614265647351,0.28316129032258064,-0.5397171726733557
640.2764227580586,48.92318607991743,13.08738195652566,0.0038344535725415283,0.32135195115150034,0.003863312318525209,0.3385161290322581,-0.43761192620708944
104.64358548770218,16.933857385560376,6.179548056010708,0.019439352729854004,0.18169339800351259,0.019779236645103518,0.2107741935483871,-0.6604844668829127
198.8768254535692,31.032599762217945,6.408642104671516,0.010335134438061071,0.18807240909125392,0.010407297260668517,0.2107741935483871,-0.6423522770970063
132.53053127362793,21.730673328372568,6.098777026876105,0.015290984473790485,0.17940284223870318,0.016220876355468858,0.24483870967741939,-0.6661136538558168
134.83578189174833,19.57301609702752,6.888860726591101,0.015554882929114536,0.20090538797035223,0.015795240337122048,0.22780645161290325,-0.6189901846513992
394.6310010580413,30.16213665968737,13.083655362701073,0.006220896965745659,0.32129717074889835,0.006268103075203292,0.3385161290322581,-0.43761192620708944
135.06096741856615,25.907658306598616,5.213167698146091,0.014322788103064428,0.15275975875151013,0.014672374341070233,0.18735483870967742,-0.7284280750303733
218.4505027637324,43.25064217143152,5.050803682818522,0.008769928277913782,0.1475501356646538,0.009088638374100346,0.18096774193548387,-0.7328251756521494
216.57540679661614,46.819467209984204,4.625755475287247,0.008606047071140767,0.13339434199899713,0.008817262220621059,0.16393548387096774,-0.7744927715812335
117.66095250980857,42.36740582512831,2.777157350522115,0.013278569326488122,0.06247382517727148,0.013775605986968791,0.0915483870967742,-1.0068517918838433
372.65424000195645,48.14894503544656,7.7396138114264765,0.005807998014443686,0.2220120315844079,0.006015713657893381,0.259741935483871,-0.5846326301088123
461.3403000493532,26.399136638048926,17.475582871313527,0.005646078506844027,0.3769075752104774,0.005753046449733454,0.40238709677419354,-0.40033765897667556
324.4582421723997,20.612501223891172,15.740847685012259,0.00786426503408141,0.3568638907879645,0.00801295588516232,0.396,-0.4077233809115762
267.4242271528137,34.82948231688438,7.678099396360357,0.008076330910324954,0.22055048827525073,0.008382865027298483,0.259741935483871,-0.5846326301088123
76.58023674995924,16.72378788823376,4.579120308254942,0.024260349261629937,0.1317941126191436,0.024688462258708205,0.15541935483870967,-0.7874766144807639
201.72505974890828,15.219702012612494,13.254205606768101,0.012203923365954272,0.32378862359140337,0.012262174042141282,0.3555483870967742,-0.4338885792662149
100.61583903039742,28.054676862158015,3.586419459570203,0.017026381884743237,0.09539667044678636,0.017265747123113174,0.12348387096774194,-0.8840360585209612
123.09006752602906,11.374420228885441,10.821656405259297,0.019111348641213888,0.28489885267320314,0.01944563915947723,0.31509677419354837,-0.49023479798101555
59.68345836612113,42.8253997124698,1.39364626522663,0.01964424067699339,0.006854339809799417,0.02199594217657084,0.08516129032258064,-1.0192561858816762
9.410808899843973,5.597481318532335,1.6812577593937368,0.1354827633292218,0.016682315816275904,0.16414461607006856,0.09580645161290323,-1.0217196631229932
161.16788810580317,39.31262259983867,4.099647325652208,0.011121069074374138,0.11477880381162314,0.01132210164590276,0.14051612903225807,-0.804381111462261
82.82539033050801,10.654365098402774,7.7738457022581855,0.026162268425349598,0.22282122693359763,0.02706635238670172,0.259741935483871,-0.5846326301088123
24.480434092994635,12.316122761647687,1.9876737644436706,0.05592504944914497,0.028924630827072917,0.06273494295426377,0.0915483870967742,-1.0361985533079836
98.19785250652662,7.387268326402012,13.292850370084517,0.025085897557175003,0.3243487623883958,0.025189835909477327,0.3555483870967742,-0.4338885792662149
186.3303095767271,13.384961295732841,13.920870255794439,0.013351327406850128,0.3332319847829853,0.013630872040565482,0.37258064516129036,-0.4220302350034779
309.4555920293681,49.45901383132401,6.256808780796591,0.006596911576918103,0.18386395926369906,0.006688424103698069,0.2107741935483871,-0.6450199433546417
133.81608009261,46.06813247521296,2.904742886302369,0.011872435285155669,0.06783183626633223,0.012514047529952221,0.10858064516129032,-0.9850724559277038
67.00815385486094,7.301277467237711,9.177593120592922,0.03374183345353487,0.25366822784856996,0.03462036313138561,0.28316129032258064,-0.5408676641979074
564.9352151629462,44.32879138600781,12.74420523319897,0.004320760514395422,0.31624193116953686,0.004378533546698796,0.3385161290322581,-0.4489214483706321
697.1492054333614,34.913902906512256,19.967667530613625,0.0038310872551183765,0.4022988221516168,0.0038402707373337806,0.4109032258064516,-0.3863523383144174
372.6741610364285,18.7977236001551,19.82549424406653,0.007157315828830323,0.400943958225729,0.00718386723065444,0.4109032258064516,-0.3870299214773159
88.67131669628233,28.979077136449355,3.0598392170588884,0.01826208060103115,0.07427048745820199,0.018885259054927557,0.10858064516129032,-0.9836358236172007
376.3005885256521,26.26484366755287,14.327158893031115,0.006651182944294453,0.3387681682829847,0.00690902342537134,0.396,-0.4241135914128048
348.02066260664174,43.067962262157394,8.080732041330817,0.006289861832314907,0.2299467073073913,0.006441517536519007,0.259741935483871,-0.5771775101356185
340.8959054859375,29.137088486129304,11.699724413035325,0.007025444404141504,0.2998231134243916,0.007288531642516606,0.3512903225806452,-0.45980762788720825
427.8457705520332,21.97164191882095,19.47263532387808,0.006213790144429973,0.39753550220219236,0.006257492483160207,0.4109032258064516,-0.38770074595956033
473.57747124003174,37.118891567205914,12.758394748469042,0.005155532607605913,0.3164558755192268,0.005223195657566932,0.3385161290322581,-0.4489214483706321
563.2183953901042,43.88721869560357,12.833312570945056,0.004340535107109899,0.3175816158312643,0.004391880328392278,0.3385161290322581,-0.444725025221947
283.56924093502784,44.402549788239725,6.386327863769049,0.00724122399999619,0.1874586011535263,0.0072989941854364,0.2107741935483871,-0.6404472180216702
491.8515323010912,37.42420536637261,13.142604565307423,0.004996117625188234,0.32216192077246014,0.00502913507197988,0.3385161290322581,-0.43474323849082774
680.068340544321,47.9085225394341,14.195143254199673,0.003673157309912088,0.336986768041483,0.0038229534093938825,0.396,-0.4235361280604418
260.2574642238573,14.979117291935754,17.374686315058835,0.009997216972001314,0.375799912022655,0.010198025187223814,0.40238709677419354,-0.40185298805755526
23.41743108526208,9.750231448834395,2.4017307905097525,0.06310288800174557,0.046487647084391515,0.06768594754221165,0.10006451612903226,-1.0300340978018572
561.0108626248333,41.66297120382739,13.465454969118856,0.004403148145238009,0.3268310868030738,0.00440916202536462,0.3555483870967742,-0.4338885792662149
119.5029756929937,22.80984966443448,5.239095279059416,0.01621191733720801,0.15358188035957288,0.016582558395225593,0.18735483870967742,-0.7284280750303733
396.0195494804769,37.243803187692734,10.633166207132737,0.005915789924115653,0.28154748810146246,0.006044057775346886,0.31509677419354837,-0.49879699686956697
81.57372331941716,19.832132863957884,4.1132098034531595,0.02199625337065489,0.11527445293885404,0.022369448603494536,0.14051612903225807,-0.8033119020052658
537.7850414036348,45.14489475003861,11.912422088505917,0.004471474417168978,0.3032781482565479,0.004599584593960304,0.3385161290322581,-0.4541542255946925
127.18710911300397,15.297511875901462,8.314235030166238,0.017338265617519024,0.23521810255858452,0.017948522377333163,0.2767741935483871,-0.5703214995786986
44.03853236901767,5.643521388243162,7.803378305743774,0.04925388095824272,0.2235169807605704,0.05090499343771961,0.259741935483871,-0.5846326301088123
656.5756349453368,33.720327239416434,19.471211838592453,0.004049050535178221,0.39752161755777016,0.004077583069929374,0.4109032258064516,-0.38770074595956033
168.62229001442523,13.020862229913078,12.950163133363473,0.01452655552196004,0.3193246681306103,0.014669399823065225,0.3385161290322581,-0.44283856311318903
371.12665460225224,28.648912926615917,12.954301461730564,0.006600634072273112,0.31938611614668394,0.006665077166051255,0.3385161290322581,-0.44283856311318903
67.3599433827524,47.4632385433702,1.4192024280265096,0.01755083668151993,0.007621456618914708,0.019489236973662834,0.08516129032258064,-1.0192561858816762
396.4279379743553,31.73078372690516,12.493480822480166,0.00613054321327504,0.3124227727650894,0.006239690885415037,0.3385161290322581,-0.45268640939988236
176.91895878456805,12.543394890079442,14.104551465926745,0.014100475904442019,0.335754676394119,0.014695257076832448,0.396,-0.4235361280604418
219.92427364438655,16.98930611009918,12.944864976778188,0.01113693838591914,0.31924597025662416,0.01124745236309025,0.3385161290322581,-0.44283856311318903
3.6612986828835514,2.006257326427268,1.824939719673733,0.36074791132709155,0.02227949634409194,0.4219086579839146,0.09580645161290323,-1.0248459926768836
34.14231022514944,4.6109810823563535,7.404565235757087,0.06264930346008542,0.21393335360051033,0.06505890931861263,0.259741935483871,-0.5973975242280231
589.0486046754013,29.483647333426934,19.978824126266442,0.004534621095680821,0.4024046991590992,0.004545026797332869,0.4109032258064516,-0.3863523383144174
32.98777038404882,27.045935611085312,1.2196941846791993,0.033396608263656195,0.002461080867501639,0.03979638162371145,0.08516129032258064,-1.0185147783952624
105.81183987947189,13.123747510659758,8.06262386513656,0.020675604407750174,0.22953257744088112,0.021186487294854853,0.259741935483871,-0.5771775101356185
108.4112111434878,9.398788728497733,11.534593900890444,0.022020187824101273,0.2970991623692342,0.022001833067396736,0.3129677419354839,-0.4621496522153594
364.5081117839558,31.823847652723163,11.453929636718987,0.00653873605924737,0.2957550373003898,0.006543737417912542,0.3129677419354839,-0.4621496522153594
244.1533990830771,24.636994395403313,9.910031847416843,0.00943605620618854,0.2681606302732378,0.009673959131643413,0.3001935483870968,-0.5160669677083899
799.5017769594716,47.26295563999815,16.91603426263214,0.003237447260703499,0.37067808200724195,0.003319707662704094,0.40238709677419354,-0.3995746075365374
166.85581852324924,28.460445192647427,5.862726931845584,0.01200699264426662,0.17258047087120543,0.012044991407972949,0.19374193548387098,-0.6868499712773853
716.1538298730644,36.14277608074692,19.814577282970692,0.0037241680433891993,0.40083948952167053,0.0037383612032847262,0.4109032258064516,-0.3873314793841234
151.58751289547547,23.325163713054145,6.498883127265602,0.013612946755338416,0.1905384767528205,0.014049729693055093,0.22780645161290325,-0.6380685153324481
865.5160066469413,46.49063948900561,18.616995080302644,0.0030460018501063265,0.3889869657196801,0.0030665084815705264,0.40238709677419354,-0.3972512359038028
216.47297436610918,34.687164669754054,6.240722654246392,0.009423578710515844,0.18341366957428004,0.0095613332186811,0.2107741935483871,-0.6450199433546417
530.2787435177181,45.657212141134956,11.61434784670005,0.0045089019152126835,0.2984193667550244,0.004685517992775411,0.3512903225806452,-0.45876133997692625
191.30220955935997,36.8135854947818,5.196511206072998,0.010102151820482986,0.1522301971435611,0.010358819573473841,0.18735483870967742,-0.7284280750303733
292.060601214487,36.16534042656819,8.075704466476697,0.007493812339825551,0.22983180586030022,0.0076757398701829726,0.259741935483871,-0.5771775101356185
110.89592276349825,8.995184468515165,12.328365599577731,0.02185094061075142,0.3098667319419776,0.022305489053711648,0.3385161290322581,-0.45295438778866065
56.01506079568414,25.538766834166697,2.193334594399646,0.025445422171420283,0.03758578686839707,0.028376448734772176,0.10006451612903226,-1.0362846335622402
627.7683858353874,31.744024519785988,19.775954540486843,0.004246984201428847,0.4004693937123406,0.004264696588087277,0.4109032258064516,-0.3873314793841234
662.5672067840231,46.04040131811648,14.390995469522743,0.0037810027344326205,0.33962365193697436,0.003923933382885082,0.396,-0.4206985450526088
960.940306707444,49.40011706439402,19.452186832975308,0.0027660695548652687,0.39733594312247716,0.002786064518777974,0.4109032258064516,-0.38770074595956033
28.354669436307823,21.12220986180732,1.3424101749683903,0.04064120076686291,0.005399892436270668,0.046299037344373205,0.08516129032258064,-1.0192561858816762
488.44719564290943,29.130712103123013,16.767430672954422,0.005289975998867846,0.3689873547603739,0.005433775030327428,0.40238709677419354,-0.39987980622534436
469.84210760366835,26.145487794568105,17.970294197428633,0.005573698898414558,0.382242757049218,0.0056489448952428785,0.40238709677419354,-0.3986301985030694
100.52699403249756,48.25368580925385,2.0833018731435224,0.013885223742106937,0.03292651405274899,0.015811757989401678,0.10006451612903226,-1.0388601508418323
70.29762640195617,4.962069249438848,14.166998255799435,0.03551980428342674,0.33660482998390695,0.03698374631084849,0.396,-0.4235361280604418
127.08751724172126,6.992802443449701,18.17404656709081,0.020650235352553656,0.38439507882220647,0.020884129558292962,0.40238709677419354,-0.3987817346088648
595.9536232610536,36.090367547254694,16.512816681092136,0.0043226542620248025,0.3660538253273493,0.0044535548937425975,0.40238709677419354,-0.40236232252115295
246.16827487482584,49.389916138010705,4.984180863700103,0.0077506323424347,0.14538143716779187,0.00775730403616979,0.16393548387096774,-0.7395424604878471
401.50263886864064,34.61907902236265,11.597727328600646,0.00595313142710505,0.29814495240998706,0.006188329424035244,0.3512903225806452,-0.45876133997692625
176.26286513897503,23.899817655470628,7.375071545729085,0.012122220509018497,0.21320808925549642,0.012601982063065738,0.259741935483871,-0.5973975242280231
267.98280317182724,37.47699721275009,7.150594313907746,0.00790683779901372,0.20761054787998082,0.00790596544950286,0.2256774193548387,-0.6174492158431643
533.4923036370602,44.44718290383396,12.002837272979155,0.0045151058253644055,0.30472897119445225,0.0046365950819512985,0.3385161290322581,-0.4541542255946925
721.8277958942342,45.458817802229326,15.878719042685605,0.0035411510596074364,0.3585389025569169,0.0036017864591705163,0.396,-0.4064542434785283
728.3386374759713,36.50864768877552,19.949756662717938,0.0036664278997017457,0.40212871266958217,0.0036758199488895844,0.4109032258064516,-0.3863523383144174
109.10164556220205,48.90862221679573,2.230724167174258,0.013153296293406612,0.039177934748838794,0.014569060740130197,0.10006451612903226,-1.034235956326284
569.6036440482269,41.044098061278156,13.877845316464699,0.004364664505491286,0.3326362626718767,0.004458968325884302,0.37258064516129036,-0.4220302350034779
800.4968442251387,43.305417686455264,18.48491221170029,0.00328899328769865,0.38762998778608543,0.0033155810600190598,0.40238709677419354,-0.3971747787476016
178.3813084772225,40.93705686408944,4.357453176701158,0.010250454602456223,0.12405647370801312,0.01059891476805556,0.15541935483870967,-0.7878766206439196
380.4582434214893,33.58901907903383,11.326863774327077,0.00624865576002076,0.293619405872361,0.006291268696667835,0.31509677419354837,-0.4681462497160535
244.41626287803783,24.380362341740614,10.025128398505498,0.009452126673789576,0.27034987553224343,0.009663555021950812,0.3001935483870968,-0.5161726282688136
161.2503401660539,10.836261762492807,14.880624305716234,0.015643989426940914,0.346060490544187,0.01612318819561828,0.396,-0.4159778176323718
94.88360982162915,33.43724771442765,2.837662077692129,0.01659934502575726,0.06502109412102516,0.017082517464012938,0.0915483870967742,-0.9975484105950139
148.49174780942258,9.502285218274466,15.626951243670142,0.017158479878032432,0.35546871827746584,0.017660760152397863,0.396,-0.4109369645332417
573.277607905806,48.564592044105424,11.80443577874939,0.004186050653855131,0.30153147384751994,0.0041992412441847,0.3044516129032258,-0.4540452239806243
429.7431686067533,44.381590122770895,9.682915087494006,0.005330969623732859,0.2637723433233824,0.005496143224891731,0.3001935483870968,-0.5212866834663609
118.40788054043992,27.70932360630197,4.273214396092666,0.015344644246276936,0.12105825794618782,0.015967250457781766,0.15541935483870967,-0.7938663951134481
84.6321937598814,5.0971435267133955,16.603847491508972,0.03047181794932829,0.36710801525549586,0.03136055036985274,0.40238709677419354,-0.40000700631993724
113.95231905104256,35.85158601926114,3.178445689678054,0.014407264007286197,0.07913220483515265,0.014813329526618185,0.10858064516129032,-0.9533436839173067
580.675043086927,39.91359332065876,14.548302840635925,0.004324009312728303,0.34171552159988006,0.004477322750575922,0.396,-0.4206985450526088
13.632460480259853,3.9073387904345234,3.4889374101967308,0.1244686776573897,0.09157781079968864,0.12743170140080165,0.12348387096774194,-0.9093520426241478
172.7732888259875,10.079763023518295,17.140610193202914,0.01501975383806622,0.3732039136593684,0.015361820066937815,0.40238709677419354,-0.40005883805596304
74.07056806259513,9.249688726950719,8.007898454655724,0.029483256966999,0.22827627074126175,0.030265478716960503,0.259741935483871,-0.5802142412506947
477.5398383640571,25.669269449726023,18.603561714108466,0.005519969347488822,0.38884942525464067,0.005557886404640673,0.40238709677419354,-0.3972512359038028
387.53304413265505,45.76308146747915,8.468246274194836,0.005717229596989026,0.23862671677088065,0.005890647800453481,0.2767741935483871,-0.5615997423054143
299.5855154843402,16.09468600987765,18.613939737654917,0.008799764354267901,0.3889556922284636,0.008859280699959716,0.40238709677419354,-0.3972512359038028
172.37487963771517,36.98670748769288,4.6604548321872645,0.010838462481773215,0.13457885359161464,0.011078192810210524,0.16393548387096774,-0.7660314774820938
92.92041218913957,10.605871077534372,8.761223996581098,0.02405122534066266,0.2449669837640245,0.024739504188364857,0.28316129032258064,-0.550927263900092
66.72085340263709,14.292500200020042,4.668242257750224,0.02801622002422361,0.1348439697161355,0.028620769292917427,0.16393548387096774,-0.7660314774820938
114.08667903786676,24.280897476902226,4.698618704123041,0.016418233641292246,0.13587559979942976,0.016738169332018337,0.16393548387096774,-0.7660314774820938
113.38981018438271,9.199198346378006,12.326053414102937,0.021369464017508843,0.3098307033700876,0.021814903713836115,0.3385161290322581,-0.45295438778866065
68.16083475107814,8.238627456381,8.273324059371815,0.03231184094505842,0.234303635567711,0.03349167718323692,0.2767741935483871,-0.5703214995786986
63.34366615047431,3.505953119459101,18.067459544423965,0.04138459967530535,0.3832723659663865,0.04190019834047802,0.40238709677419354,-0.39820426462327835
179.18478743980992,29.583500994220028,6.05691623431651,0.01128722214761655,0.1782070244662916,0.011997454649079765,0.24483870967741939,-0.6661136538558168
171.60221396643658,11.89725310279259,14.423683558195224,0.014605603512828098,0.34006023041420863,0.015150559663602339,0.396,-0.4206985450526088
38.406090250337606,15.518226219778413,2.4749020736266862,0.03892932316058054,0.04961857103928117,0.04127030378981293,0.0915483870967742,-1.03599664373947
352.214834542212,21.36787901036083,16.48337836298261,0.007311428329458634,0.36571161763215526,0.007535492304767787,0.40238709677419354,-0.40208898661651354
699.5144257136378,44.66688362257844,15.660694657463047,0.0036439591484079947,0.3558831451149723,0.0037166775773814676,0.396,-0.4099685825236065
43.34270935259915,32.3363042008152,1.3403730087220815,0.02656864796969395,0.005344534897181852,0.030288690271741133,0.08516129032258064,-1.0192561858816762
217.38633292847493,14.524173790183145,14.967208191587865,0.011618071048506026,0.3471763719762017,0.011959673573223981,0.396,-0.4159778176323718
14.293780556536126,2.1401196627013253,6.678963240071386,0.14547772594383998,0.19538321614131893,0.14899931985104214,0.22780645161290325,-0.6305019473211078
78.6648652272893,9.860397109971672,7.977859750469552,0.027734086320837337,0.2275836336181833,0.028497871251344373,0.259741935483871,-0.581507413346959
101.38802521107779,11.872273903194227,8.539899436097024,0.02189989906419008,0.24019455929126707,0.022673337622978348,0.28316129032258064,-0.556798432002509
437.93084082680326,48.05557922602887,9.113007227880878,0.0051538125883204625,0.2523414647105408,0.005249241917280174,0.28316129032258064,-0.5435382782468159
485.15899426267293,42.64282195164064,11.377272236177769,0.004905134069768312,0.29446933539921166,0.004933568305508796,0.31509677419354837,-0.4681462497160535
143.35764890290923,25.42554298085466,5.63833185434258,0.013815495541744322,0.16591171749575848,0.013879825287454661,0.17670967741935484,-0.7046874820729945
497.4404809854555,41.322607092300856,12.037974270944236,0.004845506253870028,0.30528995631754813,0.0049726306680995406,0.3385161290322581,-0.4541542255946925
66.16942337518446,4.867707131510652,13.593550636364874,0.037407282350245014,0.3286529991075738,0.03738264088047249,0.3555483870967742,-0.4338885792662149
735.0211527919807,42.961959211667036,17.108650682587434,0.003529245207342921,0.3728465847163022,0.0036109330530641765,0.40238709677419354,-0.40005883805596304
194.57700762459922,30.152601696485846,6.453075246481179,0.010584185163300258,0.18928989836524585,0.010637280663430827,0.2107741935483871,-0.6414179835414868
99.02154515641806,25.106624519613156,3.9440405491014126,0.017869131363581096,0.10903128493094283,0.018055619976015787,0.132,-0.8411584589980476
182.99770310237804,33.851977469709986,5.405820184836186,0.010687636731352939,0.15880530563219994,0.010802300154943791,0.17883870967741936,-0.718070723416558
488.1911172715197,39.88198611371509,12.240892815105685,0.004955750034524567,0.30849915016643625,0.005066843094416064,0.3385161290322581,-0.45638971137719486
140.75219333896337,8.348437042038242,16.859705910245353,0.018377374260624597,0.3700390435033601,0.018856631021913744,0.40238709677419354,-0.3995746075365374
78.71341061396873,17.20721420444313,4.574442421577102,0.023595198076407253,0.13163307110158687,0.024019392248628944,0.15541935483870967,-0.7874766144807639
131.92242462496867,21.456664883339354,6.148319197891917,0.015397280064704885,0.1808103986144286,0.015689298060108887,0.2107741935483871,-0.6604844668829127
78.66439842340635,5.276038780320162,14.909746061160076,0.03208076078331844,0.3464365429899569,0.033050142544930064,0.396,-0.4159778176323718
492.8431104501606,30.452245930991904,16.18413011529582,0.005206224353190987,0.36219651415165643,0.005275247895278567,0.396,-0.40577848924349313
254.73024044334718,26.52088321599444,9.60489280725471,0.00897591736655464,0.2622434226084456,0.00927227957101078,0.3001935483870968,-0.5268457006737897
51.03604078403769,37.650849669103344,1.3555083413142297,0.022681153553532212,0.005760490276490844,0.02572287894890095,0.08516129032258064,-1.0192561858816762
11.58835532555896,6.8693329096132345,1.686969532273174,0.11018696898118378,0.01689836051663981,0.13330050472016947,0.09580645161290323,-1.0217196631229932
77.61394079447483,26.7561181277052,2.900792275771417,0.020459252864406998,0.06766671348096932,0.021575773236217698,0.10858064516129032,-0.9850724559277038
166.49619721081268,31.487928866851533,5.287619834091062,0.011668747260870846,0.15511336443232596,0.011902164169690707,0.17883870967741936,-0.7340526807073978
343.4192735321944,33.903956031232056,10.129180005302015,0.006743870293359198,0.2723094594235726,0.006877686218039505,0.3001935483870968,-0.5101453544404669
29.25540511545295,2.598132573580405,11.260166402954948,0.08115201107957998,0.2924893217321266,0.0818161644927127,0.31509677419354837,-0.47199785205505457
385.557065479927,47.486753286174306,8.119255135351217,0.005684529305824953,0.23082513924112624,0.005814395330717547,0.259741935483871,-0.5749588619964165
363.73400868649605,43.094968840457206,8.440289399746021,0.006086154049159828,0.23801191444560932,0.006276071578422681,0.2767741935483871,-0.5703214995786986
445.85019392435436,23.260145663460897,19.167988041654247,0.005945461915207133,0.39453882902462,0.005952923675902248,0.40238709677419354,-0.39324969606416943
136.98032967962112,11.61963022638779,11.788699555046373,0.017513809100266967,0.30127566505058273,0.01813859405762731,0.3512903225806452,-0.4552174760200831
27.972196000870063,4.30782424053001,6.493346626748291,0.0737538522794112,0.19038792223031253,0.07613859065472328,0.22780645161290325,-0.6380685153324481
20.637332563981513,1.5124858217122283,13.644645303596146,0.12003484133275417,0.3293749677380347,0.12307039193389409,0.37258064516129036,-0.4327763401139727
542.9752449862966,27.784857682094326,19.542127989239678,0.004899473526736324,0.39821200657054395,0.0049306883101987485,0.4109032258064516,-0.38770074595956033
30.951239147782104,11.374082065660946,2.721207651668507,0.05009337259346312,0.060109042841505644,0.05236788466166195,0.0915483870967742,-1.0068517918838433
753.3993821700301,45.28928998403716,16.63526591906334,0.003424289112600781,0.3674704622073736,0.0035228488874960444,0.40238709677419354,-0.40000700631993724
174.81856675491045,11.092447623134307,15.760143540395038,0.014599449420942368,0.3570992256041771,0.014871816131233237,0.396,-0.4077233809115762
725.5805892708705,37.09204447060396,19.561622974055926,0.003667107645454496,0.3984013230861388,0.003689792330127754,0.4109032258064516,-0.3875897064122958
549.1307814407788,44.7674547636336,12.26629443956818,0.004407816626478235,0.30889725998895384,0.004504551328942807,0.3385161290322581,-0.4545060741832841
466.0843500751661,44.5021388181336,10.473302237897101,0.005008599641673189,0.27866165265707626,0.005100776931079799,0.31509677419354837,-0.5083215449736425
428.61173703206543,40.08406091310181,10.692822215824199,0.005473119709068986,0.28261410464575504,0.005584459851242429,0.31509677419354837,-0.49879699686956697
32.10574282917412,4.704147308720879,6.824986702617547,0.06515851364802401,0.1992388644661479,0.06633590732835005,0.22780645161290325,-0.6218149957858929
202.26133606504203,10.646430211383068,18.998042728799934,0.013084021131161687,0.3928448564745898,0.013122192441487697,0.40238709677419354,-0.3947741708965418
327.02487644822764,26.201322327786006,12.481235578764052,0.007429994409885055,0.3122343411653643,0.007563913235493765,0.3385161290322581,-0.45268640939988236
509.83354926714753,41.38435162464819,12.3194765473502,0.004752125010608399,0.30972818656148227,0.00485175562663164,0.3385161290322581,-0.4545060741832841
355.86342242859246,43.16667285461087,8.243939106151904,0.006183215021044337,0.23364443950192784,0.0062995549976802775,0.259741935483871,-0.57273067755064
249.17948967816295,14.551658916685133,17.123785755619267,0.010412239127349364,0.3730158922500334,0.010651407059007606,0.40238709677419354,-0.40005883805596304
198.67615260497382,23.539253934562986,8.440206013209922,0.011142432447542882,0.23801007808503374,0.011490159458452873,0.2767741935483871,-0.5703214995786986
127.06878576237314,19.174026329295234,6.627131077223451,0.0163289947756337,0.19399905730941677,0.016760714035677728,0.22780645161290325,-0.6338551886140326
403.7435974101012,21.57651037041032,18.71218239089249,0.006536058429675494,0.38995853788465074,0.006573756691977934,0.40238709677419354,-0.39390849265531885
294.93812261316515,28.33541374836225,10.408816516053598,0.007903437180286747,0.2774860433412378,0.008079564880082336,0.30870967741935484,-0.5081097777724692
30.35844926265354,22.241874920343417,1.3649231178297088,0.038251648948034456,0.006024567600402991,0.0432431145530859,0.08516129032258064,-1.0192561858816762
180.61069134002875,11.411700734041556,15.826798787428757,0.014143245169054271,0.3579098845259198,0.014394881951977462,0.396,-0.4064542434785283
248.30598450393182,16.764720243950123,14.811221475260698,0.010149452482964592,0.34516126123228213,0.010470426583953654,0.396,-0.4152844521593946
63.07307041275814,14.983494848358827,4.209503260160073,0.028665603306606488,0.11876926762570982,0.029149130324821724,0.1469032258064516,-0.8046641815252131
514.4136111115795,39.42159056359211,13.049032364175261,0.004769604671029726,0.3207874824452945,0.004808558206609984,0.3385161290322581,-0.43761192620708944
588.5640435746848,43.26721524449464,13.603002648745095,0.004206144412292426,0.3287867593969908,0.004202750436943029,0.3555483870967742,-0.4338885792662149
27.90509676497778,5.5899402099802185,4.9920206150248845,0.06840640811854252,0.14563758462732448,0.06843202044223269,0.16393548387096774,-0.7333672400064716
225.90042459842056,27.745736369280287,8.141806783997794,0.009709098304043,0.23133775563926107,0.009923758245416425,0.259741935483871,-0.5749588619964165
67.28391965073565,25.944436575715486,2.5933852698776567,0.02262569480055953,0.054678167368763665,0.02355735248835307,0.0915483870967742,-1.0382200846472878
162.3550131086108,27.068450024561905,5.997942732638547,0.012422032012758218,0.17651216150389867,0.012748422122135308,0.2107741935483871,-0.6698180337548573
65.5091971172193,31.633060844599214,2.07090921232821,0.021255527402960918,0.03240496304646618,0.02344371025600538,0.0915483870967742,-1.036397339754947
11.90334095527307,1.3135965681442454,9.061641331850655,0.18934497606572198,0.2512803595167971,0.1931226649035419,0.28316129032258064,-0.544104651951165
699.630265597234,36.69090869565187,19.06821854428874,0.0037851588725275084,0.39354631295229536,0.003793592567142925,0.40238709677419354,-0.3936901917291104
184.2452148246972,32.15730843102827,5.729497393100251,0.010800641846398966,0.1686430741710569,0.010799624415135291,0.17670967741935484,-0.7011096873397551
181.96747726304264,30.624750574516323,5.941843569314248,0.011052979156440388,0.1748887315548828,0.011044703870777977,0.19374193548387098,-0.676878132846438
34.19645983075787,8.214286735904658,4.1630467659821395,0.05267950238696217,0.11708851249567295,0.054978057790333025,0.15754838709677418,-0.8034835286471331
432.6545685363185,34.2816574929494,12.620584889318762,0.005629754358505215,0.3143681268161232,0.0057172348824852896,0.3385161290322581,-0.450927294605488
52.201356051602886,13.334008944116189,3.9149033325523184,0.033812052556152515,0.1079426027609454,0.033896887196366826,0.132,-0.8424579246657837
658.3644481880015,33.53435730043315,19.63253514268179,0.004044199042029058,0.3990882431686886,0.00406650404733994,0.4109032258064516,-0.3875897064122958
42.3719823510871,3.666452808399269,11.556669229185093,0.0563644462646816,0.2974654523284485,0.05629298507795974,0.3129677419354839,-0.46066499542020845
894.1784966153886,48.30373991984926,18.511578981236347,0.0029452115509795763,0.3879047848183239,0.0029682129299285825,0.40238709677419354,-0.39706701091370783
175.02963971008924,12.931298342051816,13.535349280505208,0.014128758172539186,0.32782731981116014,0.014132393778559994,0.3555483870967742,-0.4338885792662149
772.9619763922432,40.114802699707376,19.26874680597349,0.0034327276631646512,0.3955355759328766,0.0034336904742789777,0.40238709677419354,-0.3926315987780923
37.20352316028711,14.107056275482808,2.6372279541370043,0.041182339962813085,0.05654486300640142,0.04260432554146771,0.0915483870967742,-1.0274000317957324
206.65789815351724,31.91393928306598,6.475474441451139,0.009975203055718723,0.18990126090291778,0.010305744905243467,0.22780645161290325,-0.6380685153324481
554.3236525463657,39.688363767503866,13.96690616407412,0.00449104504539551,0.33386736138590045,0.004581880270582317,0.37258064516129036,-0.4220302350034779
454.68405135943334,34.44475894020424,13.200384190487743,0.00540964173621983,0.32300581329223566,0.0054402343427415725,0.3555483870967742,-0.4338885792662149
343.3863863432902,26.458963448363487,12.978074028237451,0.00713670582187242,0.31973873052526824,0.007203511524273322,0.3385161290322581,-0.44283856311318903
744.5189177795514,38.94569209254704,19.116849073071897,0.003558631162971574,0.3940307878881082,0.0035648686849133466,0.40238709677419354,-0.39288921038443403
57.93835843610569,28.0408609966929,2.066211820062831,0.024010626811646393,0.032207475678791245,0.026507113383498534,0.0915483870967742,-1.036397339754947
7.062649335235036,3.24158522756232,2.1787640427230617,0.20126994163617393,0.03696634452983505,0.22505839177289141,0.10006451612903226,-1.0438709214609425
162.78296744437517,33.018999180818426,4.929978844996002,0.011681226207558458,0.14360353201684886,0.011730970274368379,0.16393548387096774,-0.7395424604878471
149.96638193261913,10.122135080354184,14.815686684885819,0.016805942977431126,0.3452192441307711,0.017336349304425375,0.396,-0.4152844521593946
792.6793984587367,49.15057893335415,16.127569922087233,0.003234678259497894,0.3615245630319001,0.003279850070734605,0.396,-0.4064542434785283
366.8026011718181,30.126478417226043,12.175422433777847,0.006587924312010197,0.30746936678424736,0.006743648445785644,0.3385161290322581,-0.4554803022251254
374.3908452592976,41.97859396909663,8.918613270728239,0.005996106279333869,0.24829770454004815,0.006140120560228146,0.28316129032258064,-0.5444528648950178
353.70095719706956,24.584727036659643,14.387019903440317,0.007082321866073275,0.3395704865355149,0.007350473693109621,0.396,-0.4206985450526088
171.8142030634847,32.90996159543616,5.220735447084548,0.011263936504988697,0.1529999958774679,0.011533767508731946,0.18735483870967742,-0.7284280750303733
30.222409393737763,5.249760165503151,5.756912399986023,0.06593667771646768,0.16945850606578164,0.06583787197340192,0.17670967741935484,-0.6974948358237266
233.13551029048523,14.79792082223946,15.754612630452188,0.01094674319753889,0.35703180023784803,0.011151752806191267,0.396,-0.4077233809115762
395.000158159294,35.86157437062699,11.014579395678327,0.00597998413464226,0.2882731623767021,0.0060596558957872115,0.31509677419354837,-0.4758471515961191
204.25896287048056,18.725784721197783,10.907898702864895,0.011538135889397352,0.2864141594878773,0.011718286451618737,0.31509677419354837,-0.4858328100012871
304.02189730025003,32.47507239071683,9.361700372595822,0.007473502909458961,0.2574055410047822,0.007630524774101969,0.28316129032258064,-0.5397171726733557
16.663961605565685,2.5591032320477636,6.51164102990538,0.12390168220453952,0.1908850352536199,0.12780655833440005,0.22780645161290325,-0.6380685153324481
99.59759090068033,6.182815543543617,16.10877604211964,0.0257382400389255,0.3613007462382686,0.026103739634599863,0.396,-0.4064542434785283
28.879344492273283,4.941167543732199,5.8446398015599215,0.06930998926024685,0.17204966299579472,0.06889973284971947,0.19374193548387098,-0.6875191142324849
95.794414837675,10.357081734234775,9.249170499546386,0.023647882029044297,0.25512903406951126,0.024216929798569733,0.28316129032258064,-0.540267051904405
279.10189495799887,17.365580822098735,16.072131293346956,0.009180525190989924,0.36086356485419074,0.009315126941348778,0.396,-0.4064542434785283
213.1005220332527,36.629798589563556,5.817682057743244,0.009380169462733488,0.17125636371239183,0.009337279427603451,0.17670967741935484,-0.6909862344763197
165.9541891842878,44.00242994349696,3.771477834232967,0.010502419019160686,0.10252619496316154,0.010662361018278489,0.12348387096774194,-0.8710458651855787
260.88430919653246,31.927135738234306,8.17124064418064,0.008415005887894055,0.23200501658441416,0.008593008940077121,0.259741935483871,-0.57273067755064
273.54742404210776,19.26787405068157,14.19707349770804,0.009132124878634896,0.33701293427902723,0.009504273674697621,0.396,-0.4235361280604418
402.922731029912,36.525801183919285,11.031181191647653,0.005864445328759564,0.28856094598582427,0.00594050633755174,0.31509677419354837,-0.4758471515961191
80.44354024054002,19.84980205580298,4.052611709396004,0.0221959556854665,0.11305329057847618,0.022683725824759103,0.14051612903225807,-0.8080369111809464
192.03149129061126,11.240004602307938,17.08464525460968,0.013504871611817921,0.3725777271880239,0.013821233993862451,0.40238709677419354,-0.3996443547035727
212.26594084487735,13.29787639286595,15.962393887098685,0.012054665455709367,0.35954817785688264,0.01224817118920044,0.396,-0.4064542434785283
574.6020674309033,40.305150015241665,14.25629397765828,0.004351271059534736,0.3378139897862211,0.00452464362463748,0.396,-0.4238434549688274
294.907785360771,17.175011071083908,17.170747904627667,0.00880240916638089,0.37354023399077085,0.008999803691418418,0.40238709677419354,-0.40005883805596304
169.28034373055755,14.1115700907813,11.995854652711094,0.014227642581369769,0.3046173010816874,0.014612374578112014,0.3385161290322581,-0.4541542255946925
117.965105178111,5.906724788392466,19.971322417108176,0.022641685599526135,0.4023335143697659,0.02269520032334112,0.4109032258064516,-0.3863523383144174
440.35082441130015,25.42854306513736,17.317186567995826,0.005904794125691255,0.3751656364715279,0.0060272674153980495,0.40238709677419354,-0.4000905715608007
830.4604856036793,48.45833501147214,17.137619057837504,0.003124681069938382,0.37317050039436617,0.003195952391869153,0.40238709677419354,-0.40005883805596304
414.4089053025,47.05021387117085,8.807800670942783,0.00540007979403796,0.2459580326121476,0.005547189978602855,0.28316129032258064,-0.550927263900092
638.5722554461232,42.16975373077375,15.142897431248679,0.003964557952220817,0.34942057294652157,0.004071378859528458,0.396,-0.41488622764351374
413.5349337341146,48.21096352720055,8.577611884914909,0.005375316724470281,0.24101522200214193,0.005558913501648307,0.28316129032258064,-0.5558198776662234
417.4283997085529,39.78404941320979,10.49235575225158,0.0055948071136629795,0.2790077314008556,0.005734073289929545,0.31509677419354837,-0.5033560444295093
444.93345590495824,34.89059706118308,12.75224540080918,0.005486857852675016,0.31636318645981276,0.005559455596053992,0.3385161290322581,-0.4489214483706321
266.04034624272043,23.428636912423958,11.355348893628637,0.008941200632923701,0.2941001276992787,0.0089970001581756,0.31509677419354837,-0.4681462497160535
61.33759544252804,28.7311439072354,2.134881772914072,0.022984775834604065,0.0351048918298476,0.02591409867922214,0.10006451612903226,-1.0467338150064789
29.07503840973668,17.665374409574646,1.645877281490167,0.04344669196007538,0.015358158923689042,0.04850927218348024,0.0915483870967742,-1.0184487302384089
110.14908913966102,17.307086829371595,6.364392241490847,0.018623713364052375,0.18685364386274209,0.018790625114739386,0.2107741935483871,-0.6404472180216702
53.79756365897837,4.123947624076045,13.045161714688728,0.04560414223880013,0.3207304196193403,0.04597955043061957,0.3385161290322581,-0.43761192620708944
156.42478524951375,49.7973762969807,3.141225439602087,0.010450987626368223,0.07761262930266097,0.010705341764603896,0.10858064516129032,-0.9662259710408155
257.1343156837862,21.678917129968085,11.861031348670723,0.009342804798551062,0.30244880471593877,0.009362153663091967,0.3044516129032258,-0.4540452239806243
372.5376642055464,30.606710476121414,12.17176424419053,0.006486071748237077,0.30741166954173405,0.006639832771211205,0.3385161290322581,-0.4554803022251254
265.70051413735064,33.25897948417578,7.988835444087144,0.008214069069244764,0.22783696475682902,0.008437248262503496,0.259741935483871,-0.581507413346959
414.80887995076375,44.47548465286618,9.326685997654032,0.005472425795073833,0.25669980206549997,0.00559256739994187,0.28316129032258064,-0.5397171726733557
75.19583905145568,11.599597415594943,6.482624901305584,0.027423010664987153,0.19009608995407198,0.02832289137124409,0.22780645161290325,-0.6380685153324481
362.56566635964197,23.077825228972227,15.710564698465257,0.007034963563952623,0.35649395600068584,0.007170755044758836,0.396,-0.407999245721962
4.945921708094389,1.7579110961644902,2.8135220938565553,0.31743217317160993,0.06400610781751218,0.32771463389198413,0.0915483870967742,-1.0090871070062148
34.014609111786214,23.60063223024273,1.4412583857901324,0.03500128999666627,0.00830388522013512,0.03859500177716534,0.08516129032258064,-1.0192561858816762
843.4757492847943,49.42845141452861,17.064579713635734,0.0030739080200785688,0.3723526918457462,0.0031466372063078166,0.40238709677419354,-0.3996443547035727
391.9060750951233,45.9798679121759,8.523427597566954,0.005662822288610601,0.23983513896550265,0.005877276614938183,0.2852903225806452,-0.556509355831092
56.40082916953271,10.29273897039187,5.479671575445131,0.03481848916353093,0.1610846397785878,0.03539437220632574,0.17883870967741936,-0.7227335311892739
25.675990917494104,10.530589143652076,2.4382292925151106,0.05789277298461866,0.048049660014678336,0.06173202884763677,0.0915483870967742,-1.03599664373947
157.8987982578096,19.677331185996245,8.024401112391773,0.013838074663908594,0.22865586888564138,0.014197582413460641,0.259741935483871,-0.5797222035860508
518.1477098870417,36.30274741254288,14.272961327109302,0.004826540667340149,0.3380388400908935,0.005017622449149749,0.396,-0.42521019395782267
573.5082166936029,30.036404047405057,19.093770871788166,0.004618717461985246,0.3938010394518783,0.004627853791911509,0.40238709677419354,-0.3935221005111224
395.6457256074357,28.067463436849977,14.09624088395496,0.00630445917471024,0.33564125105799064,0.006571206038213017,0.396,-0.4235361280604418
596.9427485630248,41.58902573293322,14.353371786017147,0.004194372054602169,0.33911991504125305,0.004355308088360603,0.396,-0.4206985450526088
12.453081534713291,1.749068237170218,7.119837448343857,0.16995071238491558,0.20683273556443432,0.17013160774958097,0.2256774193548387,-0.6174492158431643
600.5864264054616,42.23448145568608,14.220286498263704,0.004160808436468688,0.33732732828356204,0.0043288850143768575,0.396,-0.4235361280604418
658.3371330006611,40.073318597362736,16.428315798232564,0.0039090761780664505,0.36506982942723337,0.003949146190880503,0.396,-0.4033393304800173
386.430861790788,44.89151681484836,8.608104363784202,0.005757533434078416,0.24167650784408998,0.005948812980114333,0.28316129032258064,-0.5563325960820686
43.40265626631234,3.848613540777798,11.277478449431621,0.054719513738987036,0.2927832536968261,0.05514789285107996,0.31509677419354837,-0.47199785205505457
57.6572105079065,29.738450687229466,1.9388101658122405,0.023500107023505745,0.026903695737871474,0.02663636729544923,0.0915483870967742,-1.0374464992342673
63.390742663263445,43.1697656225491,1.4684059954717987,0.018940752129262113,0.009168087104878231,0.022249446728448367,0.0915483870967742,-1.0158649818357623
209.92844479159217,40.938692999538624,5.127873642520978,0.009168488829066013,0.15003627520887355,0.009439716827319916,0.18735483870967742,-0.7327058846362876
12.245637860704509,4.497289408781596,2.72289300234785,0.12664217919467363,0.060180397752823786,0.1323614939673971,0.0915483870967742,-1.0068517918838433
260.6854463374868,17.378711300615475,15.000274866655646,0.009692732859024352,0.3476007988278804,0.009973205706846122,0.396,-0.4159778176323718
244.0153505044483,15.0618538279003,16.200884253201206,0.010517290354942909,0.3623950911550916,0.01065453290430332,0.396,-0.40577848924349313
200.83357654409306,29.957914831152063,6.703856983238836,0.010364724162727261,0.19604507360443182,0.010604619096430538,0.22780645161290325,-0.6224977704231589
597.0391657374287,43.20845524167733,13.817646624902853,0.004160264265135647,0.3317996491987437,0.004254066990701103,0.37258064516129036,-0.42481834420082254
181.13283158605006,30.326396494654947,5.972777926911787,0.011120680737164379,0.17578528220637255,0.011426808837635293,0.2107741935483871,-0.6698180337548573
788.1918314791146,42.16670226193928,18.692280619500956,0.003347363294145248,0.3897558384125363,0.003367342909830988,0.40238709677419354,-0.3949287526801738
340.2322240888651,32.9031061065817,10.34042874210005,0.006840584886529818,0.2762319501826434,0.007003956499547614,0.30870967741935484,-0.5093512394750477
101.83009801323078,13.895701163997904,7.32817270689876,0.020946928205506053,0.21205000344511035,0.021813407903990528,0.259741935483871,-0.5972899554898122
382.8417989442531,23.829227991011518,16.06605967632114,0.006692343143141971,0.3607910293123614,0.006790976294318708,0.396,-0.4064542434785283
170.84149392453793,21.354013250169636,8.000439632731837,0.012779741886084932,0.22810448667897384,0.013121994837166785,0.259741935483871,-0.5809447126279728
501.5319291731441,27.055958544407442,18.536838321583414,0.005252351489622868,0.3881646897249431,0.00529201038046297,0.40238709677419354,-0.39706701091370783
26.52463185839051,4.463785027178791,5.942183975457853,0.07582824381427596,0.17489861550868752,0.07577020903485526,0.19374193548387098,-0.676878132846438
356.26110186844625,29.065728923892742,12.257084719991003,0.0067929503331459464,0.30875301180044534,0.00694318795492825,0.3385161290322581,-0.4545060741832841
141.14835337176766,11.731429211268205,12.03164174030839,0.017074709915118787,0.30518896974588317,0.017524737145089692,0.3385161290322581,-0.4541542255946925
339.6234661686121,24.117924408476927,14.081786658608227,0.007342820202235541,0.33544381555934855,0.007655152956403785,0.396,-0.4235361280604418
281.90511949511415,31.53308858947604,8.939978039106455,0.00796805143446018,0.24874588177152357,0.008154534159063576,0.28316129032258064,-0.5444528648950178
48.275935752280844,2.7507138558805755,17.5503299440161,0.05400016816446941,0.37772382985508707,0.05497795400459952,0.40238709677419354,-0.40033765897667556
427.05303713278215,23.44239638939293,18.217123797378175,0.006148106015001128,0.3848468422841127,0.0062149474293345525,0.40238709677419354,-0.3987817346088648
105.76158130301627,8.544515261687824,12.377715770165862,0.02293200784559129,0.31063415161035496,0.023388339705468424,0.3385161290322581,-0.45295438778866065
373.5295750619028,21.411247718415723,17.44548379311083,0.006971058791562496,0.3765778473948326,0.007105494055933985,0.40238709677419354,-0.4003898725263461
303.0900252689697,29.13805475885097,10.401862024674216,0.007689650186513081,0.27735885877540734,0.007862257080707417,0.30870967741935484,-0.5081097777724692
129.63202404602137,12.616929198595457,10.274451255575903,0.017926526506680474,0.2750148154435871,0.018382584973114013,0.30870967741935484,-0.509120058136931
10.85063729904998,1.129744511063778,9.604505437103578,0.2107171247101721,0.262235803978609,0.21767661562038473,0.3001935483870968,-0.5268457006737897
786.1858218233601,43.81881797719384,17.941739602207946,0.0033299550178830274,0.3819390575850247,0.0033759349273971293,0.40238709677419354,-0.3992748482842478
180.83049408508697,29.264995892917106,6.179071227167084,0.011248979598162671,0.18167994021427905,0.011445913761533404,0.2107741935483871,-0.6604844668829127
359.66492465046684,26.606120701780068,13.518127226507081,0.0068738381369252855,0.32758232136613596,0.006877478513386784,0.3555483870967742,-0.4338885792662149
135.11066003313752,8.842013679441525,15.280530536531732,0.018772283190111726,0.3511601784531431,0.019409846284737037,0.396,-0.41208192770612107
93.16244896830226,14.889160638187358,6.257065205499998,0.021913067923759605,0.18387113028928131,0.022216786523694798,0.2107741935483871,-0.6450199433546417
128.49691784433278,8.13095080600081,15.803430731557176,0.019873340593553394,0.357626084129678,0.020232933401985224,0.396,-0.4064542434785283
414.5672248722608,39.847426115297615,10.40386457265069,0.005622158030584024,0.2773954896323687,0.005748094770388576,0.30870967741935484,-0.5081097777724692
499.8821523065502,47.791958472362914,10.459545251647755,0.004668511405237828,0.27841141626242066,0.00475590554659932,0.31509677419354837,-0.5083215449736425
344.1341699126194,21.437694731900404,16.052760066619005,0.00744385537223433,0.36063204428591533,0.007554813815102685,0.396,-0.4064542434785283
124.19959542616465,9.619337478269527,12.911450056382424,0.01970945176450864,0.31874890162898184,0.019916230667377532,0.3385161290322581,-0.44283856311318903
127.5420153263991,44.38170733251357,2.873751889958572,0.012407073265176854,0.06653511152553758,0.01312964031707757,0.10858064516129032,-0.987210109639711
237.37715229649368,17.50891412892129,13.55750279821141,0.010421456429185957,0.3281420178295297,0.01042049652787498,0.3555483870967742,-0.4338885792662149
260.64987849004905,23.45381161510145,11.113327026222965,0.009081043261304789,0.28997895027060067,0.009183066000616713,0.31509677419354837,-0.4758471515961191
355.9080923478203,17.84568983331954,19.94364441341501,0.007502643131813724,0.40207062343536587,0.00752228384446182,0.4109032258064516,-0.3863523383144174
159.05164966130363,9.921782866557155,16.030551343489975,0.016101540159304515,0.3603662548514411,0.0163460711450721,0.396,-0.4064542434785283
510.9171871021956,32.685098203968735,15.63150228014791,0.004987192670348349,0.35552466643175756,0.005088632065502851,0.396,-0.4099685825236065
500.3964971907135,29.22797631040002,17.120463349105027,0.005184725436613157,0.3729787398070369,0.005304018293929723,0.40238709677419354,-0.40005883805596304
246.21534221899532,26.956902433255276,9.133665962868669,0.009171991455143523,0.25276674686640943,0.009422023007630708,0.28316129032258064,-0.5414625897321396
110.82821339179746,36.78624240746056,3.0127625475909046,0.014528732880863737,0.07232549883074334,0.015109697569795461,0.10858064516129032,-0.9836358236172007
611.7138927048156,38.43492252358879,15.915575017209584,0.004180532510765262,0.35898412944893127,0.00425013983188923,0.396,-0.4064542434785283
296.5170186307346,23.5203850311341,12.606809720088888,0.008212528934882089,0.3141582189088177,0.008342144416280294,0.3385161290322581,-0.450927294605488
150.48188747538433,12.056624119090769,12.481262249613259,0.01614675486938664,0.3122347517754737,0.016437777547859966,0.3385161290322581,-0.45268640939988236
173.53315946594407,16.05446138847519,10.809030291761522,0.01355232010668263,0.2846760630417345,0.0137931277491469,0.31509677419354837,-0.49023479798101555
194.08937203871355,38.868464945182225,4.993492084455758,0.009835991339460282,0.1456856335164996,0.00983877752916088,0.16393548387096774,-0.7333672400064716
36.841137011698514,23.102604831994352,1.594674595337316,0.033814663261959546,0.013488722553154121,0.03828353482997006,0.0915483870967742,-1.0184487302384089
227.94892613508458,25.59728277146476,8.905200140586665,0.009844484432953899,0.24801585330750114,0.010084736811506253,0.28316129032258064,-0.5444528648950178
78.6353100202491,20.294324107234463,3.8747439729819533,0.022368133474343927,0.10643563036578084,0.022502149188741237,0.11496774193548388,-0.8564410249768832
58.991833913320356,28.273168712389605,2.0864953098613777,0.023676411012069482,0.03306103456781593,0.026944551399765294,0.10006451612903226,-1.0388601508418323
603.5439079322541,45.81072620608742,13.174729106391114,0.004073680211945301,0.3226315618121714,0.004098438835671446,0.3555483870967742,-0.4338885792662149
192.5331336600934,26.4576353803065,7.277034810276495,0.011057821746442023,0.21078044408249827,0.01111072405386446,0.23419354838709677,-0.6002813558849772
110.54539659102385,8.045377239841427,13.740237815523821,0.022442192640192794,0.3307184958309067,0.02297558003718404,0.37258064516129036,-0.4254648891734714
288.72929970754853,30.972486912581495,9.32212193752715,0.007861123645988528,0.25660763723214136,0.008034676846335981,0.28316129032258064,-0.5397171726733557
754.5413887426912,48.84399209120101,15.447987693835898,0.0033688819663365284,0.3532552607548517,0.003475590844714899,0.396,-0.41208192770612107
224.48394943235482,19.389382078867637,11.577674240429685,0.010643339783949221,0.2978133657588155,0.011068188172122814,0.3512903225806452,-0.45876133997692625
360.9884621344246,21.263047554190422,16.97726824973792,0.007175224790003578,0.37137025416702163,0.0073523462761797675,0.40238709677419354,-0.3995746075365374
441.7188655834777,48.84243208152269,9.043752466015752,0.005099911394207643,0.25090957575951117,0.005204226275237888,0.28316129032258064,-0.544104651951165
768.2024394667859,42.09777847376035,18.24805173378943,0.0034189068758286472,0.38517049330119263,0.003454964523622358,0.40238709677419354,-0.3987817346088648
78.84637437601285,8.633380552938844,9.132734725700603,0.0286408574324182,0.25274759457149415,0.029422362633389532,0.28316129032258064,-0.5414625897321396
131.53320941055983,21.348516703840218,6.16123411454152,0.015452153720834203,0.181175966513091,0.015735723700719,0.2107741935483871,-0.6604844668829127
685.3335194705259,35.90034360066956,19.089887469983548,0.0038649387430364696,0.39376235008686145,0.0038727307214863915,0.40238709677419354,-0.3935221005111224
688.5157680491975,38.37309605845605,17.94266918156252,0.0038023665532742894,0.3819489524152412,0.0038548313611435686,0.40238709677419354,-0.3992748482842478
379.3871539141929,28.5669874700634,13.280614706460362,0.0064917668518842085,0.3241715860635993,0.006519956634751848,0.3555483870967742,-0.4338885792662149
45.963250100924235,21.972464164614973,2.091856869424079,0.030419551969573935,0.03328699534534774,0.03458216069476592,0.10006451612903226,-1.0452856926116099
389.43857067770756,34.53292797882933,11.277311061386275,0.006098430756975311,0.2927804137439708,0.006146194078982791,0.31509677419354837,-0.47199785205505457
54.24507175988772,4.229242403507407,12.82619121450713,0.045061661816418415,0.31747488488895853,0.04560023078689319,0.3385161290322581,-0.444725025221947
128.05716285696394,31.68991643654454,4.04094353209747,0.013929815367986704,0.11262366006685263,0.014249567696791688,0.14051612903225807,-0.8080369111809464
32.761375475213136,10.334868651612675,3.1699846973963215,0.05006409687710972,0.07878727050248895,0.05097781376062562,0.10858064516129032,-0.9580292654484243
41.301990596196184,8.103011953314947,5.0971158421282485,0.046515410079125144,0.14904697677536707,0.047979892596624614,0.18735483870967742,-0.7309069023446209
159.3118741238021,29.41528168142912,5.4159560955141615,0.012283546275989727,0.15911937593474057,0.012408341358416244,0.17883870967741936,-0.718070723416558
311.35707550572414,29.86088064174917,10.426922073771957,0.0074897394485513025,0.2778167933558897,0.007653501027372469,0.30870967741935484,-0.5081097777724692
57.501386049205564,32.36498557936133,1.7766541532424887,0.022708471021569934,0.02036394797047299,0.026864284844400114,0.09580645161290323,-1.0217196631229932
32.27415281339703,20.002354958463187,1.6135176523173103,0.038800213441132506,0.014169829752599247,0.04370088225453271,0.0915483870967742,-1.0184487302384089
27.991555984184888,23.795951536261228,1.17631589312704,0.038682931218511137,0.0016462956957727206,0.04689964001503512,0.08516129032258064,-1.0185147783952624
744.0194784158563,42.065401818886365,17.687207211742578,0.003509058974443058,0.37920910183085993,0.003567261681063717,0.40238709677419354,-0.40033765897667556
735.529165173919,42.514422968303386,17.30069735915956,0.0035344635122293152,0.37498333660632877,0.0036084390680692067,0.40238709677419354,-0.4000905715608007
44.424299719578194,28.387441105665726,1.5649279395849365,0.027809553943588746,0.012431017103111612,0.03174859166866009,0.0915483870967742,-1.0184487302384089
322.8027319621098,17.0150381438373,18.97161377090572,0.00819603966085456,0.39257996062575,0.00822208709072956,0.40238709677419354,-0.3947741708965418
414.86432637006016,23.884563503394272,17.36955864029515,0.006271211029752047,0.37574343873293664,0.006397542537678744,0.40238709677419354,-0.40185298805755526
270.0566158513525,31.999313406903536,8.439450322490059,0.008197113947712636,0.23799343535607587,0.00845311886482204,0.2767741935483871,-0.5703214995786986
11.599807848057173,1.2247731918884188,9.470984444207167,0.19643421458368326,0.2595932519732541,0.20361802846390312,0.3001935483870968,-0.5305783855042409
631.2643052507628,47.87312243355662,13.186194531741652,0.003895526448902971,0.32279890599209765,0.003918466117484429,0.3555483870967742,-0.4338885792662149
220.62647274745072,13.980085231722867,15.781482665557492,0.011571365667068099,0.35735913513461537,0.011784032753316964,0.396,-0.4077233809115762
98.06288827593568,28.692855638446595,3.4176761459928606,0.017178849254259946,0.08875890840837544,0.01739621621722246,0.10858064516129032,-0.9212029527259438
36.894941717859936,20.19084845077279,1.8273101206129756,0.03581887214244633,0.022374309600387454,0.04186843892006761,0.09580645161290323,-1.0248459926768836
113.89558115300913,6.494266474750812,17.537866916275462,0.02288545110333571,0.3775879856115682,0.023303030270790937,0.40238709677419354,-0.40033765897667556
408.3378349731036,46.45034378084696,8.790846347653407,0.005477705302671946,0.2455978091765161,0.005629664286899168,0.28316129032258064,-0.550927263900092
20.03333745912386,1.3750731681946013,14.568924710694905,0.12537017146969232,0.3419880556202494,0.12977715702186624,0.396,-0.4206985450526088
120.00625104836566,32.53803048359527,3.6881842344105404,0.014413346935608485,0.09933682638164362,0.014744760894708924,0.12348387096774194,-0.8898136678060594
74.76859813735153,7.078960870299698,10.562086654702204,0.03128424052032171,0.2802693609982926,0.03201297198096206,0.31509677419354837,-0.49879699686956697
58.040478348649046,5.004863750247456,11.596814867493515,0.0411808337649379,0.2981298763141488,0.04280858229688312,0.3512903225806452,-0.45876133997692625
350.7269994877921,30.75508136561469,11.403871617778185,0.006788871371185825,0.2949163886630447,0.006824581628224949,0.31509677419354837,-0.4681462497160535
821.3059027687766,44.90455412438003,18.29003580558581,0.0031992430954894276,0.3856089117280871,0.00323157567280399,0.40238709677419354,-0.39808474001807764
259.46251164556475,27.43426137997033,9.45760879259529,0.008778953402967218,0.25932670092641763,0.009103164806359367,0.3001935483870968,-0.5327520127939143
103.81719262486787,10.535916783030215,9.85364584428781,0.022160826233205325,0.2670796934075732,0.022750856046705955,0.3001935483870968,-0.5160669677083899
37.32567292646804,20.33697260280598,1.8353603388007738,0.035471727322606,0.022696819457246584,0.0413852850507696,0.09580645161290323,-1.0260955867088786
14.840740028427314,1.2135990993682153,12.228700594910807,0.1629849440838002,0.30830778252306024,0.16667550179871932,0.3385161290322581,-0.4545985453563468
262.35052440664924,35.57379852180149,7.374824598668232,0.0081443636083628,0.21320200685230054,0.008466769677284627,0.259741935483871,-0.5973975242280231
237.28068495762267,13.435820580958978,17.660304670478624,0.010999819385004035,0.37891813888188086,0.01118553824046787,0.40238709677419354,-0.40033765897667556
394.1202073792661,24.00270864146578,16.419822165337013,0.006529040048000993,0.36497063184315703,0.006596641157764513,0.396,-0.4034733861031087
188.71529048678966,47.54302494315557,3.9693580859111415,0.009396274997205642,0.10997405107815923,0.009474035644755168,0.132,-0.8412452927229321
429.48268186021573,22.093289820342914,19.439507893693563,0.006188159610592131,0.3972120945337643,0.006233642952924932,0.4109032258064516,-0.38770074595956033
184.76144175192405,20.538150729056284,8.99601157812779,0.012176516053044316,0.24991689176405668,0.012442016606605466,0.28316129032258064,-0.544104651951165
492.9782649909993,27.163852490876007,18.14831917367334,0.005322102090907097,0.3841247255095668,0.005383832034392745,0.40238709677419354,-0.39820426462327835
575.8538389300875,41.7962451721063,13.777645253990348,0.004310666342252404,0.3312417144143466,0.004410571633660107,0.37258064516129036,-0.4254648891734714
148.5955172730998,23.36331722220299,6.360206295186721,0.013802582779763175,0.18673802391650635,0.013928887484199173,0.2107741935483871,-0.6404472180216702
142.14582256678318,10.696384529456743,13.28914664345959,0.01732891945769356,0.32429514825343037,0.01740176212452756,0.3555483870967742,-0.4338885792662149
12.383118168773057,3.036378447971725,4.078252556773638,0.1444917722073275,0.11399519634917206,0.1473586205283048,0.14051612903225807,-0.804381111462261
38.23346330221477,9.020578382857773,4.238471379492873,0.047395408992868024,0.11981231611502388,0.04945009218285457,0.15541935483870967,-0.7936127875539856
203.2368578439367,35.074972890258444,5.794355379256265,0.009823833049856966,0.17056781946925276,0.009790444221099774,0.17670967741935484,-0.6909862344763197
95.34150561464523,27.185425750105832,3.5070815697736153,0.017829417134962788,0.09229188478455104,0.018220895737688595,0.12348387096774194,-0.9093520426241478
43.517034960737575,3.2432252249151086,13.417826990993705,0.0567212106178435,0.3261492832677839,0.05684182742537975,0.3555483870967742,-0.4338885792662149
797.5775208951603,44.198820172556914,18.045221971566946,0.003285996951231199,0.3830372451835366,0.0033277168748926844,0.40238709677419354,-0.39930162034523414
728.1091721262222,42.80429936355328,17.010187830481996,0.003558742555623712,0.37174128884713553,0.0036452118403719146,0.40238709677419354,-0.3996443547035727
167.8157260545699,42.04321495879539,3.9915055549162526,0.010586123513478327,0.11079633498762381,0.01087358887090245,0.14051612903225807,-0.8411891082887986
382.9061570808024,23.11871117870897,16.562608275215506,0.00673176100967751,0.366631188554413,0.006931495162032132,0.40238709677419354,-0.40054544118454455
285.03327821420567,29.868282643337718,9.5430086027321,0.008008996874276347,0.26102280830640356,0.008286506120897558,0.3001935483870968,-0.5305783855042409
955.6985957447272,49.090089303344286,19.468259465554073,0.002781665115238495,0.39749281669228964,0.0028013452202417396,0.4109032258064516,-0.38770074595956033
388.0298864899499,22.337897931491508,17.370922173608527,0.006705002243601775,0.37575845762382715,0.006839968434716535,0.40238709677419354,-0.40185298805755526
268.4740548906323,20.998760639248346,12.785233352716688,0.009098332086992945,0.3168599029238515,0.009213507771952572,0.3385161290322581,-0.4489214483706321
270.03791034400655,37.39457961564025,7.221311567601189,0.007867671365336344,0.20938889901478314,0.007845797577971129,0.2256774193548387,-0.6072868673301703
216.08309625068406,17.7191668300511,12.194879043873243,0.011187025649945104,0.30777595704969873,0.01144739146292491,0.3385161290322581,-0.4554803022251254
201.01679526662775,31.81581357504296,6.318140970762723,0.010183908399875301,0.18557298047378534,0.010296504021010025,0.2107741935483871,-0.6450199433546417
146.75007081782346,17.41971865941946,8.424365151182881,0.015077816073341067,0.23766094526849613,0.015555840357017446,0.2767741935483871,-0.5703214995786986
645.3651869296431,36.377522380672055,17.740768053861075,0.004047823257799617,0.37978699729080856,0.00411257413487853,0.40238709677419354,-0.40033765897667556
14.30129552537686,5.475229784079626,2.611999146951031,0.10673979585891998,0.05547113716507488,0.11083128861982158,0.0915483870967742,-1.0274000317957324
32.38409367981229,3.981867233806739,8.132891374394845,0.06770811018722325,0.23113524430178548,0.06922476273125214,0.259741935483871,-0.5749588619964165
182.15348530970041,15.759934122211025,11.558010579053446,0.013111669651006092,0.2974876875461164,0.013640313221095907,0.3512903225806452,-0.45904084165172343
51.172910992265585,3.7838109414385097,13.524172265544253,0.048316868465623795,0.3276683524863216,0.04833783623676064,0.3555483870967742,-0.4338885792662149
33.58562873688441,23.53436605916325,1.4270887370602294,0.03528933660717619,0.007863361678939479,0.039087965552279114,0.08516129032258064,-1.0192561858816762
373.05354913421684,46.35632910760941,8.047521370128937,0.00586150519753307,0.22918659060558835,0.0060092745571094985,0.259741935483871,-0.5775546546072282
104.20173929228648,5.704743277489549,18.265806930078348,0.025209723760372147,0.38535603252910494,0.02547090090188512,0.40238709677419354,-0.3986935167490806
237.42384438350933,12.248707981127138,19.383582721486462,0.0111879721023512,0.3966647752891861,0.011178793697867707,0.40238709677419354,-0.39157907616590765
39.0835530677108,3.1527320320684695,12.396725338584693,0.06207595984448785,0.31092896891711963,0.06328973691355705,0.3385161290322581,-0.45268640939988236
434.7495043936806,47.078369742288935,9.234591316002167,0.005208633080951096,0.2548323022744759,0.005336053510755338,0.28316129032258064,-0.540267051904405
204.32927303918643,11.115919479888133,18.38167984293844,0.012871600261395673,0.38656219817248044,0.012989387843654148,0.40238709677419354,-0.3976203970174925
29.082027833667148,7.133419270065629,4.07687067486776,0.061517645088819156,0.1139445108301683,0.06274525358499698,0.14051612903225807,-0.804381111462261
330.6605111384341,17.256056611709155,19.16199735425435,0.008016171225648953,0.3944793896626216,0.008026698338365322,0.40238709677419354,-0.39324969606416943
73.80804918354089,8.313597318404238,8.877991843572723,0.030380369565018182,0.2474429850084377,0.031145721258955025,0.28316129032258064,-0.5445901195695783
318.9855406018511,22.342001043702187,14.277393505527897,0.007840554450021464,0.33809858778196483,0.008150430819526823,0.396,-0.42521019395782267
52.16711907170422,14.828973686694066,3.517918378836521,0.03262033996948615,0.09271766120309066,0.033300815996583855,0.12348387096774194,-0.9117423413283192
376.7696924510601,22.30126170010695,16.894546035897747,0.0068681248245837994,0.37043456348798687,0.007044388730026763,0.40238709677419354,-0.3995746075365374
24.289523774045715,20.4626618942273,1.187016816267585,0.044772553004534095,0.0018348024507522866,0.054047741377364664,0.08516129032258064,-1.0185147783952624
9.775059688791961,1.6599612546756042,5.888727620152942,0.20521894846578093,0.173341486851298,0.20560251952090192,0.19374193548387098,-0.6834820567669544
661.9525273964988,47.3928779808941,13.967341836960344,0.0037608571348009805,0.3338733644259308,0.0038368984209618323,0.37258064516129036,-0.4220302350034779
58.005668276861584,3.6602571521328633,15.847429802318993,0.044048964671411214,0.3581600853258273,0.04482095730188903,0.396,-0.4064542434785283
76.3874723403125,29.659160992055128,2.575510222988931,0.019876465090136713,0.053916102678666734,0.02074988166840973,0.0915483870967742,-1.0382200846472878
327.7447400050636,46.07360598414968,7.113503121891846,0.006455928281983724,0.20667221609806927,0.006464368529315401,0.2256774193548387,-0.6174492158431643
342.3219212527189,25.520242960958115,13.413740683284898,0.007210106966301127,0.32609067534815783,0.0072259111606128735,0.3555483870967742,-0.4338885792662149
196.6571049084357,17.70431064148608,11.10786569953274,0.012034674983046374,0.2898849825245258,0.012171261436708833,0.31509677419354837,-0.4758471515961191
69.25720190823964,20.469010869227553,3.3835148337508905,0.024238168189035875,0.08739951813273464,0.02463170847695697,0.10858064516129032,-0.9226713847919931
255.23489220099276,37.566236168100374,6.794263099951632,0.00818598587866114,0.19843295104272235,0.008344327700096679,0.22780645161290325,-0.6224977704231589
123.78420228145693,14.560021098142718,8.501649925304497,0.017917033309006833,0.23935902920048438,0.01844193872843689,0.2767741935483871,-0.5617288311877584
350.6931109009068,34.746971643661894,10.092767637345334,0.00659830600995201,0.2716258065651128,0.006735033940398413,0.3001935483870968,-0.5111886067199459
100.0411159085758,42.120164675454056,2.375135916001671,0.014706527832133883,0.04534941478041449,0.015843795799508193,0.10006451612903226,-1.0300340978018572
68.02749019906405,4.823886116825654,14.102217289455698,0.03666980345923511,0.3357228256192254,0.03821792592225491,0.396,-0.4235361280604418
470.3808764946165,39.305148863221405,11.96741114329581,0.005117510407583317,0.3041617696842552,0.00525869123280732,0.3385161290322581,-0.4541542255946925
364.63274549024834,20.484607373940857,17.80032874606665,0.007168866617898891,0.3804274674608372,0.00727886403002409,0.40238709677419354,-0.40047383303111694
231.82164501568687,30.175005452600224,7.682571768871394,0.009318112046291963,0.22065707240834542,0.009670284244165168,0.259741935483871,-0.5846326301088123
133.8486162561783,22.30533152906982,6.000745430828397,0.015069653986517727,0.17659298087622283,0.015463516162109323,0.2107741935483871,-0.6698180337548573
59.382658882818696,8.527543289937544,6.963630305212279,0.03542445555832627,0.20284096941287785,0.035865076119724615,0.22780645161290325,-0.6186253522006839
224.08866514536058,29.176917869387506,7.6803405400292455,0.009638924407473139,0.22060390484688505,0.010003991945766027,0.259741935483871,-0.5846326301088123
441.53186869017657,29.57584514578234,14.92879971861569,0.00571708822219635,0.3466821810787047,0.005888294289645225,0.396,-0.4159778176323718
628.2472424554408,36.709239932939155,17.114144656852872,0.004129317022164811,0.3729080608625862,0.0042246300436506,0.40238709677419354,-0.40005883805596304
29.82101319750158,4.158341404206265,7.171372020425473,0.07110991428748208,0.20813449663570222,0.07104596912605553,0.2256774193548387,-0.6179905131664357
480.348452285499,24.40315615156422,19.68386586153566,0.005545633889442769,0.399583812749662,0.005573540791987384,0.4109032258064516,-0.3875677342195873
20.127554971765907,1.1308269155979032,17.79897055344128,0.12986998681861106,0.38041288774846943,0.13186460943919792,0.40238709677419354,-0.40047383303111694
237.9690384566447,37.83224413168759,6.29011162087861,0.008591645864913117,0.18479347454388947,0.008697645097769602,0.2107741935483871,-0.6450199433546417
201.7858095578166,10.811174982557386,18.66455865189263,0.013071428166252298,0.38947310589067413,0.01315311607458417,0.40238709677419354,-0.3949287526801738
421.01340565973754,27.77382707595678,15.1586385451431,0.006014522024439619,0.34962034778807133,0.00617526555248448,0.396,-0.41488622764351374
153.4140703392284,40.96236226597639,3.7452447039817125,0.011333937602542431,0.10152517927609257,0.011533906073060544,0.12348387096774194,-0.8761494420002754
25.070490961831823,15.578497060827418,1.6093010040661944,0.04989136236947947,0.01401669569556165,0.05625773161404435,0.0915483870967742,-1.0184487302384089
603.7086447328415,40.81572790384688,14.79107872717718,0.004173308362884887,0.34489947720391334,0.004306497188317171,0.396,-0.4152844521593946
88.87111034256097,8.150474771792467,10.903795524909805,0.026516621379068208,0.2863423190371749,0.02693299350036986,0.31509677419354837,-0.4858328100012871
154.52312800383487,9.426376106639514,16.392633420917264,0.01664723222620349,0.36465273414898575,0.01682511617963254,0.396,-0.4034733861031087
95.59455538080304,8.317447115689218,11.493256771117046,0.02495210256220291,0.29641147186818,0.02495168642933315,0.3129677419354839,-0.4621496522153594
237.87512133309997,19.77466001450486,12.029290069139838,0.01013120560140055,0.30515145399424043,0.010398682205352033,0.3385161290322581,-0.4541542255946925
207.9401768149763,15.580250362021927,13.3463950824466,0.01185683324089083,0.3251222154851751,0.011895670327833969,0.3555483870967742,-0.4338885792662149
331.6505683693402,23.251090904645178,14.263871305198931,0.007539644908754843,0.33791624422687494,0.007839183252083036,0.396,-0.4238434549688274
91.82176339706595,48.52649951773026,1.8921983722216928,0.014606448285372284,0.024994822103401756,0.017310803476626203,0.10006451612903226,-1.0301111441521762
130.73808218153204,15.564371687087561,8.399830382487867,0.016911802357130665,0.23711909209466056,0.017461023107661403,0.2767741935483871,-0.5703214995786986
26.180795939889595,1.8007093112032648,14.53915730706981,0.09589151971796055,0.341594531261694,0.09930445151759261,0.396,-0.4206985450526088
685.662715882027,37.5089726581944,18.279965226726453,0.0038317425013014187,0.38550384735873894,0.003870871368444884,0.40238709677419354,-0.3986935167490806
58.97073990392659,5.362725787593655,10.996411571211018,0.04004005543544845,0.2879577663214959,0.040589028408433966,0.31509677419354837,-0.47743209066085285
138.77047551513317,47.79639557139486,2.9033669559422677,0.01144655882989614,0.06777433280079635,0.01206726993140698,0.10858064516129032,-0.9850724559277038
246.4803134433587,34.28653767179175,7.188836499117938,0.008609092987134106,0.20857396447758356,0.008595667351032727,0.2256774193548387,-0.6179905131664357
163.59937320475578,9.658721937805264,16.937993893830864,0.015825253158790933,0.37092660872045696,0.016223241711299803,0.40238709677419354,-0.3995746075365374
252.307670587991,29.517560724809424,8.547714119748626,0.008802369215507802,0.24036487013057997,0.00911111787121078,0.28316129032258064,-0.556798432002509
264.82501244939306,29.384358665786415,9.012448270914323,0.008499111890382728,0.25025918215352366,0.008680467548272463,0.28316129032258064,-0.544104651951165
321.0721366546468,41.473278224744455,7.741662834434042,0.006741558438630712,0.22206055053351656,0.006982172992678475,0.259741935483871,-0.5846326301088123
463.5740650109312,29.94413982482152,15.481295095565308,0.005485792364296373,0.35366919986461265,0.005657083388844724,0.396,-0.41208192770612107
244.439418932191,32.010349669535714,7.636262066978427,0.008822947976609461,0.21955096325937898,0.00917111164412288,0.259741935483871,-0.5884668387429504
192.63402297133356,10.083113955431712,19.10461627457486,0.013752256626741418,0.3939090448275776,0.013778003150112603,0.40238709677419354,-0.3935221005111224
34.16228437639605,7.159008503281928,4.771929571076067,0.055097452141496236,0.13834897843140348,0.055897964293712556,0.16393548387096774,-0.7547358132093557
203.07074906961432,36.63576219051839,5.542965040923061,0.00970371308147517,0.16302160451486253,0.009830425846745148,0.17883870967741936,-0.7165536569740001
290.66144238564647,25.75907248821612,11.28384737139173,0.008171981400105378,0.2928912810804861,0.008234890109886301,0.31509677419354837,-0.47199785205505457
489.8070382138419,25.07383426994969,19.53458864489913,0.005430921255317778,0.39813873716439296,0.005465911030891299,0.4109032258064516,-0.38770074595956033
193.67337265079712,44.07952387525839,4.393726511177336,0.009466447438910454,0.12533764920631002,0.009762045545482611,0.15541935483870967,-0.7925434887534203
358.70903091546586,42.613246376006664,8.417782295916242,0.006167191628051153,0.23751569433119624,0.006363989967570793,0.2767741935483871,-0.5703214995786986
407.7596005661116,26.476224240975903,15.400972467027335,0.006230114264684515,0.35266940318384077,0.006431429545819782,0.396,-0.41208192770612107
78.77571869209133,22.864618897598962,3.445310811647232,0.021445319773108235,0.08985477072879067,0.022052577394677697,0.12348387096774194,-0.9156008416209852
672.3349389657217,37.1411194269056,18.10217218382147,0.003900452335568169,0.3836387744936108,0.003947604120352304,0.40238709677419354,-0.39820426462327835
143.4850406410729,8.480496789795854,16.91941453403073,0.018039831703355765,0.3707163599814417,0.018497483524830615,0.40238709677419354,-0.3995746075365374
134.6555810618795,28.108767529276488,4.790518862900337,0.0139953558702418,0.13897249076065865,0.014181381396927796,0.16393548387096774,-0.7547358132093557
21.054786594704844,14.396210353470764,1.4625228499546599,0.05692244003915056,0.008978624055317994,0.06698756815316137,0.0915483870967742,-1.0168294912316602
160.4388050894134,45.28863601200583,3.5425841715984054,0.010632366574248977,0.0936847840862526,0.010827851979516722,0.12348387096774194,-0.9117423413283192
251.75266933230156,13.828846244414297,18.204893227010075,0.010427824309633361,0.38471869216007454,0.01054253836655291,0.40238709677419354,-0.3987817346088648
10.30990440833302,1.0788885558468637,9.556042051294495,0.22149502122699,0.2612804696754089,0.2290932981563314,0.3001935483870968,-0.5305783855042409
218.4290981187439,30.301369093103037,7.208555410404246,0.00972192233725028,0.20906914257077672,0.00969954461738257,0.2256774193548387,-0.6072868673301703
623.8717492812381,39.868541481357916,15.648221030933714,0.004085122068278112,0.35573005469980595,0.0041673141700999585,0.396,-0.4099685825236065
140.09751114279922,11.73230176204639,11.941178635211212,0.017173711810593333,0.3037407255420614,0.017656186545535222,0.3385161290322581,-0.4541542255946925
80.49418520701587,18.879786750971927,4.263511355755756,0.02255542012439168,0.12071084347096636,0.02348801071657433,0.15541935483870967,-0.7938663951134481
165.348340249422,19.22505982013333,8.600667139472925,0.013452809595631143,0.24151540377698957,0.013902800131347816,0.28316129032258064,-0.5563325960820686
206.25595842020564,43.90518465595159,4.69775859130219,0.009080918243033528,0.13584644392919862,0.009258409632816546,0.16393548387096774,-0.7660314774820938
48.86906101383458,20.51995142433338,2.381538825471277,0.030138011975416597,0.04562344391191867,0.03243424324362794,0.10006451612903226,-1.0300340978018572
500.05686730533836,34.53380485490924,14.480213501126896,0.00501622253279453,0.34081288775600377,0.005199147839154167,0.396,-0.4206985450526088
459.8181287663835,30.590871818986148,15.031220145906353,0.005497440434163175,0.34799713454778164,0.005654125878159208,0.396,-0.4157376895927058
276.18424214668266,14.285590669267897,19.333064242196745,0.009613176652110788,0.39616890748441014,0.009609933407816537,0.40238709677419354,-0.39277869884063077
107.27597500437308,46.878225845115715,2.28839665047926,0.01351425405585276,0.04163951702847222,0.014817003536710638,0.10006451612903226,-1.0356583906939716
228.7892699269458,46.36090251202258,4.9349615199491605,0.008313768954208316,0.14376748068408,0.008346554682713886,0.16393548387096774,-0.7395424604878471
427.5920197735627,35.48690121084431,12.049291574742977,0.005638219534692892,0.3054703091993945,0.005784925061539701,0.3385161290322581,-0.4541542255946925
399.46247638760303,32.41235078597408,12.324390755405004,0.006065668611800063,0.30980479170667186,0.006192290734467664,0.3385161290322581,-0.45295438778866065
68.82719772937762,26.59167458097902,2.5882987368764505,0.022101736129624204,0.05446136879490408,0.023029137670875485,0.0915483870967742,-1.0382200846472878
225.16279367448655,22.213374331166975,10.136361559376724,0.010287523174017708,0.27244403052892946,0.010489876973173943,0.3001935483870968,-0.5101453544404669
300.0436237515649,37.35560134178277,8.032091921271304,0.007284145667954067,0.22883255191738353,0.007471517552087141,0.259741935483871,-0.5775546546072282
319.27104492018964,29.153218541698628,10.951485321029914,0.007388553985035413,0.28717574014218145,0.0074969687208095645,0.31509677419354837,-0.47999739779806233
311.60185787907415,36.47151250483274,8.543705387534576,0.007126529216298556,0.24027752172821024,0.007377378755648894,0.28316129032258064,-0.556798432002509
663.3492710363714,40.68223247293538,16.305626085728626,0.0038737804285196627,0.3636317296778124,0.003919307210578364,0.396,-0.4049384256029795
837.3863737768319,47.21871716786632,17.734204230916657,0.003119394835303852,0.3797162759881929,0.003169519183059018,0.40238709677419354,-0.40033765897667556
110.15500629547775,29.81430006908122,3.6947037508927965,0.015711839269425685,0.09958762212647605,0.01606339590987075,0.12348387096774194,-0.8898136678060594
622.5587316818861,49.68909410170255,12.529081943165366,0.0039062070255214696,0.3129695899836934,0.0039732601366298265,0.3385161290322581,-0.4529250212471535
445.1092652919934,39.55193832846829,11.253791447475463,0.005333131547178271,0.2923809773608381,0.005377477450748322,0.31509677419354837,-0.47199785205505457
375.57447051595904,27.37372171811285,13.720256031807544,0.006603521017487172,0.3304384281880776,0.006762559243257713,0.37258064516129036,-0.4254648891734714
275.9985638696237,33.21559326291232,8.309307068069039,0.007988690838131744,0.23510815205266,0.008271132436404365,0.2767741935483871,-0.5703214995786986
710.6130270336192,45.17848464418425,15.72901421174814,0.0035901949154994333,0.3567194212016403,0.003658629214774797,0.396,-0.407999245721962
153.90359626661785,48.26880354038749,3.1884692591943695,0.0106794049026669,0.07954045884143258,0.010967990959101193,0.10858064516129032,-0.9533436839173067
175.01400750022773,48.69354282540943,3.594193343617243,0.009795819062261698,0.09569934292587233,0.009926106247675301,0.12348387096774194,-0.885027375073302
54.25073193413284,19.917330265689056,2.723795368678945,0.0285896265316047,0.060218599432867795,0.029877033249882876,0.0915483870967742,-1.0068517918838433
42.523436524890904,6.867843149629337,6.191672639930038,0.04786413102175659,0.18203534083672995,0.0486736352914904,0.2107741935483871,-0.6580590961228628
542.6076682634439,40.86239762607519,13.278899423101743,0.004538867759409895,0.32414673532335253,0.004558704080277575,0.3555483870967742,-0.4338885792662149
450.0288524434984,27.136614036281554,16.583824785281298,0.005729151641615166,0.3668766578023489,0.005897648919412615,0.40238709677419354,-0.40016643262533436
164.0111491616746,37.12660459891371,4.417617795473638,0.011198079360536796,0.12617826450558822,0.011527559525240531,0.15541935483870967,-0.7932979759566623
257.5711536246676,28.839843664369585,8.931087027454518,0.008718656035878548,0.24855948512802947,0.008924931593417574,0.28316129032258064,-0.5444528648950178
365.0514162663304,24.215557453024434,15.075077952448162,0.006928701989466553,0.348557427621459,0.0071219271183650635,0.396,-0.41488622764351374
82.33998971790957,6.951768902106458,11.844465901759149,0.02916687402817458,0.30218073771208953,0.02923647408425644,0.3044516129032258,-0.4540452239806243
190.48855800583055,17.15885505168549,11.101472530191876,0.01242274013738129,0.289774926306498,0.012565400579879364,0.31509677419354837,-0.4758471515961191
163.3682022513273,44.426654698186795,3.6772564434835764,0.010576931753343372,0.09891601032537968,0.01083113759712189,0.12348387096774194,-0.8898136678060594
565.4010295871711,43.09906034246912,13.118639364627493,0.00434448851836498,0.32181082706169,0.004374926223796512,0.3385161290322581,-0.43699419344930923
254.03903355074053,17.51970149251726,14.500191893066312,0.009876892208754737,0.34107817718402256,0.010234134277579302,0.396,-0.4206985450526088
198.1408509501414,24.41115367872488,8.116816335592842,0.011060512654825366,0.23076963177716436,0.01131407880051828,0.259741935483871,-0.5749588619964165
375.14941376643225,19.318245784017442,19.41943476445488,0.007083043729561331,0.39701584124677375,0.007074813602055489,0.40238709677419354,-0.389002595836188
626.8980615832007,37.47838537402262,16.726922873729837,0.004119723903502952,0.36852376472701703,0.004233722096085392,0.40238709677419354,-0.40000700631993724
239.9937300696439,30.128962366869796,7.965549133333054,0.009086975506791871,0.22729914499963688,0.009340999036104417,0.259741935483871,-0.581507413346959
233.15252040762155,27.715904301814817,8.412228512145457,0.009486721713721422,0.2373930745576561,0.00979110442397106,0.2767741935483871,-0.5703214995786986
158.36475833808635,33.728860314225784,4.695230045211252,0.011825074892517594,0.1357607134691527,0.012058251926143255,0.16393548387096774,-0.7660314774820938
10.868250620579897,2.7397276008321954,3.9669091983008284,0.16312239363852793,0.10988299002884919,0.16450627163461332,0.132,-0.8412452927229321
115.78605656709296,7.974900295246911,14.518809299233766,0.02167606159909866,0.3413250622557353,0.022454081762411877,0.396,-0.4206985450526088
209.52138623879424,43.441617099676535,4.823056788103644,0.009013652635976614,0.1400603209231839,0.009114115683098062,0.16393548387096774,-0.7545535696750356
34.32986662529969,8.792401287328996,3.904492698118036,0.051368015564906215,0.1075526646649828,0.05154297559299408,0.11496774193548388,-0.8475993085332157
360.74652999068576,41.65985577967704,8.659332185366543,0.006176755628570787,0.24278295413995785,0.006372354923544687,0.28316129032258064,-0.5519566276802491
919.8596329962229,46.27216265597531,19.879330902149604,0.0029011740251669547,0.40145823521703283,0.0029104893802772485,0.4109032258064516,-0.3863523383144174
247.06689636747032,33.19609761380326,7.442648808959325,0.008669474277670657,0.2148664086518086,0.008990526442531527,0.259741935483871,-0.5973975242280231
42.48940658339131,26.30419976316257,1.615308846722459,0.02948631584985485,0.014235002592533593,0.03319436691107788,0.0915483870967742,-1.0184487302384089
377.6051504996501,31.850494028157026,11.855550817071567,0.00636142241161076,0.3023601568298602,0.006375259903897513,0.3044516129032258,-0.4540452239806243
90.56456599496575,12.045367241820449,7.518622236815959,0.02371537053895669,0.2167162938439961,0.02452682724708704,0.259741935483871,-0.597851499990443
150.8058473636008,32.05812829078276,4.704137621376978,0.012425220424492659,0.13606260260238748,0.012662653243539622,0.16393548387096774,-0.7660314774820938
34.34092408120619,13.135750655538565,2.614309983626757,0.04446686894135559,0.05556953664509845,0.04615574724379208,0.0915483870967742,-1.0274000317957324
22.06067828881656,18.10931321930233,1.218195191704043,0.0499094328115106,0.002430746106705324,0.059508319822808034,0.08516129032258064,-1.0185147783952624
15.392762640696825,3.854621139369571,3.9933269922382917,0.11543011479202021,0.11086385958956597,0.11854656982528379,0.14051612903225807,-0.8411891082887986
184.97590788477865,23.637018827854043,7.825686869902631,0.011735045607145847,0.2240411046064592,0.012119314492826012,0.259741935483871,-0.5846326301088123
117.0002509060827,21.239712796048714,5.508560875072124,0.01681092188886721,0.16197061585818476,0.0170621167468629,0.17883870967741936,-0.7165536569740001
145.67336447438566,11.920924529988492,12.219972042262924,0.016601752197915178,0.30817066692862444,0.016980371121567688,0.3385161290322581,-0.4545985453563468
97.31119756195363,18.476751706916485,5.2666831868248085,0.019940826826265773,0.15445372246949282,0.02036420394036006,0.17883870967741936,-0.7340526807073978
540.2696203753211,49.30656022574294,10.957357761356194,0.004366791514967187,0.287278131437744,0.004430315803365098,0.31509677419354837,-0.47743209066085285
31.110738112658463,20.890700282887867,1.4892147075673716,0.038839214025162945,0.00984749773047493,0.04533511698937115,0.0915483870967742,-1.0158649818357623
109.87714523644759,27.233164413483642,4.034681521698058,0.016226246325078162,0.1123928290437631,0.016607268119886418,0.14051612903225807,-0.8176337822635009
5.48719344501632,1.4205053252259625,3.8628460925646033,0.32021886398713933,0.1059877264861715,0.32247149573078354,0.11496774193548388,-0.8564410249768832
199.7838049904948,32.32977836233323,6.179559994239208,0.010182030003270785,0.18169373493259447,0.010360050159480426,0.2107741935483871,-0.6604844668829127
87.89889115033164,20.205845992211657,4.350171291229888,0.020790921719981155,0.12379856374487856,0.0215093530762609,0.15541935483870967,-0.797655695311698
462.69278723385037,35.21302685977825,13.139818655077244,0.0053107278596222895,0.32212113918747537,0.005346069486171355,0.3385161290322581,-0.43474323849082774
85.08278152382807,16.864113956257384,5.045197259963862,0.02250913738713191,0.14736833827641016,0.023335128291544403,0.18096774193548387,-0.7328251756521494
632.8877339539772,48.039335293602626,13.174364925866461,0.003884780922298736,0.32262624404489415,0.003908414808181981,0.3555483870967742,-0.4338885792662149
103.30132281850358,9.398746790417311,10.990967745170728,0.022854700447719943,0.2878631656745367,0.023170710421900872,0.31509677419354837,-0.47743209066085285
137.76019662542456,17.956010199506952,7.672093917010988,0.015674762600877117,0.2204072875449412,0.016273069116960828,0.259741935483871,-0.5846326301088123
33.23798554437133,11.353508466449108,2.927551923054737,0.047936682252963346,0.0687841397908087,0.05038153664021904,0.10858064516129032,-0.9909196912362305
127.28392959099915,24.674016319240124,5.158622250393286,0.015149210556306657,0.1510214591490362,0.015568855229406946,0.18735483870967742,-0.7284280750303733
112.21898884909137,5.863467808994129,19.13867228484749,0.023614816436145162,0.3942477691548779,0.023651185976083473,0.40238709677419354,-0.39288921038443403
279.04350699795685,29.485113808068903,9.463877562568328,0.008164245274779767,0.25945166727495705,0.008464379013838893,0.3001935483870968,-0.5327520127939143
462.90897422992305,24.448598776500518,18.9339674826216,0.005713266923979439,0.392201951004247,0.005733550920530701,0.40238709677419354,-0.3947741708965418
144.41657259148747,40.42228608428045,3.5726968111199593,0.011846661651735176,0.09486170941235882,0.012029143207772687,0.12348387096774194,-0.8830847783976592
510.5401880098411,47.11492518860138,10.83606067432231,0.004609130955914946,0.2851527224835975,0.004688298969288406,0.31509677419354837,-0.4881366572451255
469.55008529331775,42.706285039222585,10.994870775158047,0.0050284625824933895,0.28793099543052786,0.005097571296854603,0.31509677419354837,-0.47743209066085285
17.74140069773472,14.259558427312653,1.2441760232738324,0.06268419891036206,0.0029772435584175167,0.07399606837619058,0.08516129032258064,-1.0188720669429654
241.7840660810045,12.48769319063238,19.361787833030554,0.010983925392247601,0.39645101659760107,0.010977200517542354,0.40238709677419354,-0.39157907616590765
376.6441567980818,33.16714501812624,11.355941447243687,0.006315638977903241,0.29411011566785644,0.006354977221935326,0.31509677419354837,-0.4681462497160535
334.11018292698185,42.630077861779846,7.837428399973193,0.006499525508654692,0.2243164675668889,0.006709706305903217,0.259741935483871,-0.5846326301088123
705.7932486303902,37.66909304402829,18.73666689573457,0.0037398198103702047,0.39020759682910594,0.0037604669362710256,0.40238709677419354,-0.39390849265531885
54.28784003380649,11.102062638693718,4.889887744336674,0.03493752288889194,0.14228061066144615,0.03517550433161976,0.16393548387096774,-0.7405335238280623
132.27867364699472,35.46244320956551,3.730106041066972,0.013126728613308642,0.10094605913467891,0.013376785756868412,0.12348387096774194,-0.8843548500975146
344.3897712456905,26.503666799984458,12.994042441172422,0.007117813883604658,0.31997523132968453,0.007182523982507554,0.3385161290322581,-0.44126680688191544
20.731454456266825,9.788089768445639,2.118028639571724,0.06778553890161973,0.034391876151975,0.0766713451965929,0.10006451612903226,-1.0467338150064789
627.4039572977204,36.39896838900937,17.23686096244322,0.004140614032246737,0.37427585437245553,0.0042303083116488035,0.40238709677419354,-0.4000905715608007
401.83369491820827,43.1579306149671,9.310772995655473,0.005646750255928142,0.25637828768266935,0.005773151053674676,0.28316129032258064,-0.5397171726733557
169.07728663182925,48.66697743929628,3.4741686360679416,0.010020888324924983,0.09099547682486214,0.010274636338714869,0.12348387096774194,-0.9093520426241478
253.69231586475323,32.07067044708624,7.9104151028997975,0.008580681134097906,0.22602053273473957,0.008836614517117543,0.259741935483871,-0.5823111465403928
257.2567715006773,27.469773268743197,9.365085360693527,0.008832851496667663,0.2574736435537946,0.009017630928377466,0.28316129032258064,-0.5397171726733557
14.542018242566286,5.741030960390858,2.5329977042270198,0.10374196409572262,0.052101681082477654,0.10899663207482603,0.0915483870967742,-1.0382200846472878
417.30740986176136,35.32080964990488,11.814774746050738,0.005751737567295312,0.30169936709161976,0.005768723292699417,0.3044516129032258,-0.4540452239806243
266.1713643894822,18.37078563746158,14.48883948908028,0.00942515880942654,0.340927475989809,0.009767653207429273,0.396,-0.4206985450526088
485.07425103676815,49.42332843921574,9.8146819802585,0.004738391794268909,0.2663294723227981,0.004869213320503545,0.3001935483870968,-0.5160717862733033
195.89013178182427,21.656216988095967,9.04544555909749,0.011500489005939533,0.2509446961553775,0.011735174741207168,0.28316129032258064,-0.544104651951165
102.4729164349404,20.774282530698976,4.932681370993782,0.01855932593492111,0.14369246808468678,0.01863518887428015,0.16393548387096774,-0.7395424604878471
173.29887499781404,30.688732943058874,5.6469869681280045,0.011433756706450396,0.1661723401633651,0.011481777480769827,0.17670967741935484,-0.7046874820729945
546.5875317936246,45.971621115386185,11.889672770549481,0.004397574275387036,0.30291144373889956,0.004545713997143881,0.3512903225806452,-0.4542505162906855
78.95403894010981,16.768026873061913,4.708606417309043,0.023739853862045728,0.13621392688891015,0.02418625035398075,0.16393548387096774,-0.7660314774820938
264.7475815809147,18.61218230686502,14.224424477255617,0.009439472281003704,0.3373833183852251,0.009820182551167723,0.396,-0.4235361280604418
393.08909248010747,45.17247591022466,8.701960310108502,0.005675603138229508,0.24369936646077756,0.005848050659543904,0.28316129032258064,-0.550927263900092
560.1986588124053,44.614534291887715,12.556416147871042,0.00434312088896563,0.31338840644662885,0.00441555464725023,0.3385161290322581,-0.4529250212471535
251.71425663202862,15.432239213157825,16.31093538372657,0.01020933619367685,0.3636941945231019,0.010328654466740837,0.396,-0.4033493472874434
7.093274804843093,3.5695580440236157,1.9871577145857344,0.19298871274060042,0.02890319283548772,0.21651193258028645,0.0915483870967742,-1.0361985533079836
248.40540028881202,27.56883294852305,9.010370542439661,0.009060381684529495,0.2502159441128105,0.00925424698442574,0.28316129032258064,-0.544104651951165
152.95447453227683,23.6185848400536,6.476021978797343,0.01347789056436081,0.18991618541732685,0.013924166570063339,0.22780645161290325,-0.6380685153324481
659.2600231759835,36.438780264477835,18.092263747331298,0.003977394399471509,0.3835342622615608,0.004025895825643604,0.40238709677419354,-0.39820426462327835
416.4496747009203,42.26005620161718,9.854451511235421,0.00552460561562169,0.2670951776422363,0.005671585663448455,0.3001935483870968,-0.5160669677083899
53.29058233734641,27.40015278258085,1.9449009193563669,0.025459045792658643,0.02715456023075863,0.028818950158916688,0.0915483870967742,-1.0374464992342673
176.42332450698237,19.87344263185126,8.877340870183604,0.012709626126663532,0.24742926010365374,0.013030051060209031,0.28316129032258064,-0.5445901195695783
286.37578368699843,28.351485939079108,10.100909148196141,0.008081783712403654,0.2717788607566532,0.008247659680481372,0.3001935483870968,-0.5111886067199459
86.19727155668974,34.106060965377054,2.5273300145740474,0.01748679068896537,0.05185959749919097,0.01838841280455114,0.0915483870967742,-1.0382200846472878
93.93748154610856,17.431617703072387,5.388913590593013,0.020800752930650868,0.15828055879567388,0.02109557378179876,0.17883870967741936,-0.7182985844734
106.10966965868634,13.184021416426198,8.04835386011149,0.02060805840437989,0.2292056764749857,0.02112702083101934,0.259741935483871,-0.5775546546072282
104.51531022124672,7.4413106106468865,14.045282570480015,0.023847527321310496,0.33494428704509116,0.024935116371174373,0.39812903225806456,-0.42238797545359025
442.08203699462604,34.62925421276642,12.766143743045095,0.005523563792832912,0.31657261387388985,0.005595313956021542,0.3385161290322581,-0.4489214483706321
834.8863999747933,45.767140428774674,18.242048599782834,0.003145635949832137,0.38510771802020577,0.003179009953208041,0.40238709677419354,-0.3987817346088648
39.91881402374286,8.56175730305739,4.66245568646146,0.046808317847214315,0.13464699603970526,0.047837146442468205,0.16393548387096774,-0.7660314774820938
952.176028296599,49.48888959650849,19.240197871883073,0.002785869211363106,0.395253727430481,0.0027874175535231517,0.40238709677419354,-0.3926315987780923
126.64161782135031,6.895037646485416,18.367066913101326,0.02076449388465316,0.38641053291945565,0.020957661635861106,0.40238709677419354,-0.3980043745798535
45.94570261865014,11.824698816798431,3.885570645856844,0.03831867562145831,0.10684263656319164,0.03851205611687193,0.11496774193548388,-0.8475993085332157
29.651651421613206,5.296067071757502,5.5988058723307095,0.06665487968046836,0.1647179856412518,0.06732414029785688,0.17883870967741936,-0.7117148219651234
132.4346358690194,19.18629571156479,6.902564093661534,0.01584558729273385,0.20126135338288634,0.016081620695739398,0.22780645161290325,-0.6189901846513992
429.2781796603721,25.650061070145476,16.73595156309456,0.006016892652949158,0.36862719463526844,0.006182732552159362,0.40238709677419354,-0.40000700631993724
35.157737322273505,5.607818384688948,6.2694143979885,0.05809886328880305,0.18421622395544837,0.05887097402716297,0.2107741935483871,-0.6450199433546417
412.3641860042227,34.686182535046136,11.88842806750438,0.00582883474527387,0.30289136051458926,0.006025330710735298,0.3512903225806452,-0.4542505162906855
598.0886442190238,42.97478322556667,13.917199793184933,0.004159280278490974,0.33318123551605705,0.004246602291598122,0.37258064516129036,-0.4220302350034779
72.90233706047522,41.952085438771284,1.7377523977175238,0.01774149682081556,0.01884468581349451,0.021189082216832893,0.09580645161290323,-1.0217196631229932
362.7704112244831,23.02387912644282,15.75626805683856,0.007035106622633398,0.3570519835109759,0.00716670792507371,0.396,-0.4077233809115762
105.59291043667093,25.946534119857024,4.06963450104344,0.016933003752809112,0.11367895415905689,0.017281076955292185,0.14051612903225807,-0.804381111462261
257.02294278346636,15.27911006052364,16.821852959062838,0.010059478706442056,0.36960835115228824,0.010326362878639602,0.40238709677419354,-0.39981951622396145
53.602112715795236,5.378664149951154,9.965692451030247,0.04303850439166635,0.2692222120801598,0.044064121448062044,0.3001935483870968,-0.5157184265181172
100.44771554992589,27.57205697379618,3.643098360248892,0.017147305381549818,0.09759706717040158,0.01729464551550953,0.12348387096774194,-0.8824237573916808
20.00015393955158,6.00696753901543,3.3294925949990564,0.08345708387907971,0.08523925934509125,0.08529550384909461,0.10858064516129032,-0.9378209694826924
146.96701928000715,15.857374007488499,9.268055304150822,0.015421679261975027,0.25551278465271904,0.015784810977211034,0.28316129032258064,-0.540267051904405
448.19442425268505,39.0840631726682,11.467447032633777,0.005319261732803834,0.29598090569010777,0.005321898803606167,0.3129677419354839,-0.4621496522153594
431.0823895954604,40.12216090597435,10.744246567519014,0.005447863854334063,0.28352911933724817,0.0055524537652141956,0.31509677419354837,-0.4951089009246189
733.1464454356899,47.96186208287654,15.286029640985094,0.003459774625346875,0.3512293510001894,0.0035770167870268986,0.396,-0.41208192770612107
307.883085126961,19.115914557217266,16.10611327045919,0.008325829832393657,0.3612690133667078,0.0084443404223803,0.396,-0.4064542434785283
266.2834288591445,14.016646938752716,18.99765543233694,0.009938213348755462,0.3928409774759152,0.009967245001647619,0.40238709677419354,-0.3947741708965418
581.8033630962387,48.27734050823429,12.051272024750515,0.004143919486768471,0.3055018529516824,0.0042515873028621445,0.3385161290322581,-0.4541542255946925
765.5007006521677,41.52989231664947,18.432523128533994,0.003437512546183051,0.3870888942419279,0.0034671583880416163,0.40238709677419354,-0.3971747787476016
86.98647596257037,36.96065997566572,2.353488168767571,0.016852717590725323,0.0444230390731671,0.018273053178149572,0.10006451612903226,-1.0367101276279114
244.72705088029514,15.62209206660806,15.665446717177835,0.010416331080818469,0.3559414347711393,0.010623548037509112,0.396,-0.4099685825236065
5.992424996044861,1.495194233695222,4.007790333189813,0.2968632531650441,0.11139950150089147,0.30451098051185777,0.14051612903225807,-0.8312043001215623
171.08805489688464,32.08037114107054,5.333107093572588,0.011385042489053346,0.156540581438106,0.011582720219869523,0.17883870967741936,-0.734194761052143
29.35423304072003,2.0070009927084422,14.62591854581326,0.08563051107890599,0.34273924917383014,0.08856881314181253,0.396,-0.4206985450526088
263.72364876581895,42.612797319363196,6.188836813254296,0.0077167142385994375,0.18195540765373674,0.007848254225358812,0.2107741935483871,-0.6580590961228628
79.21768075081509,35.03072814116698,2.261376938314937,0.018214442462873515,0.04048553511892703,0.020065072417908714,0.10006451612903226,-1.0356583906939716
194.83708470665513,49.81898635299252,3.9109002203725427,0.009055918522196766,0.10779272273847548,0.009081759154026817,0.11496774193548388,-0.8475993085332157
127.85435943776567,18.170440741607255,7.03639285672365,0.016500060797559075,0.20470904045553429,0.01681414204855904,0.23632258064516132,-0.6118999876495034
507.72953811831144,44.409310228966916,11.432952583603383,0.004692312540706068,0.2954040211554699,0.004714252091965343,0.31509677419354837,-0.4681462497160535
285.7871080401047,27.31232280704044,10.463669093953294,0.008166648252130069,0.2784864598353785,0.008318752784562651,0.31509677419354837,-0.5083215449736425
97.65402070897065,15.473983361418101,6.310852120498934,0.020956270412667552,0.185370522272211,0.021194931101933108,0.2107741935483871,-0.6450199433546417
260.2657083945752,47.011997892375696,5.536155025583044,0.007568488702373462,0.1628139242620092,0.007670130470455184,0.17883870967741936,-0.7165536569740001
790.795479889202,47.580518595927586,16.620152600793347,0.003261773248864698,0.3672962021745133,0.0033562561279305288,0.40238709677419354,-0.40000700631993724
498.09537622216243,37.70524179501676,13.210242197359207,0.004938961937599274,0.32314942926450757,0.004966092658927199,0.3555483870967742,-0.4338885792662149
43.51631787102942,11.62051135574357,3.7447851078877856,0.039955421042448286,0.10150761335064164,0.04066206802751038,0.12348387096774194,-0.8761494420002754
496.9895967345516,31.093294121630876,15.983819366015888,0.0051499707883855056,0.35980573087775536,0.005231235418582363,0.396,-0.4064542434785283
105.30178645527599,6.831961261829303,15.413112343538192,0.024128701328113972,0.35282085373405775,0.024904393657047667,0.396,-0.41208192770612107
231.04996076255136,17.678530019327898,13.069523343283914,0.010622741997148985,0.32108929245807644,0.010705856790188133,0.3385161290322581,-0.43761192620708944
710.5092267032109,36.86871484397981,19.271331526198505,0.0037345524768150717,0.3955610713610052,0.0037355069794562366,0.40238709677419354,-0.3926315987780923
75.34190100218258,10.524369889877445,7.158803975014976,0.028132529839636895,0.20781771404461177,0.02812064408722599,0.2256774193548387,-0.6174492158431643
167.08899286446996,18.53932019214223,9.012681756005785,0.013470617923559856,0.25026404049029033,0.013757967458708817,0.28316129032258064,-0.544104651951165
19.82217297997263,6.834729988723133,2.900213031484484,0.0801025160170003,0.06764249850678787,0.08448018228085945,0.10858064516129032,-0.9850724559277038
812.615262391508,41.033178729653066,19.803858427479394,0.003281765159044203,0.40073685607191134,0.0032945993228113554,0.4109032258064516,-0.3873314793841234
450.607912738666,47.372888624519625,9.511936591205394,0.005062071726380527,0.2604072674304497,0.005241652305274395,0.3001935483870968,-0.5305783855042409
403.0522836124701,43.51013139146546,9.2634122380869,0.005622589168833866,0.25541849890471086,0.005755696502763266,0.28316129032258064,-0.540267051904405
238.2534306821792,14.632615548450207,16.282354299085885,0.010782387593423684,0.3633576837135531,0.010912202076841768,0.396,-0.4049384256029795
556.2000980207112,49.36798858241127,11.266411980553588,0.0042690341178171325,0.2925954111849849,0.004303424335494666,0.31509677419354837,-0.47199785205505457
108.21513422861582,8.856741763916009,12.218391041895806,0.022347738259208147,0.3081458210977877,0.02285805778401336,0.3385161290322581,-0.4545985453563468
91.004374409208,24.758268953185585,3.6757163669755952,0.01898465044583068,0.0988566594602016,0.01944371893181792,0.12348387096774194,-0.8898136678060594
79.5981039733394,31.317243259646016,2.5416702010903345,0.018977933259699327,0.052472028631986585,0.01991292421414078,0.0915483870967742,-1.0382200846472878
855.3068578746984,49.06728200183517,17.431307033528146,0.003043922368657698,0.3764223370028732,0.0031031110657909894,0.40238709677419354,-0.40185298805755526
399.74751797281453,48.67825267338302,8.212035067384292,0.005498910011677797,0.23292647985035358,0.005607992796603439,0.259741935483871,-0.57273067755064
129.976670461764,11.764864010334625,11.047868496192427,0.01818591576214006,0.28884980295302887,0.018415343528367857,0.31509677419354837,-0.4758471515961191
260.85115376865554,17.68731051701004,14.747926402818152,0.00965279559773584,0.3443374309283869,0.009966870161557851,0.396,-0.41555075157032906
77.64151699704045,7.0608922576625135,10.995992314255117,0.03041118885595696,0.2879504821996647,0.030828416674523313,0.31509677419354837,-0.47743209066085285
34.64884116843909,4.904588150478707,7.064577107265821,0.06095191096941085,0.20542855119078107,0.061146714045583646,0.2256774193548387,-0.6174492158431643
453.47899840360674,34.95367753996882,12.973713506541985,0.005403709310093174,0.3196740991750107,0.005454690955943482,0.3385161290322581,-0.44283856311318903
269.9208548151037,34.069494216193924,7.922655179506741,0.008068052388253514,0.22630503075399025,0.008305327881342372,0.259741935483871,-0.5823111465403928
774.5134050159674,43.189690728219425,17.93283054258856,0.003379818923246482,0.3818441982967162,0.0034268124452451285,0.40238709677419354,-0.3992748482842478
144.7508896897175,46.797052762746404,3.093162520801928,0.011231048201268003,0.075642087268666,0.011568708075925355,0.10858064516129032,-0.9833416426788512
282.76622806242074,17.246303126162758,16.39575890519183,0.00909754869608401,0.36468930596178056,0.009194413346033777,0.396,-0.4034733861031087
519.5183304365019,31.537444830679092,16.47306347187402,0.004956273474857621,0.36559156106191537,0.005004384694030582,0.396,-0.4033393304800173
99.51246362941042,24.188323556782677,4.114070303210658,0.018032316483071322,0.11530587187324369,0.01833699161529036,0.14051612903225807,-0.8033119020052658
395.45696933088396,36.88637127071361,10.72095073892134,0.005935630282043014,0.28311511235723946,0.006052656098783077,0.31509677419354837,-0.4951089009246189
61.525478895251425,26.016073375107332,2.3649025741955416,0.023872354290368287,0.04491147546339941,0.025834963491305016,0.10006451612903226,-1.0367101276279114
27.039569084526203,6.8995551701968045,3.919030780611168,0.06529909562925297,0.10809706014112835,0.06543978093908182,0.132,-0.8424579246657837
142.37754786751373,22.67638869814396,6.2786694020272815,0.014352575248819633,0.1844745223362521,0.014537195447974428,0.2107741935483871,-0.6450199433546417
530.8664592673049,34.7713463825193,15.267354143473401,0.0047768883802997,0.3509943306334329,0.004897407880492316,0.396,-0.41426176356193767
255.88679678670667,31.527703850887672,8.116252233176889,0.008564333309509092,0.23075679072323574,0.008760831857691644,0.259741935483871,-0.5749588619964165
732.1504523948927,47.70330197335668,15.348003641421183,0.0034673351287818027,0.352007158916703,0.003581882841285337,0.396,-0.41208192770612107
505.19516178450647,29.91841527068887,16.885759396469343,0.005121659972881718,0.370334894274575,0.00525363735856604,0.40238709677419354,-0.3995746075365374
258.4290172455365,34.262246229500185,7.54267585127055,0.008317971657869483,0.21729881704568244,0.008595247888728732,0.259741935483871,-0.597851499990443
148.69961833288485,29.994184639091305,4.957614955103171,0.012809750999929636,0.1445115606507505,0.012842011120623926,0.16393548387096774,-0.7395424604878471
132.85867498036126,8.8555264344742,15.002911002913153,0.01901904792127246,0.3476345939168065,0.019568685157285035,0.396,-0.4159778176323718
595.3394568132704,37.509609421932595,15.871651717737267,0.004293135531502803,0.3584534061663601,0.004367037244635722,0.396,-0.4064542434785283
420.2539372326059,39.3324002883542,10.684675589377582,0.005580969966893075,0.28246877344943133,0.00569552079152095,0.31509677419354837,-0.49879699686956697
182.43799615929197,16.141441514103462,11.302459944478203,0.013024577634666063,0.29320665131273466,0.013119882303119331,0.31509677419354837,-0.4681462497160535
159.31910096574327,13.185944879526184,12.08249408149112,0.015141568523495031,0.3059984861573996,0.01552599642044385,0.3385161290322581,-0.45516376989093443
143.4703535485906,22.98388815977075,6.242214222035338,0.014219589071762618,0.18345545817237421,0.014426466441043454,0.2107741935483871,-0.6450199433546417
256.6137358060594,16.9162434129543,15.169664419084144,0.009869193556121937,0.34976015415722844,0.010131451354068012,0.396,-0.41488622764351374
16.360078559258447,2.860792903754556,5.71872173542768,0.12156803793969363,0.16832181562476972,0.12162405658294327,0.17670967741935484,-0.7011096873397551
76.10690032673715,45.22726063501279,1.6827660852804074,0.016759324827195384,0.01673930809658868,0.020296893016821395,0.09580645161290323,-1.0217196631229932
24.75778462471316,19.73360396839482,1.254600257731179,0.04509674900589769,0.0032084921536249234,0.05302549961633262,0.08516129032258064,-1.0188720669429654
135.34683283161957,8.55918514255054,15.813051193245686,0.018869856788219678,0.3577429750677786,0.019208942881871215,0.396,-0.4064542434785283
184.06050051634082,11.81472485301406,15.578907067766801,0.013834083011830837,0.35487706386036444,0.0142479083525025,0.396,-0.4109369645332417
581.2039758221293,44.0139521043381,13.204994053802425,0.004232357793869925,0.3230729850633946,0.004255971903501698,0.3555483870967742,-0.4338885792662149
142.4449013592977,15.307586818503959,9.305509944069625,0.01592712555807004,0.25627184315290313,0.016285922466031607,0.28316129032258064,-0.5397171726733557
226.31892470198602,41.4957163729376,5.454031029804927,0.008664915661680045,0.16029563893866294,0.008820614285793825,0.17883870967741936,-0.7227335311892739
74.42652212884818,31.081343445733758,2.3945722378053773,0.019831341617863638,0.046181262790584474,0.021296588456281473,0.10006451612903226,-1.0300340978018572
254.7520769069021,21.172078910920554,12.032454534991414,0.009460584779846369,0.30520193446102556,0.009709784592674481,0.3385161290322581,-0.4541542255946925
96.04331007801557,9.84945959719043,9.751124833834744,0.02389398147272231,0.2650999383573114,0.02459234279475506,0.3001935483870968,-0.5168050190314742
202.90054015484043,37.44302244375565,5.418914577732707,0.009646282680743036,0.1592109726614585,0.009742685332767545,0.17883870967741936,-0.718070723416558
297.7318827093262,16.344111965252868,18.216461276225715,0.008818502058783186,0.3848399028260762,0.008914437215006264,0.40238709677419354,-0.3987817346088648
872.6435266354698,46.17264859708043,18.89957698226236,0.003029672238383749,0.39185592913999795,0.0030414620567357996,0.40238709677419354,-0.3947741708965418
254.87919944627134,40.603977179714654,6.277197879364548,0.008016926621006237,0.18443347237617744,0.008120592991699545,0.2107741935483871,-0.6450199433546417
528.8280128306604,43.75585093197561,12.085881123710637,0.004561959812172645,0.30605228779184135,0.00467749009373024,0.3385161290322581,-0.45516376989093443
305.81608651819977,37.439843571591744,8.16819883163839,0.007177945346378962,0.23193615300250053,0.007330488159648312,0.259741935483871,-0.57273067755064
325.63528652479357,41.62557816107084,7.822961287522364,0.006665437311435155,0.22397713525354934,0.006884331317948125,0.259741935483871,-0.5846326301088123
448.44085474972155,45.75570404349249,9.800763951166873,0.005123713697468499,0.26606083876529374,0.005266982210841883,0.3001935483870968,-0.5160717862733033
139.79950198273346,11.710722552934955,11.93773495621726,0.017209206717873772,0.30368538695289415,0.017693824056740727,0.3385161290322581,-0.4541542255946925
534.661468584171,28.52823786691022,18.74148242448309,0.0049370807884192,0.3902565399775409,0.0049640984646718836,0.40238709677419354,-0.39390849265531885
207.87350481285495,24.71786555938547,8.409848508700403,0.010639608032835212,0.23734050629031958,0.01098177796193051,0.2767741935483871,-0.5703214995786986
173.23658128804107,10.558966818075808,16.40658449569884,0.014851457895426063,0.36481592203237495,0.015007624612390264,0.396,-0.4034733861031087
92.42126451312873,6.303107966675368,14.662808411621922,0.027211596406409574,0.3432238896982389,0.02813064282122468,0.396,-0.41796193293455597
380.24374329646037,31.837228198423507,11.943368339938871,0.006327765635744125,0.3037759052846904,0.006505268883211861,0.3385161290322581,-0.4541542255946925
155.98005854897997,18.904722040137294,8.250851729944143,0.014109857765727372,0.23379968975144208,0.0146353366914927,0.2767741935483871,-0.5703214995786986
321.30950541939654,32.052382852517866,10.024512277225472,0.00719001261522524,0.270338217207438,0.007350949675449375,0.3001935483870968,-0.5161726282688136
192.88522339962873,24.011411397918923,8.03306478753457,0.011331249033950006,0.22885489175835935,0.011622358425077587,0.259741935483871,-0.5775546546072282
60.257132022273545,9.879971728957146,6.098917453950429,0.03363146695899811,0.17940684370466847,0.03567646333249773,0.24483870967741939,-0.6661136538558168
377.8645030088262,25.661804587877405,14.724782963522713,0.006661450724039235,0.34403530695447015,0.006880428196887348,0.396,-0.41555075157032906
680.5851675821888,38.47222774488885,17.690297845375138,0.0038362514799109263,0.379242498482199,0.003899750246904083,0.40238709677419354,-0.40033765897667556
409.5589142524504,32.59102184615219,12.566617769329143,0.005941624692375628,0.31354448902788196,0.006039638511634869,0.3385161290322581,-0.4529250212471535
445.3840567809978,27.290048021531906,16.32038376882257,0.005770594540489122,0.3638053043020307,0.005837365620797575,0.396,-0.4033493472874434
209.30993679880117,12.022079995339665,17.410459494525053,0.012435556591964481,0.37619341022858593,0.012680297055696683,0.40238709677419354,-0.40185298805755526
632.5677303544597,35.70236436950544,17.71781061353899,0.004128688488444076,0.3795395236291339,0.004195775484517151,0.40238709677419354,-0.40033765897667556
58.47330527441736,7.127158414036714,8.204294317249358,0.037583634623510324,0.23275192919985735,0.038338540821848295,0.259741935483871,-0.57273067755064
49.2473409966074,13.146888698266043,3.7459312333801593,0.03530940031587959,0.1015514168486142,0.03593013230298993,0.12348387096774194,-0.8761494420002754
160.37255504424496,42.95238547890268,3.7337287150911944,0.010830788747612913,0.10108473896358608,0.011033455675071017,0.12348387096774194,-0.8843548500975146
89.88629698274103,5.112782324840266,17.58070093186478,0.02901195362135742,0.37805444147160205,0.029527439269497448,0.40238709677419354,-0.40033765897667556
408.7509715882726,35.756888127034756,11.431391068934428,0.005828368786211434,0.2953778673951738,0.00585580268574344,0.31509677419354837,-0.4681462497160535
206.11348913087244,37.86676185636697,5.44312423419475,0.00950863239180913,0.1599592587494929,0.009685304677484234,0.17883870967741936,-0.7200732117998425
583.1005633363511,35.34909099778728,16.49548961168057,0.004417020764752049,0.36585248257380826,0.004551722879723785,0.40238709677419354,-0.40236232252115295
365.6268694311023,29.164253126805818,12.536815801226286,0.0066520653770717275,0.3130881787713709,0.006765333727117061,0.3385161290322581,-0.4529250212471535
679.0414544769136,39.675957994960626,17.114683268975153,0.0038204558922727548,0.37291408667859993,0.003908615825763452,0.40238709677419354,-0.40005883805596304
63.45171602339224,3.776468013320575,16.80186772391073,0.040738287650079294,0.36938054974003764,0.0418288478492753,0.40238709677419354,-0.39981951622396145
464.84767197930347,31.16949782774411,14.913543828914063,0.005429189193044724,0.34648552894052637,0.005592949557076638,0.396,-0.4159778176323718
382.2275972012135,24.926073799504305,15.334448588883449,0.006640427959911994,0.3518373104469877,0.006861035576382075,0.396,-0.41208192770612107
324.8024059947512,37.730876771091395,8.608398049302899,0.0068500351619387514,0.24168286715955292,0.007077548947020288,0.28316129032258064,-0.5563325960820686
395.012956043338,30.195140595979133,13.082004198249669,0.00621471182886032,0.3212728939557734,0.006262042177247163,0.3385161290322581,-0.43761192620708944
30.425755733268343,9.367156418892279,3.2481314897126876,0.054379622784344224,0.08196177616252077,0.05606839226242141,0.10858064516129032,-0.954814301559766
24.75115411682201,1.857348355477086,13.326069955500797,0.09957937184817976,0.32482898100614105,0.09993828084247997,0.3555483870967742,-0.4338885792662149
112.13983821156339,11.979393922073925,9.361061080471528,0.020261045045517748,0.25739267663734966,0.020687087267260117,0.28316129032258064,-0.5397171726733557
395.4273627676431,26.011162541194576,15.202217976278229,0.006407446128434396,0.3501723236816065,0.006574834788639703,0.396,-0.41488622764351374
398.2533908865553,21.349773203453207,18.653752763150663,0.006622270257122614,0.38936277667390157,0.006664380608058492,0.40238709677419354,-0.3962821655314169
335.4197475479657,19.973817613896667,16.79297138042351,0.007705705381709602,0.3692790538463625,0.007912808338567943,0.40238709677419354,-0.39987980622534436
150.3078137391783,12.203250244278395,12.317031178611739,0.016118164804248682,0.3096900558995789,0.016456814384877932,0.3385161290322581,-0.4545060741832841
23.627610389400004,3.647708245357707,6.477384922291941,0.08725495365939309,0.1899533317604827,0.090138763333401,0.22780645161290325,-0.6380685153324481
791.0854212861844,47.253956104833264,16.74114691119523,0.003265232962873359,0.36868668456594,0.0033550260236153958,0.40238709677419354,-0.40000700631993724
19.46180333317878,1.1764138387681178,16.54333083463062,0.13241530102770316,0.3664078697492302,0.13637544938053744,0.40238709677419354,-0.40054544118454455
389.76149765929244,20.09087177550861,19.399929580677714,0.006816234506422351,0.3968249315402263,0.006809580195214595,0.40238709677419354,-0.389002595836188
148.1395141963423,33.18887667558832,4.4635290204113645,0.01243916060969005,0.12778648857630007,0.012762619717103066,0.15541935483870967,-0.7862239858164513
94.34693728019096,11.596569927807359,8.135762373489156,0.023242584867211487,0.23120047870596655,0.02376103841711384,0.259741935483871,-0.5749588619964165
625.4422711822613,45.694485000554856,13.687478284844806,0.003963359530163383,0.32997812933005183,0.0040608777566605815,0.37258064516129036,-0.4327763401139727
69.12424729246278,8.383743476249911,8.245033675980553,0.03183333789159071,0.2336690297193624,0.03243118426688587,0.259741935483871,-0.57273067755064
440.94280973762716,23.77922292037442,18.54319677367675,0.005974453362293029,0.3882300552726241,0.006019175540921431,0.40238709677419354,-0.39706701091370783
32.18771642373152,2.136563991748408,15.06517780325945,0.07857010139900485,0.34843109634606745,0.0807721040809191,0.396,-0.41488622764351374
774.5857438906193,44.61710861160014,17.36073376321908,0.003358499549378246,0.37564620548903865,0.003426492413850428,0.40238709677419354,-0.40185298805755526
150.2739891105226,23.558979188017407,6.3786290531193774,0.013659623557824865,0.18724645444868004,0.013773310025270706,0.2107741935483871,-0.6404472180216702
247.2825876527349,21.616365142372832,11.439600785055514,0.009635703823553051,0.29551533379861517,0.009645828252019827,0.3129677419354839,-0.4621496522153594
130.7311785133317,16.301896529036146,8.019384632976887,0.016711077385911963,0.22854054766080525,0.017148022581491798,0.259741935483871,-0.5797222035860508
497.0928255163658,35.915555845288154,13.840599534576898,0.004998492005597924,0.33211906657645834,0.005109397031592645,0.37258064516129036,-0.42481834420082254
685.5051176230895,45.65717469364267,15.014181718925757,0.003686675392707107,0.34777901557970853,0.0037926333651884347,0.396,-0.4157376895927058
240.52253258994722,29.32830287256314,8.201038213327985,0.009135998869878209,0.2326784639105924,0.009320462316408122,0.259741935483871,-0.57273067755064
23.10638563469929,15.712933829177656,1.470532867120753,0.051996628742437656,0.00923687109864691,0.061039791088962944,0.0915483870967742,-1.0158649818357623
429.5561038946368,29.016714849982883,14.803746947766218,0.005866305660463651,0.34506416116816696,0.006052456378881903,0.396,-0.4152844521593946
242.38215184254423,35.6177455744261,6.805095267359567,0.008623869453820555,0.1987174117497291,0.008786800368071102,0.22780645161290325,-0.6224977704231589
393.3049044327274,29.889735603094536,13.158527383962804,0.006249582195641868,0.322394843829471,0.006289237086606316,0.3385161290322581,-0.43474323849082774
42.18654954995559,15.2861790135574,2.7597838225327664,0.03694762543261468,0.06174042377750656,0.03842103559351835,0.0915483870967742,-1.0068517918838433
29.147916401149303,20.1446099975088,1.4469337656451975,0.04091826773566858,0.008482396273901455,0.04503903061377004,0.08516129032258064,-1.0192561858816762
269.6423740628231,30.050177322257163,8.973070979621408,0.00833813344684474,0.24943824323708683,0.008525384537677363,0.28316129032258064,-0.5444528648950178
468.91221834713394,27.867337033911387,16.826588696886287,0.005514165287676727,0.3696622899548194,0.0056601471906050195,0.40238709677419354,-0.39981951622396145
190.4195033068857,19.46493046432496,9.782696303790233,0.012061033554067731,0.26571159909553915,0.012403823996825346,0.3001935483870968,-0.5168050190314742
15.913206714583334,10.617473379256717,1.4987752873176827,0.07615065611567083,0.010164348170443666,0.0886313473619694,0.0915483870967742,-1.0158649818357623
80.55297846346737,26.45650879464456,3.0447319821643757,0.02006639364590805,0.07364724758402795,0.020788564476362296,0.10858064516129032,-0.9836358236172007
162.58762844367422,33.66709697541885,4.829273773214938,0.0116202823421657,0.14026766017703257,0.011745064311120023,0.16393548387096774,-0.7545643759708436
93.58563136234787,18.945805603361435,4.93964908759243,0.020330703235193554,0.14392162478986273,0.020404864768927843,0.16393548387096774,-0.7395424604878471
219.46199221846302,39.672071960455,5.531901445359901,0.008973610790540544,0.16268411725628248,0.009096208050388285,0.17883870967741936,-0.7165536569740001
104.8163872425037,38.15812494662779,2.7468956451374797,0.014844545509214836,0.06119582642467665,0.015463716738076089,0.0915483870967742,-1.0068517918838433
529.0799491380683,40.681731049403886,13.005345040395497,0.004634016299592873,0.3201424564360838,0.0046752627751859045,0.3385161290322581,-0.44126680688191544
250.64768425670653,21.256325216009,11.791675264167186,0.009571937286765005,0.30132406334639517,0.009912840812021685,0.3512903225806452,-0.4552174760200831
92.7559742744241,32.24239578244833,2.8768325685313165,0.01706684903457436,0.06666415566425095,0.018053616488318772,0.10858064516129032,-0.987210109639711
10.571696457652582,1.2478366476141458,8.472019537064876,0.20960380601789041,0.23870956210918048,0.2159370242200428,0.2767741935483871,-0.5615997423054143
50.408741778084355,32.272997122692956,1.5619479525389086,0.02448730059235477,0.012326296980963578,0.027979451623135868,0.0915483870967742,-1.0184487302384089
168.7999093430242,15.515431767279653,10.879485139369743,0.013953436045925886,0.28591616223281974,0.014179895276855864,0.31509677419354837,-0.4881366572451255
481.9384767512373,45.96492595594419,10.48491793967337,0.00484510119498775,0.27887270364733174,0.00496653650350133,0.31509677419354837,-0.5033560444295093
786.3734548538052,40.30531546168808,19.510415582810328,0.0033819753486350017,0.3979036112234477,0.0034045423032227867,0.4109032258064516,-0.38770074595956033
258.9307740096044,32.942592516953354,7.860060615337121,0.008392997910141135,0.22484627764162843,0.008657839956746485,0.259741935483871,-0.5823111465403928
306.4668335398154,32.547208068548684,9.416071353781133,0.007424452319406307,0.2584967937652624,0.007706967756674577,0.3001935483870968,-0.5327520127939143
7.587856891572138,1.2801781034127035,5.927188468029879,0.26487555030716203,0.17446282471989055,0.2648675283682666,0.19374193548387098,-0.676878132846438
42.320630326263185,6.427021952931189,6.584796292311076,0.04894030073545941,0.19286238134568778,0.05032447684745972,0.22780645161290325,-0.6338551886140326
292.47410003816736,41.323395317724255,7.077688021262876,0.007224514883848651,0.20576248669501995,0.00724393299324935,0.2256774193548387,-0.6174492158431643
821.8830252060608,44.03293704471382,18.6651874793514,0.003209271071921313,0.3894795241831593,0.0032293064753983257,0.40238709677419354,-0.3949287526801738
130.99570549810602,14.48363067035114,9.044396980258691,0.0171972594700984,0.25092294581331426,0.017548704499866556,0.28316129032258064,-0.544104651951165
145.45048324952793,13.988853884135521,10.397598291771452,0.01602215447430596,0.27728084441825124,0.01638338796836195,0.30870967741935484,-0.5081097777724692
23.206636856006597,1.555317004148426,14.920840442243344,0.10876198358011166,0.3465796095748318,0.11203129506599854,0.396,-0.4159778176323718
220.30924022018607,30.89269913358702,7.1314338467972345,0.009610804062542586,0.20712630962990927,0.009616767688998941,0.2256774193548387,-0.6174492158431643
446.4759934688733,34.612875190454005,12.899130482867495,0.005481587321950812,0.3185653215873142,0.005540248137607676,0.3385161290322581,-0.44283856311318903
169.47760195970815,24.683687299238606,6.865975893517978,0.012364047378886212,0.2003096897716242,0.012566637457675773,0.22780645161290325,-0.6189901846513992
896.3646548987278,45.01261256604435,19.91363317522494,0.002978158010150784,0.4017851248370344,0.0029867773997444285,0.4109032258064516,-0.3863523383144174
178.08248832430974,35.662333314306395,4.993573660893066,0.010720150207547744,0.14568829702573302,0.010723132691103374,0.16393548387096774,-0.7333672400064716
376.9722319963143,20.005702051674696,18.843239343592924,0.007009395269522529,0.39128762651040044,0.007040603922635467,0.40238709677419354,-0.39405632341392993
212.3942508618867,14.922899670680964,14.232773492351349,0.011767666752346242,0.33749623728009115,0.012240771916163424,0.396,-0.4238434549688274
112.09956034380366,6.3682300391527304,17.602938281846065,0.023268706641873742,0.37829613046600163,0.023676383450370993,0.40238709677419354,-0.40033765897667556
404.4119400127572,20.3774733897532,19.846029597374695,0.006596870150946782,0.40114030085660707,0.006620085680696718,0.4109032258064516,-0.3866006783413005
31.85567227418087,8.556086905719074,3.723159035807344,0.054473250982969804,0.10067995023501176,0.05554626072081737,0.12348387096774194,-0.8843548500975146
789.4761312015206,39.838076481523856,19.81712474415437,0.0033783669923010727,0.40086387274135693,0.0033911623003809914,0.4109032258064516,-0.3873314793841234
89.72447709401017,46.79026934860703,1.917588386284451,0.015031813876275536,0.026032129946184576,0.017116607263261027,0.0915483870967742,-1.0324468408814163
113.29937304324864,35.04189433810115,3.2332547992434844,0.014579347291417818,0.0813594274008842,0.014898698969685176,0.10858064516129032,-0.9529924713419298
332.1583900137051,34.411618964273046,9.652506915137,0.006891877428354532,0.2631777853935225,0.007110854566955413,0.3001935483870968,-0.5268457006737897
146.1914800273074,31.06764726581708,4.7055858068840015,0.012818653329285935,0.1361116511111644,0.013062335451469145,0.16393548387096774,-0.7660314774820938
37.73643374466689,7.330413733119176,5.147926859049141,0.05106544058779826,0.1506792111781249,0.05251331077654766,0.18735483870967742,-0.7327058846362876
111.02242192459171,21.246157527241532,5.225529453137128,0.01743652298781611,0.15315206308883578,0.01784923296105243,0.18735483870967742,-0.7284280750303733
288.7294998471031,19.24903662956858,14.999685719522384,0.008751215332025162,0.34759324517466,0.009004516623627008,0.396,-0.4159778176323718
79.09708908525981,36.12659271661706,2.1894422677973093,0.018007066511283587,0.03742025094068634,0.020095663689096387,0.10006451612903226,-1.0438709214609425
161.19057266856169,46.03009850648175,3.501851568835195,0.010540321117201053,0.09208620815344298,0.010777352574152894,0.12348387096774194,-0.9093520426241478
110.70839436633858,20.986122724236516,5.2753143503960995,0.017536430452978626,0.15472586999873766,0.0178998628258927,0.17883870967741936,-0.7340526807073978
22.839191018101463,1.5166307480859906,15.059163904546208,0.11072131561497238,0.3483543144180273,0.11383369835841363,0.396,-0.41488622764351374
341.6877481733176,31.006330294837493,11.019935120481126,0.006913799386385585,0.28836604551133566,0.00700512397656335,0.31509677419354837,-0.4758471515961191
87.92798414688593,5.108330105703925,17.212666826035022,0.029537004095958858,0.3740069975758309,0.030185067940192233,0.40238709677419354,-0.40005883805596304
569.9415150808888,38.92681119126965,14.641361509948522,0.00441127325415819,0.34294228149421785,0.0045616427516001635,0.396,-0.4206985450526088
333.11382319906755,39.48009139526878,8.437513983034682,0.0066450402793341,0.23795078515706722,0.006852974914399939,0.2767741935483871,-0.5703214995786986
240.2293034606856,32.64839581550491,7.358073726446287,0.00888888352858944,0.21278904320775613,0.009246421784798856,0.259741935483871,-0.5986009228138746
557.8191972181811,32.185235460125625,17.331524509406332,0.004662080242534767,0.3753240042987337,0.00475801512130424,0.40238709677419354,-0.40185298805755526
155.32601919997387,44.73941628926021,3.471793601322872,0.010905449353194298,0.09090173702630172,0.011184266758566324,0.12348387096774194,-0.9093520426241478
599.5203429994684,34.67393280966477,17.290232010611795,0.004335792965856481,0.37486754001984257,0.004427059408925263,0.40238709677419354,-0.4000905715608007
39.50851372694063,5.552196570115838,7.115834828253631,0.053560243926029955,0.2067313174952568,0.05362547418463599,0.2256774193548387,-0.6174492158431643
10.031172815900876,2.857789101250225,3.510116548317873,0.16951111957422027,0.09241118236288583,0.17318090966641253,0.12348387096774194,-0.9117423413283192
672.4591839825574,40.558288642396406,16.58006800808706,0.0038339403148624483,0.3668332167490711,0.003946874752455967,0.40238709677419354,-0.40016643262533436
61.20263524135992,4.077428352847337,15.010106848013915,0.04129060969590881,0.34772681339625877,0.04247969994840671,0.396,-0.4157376895927058
201.48593969290965,14.64738313252773,13.755763597489704,0.012315878088823621,0.33093582742522304,0.012605567470317621,0.37258064516129036,-0.4254648891734714
395.26513823521543,27.690758800547457,14.274261716056726,0.00632716735343482,0.3380563718337096,0.006577533229246275,0.396,-0.42521019395782267
148.6886769861763,27.51979399050081,5.402972022156131,0.013151660361634912,0.15871698156413008,0.013294866540247452,0.17883870967741936,-0.7190217004561023
134.48648604332723,32.29769683452112,4.163965211896549,0.01339601654723787,0.1171218368246016,0.013979508277095697,0.15754838709677418,-0.8034835286471331
584.5582683960587,43.16340147841821,13.542914792948814,0.004230967040357254,0.32793484787846444,0.004231550428821443,0.3555483870967742,-0.4338885792662149
3.6624847566548966,1.6082515152864445,2.27730844450818,0.3950741466681341,0.041165817475004,0.4339973014647148,0.10006451612903226,-1.0356583906939716
91.51924431230921,8.934289224254599,10.24359543497371,0.025373784064307636,0.2744431342267276,0.026037930220783528,0.30870967741935484,-0.509120058136931
23.956904101583802,2.317914385097679,10.335543131190429,0.09713803101081199,0.2761420664813608,0.09946910031272395,0.30870967741935484,-0.5093512394750477
245.00135741064486,20.57099779360826,11.910037610658376,0.00981457382872247,0.30323974350992505,0.010096220761571134,0.3385161290322581,-0.4541542255946925
41.926818687097885,4.920251337757897,8.521275806654923,0.05292916469058108,0.23978814230838794,0.05444774360439509,0.2767741935483871,-0.5617288311877584
871.1801748420594,49.07020797125631,17.75374939010586,0.0029990246304709735,0.3799267821287379,0.0030465709068724788,0.40238709677419354,-0.40033765897667556
403.0944938473132,34.82169645226308,11.575957949088256,0.005927092852447546,0.29778496074783883,0.006163891176543212,0.3512903225806452,-0.45876133997692625
119.6454547969489,26.445123984377226,4.524291694288554,0.01546849275225041,0.12990052952550535,0.01580209033408699,0.15541935483870967,-0.7877817722873217
281.47395128356317,28.718520395333112,9.80112998193681,0.008163111768141534,0.2660679079754536,0.00839129160553138,0.3001935483870968,-0.5160717862733033
60.382933738083246,3.713782957741383,16.259144496372624,0.04253209939411299,0.36308396267155735,0.043056364110792215,0.396,-0.4049384256029795
556.4020680157377,28.593858426797475,19.45879635097763,0.004777470774268779,0.3974004708227498,0.004811703347417302,0.4109032258064516,-0.38770074595956033
931.2417354903448,47.90082344636852,19.44103813858224,0.002853980830289689,0.39722704666308595,0.002874915922632628,0.4109032258064516,-0.38770074595956033
249.91196110838283,21.79035035303499,11.468928083277685,0.009539894091627664,0.29600563789617956,0.009544342574219072,0.3129677419354839,-0.4621496522153594
294.21527890045917,41.71376770133155,7.053193588434054,0.007174956903528088,0.20513821600556364,0.007306763160459245,0.23632258064516132,-0.6071909762977401
354.30921706613174,22.132136263614996,16.008812382409396,0.007226122775703682,0.3601057185063998,0.007337854777341247,0.396,-0.4064542434785283
141.93293197655842,14.511785712927292,9.780528377711827,0.016180407669310195,0.26566965496301154,0.016641169682675247,0.3001935483870968,-0.5168050190314742
417.5930601415308,38.715665191067494,10.786152274038113,0.005628959901302026,0.2842717587557183,0.005731812296918007,0.31509677419354837,-0.49023479798101555
65.0548233728521,26.93115380521041,2.4155973354645446,0.022766103153959893,0.04708112257678581,0.024364542547845144,0.10006451612903226,-1.0300340978018572
47.975093529046895,21.650924109920986,2.21584507365501,0.029832064659739754,0.038543930102935504,0.033131952105137585,0.10006451612903226,-1.034235956326284
55.12384127216021,19.634025367818182,2.807566978216949,0.02845868923482012,0.06375544728263577,0.029403809393906757,0.0915483870967742,-1.0090871070062148
68.88893465199266,9.441240551617245,7.296597759093457,0.03092721179246974,0.2112669591316524,0.03105262884568681,0.23419354838709677,-0.6012435070338594
231.22514882966746,30.047069542974718,7.695430947066518,0.009346292173764873,0.22096324489920605,0.009695230871720882,0.259741935483871,-0.5846326301088123
83.16957467588792,21.63155979048061,3.844825591933889,0.021093437315984176,0.10530808025518658,0.021275370043362232,0.11496774193548388,-0.8564410249768832
257.9184719056857,21.770472245441166,11.847169367660133,0.009311948417999392,0.30222451051000276,0.009333689664406454,0.3044516129032258,-0.4540452239806243
431.0483203714354,34.51128655425049,12.490068131590606,0.005637818471803782,0.3123702758256701,0.005738539449987801,0.3385161290322581,-0.45268640939988236
132.32693554416926,20.223117722747748,6.543349910648187,0.015624303488789492,0.1917441647366573,0.016094709457796234,0.22780645161290325,-0.6396857696350626
303.5365920907898,42.22026126468743,7.189358450149253,0.006990965320346093,0.20858708554006533,0.006979925446035467,0.2256774193548387,-0.6179905131664357
130.2092103195296,15.231777103365731,8.548523881087885,0.017056849409024424,0.24038251018607032,0.017654702926902077,0.28316129032258064,-0.556798432002509
124.84794011435298,13.486351210360171,9.257354948493793,0.01814872393467701,0.2552954319757017,0.0185813768100155,0.28316129032258064,-0.540267051904405
56.480672540594604,10.201260620779308,5.5366365628917595,0.03487687173933352,0.1628286151000243,0.03534433728523762,0.17883870967741936,-0.7165536569740001
406.74401269797187,49.74924944675511,8.17588239463383,0.00539815222579462,0.23211005955340258,0.005511528458358117,0.259741935483871,-0.57273067755064
69.7381826743143,17.9824057960561,3.878134186561916,0.025229268435545557,0.10656313692149866,0.02537295079572364,0.11496774193548388,-0.8564410249768832
22.393838694566323,10.836780050498888,2.0664661080332056,0.062124522651945915,0.03221816348299105,0.06858040987373352,0.0915483870967742,-1.036397339754947
10.689920046592347,9.416461167494209,1.1352375225094264,0.09957086457845814,0.0010048805153334923,0.1228067088806203,0.08516129032258064,-1.0185147783952624
15.996903345172768,12.890701987903022,1.2409644843379894,0.06943513257249,0.0029073530019434646,0.08206550172819058,0.08516129032258064,-1.0188720669429654
46.87430753911911,2.493715005569766,18.79697857791461,0.05634495941433409,0.39081961332321236,0.05662189618700819,0.40238709677419354,-0.39405632341392993
298.52293804790764,30.622702225926815,9.748419190621336,0.007686855190470668,0.2650474366798578,0.007912055334931965,0.3001935483870968,-0.5168050190314742
130.7081080483011,19.398408614386,6.738084068987341,0.01594803520489801,0.19695200611057181,0.016294043367507952,0.22780645161290325,-0.6224977704231589
146.197229627263,23.275108893552506,6.281269415145957,0.013979237507226494,0.1845470355437849,0.01415738346089295,0.2107741935483871,-0.6450199433546417
128.9766594815064,7.616706590470856,16.933389510220483,0.02007234415942696,0.3708745268456607,0.020578236294749617,0.40238709677419354,-0.3995746075365374
323.0814233979448,32.179735824764045,10.039902911487427,0.007153212293552023,0.27062924578671144,0.007310633894516069,0.3001935483870968,-0.5161726282688136
20.961048469175708,4.548237993900033,4.608608541876672,0.0888152691072307,0.13280707097575464,0.09019817341411154,0.15541935483870967,-0.7734308188019752
333.3416650314155,23.7573087601817,14.031120628869836,0.007475519338031818,0.3347501420852011,0.007619343375152202,0.37258064516129036,-0.4215948386806185
159.4275302867794,18.05065582481946,8.83222924607361,0.014046526276645764,0.2464760023740002,0.01441912148047894,0.28316129032258064,-0.550927263900092
380.481368456547,22.434309517176285,16.959798480325,0.006806253131090683,0.3711730473870897,0.006975669232069142,0.40238709677419354,-0.3995746075365374
177.2574530689447,35.84890297371662,4.944571196471611,0.010737205630534135,0.14408338300193752,0.010773042933888352,0.16393548387096774,-0.7395424604878471
89.88776860421355,8.332620029404136,10.787455600641543,0.02615128754173878,0.2842948128095339,0.026628373074494668,0.31509677419354837,-0.49023479798101555
613.8052738747135,33.53092137539161,18.305648896519322,0.0042814589657571385,0.38577167850633803,0.0043240296039874695,0.40238709677419354,-0.39808474001807764
157.32144687652075,34.48152579666354,4.562485076914529,0.011795656486511995,0.1312209893723645,0.012017740252848356,0.15541935483870967,-0.7874766144807639
71.05545753057969,9.451235506749383,7.518113105935946,0.030226156400352644,0.21670394751074476,0.03126095506330373,0.259741935483871,-0.597851499990443
349.1748020881415,45.95369628309335,7.598405141059461,0.0061683359737767915,0.21864266538384594,0.006420226167081091,0.259741935483871,-0.5861043188736659
333.9245924384106,29.150866649183996,11.455048539620622,0.0071377655014936,0.29577374315719246,0.007143065902381108,0.3129677419354839,-0.4621496522153594
105.49640298247144,49.11987564398559,2.1477335111166713,0.013396381880343774,0.03564935669882654,0.015066944996295085,0.10006451612903226,-1.0467338150064789
76.6044208172817,21.369550219239876,3.584746521632993,0.022359642822892985,0.09533149915854272,0.02267764203089953,0.12348387096774194,-0.8840360585209612
167.3098042652827,25.675394778792437,6.516347877286723,0.012343047751823346,0.19101276359807634,0.012729460717358964,0.22780645161290325,-0.6380685153324481
428.12915634258485,35.38221012714461,12.100124746422544,0.00563644595137356,0.3062783824769668,0.0057776672171402435,0.3385161290322581,-0.45516376989093443
596.2135622225378,49.204468499606904,12.117061323958838,0.004048684194929628,0.3065468900536765,0.004148828453484913,0.3385161290322581,-0.4554803022251254
443.7140413774365,45.74394063429533,9.699952282746132,0.005165324820611153,0.2641047315657231,0.00532309051399251,0.3001935483870968,-0.5168050190314742
131.5066439957693,24.917737703036064,5.277631764289183,0.014764947476687685,0.1547988899281035,0.01506893501818847,0.17883870967741936,-0.7340526807073978
319.83892075288344,45.50180257671511,7.029148355466612,0.006593974629772887,0.20452373042912414,0.006721387616159083,0.23632258064516132,-0.6118999876495034
104.43209237948098,6.215840175965105,16.800961643655242,0.024751844584267126,0.3693702150914363,0.025414717974561837,0.40238709677419354,-0.39981951622396145
324.92639095908055,44.63042850026103,7.28037802633197,0.00655305813636678,0.2108636613039337,0.006583591172785032,0.23419354838709677,-0.6002813558849772
558.9275661356621,38.660356905343775,14.457382468148015,0.004486400123300484,0.34050926580702484,0.004651532217456806,0.396,-0.4206985450526088
695.5685657920529,35.11849423195092,19.806332276035413,0.0038340915700465694,0.4007605485900722,0.0038489975321593555,0.4109032258064516,-0.3873314793841234
231.52756456292008,23.256793579724906,9.955265921298972,0.009961551581573427,0.2690237629080179,0.010201506714936453,0.3001935483870968,-0.5157184265181172
130.71472955094902,9.525966643033659,13.721938617803236,0.01897397921338197,0.33046202722742163,0.019430439215569494,0.37258064516129036,-0.4254648891734714
179.5872040658904,42.778858948034184,4.198036331077573,0.010058687075570394,0.11835532204181767,0.010237506391455322,0.1469032258064516,-0.8046641815252131
696.7826899954805,48.70744571459374,14.305465617687076,0.003590863285811246,0.33847657912787443,0.0037312488074604942,0.396,-0.4241135914128048
236.9509361824759,14.11098634328476,16.791947098385357,0.010907805936631787,0.3692673644943407,0.011201104406162657,0.40238709677419354,-0.39987980622534436
52.60577548306769,4.929748942637273,10.671086113144966,0.044571632175584644,0.2822261158659437,0.045500042823192824,0.31509677419354837,-0.49879699686956697
312.85293165477634,27.727188811720882,11.283254634257283,0.0075922295637389,0.29288122971374814,0.0076507674854332935,0.31509677419354837,-0.47199785205505457
476.1163615088621,34.76578525510659,13.694969292802828,0.005207006864087543,0.3300834224698821,0.005334503941579091,0.37258064516129036,-0.4327763401139727
14.916918874030568,1.0255208951659762,14.54569959943754,0.16831565424292474,0.3416810899903694,0.17428998595889422,0.396,-0.4206985450526088
476.6898713020177,30.352658481972107,15.705045130895094,0.005350345861008248,0.3564264502924606,0.005454006341698721,0.396,-0.407999245721962
185.10716559276312,29.395505728549793,6.297124713625237,0.011048708578267454,0.18498875234453682,0.011181470118271319,0.2107741935483871,-0.6450199433546417
68.44356712031033,14.20589081644762,4.817970798499041,0.027583739991078524,0.1398905790655563,0.027900389073917432,0.16393548387096774,-0.7545535696750356
773.5615253001366,45.87049911106806,16.86403113746553,0.00334399474500651,0.370088191760557,0.0034310291922651144,0.40238709677419354,-0.3995746075365374
124.16690876399024,21.912548158761165,5.666475111172559,0.015974294812702138,0.1667581554817267,0.016025035496170008,0.17670967741935484,-0.7046874820729945
599.6140639600316,43.00488178193362,13.942930177102122,0.004150318695778322,0.33353671238711674,0.004235798924303781,0.37258064516129036,-0.4220302350034779
454.80483339425604,24.939802050719333,18.236104379230156,0.005774094944844971,0.3850455371696631,0.0058357167304269415,0.40238709677419354,-0.3987817346088648
686.1951361931339,39.26976159799936,17.4738808760197,0.0037958802705180565,0.3768889462393805,0.0038678679508606737,0.40238709677419354,-0.40033765897667556
112.1638608659669,5.854432814183359,19.15879205142313,0.023631041173423725,0.3944475785864218,0.023662810417069163,0.40238709677419354,-0.39324969606416943
773.6724396986211,44.66390195536356,17.322096946921874,0.0033610138495033773,0.3752198889254847,0.0034305373167380616,0.40238709677419354,-0.4000905715608007
258.36343420512395,40.179013262316985,6.430308094386115,0.00796313466345329,0.18866685597008073,0.008011080388063418,0.2107741935483871,-0.6414179835414868
132.29023969861456,46.00318304652011,2.875675788886995,0.01196472295441875,0.06661570387029916,0.01265838500531761,0.10858064516129032,-0.987210109639711
156.7308383667597,24.2516889722733,6.462677240580993,0.013145491859594998,0.18955216993209387,0.013588669614847315,0.22780645161290325,-0.6380685153324481
530.6961332062879,46.88781847912403,11.318422362571015,0.004478921975842429,0.29347672704885186,0.0045102364374990465,0.31509677419354837,-0.4681462497160535
388.59881287981557,22.142206861534973,17.550139211953717,0.006708469256621549,0.37772175168411776,0.0068299544088899515,0.40238709677419354,-0.40033765897667556
222.43009416412573,37.99190615808235,5.854670551106482,0.009003418914538389,0.17234418173144564,0.009035543989833791,0.19374193548387098,-0.6868499712773853
931.5147610172302,49.498744406703224,18.81895737321132,0.002835928588481059,0.3910421228588753,0.0028492432824355476,0.40238709677419354,-0.39405632341392993
455.49327761222975,29.881609440453914,15.24326454101833,0.005565556762297245,0.35069074244266235,0.00570781108940552,0.396,-0.41426176356193767
705.4508241775218,36.621584078648866,19.2632525852101,0.0037610382861385963,0.3954813692692645,0.0037622922595806746,0.40238709677419354,-0.3926315987780923
411.02443823087197,48.67951610981158,8.44347830622803,0.005386432368437382,0.2380821297796592,0.00555397796746287,0.2767741935483871,-0.5703214995786986
42.4706106765508,5.667580066478221,7.4936057679625545,0.050525739584508345,0.2161088447758372,0.05230114258970047,0.259741935483871,-0.597851499990443
298.78729919925934,28.622119440050493,10.43903474112301,0.007806970099799285,0.2780377708548793,0.007956805082317976,0.31509677419354837,-0.5083215449736425
584.6042439363189,43.06684930988056,13.574344380985323,0.0042327293094529175,0.32838091653977214,0.004231217643318907,0.3555483870967742,-0.4338885792662149
81.03114701202261,7.335609357339844,11.04627346751292,0.029169843132797614,0.28882221072422376,0.029538827049698718,0.31509677419354837,-0.4758471515961191
34.44319655965387,8.755939336313315,3.9336952023877507,0.05132719299722209,0.10864519272276635,0.05190852090878461,0.132,-0.8411584589980476
608.163933010282,47.922168076635344,12.690659822354633,0.00400993860209896,0.3154324915245153,0.004067304318851547,0.3385161290322581,-0.4489214483706321
213.69862330312532,46.04621178612307,4.640959918607845,0.008730984093635102,0.13391401178405038,0.008935959075200617,0.16393548387096774,-0.7744927715812335
83.66675807024687,25.591469342060748,3.269322169506568,0.0198212651586141,0.08281814814975438,0.02038949813139895,0.10858064516129032,-0.954814301559766
588.5591002737685,48.72839896030026,12.07835908487936,0.0040984101696140505,0.30593278391440726,0.0042027857357941996,0.3385161290322581,-0.4542705327112752
110.77372854374963,9.769174626602638,11.339108243812065,0.021466650501847876,0.2938261864180213,0.02160769587422092,0.31509677419354837,-0.4681462497160535
23.23319225768206,11.869349227991602,1.9574107907189213,0.05855249981191338,0.027670776868794354,0.06610278171359886,0.0915483870967742,-1.0374464992342673
59.29297092617029,14.579799538255985,4.066789174336126,0.030148442025156066,0.11357446879220849,0.030775304099056152,0.14051612903225807,-0.804381111462261
61.641103998870946,9.430351609084074,6.536458719046411,0.03353125980005437,0.1915577211791855,0.034551029148714524,0.22780645161290325,-0.6396857696350626
180.66382877938074,24.422518365103887,7.397428310977226,0.011836556492308222,0.21375806688841356,0.012294998284235699,0.259741935483871,-0.5973975242280231
449.9686379486621,48.473159842334,9.282841048783503,0.0050389544496881504,0.2558127574447503,0.005155574019102457,0.28316129032258064,-0.540267051904405
120.72670007518028,43.97396696794112,2.7454129886256373,0.012885596228371293,0.06113314703054069,0.01342578668030531,0.0915483870967742,-1.0068517918838433
444.70494273390966,33.25705457427158,13.371747691629421,0.005546413193178868,0.3254873638541096,0.005562312341517058,0.3555483870967742,-0.4338885792662149
22.68236052471127,7.4843190925344745,3.0306511847332476,0.07114243792120567,0.07306556597940313,0.07382744775291111,0.10858064516129032,-0.9836358236172007
295.3158438106666,18.844003908789624,15.671608074381638,0.008632656234782963,0.35601698406691457,0.008803691490293303,0.396,-0.4099685825236065
52.3470480133922,4.966304897261983,10.54044185693313,0.04466249158438182,0.2798785710223988,0.04572492868393438,0.31509677419354837,-0.5033560444295093
280.07432092286626,33.474044581862486,8.366910076788905,0.007886438315077987,0.23638992167328504,0.008150767505214323,0.2767741935483871,-0.5703214995786986
112.55162136787239,12.634998566362967,8.907925139580827,0.019939401583593353,0.24807314388069562,0.02042444967562232,0.28316129032258064,-0.5444528648950178
505.83866959635674,45.12554868585587,11.209584909820865,0.004688609657888051,0.2916280774943612,0.004731874372389988,0.31509677419354837,-0.4758471515961191
2.3637076132074752,1.1733789833666397,2.014445159419478,0.582422445108073,0.030039312067843927,0.6497329144003686,0.0915483870967742,-1.0361985533079836
59.59417559855932,18.107234348299578,3.2911804449118267,0.027893946418736902,0.08369948285899624,0.028625670045761102,0.10858064516129032,-0.9378209694826924
256.32075868106784,32.64537031722572,7.851672570729489,0.008476080355779677,0.22465006474406612,0.008745999398515466,0.259741935483871,-0.5846326301088123
301.3473286304675,38.46427406842341,7.8344733113747616,0.007205446706965796,0.2242471968277464,0.007439193874523014,0.259741935483871,-0.5846326301088123
48.1680659703408,3.928904511303248,12.259922793176534,0.05024466729963223,0.30879747458448314,0.051353271954609085,0.3385161290322581,-0.4545060741832841
643.3198068507418,38.0903442006948,16.88931461110312,0.004022174387764134,0.370375228560789,0.004125649711160976,0.40238709677419354,-0.3995746075365374
574.9208107301406,36.49331315887846,15.754141264925629,0.004438975155590727,0.3570260528603134,0.004522135105533852,0.396,-0.4077233809115762
32.37029011561184,14.422088967505754,2.244493858590456,0.04444164288439983,0.03976510046168601,0.04910393127052251,0.10006451612903226,-1.034235956326284
190.7155209208516,33.09400895295937,5.762841280182744,0.010452052664893694,0.16963449657308521,0.010433231185302533,0.17670967741935484,-0.6974948358237266
19.169426364440792,1.1662042922624933,16.437451389628457,0.13426448267472418,0.36517646499326417,0.13562584146636225,0.396,-0.4033393304800173
134.5246818837165,7.188680160786762,18.71340480795483,0.019616653795225567,0.3899709806922402,0.019729555484934127,0.40238709677419354,-0.39390849265531885
356.6029747879833,42.483255777858325,8.393965299002337,0.006199108195781291,0.23698936136208554,0.006401574959884468,0.2767741935483871,-0.5703214995786986
165.37507202602333,8.878183978761527,18.62712829804328,0.01594335369905616,0.3890906468482332,0.01604904622445303,0.40238709677419354,-0.3962821655314169
211.0370510045819,12.872113633325617,16.39490273440499,0.012189579561799684,0.364679288484939,0.0123194935141901,0.396,-0.4034733861031087
93.24956264872812,49.51907965547232,1.8831037106810036,0.014353639262145243,0.02462479479037067,0.01704574751767544,0.10006451612903226,-1.0301111441521762
548.5828732788419,44.6239891181442,12.293452112191087,0.004414385921028179,0.309322010811278,0.004509050340047984,0.3385161290322581,-0.4545060741832841
51.82578625718772,6.550807883043882,7.9113579855293334,0.042004590345114244,0.22604246130171285,0.04325609630168871,0.259741935483871,-0.5823111465403928
299.5392507876095,15.529252053316128,19.288710735018668,0.008859866284734565,0.39573240285105704,0.008860649041283124,0.40238709677419354,-0.3926315987780923
68.23003255354983,34.467881896626736,1.979524960604768,0.020031299364628136,0.028586334237228093,0.022508836341449606,0.0915483870967742,-1.0374464992342673
370.02735506400603,41.630122438439514,8.888452240590535,0.006061657939573875,0.24766340844382687,0.006212526979634163,0.28316129032258064,-0.5445901195695783
199.0700154012722,27.879040212333862,7.140490271010204,0.01063987964795877,0.20735531897333515,0.010642802125004767,0.2256774193548387,-0.6174492158431643
691.9197267247655,46.48771485976146,14.883926405332367,0.0036459631707257737,0.34610316850351436,0.0037574728406882638,0.396,-0.4159778176323718
206.08403399405864,13.179515971043585,15.636692155223393,0.01236492292432267,0.35558844771593096,0.012615579823033286,0.396,-0.4099685825236065
260.6999165924387,15.993792970524973,16.300068224772176,0.00985614251934646,0.3635663178296131,0.009972652140005166,0.396,-0.4049384256029795
843.7524615109483,45.19788873255692,18.667961826791633,0.003126176480277774,0.3895078385329679,0.003145605253186522,0.40238709677419354,-0.3949287526801738
92.29053841383164,48.279101681704425,1.9116043008067307,0.01459471759510664,0.02578709982006409,0.016640694297753323,0.0915483870967742,-1.0324468408814163
97.0053187937878,8.73004135199433,11.11166773243605,0.024399602994195843,0.28995040500270036,0.024674575239683978,0.31509677419354837,-0.4758471515961191
333.5642048760364,45.11455055425819,7.393716678499695,0.006410007616776926,0.2136668533098975,0.006659172154552475,0.259741935483871,-0.5973975242280231
244.64316650916922,23.92625643633897,10.2248827416899,0.009488017303954516,0.2740956661100302,0.009740601919381359,0.30870967741935484,-0.509120058136931
74.92084715985028,7.609815217218462,9.845291248377425,0.030701778495162275,0.2669190576798939,0.03152567134674979,0.3001935483870968,-0.5160669677083899
177.19425450015407,31.530879357602313,5.6197054478098885,0.011166359107563965,0.16534989971503275,0.011266008291313412,0.17883870967741936,-0.7117148219651234
69.98094680759469,24.800067849921977,2.8218046511439225,0.02245923532333005,0.06435455618858091,0.02316131741233696,0.0915483870967742,-1.0090871070062148
90.17105537746512,18.896088259084866,4.7719429620102805,0.020874286978802045,0.1383494281137839,0.02117755131366328,0.16393548387096774,-0.7547358132093557
538.6656646499117,32.02996463344918,16.8175541501341,0.004799614031864547,0.3695593751160933,0.004927197609750849,0.40238709677419354,-0.39981951622396145
481.96627935173063,27.843272756870682,17.309972270871043,0.005394508180900387,0.3750858997755058,0.005506842053115862,0.40238709677419354,-0.4000905715608007
110.88551672382924,48.46923467722793,2.287750517668604,0.013072869176335414,0.04161190884673655,0.014334680921429059,0.10006451612903226,-1.0356583906939716
260.2761841514065,49.088257405027,5.302208672918837,0.007470619337004993,0.15557198963662153,0.007613701112505664,0.17883870967741936,-0.7340526807073978
63.55144439463785,33.69529882264153,1.886062644202891,0.021075154945965957,0.024745090647363712,0.02501136703004649,0.10006451612903226,-1.0301111441521762
294.04131182770124,33.57984418102118,8.756482318458433,0.007599422763643713,0.24486583541197682,0.007817965823403867,0.28316129032258064,-0.550927263900092
256.95568685588364,12.85921117415512,19.982227787993864,0.010395548931483476,0.402436987457246,0.010419079359324684,0.4109032258064516,-0.3863523383144174
168.14594068439354,30.03677674738355,5.598002145787511,0.01175373581553766,0.1646936519492291,0.01187225770807513,0.17883870967741936,-0.7117148219651234
493.139531115389,31.99836581370973,15.411397381553245,0.005152168503240195,0.3527994662079494,0.005317921150512944,0.396,-0.41208192770612107
149.9428932242484,11.595685199152731,12.930921342639103,0.016330943552063663,0.31903870285658614,0.01649686582746584,0.3385161290322581,-0.44283856311318903
232.67491990427436,12.243042138928361,19.004665447034107,0.011374512200836275,0.3929111737321825,0.011406954288024835,0.40238709677419354,-0.3947741708965418
170.05504415933643,27.468886693363476,6.190824042403655,0.011968285758714824,0.18201142431487002,0.012171178167547148,0.2107741935483871,-0.6580590961228628
149.40351699276238,11.462662817875179,13.033927575691976,0.016418176999075003,0.3205647066480366,0.016556422774319908,0.3385161290322581,-0.44126680688191544
67.8626869029739,11.197832506869908,6.060341308136188,0.02980767393314962,0.17830509177703552,0.031678105586766994,0.24483870967741939,-0.6661136538558168
11.448491576453604,3.8913892805164574,2.9420062479419133,0.1394256843199941,0.0693866929351143,0.14627086680964738,0.10858064516129032,-0.9909196912362305
657.8274005830599,42.56368392289699,15.455133107714481,0.003864538455200205,0.3533441398763232,0.00398657328707827,0.396,-0.41208192770612107
575.461278169881,34.527801626553256,16.666606359535162,0.004484773071168365,0.3678312993889098,0.004612147291228136,0.40238709677419354,-0.40000700631993724
327.377317530617,20.17318957304153,16.228336939246738,0.007841853108379268,0.3627200122248078,0.007941507984473012,0.396,-0.40577848924349313
640.515104871631,32.606227231748946,19.643950228254447,0.004157344310611051,0.39919857018545946,0.004179826006941389,0.4109032258064516,-0.3875897064122958
90.69061943414879,18.870371899831166,4.805979443095141,0.020801015515737653,0.13948994032885778,0.021056225706452682,0.16393548387096774,-0.7545535696750356
189.68375504571,32.113108696879124,5.906739108822068,0.010585066405584074,0.17386726563279423,0.01059540865794498,0.19374193548387098,-0.6776153949885355
477.79444037056464,31.118755086509424,15.353905997920132,0.005313601931049129,0.3520810690585455,0.0054887142274795825,0.396,-0.41208192770612107
193.13749271362082,10.986809333505917,17.579033807806162,0.0135019328453041,0.37803630916743797,0.01374208672809761,0.40238709677419354,-0.40033765897667556
483.4513122315171,38.894659567248915,12.42976073349168,0.005021347307718025,0.31144026959454446,0.005116518931109863,0.3385161290322581,-0.45268640939988236
1.5615441700523918,1.0137006137211535,1.5404392075093858,0.7856165721624907,0.011577489753753587,0.8429999707090053,0.0915483870967742,-1.0196050081006829
571.068337761983,44.16293058841545,12.93094299117419,0.004287945339193694,0.3190390248246577,0.00433150925683685,0.3385161290322581,-0.44283856311318903
551.786365952954,39.46490540638932,13.981697416247208,0.004512704248244453,0.3340710620216213,0.004602949191636733,0.37258064516129036,-0.4220302350034779
272.4448380570077,20.073083378237772,13.572645164836944,0.009082225252480544,0.3283568264311532,0.00907922428974366,0.3555483870967742,-0.4338885792662149
431.25650762960373,26.25589828014383,16.425128671211525,0.005967193874617437,0.36503261305306584,0.006028592114226645,0.396,-0.4033393304800173
232.60056569965545,14.950476706794745,15.558070171363989,0.010944166225327437,0.3546198786746362,0.011274594860869024,0.396,-0.4109369645332417
59.075022075577444,3.1687490335504673,18.643010680270265,0.04463910224370899,0.3892530312871902,0.04492782367347011,0.40238709677419354,-0.3962821655314169
266.24626857732113,15.412104609263858,17.275140243811133,0.009761473858634724,0.37470042346321636,0.009968636140893413,0.40238709677419354,-0.4000905715608007
153.27769962744043,37.37343291431473,4.101247535351032,0.011695050678832723,0.11483732852634053,0.011904922996787392,0.14051612903225807,-0.804381111462261
18.349444221276332,1.3130875336545222,13.97427342121438,0.13568637697469862,0.3339688479882654,0.1384153425297944,0.37258064516129036,-0.4220302350034779
122.16796618181881,49.0149731519849,2.4924621666730737,0.01227189438803278,0.050369476268730874,0.012974194967373467,0.0915483870967742,-1.03599664373947
722.498160337598,46.20446498054969,15.636977089589548,0.003526960632514683,0.3555919488038957,0.00359844456889679,0.396,-0.4099685825236065
797.8206289325292,48.448583183375966,16.467367599023685,0.0032271650980061736,0.36552523242881635,0.003258714411262259,0.396,-0.4033393304800173
41.09979296493076,36.17071411884317,1.1362726439376483,0.025909480888020458,0.0010193632473447858,0.0319416183005871,0.08516129032258064,-1.0185147783952624
168.75201091989106,44.72054763212311,3.7734781851972494,0.010330155798326048,0.10260239425479313,0.010485584544640198,0.12348387096774194,-0.8710458651855787
690.1877536001056,40.62967169160575,16.987283550772602,0.003753285480741522,0.3714832157101407,0.0038454930002361195,0.40238709677419354,-0.3995746075365374
447.8772820535692,23.43524193823497,19.11127195673838,0.0059152906948435014,0.3939752937659618,0.005925980802483408,0.40238709677419354,-0.3935221005111224
80.57801850241293,29.39049429843306,2.7416353629244306,0.01929594924984364,0.06097342104295211,0.02011529883646906,0.0915483870967742,-1.0068517918838433
376.1665829710367,46.9828154525764,8.006471714125611,0.005805247160480856,0.22824342182893123,0.0059595437307206406,0.259741935483871,-0.5802142412506947
465.8977117355435,24.43570397025604,19.06626927149919,0.0056839971388853135,0.3935268659858139,0.005696770146028203,0.40238709677419354,-0.3947741708965418
53.044419052736195,16.175515381452662,3.2793031814960614,0.03129794474701272,0.08322084165654295,0.03216027694897546,0.10858064516129032,-0.9555746071194339
776.9779599850589,43.82767369373882,17.72802192090924,0.0033616963221470794,0.37964963996780887,0.0034159426804962856,0.40238709677419354,-0.40033765897667556
665.3224065892574,41.69059379770226,15.958573529022896,0.0038457629931973594,0.35950221629879975,0.00390768378662137,0.396,-0.4064542434785283
310.1672838516485,16.110026257520897,19.25305886493191,0.008553342261475421,0.39538075275864,0.008557034585850604,0.40238709677419354,-0.3926315987780923
814.8921089560853,44.120591077591584,18.469655302735983,0.0032303889746162127,0.38747257762204684,0.0032570105246422605,0.40238709677419354,-0.3971747787476016
193.81285741990163,12.614271582978725,15.364569895690703,0.013101131975299739,0.35221453017447985,0.013530976105423616,0.396,-0.41208192770612107
606.168686516777,42.554031781413556,14.24468284534052,0.0041239720952056715,0.3376571938938536,0.004289019936091329,0.396,-0.4238434549688274
51.494053615318,10.204633471907117,5.046144357568426,0.037193629642874836,0.1473990584869375,0.03855625034090086,0.18096774193548387,-0.7328251756521494
41.2420026118717,8.519587753015486,4.840844863329707,0.04584472149043494,0.14065312559968174,0.046302362429746634,0.16393548387096774,-0.7545643759708436
58.74531883862947,10.782454303154388,5.448232581096461,0.033371322313606025,0.16011686363087457,0.03398180450523209,0.17883870967741936,-0.7227335311892739
14.009519409775935,7.033157554673131,1.9919245802288919,0.09781087208414183,0.029101292438822597,0.10962393436908019,0.0915483870967742,-1.0361985533079836
115.3174204071022,40.711310535921164,2.8325646826169644,0.013648857012011573,0.0648069192034755,0.014055560002162033,0.0915483870967742,-1.0090871070062148
293.4827685564914,28.65607245342704,10.241555922692163,0.007912149231157562,0.27440529161130717,0.008119630699217891,0.30870967741935484,-0.509120058136931
438.12978270075024,37.69318535855587,11.623580722431578,0.0054582133799837155,0.298571645382434,0.005670992231166464,0.3512903225806452,-0.45876133997692625
617.3879015445962,49.60058102446487,12.447190915769257,0.003933229870806924,0.31170951156240717,0.004006537518979526,0.3385161290322581,-0.45268640939988236
536.9770529499164,33.98626138069179,15.799827081156465,0.00475540983440412,0.35758228002587217,0.0048416772501212275,0.396,-0.4064542434785283
330.00590336061094,17.34814284764052,19.022549344842076,0.00802115390639387,0.3930901323225166,0.00804262029342439,0.40238709677419354,-0.3947741708965418
86.29564697862254,24.426363044928014,3.5328897232836844,0.01974864806142641,0.09330500430441355,0.02013088370157361,0.12348387096774194,-0.9117423413283192
327.80511534269743,20.1085502688858,16.30177764977489,0.00783864834136254,0.36358643894179915,0.007931144022529268,0.396,-0.4049384256029795
126.92689136567844,48.11991585215255,2.637720559521731,0.012071809046027226,0.05656581542519791,0.012487747828345575,0.0915483870967742,-1.0274000317957324
208.15958974574588,21.062319941991387,9.88303236865867,0.011060406398330275,0.2676437382738673,0.011346726842930773,0.3001935483870968,-0.5160669677083899
320.1202346370201,19.38976340280945,16.50975455381971,0.008046998715213565,0.36601825901433394,0.008290985349074728,0.40238709677419354,-0.40236232252115295
370.3135740234883,35.580513791778046,10.407763535698589,0.006294581910334038,0.2774667913367555,0.006435010392331985,0.30870967741935484,-0.5081097777724692
22.513275054301698,8.113052844197844,2.7749449543401363,0.06937694145863889,0.06238047885364056,0.07199534132271294,0.0915483870967742,-1.0068517918838433
61.14843573130557,16.02455263276313,3.8159215506761814,0.02861661399775588,0.10421480953392995,0.02893718304346858,0.11496774193548388,-0.8733202697267424
204.2692973357718,11.813482409131659,17.29120087213864,0.01272547738379013,0.37487826333513663,0.0129932016702204,0.40238709677419354,-0.4000905715608007
386.02366103507484,47.353560239637595,8.151945895547497,0.005683583613038219,0.23156783655049698,0.0058073673391951875,0.259741935483871,-0.5749588619964165
223.56801472529472,14.827148780427953,15.078287675942638,0.011313974222048733,0.34859836728241983,0.011628987197919596,0.396,-0.41488622764351374
264.01330335908,28.615926794672628,9.22609654593577,0.008575077860177364,0.25465921636609545,0.008786855017165019,0.28316129032258064,-0.540267051904405
430.19445349576455,34.34802013906516,12.524577886994129,0.005652445439386028,0.31290049324914887,0.005749929528849251,0.3385161290322581,-0.45268640939988236
81.44705266041697,38.932429702101416,2.0920105239673954,0.017167268919656038,0.033293473063172256,0.019515850471239635,0.10006451612903226,-1.0452856926116099
197.61212813612326,18.958300529084344,10.42351490488096,0.011799898997490304,0.2777545920463144,0.012058833229209795,0.30870967741935484,-0.5081097777724692
36.383032167791164,30.97103005709465,1.1747440140259966,0.029741912835268305,0.0016193238968959342,0.03608258632938108,0.08516129032258064,-1.0185147783952624
78.28449159473432,10.757752213336362,7.277030558268967,0.027195638529383077,0.21078033822474468,0.027325750934135078,0.23419354838709677,-0.6002813558849772
265.36744472088725,21.313189397402542,12.45085565435025,0.009151410438364949,0.31176607377359966,0.009321368692773054,0.3385161290322581,-0.45268640939988236
116.3996758146001,31.988737279228893,3.6387705709841005,0.014791310878394779,0.09742957441124545,0.014924505769635513,0.12348387096774194,-0.8824237573916808
39.781764710497384,24.100092691577203,1.6506892823860717,0.031794215765254596,0.015536778863393254,0.03545365476436214,0.0915483870967742,-1.0184487302384089
419.3079420616066,31.788999771705175,13.190347134949025,0.00586507846738968,0.32285948012594595,0.005899215214337705,0.3555483870967742,-0.4338885792662149
503.4595701847393,36.21645367605776,13.901404446939818,0.004939862551165864,0.3329626900160235,0.005044783648044173,0.37258064516129036,-0.4220302350034779
85.47897802297308,6.071278438841718,14.079238645375126,0.02917324411454372,0.3354089902548035,0.03041530960285953,0.396,-0.4235361280604418
266.46427703443237,42.98867478265553,6.198476188941317,0.007640754404623862,0.18222700231013494,0.007767533658877386,0.2107741935483871,-0.6580590961228628
76.24574370661811,13.590698000924037,5.61014185595428,0.025937379457875064,0.16506093885689715,0.02618207710128951,0.17883870967741936,-0.7117148219651234
192.15962588726873,46.106148393466185,4.167765744546559,0.009378264211779048,0.11725969191442046,0.009783818719043252,0.15754838709677418,-0.8034835286471331
210.6835372289309,10.94539391223201,19.248602555407512,0.012591648047576667,0.39533674904506366,0.012597624903335053,0.40238709677419354,-0.3926315987780923
112.91371284227912,33.15548542364266,3.405581652614325,0.01490085844028446,0.08827822292317243,0.015108202222668787,0.10858064516129032,-0.9212029527259438
344.3374086293602,26.907353105329385,12.797149064846488,0.007095259793996808,0.31703901583403427,0.007183616212797246,0.3385161290322581,-0.4489214483706321
339.63315641692077,25.100414855452033,13.530977809442438,0.007280740056813457,0.3277651612136953,0.007283116340578892,0.3555483870967742,-0.4338885792662149
222.96362565449348,19.86796868599607,11.222265807759669,0.010639837377665263,0.2918443369709944,0.010735226565322982,0.31509677419354837,-0.4758471515961191
48.96971288429364,4.398578655789551,11.133076549589065,0.048355244737472325,0.2903183993207484,0.04887847806831945,0.31509677419354837,-0.4758471515961191
585.8383855324537,37.2367135557975,15.732816609999748,0.004355063642134174,0.3567658551791954,0.004437861439792471,0.396,-0.407999245721962
392.1928406862001,25.35201259418943,15.46988978603178,0.006483267839384454,0.35352755938662517,0.006686703250584959,0.396,-0.41208192770612107
200.68284197486,23.288008790219234,8.61743242123582,0.011089643116019576,0.24187840168800412,0.011454915148280509,0.28316129032258064,-0.5563325960820686
475.9447896862977,34.87424943337476,13.647456143696019,0.005205031547727204,0.3294146068987957,0.005336426959928208,0.37258064516129036,-0.4327763401139727
53.664557031075574,6.642103911625205,8.079451593214356,0.04078877623433487,0.22991744931586233,0.04177396265385173,0.259741935483871,-0.5771775101356185
791.394759721608,47.354658255451355,16.71207836518395,0.0032628424045374796,0.3683535838783401,0.0033537146193026914,0.40238709677419354,-0.40000700631993724
162.33191583758125,8.574739074396431,18.931411723336627,0.016291656518113328,0.39217625924283306,0.016349909761266105,0.40238709677419354,-0.3947741708965418
134.20840917611005,9.525585257776166,14.089255992596325,0.01858357687087672,0.3355458672601456,0.01937188285790027,0.396,-0.4235361280604418
211.75415110872487,13.634703285571796,15.530528730522688,0.012017270341230102,0.3542793975782055,0.01238453711033063,0.396,-0.41129960006204724
174.2761260744471,39.82385477106589,4.376174207050087,0.010506478658010599,0.12471843971693009,0.010848578789022787,0.15541935483870967,-0.7882329550263345
189.06385808008048,42.06686909849723,4.4943648560437905,0.009768163511075973,0.12886136775711912,0.010000051326380417,0.15541935483870967,-0.7877817722873217
202.8148107567207,11.940372368778938,16.98563532968455,0.012772354179572563,0.3714646303889233,0.013086382426486316,0.40238709677419354,-0.3995746075365374
812.0111196476555,48.987293392164666,16.575953954980776,0.0031748853700912703,0.36678563261596286,0.003268566293118694,0.40238709677419354,-0.40016643262533436
200.18738256780873,48.565272605904525,4.122027362891197,0.008969522285285133,0.11559624205223445,0.009115255855704552,0.14051612903225807,-0.8033119020052658
669.1536676179923,40.935987535719725,16.346342372566568,0.003842078856775697,0.3641102252406113,0.003885310216350739,0.396,-0.4034733861031087
160.17835042368614,13.816072254268144,11.593624257010012,0.01492090528819441,0.2980771507259111,0.015511650528092806,0.3512903225806452,-0.45876133997692625
307.14964892619815,26.71985278128317,11.49518492636874,0.007766169682985855,0.2964436011171179,0.007765743436634842,0.3129677419354839,-0.4621496522153594
287.1227609422627,21.92837597142051,13.093662810071885,0.008551621956651406,0.32144424407956634,0.008615087787484304,0.3385161290322581,-0.43699419344930923
481.7868063448844,24.993347205307824,19.276601984810085,0.005507765201514165,0.3956130472708771,0.005508893436608486,0.40238709677419354,-0.3926315987780923
284.0841712179363,44.08013684619985,6.444720718747659,0.007246744587710644,0.18906146167179358,0.007285764046197243,0.2107741935483871,-0.6414179835414868
611.5126998184556,47.77969010404104,12.798590750314139,0.003995376545594129,0.317060675692521,0.0040450309405459855,0.3385161290322581,-0.4489214483706321
499.5872764922516,45.83605536062193,10.899438718311927,0.004716578610283349,0.28626601028336973,0.004791084861153325,0.31509677419354837,-0.4858328100012871
860.4076922779409,43.91749117504105,19.591458192560033,0.003093335641563113,0.3986906607691049,0.0031115966502963275,0.4109032258064516,-0.3875897064122958
479.8069925403803,25.257415687677604,18.99667798453604,0.0055154596708931,0.39283118739267103,0.005531624625279985,0.40238709677419354,-0.3947741708965418
369.2409764870498,37.181356719819554,9.930809660052711,0.006242558246679162,0.26855754389756364,0.006396716927392133,0.3001935483870968,-0.5160669677083899
44.96163582464755,27.72261877532869,1.621839415281375,0.02791452528731138,0.01447323151020768,0.03136916453537676,0.0915483870967742,-1.0184487302384089
169.75094953888728,49.21932728385254,3.448867729538793,0.009955648671793844,0.08999557280631999,0.010233861065270421,0.12348387096774194,-0.9156008416209852
330.8280693536087,28.872202505610314,11.458359274437887,0.007205049222180985,0.2958290819887777,0.007209924402345157,0.3129677419354839,-0.4621496522153594
144.23692341508377,29.07580958392285,4.960719081570749,0.013208646976732798,0.1446133533783136,0.01323934334600305,0.16393548387096774,-0.7395424604878471
97.66728458010894,31.47606828227426,3.1029061096271118,0.016664308127884598,0.07604231238344035,0.017145769883438147,0.10858064516129032,-0.9833416426788512
426.3133640780567,38.99660066105033,10.932064765938868,0.00553109478264442,0.286836759140467,0.005614567214901086,0.31509677419354837,-0.4810840776301583
49.70996804959666,5.5180603159631945,9.008594542866941,0.045273351781832324,0.2501789782055027,0.04624434528391252,0.28316129032258064,-0.544104651951165
99.073644058407,29.370890569692268,3.3731916920708147,0.016925402241775373,0.08698770716911307,0.017218738884054893,0.10858064516129032,-0.9226713847919931
33.33269547751239,4.902948630793949,6.7984998390886116,0.06269251012310166,0.19854425266165368,0.06389413008800203,0.22780645161290325,-0.6224977704231589
779.3090808663021,44.87571008569107,17.365944279838597,0.0033383378018855404,0.37570362168708554,0.003405724686753953,0.40238709677419354,-0.40185298805755526
200.0127910605561,30.729785053673243,6.508759846878521,0.010321517901574618,0.1908068150092313,0.01064813690030016,0.22780645161290325,-0.6380685153324481
711.6174312252627,39.43441902944183,18.045591864659336,0.0036829445481159112,0.3830411586239659,0.00372968966028284,0.40238709677419354,-0.39820426462327835
186.38848984595,21.01829819706487,8.867915380131894,0.012026900852875942,0.24723043800339756,0.012333406040457587,0.28316129032258064,-0.5445901195695783
671.8384994196213,40.220712790242764,16.703793961170277,0.0038431032631271378,0.3682585409917337,0.003950521111265127,0.40238709677419354,-0.40000700631993724
122.87553115145265,35.2543035787721,3.4854051471162935,0.013804335215702979,0.09143862310986664,0.014137946074369136,0.12348387096774194,-0.9093520426241478
808.8132484872131,44.37314218034467,18.22754055144378,0.003246549477600214,0.3849559154586858,0.003281489491278848,0.40238709677419354,-0.3987817346088648
740.1507342642421,47.242485893079085,15.667057316572592,0.003444177957967989,0.3559611865596408,0.0035126217684417903,0.396,-0.4099685825236065
5.150107973307243,2.1899731065542514,2.3516763552455346,0.284559667297212,0.044345515009973475,0.30863595662114707,0.10006451612903226,-1.0367101276279114
613.6397747531387,34.0508808075139,18.021259955711006,0.004269888829388604,0.3827835475389061,0.0043251957981140015,0.40238709677419354,-0.39930162034523414
70.2612837285294,4.222664683875129,16.63908668780463,0.03671970993935285,0.36751449042060774,0.03777488873634403,0.40238709677419354,-0.40000700631993724
230.14901125413718,16.690900604152098,13.788891127713285,0.010787548283775667,0.3313987337671125,0.011035652915817876,0.37258064516129036,-0.42481834420082254
58.953500442019525,19.86390512517426,2.967870621135095,0.02716311313306017,0.07046305213798539,0.02840511206281562,0.10858064516129032,-0.9909196912362305
83.21366567306508,11.618224318964971,7.162339389267215,0.025474697810353934,0.20790687016584677,0.025460514998357636,0.2256774193548387,-0.6174492158431643
73.52163193778041,22.04187308250252,3.3355437472391594,0.02271749811094728,0.0854818723868888,0.02320301062926879,0.10858064516129032,-0.9388788393174383
33.83299954855688,30.365707777904184,1.1141844542538768,0.031176026539763264,0.0007303017141223001,0.03880217292690413,0.08516129032258064,-1.0185147783952624
44.95110163112207,6.681022533295931,6.728176923083428,0.04635446926220314,0.1966898562608852,0.047379563653438546,0.22780645161290325,-0.6224977704231589
231.23352702826844,15.184342418236612,15.228418897518647,0.010961083379085758,0.35050340654990547,0.011243480193021129,0.396,-0.41426176356193767
259.6858695112677,34.82181686903034,7.457562323298124,0.008252624960604136,0.2152307418559114,0.00855364779395345,0.259741935483871,-0.5973975242280231
394.8113822939659,47.88295733383254,8.245342482533028,0.00557348877691063,0.23367596675869848,0.0056781068170483435,0.259741935483871,-0.57273067755064
241.17432537401163,39.49186115030368,6.106937438479196,0.008405966364590824,0.1796352618006845,0.008913723953742923,0.24483870967741939,-0.6661136538558168
210.73796943993995,18.320784502327623,11.502671701267271,0.011320836108656727,0.29656830631676934,0.011318536363202035,0.3129677419354839,-0.4621496522153594
25.134140056383234,9.754917456330881,2.576561018470877,0.060417849660357244,0.05396091579735954,0.06306287020183372,0.0915483870967742,-1.0382200846472878
171.4844524671975,18.235215422633953,9.404026686427143,0.013264365778384812,0.25825553512220595,0.01377343526249597,0.3001935483870968,-0.5327520127939143
252.09085453091075,26.589659778605466,9.480785261259632,0.009041093910809305,0.2597883504924862,0.009369360141908275,0.3001935483870968,-0.5305783855042409
113.31758585745966,25.565801234566454,4.432389378989917,0.01622507556108557,0.12669672487380973,0.016684509032362578,0.15541935483870967,-0.7932979759566623
91.36648428888837,14.726833864064965,6.204081958976415,0.022289524465728,0.1823848053102591,0.022653495500702975,0.2107741935483871,-0.6580590961228628
540.0547786685745,30.303235654379684,17.82168692571683,0.004841368230667201,0.3806565853247893,0.004914524007844575,0.40238709677419354,-0.40047383303111694
600.5685444196105,39.42015780457568,15.235061904036815,0.0042206596849008755,0.3505872571348268,0.004329013907342194,0.396,-0.41426176356193767
75.14180194302021,31.709638415662358,2.3696833422706387,0.01956203982665659,0.04511606591608487,0.021153452005971286,0.10006451612903226,-1.0367101276279114
640.9906374700033,40.90747881476397,15.669277502349095,0.003977099740507488,0.3559884106643464,0.00405601802760562,0.396,-0.4099685825236065
150.0363008291617,45.150282353943915,3.323042360023157,0.011117367308467203,0.0849804694656364,0.011370069762490014,0.10858064516129032,-0.9378209694826924
73.6892733328709,39.49120364240864,1.8659667606012844,0.018093754528404865,0.02392988389924347,0.020962801557232985,0.09580645161290323,-1.0260955867088786
146.90915336958784,22.098734726764235,6.647853607277485,0.014136067227879941,0.1945534340860216,0.01449714692498407,0.22780645161290325,-0.6338551886140326
402.4398742916175,43.39525534109149,9.273822014144075,0.005632709252306334,0.2556298298426769,0.005764455183031953,0.28316129032258064,-0.540267051904405
494.6862626447665,31.245297620084937,15.832342794737052,0.00516408314161867,0.3579771520044615,0.005255592842228802,0.396,-0.4064542434785283
334.0708321557442,25.703173635982367,12.99726006161636,0.007338066843162479,0.32002285146600723,0.0074043812066456405,0.3385161290322581,-0.44126680688191544
237.68973914028646,15.286963878744729,15.548524940964542,0.010708511334847908,0.3545019458658744,0.011033194584494685,0.396,-0.4109369645332417
220.06298571447277,28.709816337023966,7.665078143696837,0.009810074653507327,0.22023987994369168,0.010186998026829977,0.259741935483871,-0.5842805675541525
481.5316739413086,27.162301426791704,17.727940883033824,0.005424277986936415,0.3796487663381808,0.00551181224195315,0.40238709677419354,-0.40033765897667556
174.22470003534647,40.24281383215552,4.329336928625364,0.010473001815764816,0.1230593310784573,0.010851780972392179,0.15541935483870967,-0.795351868566414
61.37523949747445,33.82757131560839,1.8143554831308653,0.02146695004831119,0.02185699209163487,0.025168677571306874,0.09580645161290323,-1.0248459926768836
208.4579886777816,13.652223101164576,15.269160717128882,0.012165285579071457,0.35101707815946065,0.012471911475282586,0.396,-0.41426176356193767
447.65153309859147,49.63595399261425,9.018695060544244,0.005028838083798013,0.250389126840234,0.005135255341639844,0.28316129032258064,-0.544104651951165
6.813216733583193,3.823438685566556,1.7819605056838026,0.1918973348947203,0.020572913564160505,0.22672603473180133,0.09580645161290323,-1.0230615424578853
122.02459019552502,25.200810485223514,4.842089910841324,0.015495893542885277,0.14069456787875423,0.015649322396441623,0.16393548387096774,-0.7545643759708436
843.4662611983665,48.31626228376855,17.457191871435843,0.0030875379172146124,0.37670617758021135,0.00314667260258523,0.40238709677419354,-0.4003898725263461
482.0072772679885,26.338460245527497,18.300510841359362,0.005451872724492107,0.38571813048088105,0.005506373659670397,0.40238709677419354,-0.39808474001807764
400.25963442275395,23.831071568225042,16.795704434727842,0.006457629092688597,0.36931024047309624,0.006630976363993343,0.40238709677419354,-0.39981951622396145
309.67977590536833,33.89717679124957,9.135857473101153,0.007292758154841556,0.2528118117969364,0.007491114369470284,0.28316129032258064,-0.5414625897321396
762.4745858670957,43.94732977890332,17.349736370857226,0.0034114275314641174,0.37552496250539774,0.003480918871938017,0.40238709677419354,-0.40185298805755526
375.2597148992259,38.83448622925318,9.663053418138203,0.0061019168268589994,0.26338418688530074,0.006294120873634935,0.3001935483870968,-0.5268457006737897
783.2845544195276,41.57570643332196,18.83995779303808,0.0033733094782033325,0.39125446806409553,0.0033884393102641902,0.40238709677419354,-0.39405632341392993
24.503409151769866,17.87000444211973,1.3712033050207393,0.04749218200740717,0.006202935338072943,0.05357596940849152,0.08516129032258064,-1.0192561858816762
411.139263505365,31.229262412700198,13.165192890952316,0.005979142676836273,0.32249226610292797,0.00601642317061305,0.3385161290322581,-0.43474323849082774
105.1219920342203,49.24375594978032,2.1347273376430835,0.013410984839128934,0.03509835294711496,0.01512060864035421,0.10006451612903226,-1.0467338150064789
225.21105595372785,16.376268424183493,13.75228166272297,0.01101785544108571,0.3308871081972547,0.011277619548310096,0.37258064516129036,-0.4254648891734714
915.4894799639,48.42976164174891,18.903447981761314,0.002887990717423792,0.39189491105164753,0.002899118158542418,0.40238709677419354,-0.3947741708965418
404.261307302943,25.603514798579475,15.789289497290898,0.006315725603700775,0.3574541315384323,0.006431161068690842,0.396,-0.4064542434785283
196.4053172732659,36.30022173880535,5.410581750339734,0.009960681650969217,0.15895289625821957,0.01006488084956879,0.17883870967741936,-0.718070723416558
289.2736997437536,21.33417393635813,13.559170399879767,0.00855204132627698,0.32816568598966744,0.008551028985675618,0.3555483870967742,-0.4338885792662149
269.5040690832719,19.175550944996793,14.054567185908667,0.009249502701704796,0.3350714626892927,0.009669989146364018,0.39812903225806456,-0.42238797545359025
102.61769028238602,20.33307845641171,5.0468349149573655,0.018664730069983895,0.1474214552033372,0.019347713019036466,0.18096774193548387,-0.7328251756521494
254.32702474856683,18.58759335547017,13.682622590499085,0.009745977379883822,0.32990984734078826,0.0099865305687835,0.37258064516129036,-0.4327763401139727
660.1054253637968,40.60137338237581,16.25820435055368,0.003890565552139968,0.3630728666760662,0.003938567206400271,0.396,-0.40577848924349313
225.1137137355945,27.256957074879562,8.258945160942519,0.009779118278741044,0.23398131997042293,0.010140744586997196,0.2767741935483871,-0.5703214995786986
316.56577184974924,23.37924019043073,13.54046450060946,0.007812440139169487,0.32790002858657813,0.007813819469012256,0.3555483870967742,-0.4338885792662149
924.5477522657508,49.61835270669513,18.633181108025767,0.0028519829261854117,0.3891525493249807,0.0028707139991564256,0.40238709677419354,-0.3962821655314169
38.443547959835406,7.380467725998027,5.208822717890397,0.05030644773035181,0.1526217249471004,0.05154740334848056,0.18735483870967742,-0.7284280750303733
411.39299958952,25.678845345113608,16.020696961275302,0.006224368892382085,0.36024819767358995,0.006319673848847335,0.396,-0.4064542434785283
367.37348183517344,19.254323205658224,19.08005168040465,0.007209333124148364,0.3936643207988218,0.007224561125260253,0.40238709677419354,-0.3936901917291104
215.82038212337557,38.02945044998863,5.6750854816373,0.009194542513531504,0.16701653882432582,0.009219607067766067,0.17670967741935484,-0.7046874820729945
165.77607887578898,8.855316548799927,18.720514163692428,0.015919741409858728,0.3900433286011207,0.01601022411265104,0.40238709677419354,-0.39390849265531885
129.64327999891302,27.61879219857174,4.694024237802018,0.014443658345949493,0.13571982079825623,0.01472966552743383,0.16393548387096774,-0.7660314774820938
226.08748568439484,47.37606453027761,4.772187979858572,0.008325479977534776,0.1383576559489154,0.008446297443146128,0.16393548387096774,-0.7547358132093557
23.26016524167829,7.123675390659457,3.2651916273693424,0.0712649454403953,0.08265137246660804,0.07334097542337233,0.10858064516129032,-0.954814301559766
57.38179688833971,17.038845973277997,3.36770441955585,0.0292061066709175,0.08676861696733117,0.029729344493221326,0.10858064516129032,-0.9348914477560157
564.1283563999448,38.94090454460467,14.486781008226625,0.004446919198445705,0.34090013724339013,0.00460864899204171,0.396,-0.4206985450526088
29.254004276887766,4.256693813911941,6.872470878990253,0.07164750250324538,0.20047891267303586,0.07280246358296191,0.22780645161290325,-0.6189901846513992
45.00861217697416,14.154306544383944,3.179852862154691,0.03648195750127709,0.07918954322204852,0.03750422798614953,0.10858064516129032,-0.9533436839173067
106.48132146182351,46.18126813221672,2.3057253680641265,0.013655999744109833,0.04238014221567872,0.014927580529828045,0.10006451612903226,-1.0356583906939716
27.307323958377623,2.823678881178399,9.670831956281631,0.0838695143869101,0.26353628807208634,0.08649437814491137,0.3001935483870968,-0.5268457006737897
322.47167214274896,16.447241521465735,19.6064289395813,0.00825469225640745,0.3988356660870088,0.008302253886028463,0.4109032258064516,-0.3875897064122958
194.684245786528,24.438005275737925,7.966454037057218,0.011202149148533867,0.2273200690809933,0.011514959478075943,0.259741935483871,-0.581507413346959
64.60881187458853,8.989475414486371,7.187161530079123,0.032841303722645404,0.20853185316351078,0.0327921644349366,0.2256774193548387,-0.6179905131664357
38.09378528542952,5.7408301985590615,6.635588228160971,0.05448778106282654,0.19422546573237795,0.05590842614001256,0.22780645161290325,-0.6338551886140326
130.97841798083178,13.072316802395175,10.019525992273477,0.017636061961486673,0.270243842117337,0.0180329709351595,0.3001935483870968,-0.5167420073525736
77.8376794075575,17.077742937988933,4.55784348612075,0.023833025879906697,0.1310608585818412,0.024289628097272628,0.15541935483870967,-0.7874766144807639
740.1611216887718,42.32419044394877,17.48789791192793,0.0035196630266260526,0.3770423109957414,0.0035858573188256673,0.40238709677419354,-0.40033765897667556
557.7305686322519,30.85627558617093,18.075109780333108,0.004700591579868491,0.3833531819772429,0.004758771214256192,0.40238709677419354,-0.39820426462327835
180.0727307030493,20.065919652907162,8.974058195083037,0.012485932736927642,0.24945886320197605,0.012765980265655404,0.28316129032258064,-0.5444528648950178
879.6422574716703,48.30452086222015,18.210350538010502,0.0029846019549672866,0.3847758843604624,0.00301726315757787,0.40238709677419354,-0.3987817346088648
136.21373113799552,7.46742701344788,18.241052894483204,0.01928015226969709,0.3850973037231289,0.019484909143477374,0.40238709677419354,-0.3987817346088648
848.0400158117159,46.8507123019824,18.10089909296497,0.003092277763336212,0.38362534958087063,0.003129701577557598,0.40238709677419354,-0.39820426462327835
689.1924512018094,45.15490170406171,15.262849108136052,0.003679287704957413,0.35093759335729674,0.003772341929414804,0.396,-0.41426176356193767
672.6760621648352,46.65557263199246,14.41791460734469,0.003725634154485454,0.33998325350045927,0.003864965214813411,0.396,-0.4206985450526088
28.98455208619279,1.465107077369106,19.783231228560012,0.09199046685148662,0.4005391809623529,0.09236788221600903,0.4109032258064516,-0.3873314793841234
190.79236853891572,19.325140789030574,9.872754388791526,0.012064169611483901,0.26744663543744746,0.012379583222689285,0.3001935483870968,-0.5160669677083899
107.31999966350448,30.53678231664911,3.514450165399123,0.01585096413882994,0.09258145373095598,0.016187175165165994,0.12348387096774194,-0.9117423413283192
354.17993344411684,20.37279968633997,17.384941632818176,0.007346964440349932,0.37591280567267216,0.007493683082236697,0.40238709677419354,-0.40185298805755526
44.85128611445849,11.196066228546286,4.005986138247598,0.039656921889621666,0.11133273699332197,0.040684657437306954,0.14051612903225807,-0.8356475368648744
141.65751417041324,16.153444549170324,8.76949270721885,0.015780187468076922,0.24514325655598834,0.016227906722776155,0.28316129032258064,-0.550927263900092
134.94283832499028,38.683961722626606,3.4883407054469546,0.012573569305027165,0.09155430180440215,0.012873655651846373,0.12348387096774194,-0.9093520426241478
215.07907220390803,43.64412857478408,4.928018481005314,0.008839864356099873,0.14353900032981556,0.008878605122738404,0.16393548387096774,-0.7395424604878471
312.85472736973867,24.805099717260138,12.612516415406501,0.007784433326003962,0.3142452054143841,0.007906506039076474,0.3385161290322581,-0.450927294605488
623.0766886893776,36.93886942043959,16.867779075680296,0.004151813552572784,0.370130769534615,0.00425968780969922,0.40238709677419354,-0.3995746075365374
563.5464562717362,40.00202655380124,14.087947657196498,0.004425586456478541,0.33552799571043485,0.004613407736257899,0.396,-0.4235361280604418
533.1295114513176,35.5362246835172,15.002424039112958,0.004739615088078779,0.34762835152904453,0.004876619142743062,0.396,-0.4159778176323718
440.1795844911396,48.32921483372094,9.107939907685223,0.005126773645755903,0.25223701904927714,0.005222425136311791,0.28316129032258064,-0.5435382782468159
175.00520493819354,25.644101519066865,6.82438434460548,0.011953423733694844,0.19922309097781338,0.012169715648035156,0.22780645161290325,-0.6218149957858929
68.61434884252905,6.681961013471976,10.268594609305682,0.03386371602881887,0.2749064274907873,0.03472993240425122,0.30870967741935484,-0.509120058136931
57.32796512184052,18.309653723611305,3.1310239935293236,0.028483053004545053,0.07719515335629004,0.02921053944600663,0.10858064516129032,-0.9662259710408155
380.60891311586136,33.932581905445225,11.216621068695758,0.00623217755425292,0.29174810028911763,0.006288778204461599,0.31509677419354837,-0.4758471515961191
39.56830396730031,3.234388809372213,12.233626289036172,0.06113564511691821,0.30838511782156436,0.06251437497413746,0.3385161290322581,-0.4545985453563468
172.67353796866635,20.255489652014745,8.52477727940243,0.012853064436059212,0.23986461179743093,0.013339278487632214,0.2852903225806452,-0.556509355831092
350.6227919818896,46.19964644784769,7.589295999866339,0.006140900519737661,0.2184235591983698,0.0063937121388487495,0.259741935483871,-0.5861043188736659
525.1170610129171,37.544627050240045,13.986476954751366,0.0047422345134661556,0.33413683826911594,0.004836720791779499,0.37258064516129036,-0.4220302350034779
86.14496525820847,11.06228735899242,7.787265188711819,0.025165563501932248,0.2231376442932692,0.026023357192520725,0.259741935483871,-0.5846326301088123
306.08485412724923,46.39663556945384,6.59713469242943,0.006770251894007029,0.19319423661076138,0.006958082219051985,0.22780645161290325,-0.6338551886140326
110.54419560944659,31.735648356423926,3.4832814621564285,0.01534096302607209,0.0913549128178632,0.015715050651924495,0.12348387096774194,-0.9093520426241478
377.7407703941929,49.56161131700541,7.621640224287539,0.005706500276466428,0.21920057968485787,0.0059347080774792395,0.259741935483871,-0.5884668387429504
774.476921362384,49.683404547494014,15.58824175629985,0.003288176153796558,0.35499216528103045,0.003386126907512438,0.396,-0.4109369645332417
82.41359688346284,47.75756426047224,1.7256658324108574,0.015646744797150003,0.018377469183920386,0.01874367425023334,0.09580645161290323,-1.0217196631229932
157.71717658170218,10.537421748827553,14.96734024138785,0.016013566133276175,0.3471780687968787,0.016484378160028387,0.396,-0.4159778176323718
95.54486811496353,30.997902221650218,3.08230109998318,0.01699339285297111,0.07519550451668829,0.01752664292273542,0.10858064516129032,-0.9836358236172007
131.94118160667722,17.206519386394117,7.668092462151781,0.0163638033126606,0.2203118217930666,0.01699076189824115,0.259741935483871,-0.5846326301088123
195.5064958702156,11.96955584507765,16.33364666163578,0.013148131049613722,0.36396115880455465,0.013298123776054178,0.396,-0.4033493472874434
36.495316471428346,2.1430809595963303,17.029369006340566,0.07101521923448775,0.37195713221674287,0.07272473379963053,0.40238709677419354,-0.3996443547035727
84.65907190027845,4.823247099033011,17.55229830900667,0.03079368730507789,0.37774527529901397,0.03135059380811814,0.40238709677419354,-0.40033765897667556
130.85170477639096,17.60638533026514,7.432059580762363,0.01636296623894924,0.21460735815704893,0.01697541097123491,0.259741935483871,-0.5973975242280231
407.82465803361094,47.28034079613438,8.62567086375474,0.005458329656127393,0.24205655588211072,0.005636748247695094,0.28316129032258064,-0.5563325960820686
275.89277344458355,34.50382184330808,7.99600620179101,0.007912472853445235,0.22800231700863471,0.008125552450187451,0.259741935483871,-0.5809447126279728
85.757776710334,46.97996096004763,1.8254118342768213,0.01540328158073706,0.02229837486344862,0.0180127525809275,0.09580645161290323,-1.0248459926768836
150.7741482041969,16.663669510234826,9.048076002202961,0.014942851811644647,0.2509992488859609,0.015246678252988588,0.28316129032258064,-0.544104651951165
17.950310284849817,8.226168158948791,2.1820986318305042,0.07923969269350177,0.037108053842337715,0.08855047494000334,0.10006451612903226,-1.0438709214609425
353.60832371504677,18.219051808246896,19.408711684709363,0.0075137604442603615,0.39691091315003335,0.00750579666064846,0.40238709677419354,-0.389002595836188
640.4598296059055,47.09440140508265,13.599489758814178,0.003865112008752511,0.328737057474584,0.0038622059916303205,0.3555483870967742,-0.4338885792662149
146.79785386402048,8.828758883382688,16.627235583511112,0.01757254581341393,0.36737789114508523,0.018080047531051874,0.40238709677419354,-0.40000700631993724
679.7568827943891,42.86986932165275,15.856285394624631,0.003759250190388924,0.35826737773618,0.0038247050481004883,0.396,-0.4064542434785283
552.3050456487965,28.342071402022487,19.487109386415,0.004814203253049327,0.3976766198898831,0.004847396767915201,0.4109032258064516,-0.38770074595956033
395.94301678737895,28.388995301181378,13.94705985846925,0.006285614409001416,0.3335937046922089,0.006414672059952542,0.37258064516129036,-0.4220302350034779
600.8336997256365,37.86240245546655,15.86887415378177,0.004253728148403922,0.35841979406181274,0.004327103460228597,0.396,-0.4064542434785283
4.743080769945615,3.111192816501016,1.5245216383855924,0.25744751009780403,0.011031589228817548,0.2973613607636775,0.0915483870967742,-1.0158649818357623
118.61890433616496,21.891217774381314,5.418561249478838,0.016499879406877235,0.1592000351348041,0.01666510180346088,0.17883870967741936,-0.718070723416558
74.77561573993833,6.281758685105633,11.903611629850586,0.032153427575224526,0.3031362090067536,0.03308013938534908,0.3385161290322581,-0.4541542255946925
150.3206347391416,29.498051382151043,5.095951349182984,0.012779644555479874,0.14900944653176085,0.013182921135685519,0.18735483870967742,-0.7309069023446209
18.980948527942388,1.2535474466582937,15.141787076781013,0.1333768308163767,0.34940647312948525,0.13697258476189483,0.396,-0.41488622764351374
285.4864386962799,34.705616545562485,8.225943438333259,0.007703125289486449,0.233239759113039,0.007852496291904808,0.259741935483871,-0.57273067755064
643.3351411609545,33.15901074541435,19.401517919225714,0.0041296454120389745,0.3968404853456668,0.004125551373625137,0.40238709677419354,-0.389002595836188
93.17802986908438,8.187580593538206,11.380410709193171,0.025541643343424222,0.29452213486238854,0.025688083774574526,0.31509677419354837,-0.4681462497160535
248.18414463304714,15.071639687653391,16.466963766149366,0.010374097058486987,0.36552052887553227,0.01047556678106408,0.396,-0.4033393304800173
127.53635407674308,25.48134610277385,5.005086998243775,0.014979495002753486,0.14606393758595268,0.01497300253004227,0.16393548387096774,-0.7333672400064716
341.67664243386923,47.397922592365,7.208683920018629,0.006215119027707886,0.20907236614585867,0.0062007831961983,0.2256774193548387,-0.6072868673301703
96.67195349910584,7.792909420868005,12.40511704655976,0.025100477593761588,0.31105897552908934,0.02558743980823085,0.3385161290322581,-0.45268640939988236
636.0574664371146,32.33564003754912,19.670477086536884,0.004187519806736928,0.3994546860245394,0.004209119198266539,0.4109032258064516,-0.38756387365663836
151.34471115239455,20.12135742486477,7.521595484674997,0.014192760015016003,0.21678838101765902,0.014676835734479473,0.259741935483871,-0.597851499990443
20.726550083354834,13.53815224995962,1.5309733337809563,0.059025872927014736,0.011251982904101674,0.06804841839528984,0.0915483870967742,-1.0158649818357623
225.38077240421848,11.668212087694346,19.315793260384076,0.011778148439079171,0.3959990633393625,0.011776125119305965,0.40238709677419354,-0.39277869884063077
438.19864634506183,40.42647300172466,10.839398389425849,0.005370430642300649,0.28521150355739366,0.0054622830471776984,0.31509677419354837,-0.4881366572451255
328.76470463695796,22.92672362180291,14.339803194744691,0.007614276683935392,0.33893792106530984,0.007907994819503774,0.396,-0.42264352484996065
97.97526802801153,14.238598300807189,6.8809629963686305,0.021400206969820864,0.20069998216026624,0.02173776733547721,0.22780645161290325,-0.6189901846513992
161.86807993027688,13.261012998764603,12.206313344640906,0.014937048922510604,0.3079559144179991,0.015281504496550132,0.3385161290322581,-0.4554803022251254
167.96412501407727,37.62694602483058,4.463931909415004,0.01097129903627474,0.12780055977793073,0.011256262517998116,0.15541935483870967,-0.7862239858164513
3.541407701874796,2.8746368700783647,1.2319495859587493,0.3125647381417312,0.0027146457691073446,0.3706983238399774,0.08516129032258064,-1.0188720669429654
370.12217303132314,18.532408372623813,19.971617589544913,0.007216363233306167,0.40233631584972074,0.007233399910236292,0.4109032258064516,-0.3863523383144174
249.2098353195389,13.557615826146241,18.381538355654744,0.010553519656018117,0.38656073031388444,0.010650110064535668,0.40238709677419354,-0.3976203970174925
184.01648181056603,22.35612706196155,8.231143135863901,0.011952717675443866,0.2333567648990619,0.012182502236725876,0.259741935483871,-0.57273067755064
3.1728877679005634,1.5328207061878831,2.0699666667418124,0.43877147643847764,0.03236532743242148,0.48403181853981125,0.0915483870967742,-1.036397339754947
124.89521350899923,46.84387170029918,2.6662017671823133,0.012318411490216407,0.05777636028073799,0.01269088676401676,0.0915483870967742,-1.0274000317957324
197.89788081706635,25.61245772176939,7.726625963304663,0.01093197078461438,0.22170424548291065,0.01132796971850302,0.259741935483871,-0.5846326301088123
415.12919633039724,39.64859059092405,10.470213194045398,0.00562299007047281,0.27860549006509505,0.0057268732765993775,0.31509677419354837,-0.5083215449736425
323.3505309532316,41.46109404731236,7.798890463050679,0.006707085568180872,0.2234113925728802,0.006932975166742162,0.259741935483871,-0.5846326301088123
90.74384405095047,19.518986503109947,4.649003883295494,0.020572454603498103,0.13418853801330566,0.0210438754522152,0.16393548387096774,-0.7660314774820938
29.404303712749027,1.5806820061671543,18.602289137236863,0.08964576603666691,0.3888363902037126,0.09026271124274696,0.40238709677419354,-0.3972512359038028
130.96327789266584,12.953760354808281,10.110058724689456,0.017676166035286284,0.2719507316844993,0.018035055647563202,0.3001935483870968,-0.5111886067199459
5.749104043787618,1.5216755037185532,3.77814062836551,0.30334572001081894,0.10277992843909804,0.30778073663332206,0.11496774193548388,-0.8731110126843543
429.3161741312304,40.61453634472232,10.570505360133655,0.0054494040483655725,0.2804211580594837,0.00557529667283208,0.31509677419354837,-0.49879699686956697
405.34554362005883,27.64443756733137,14.662824759331448,0.006204411938165128,0.3432241041924687,0.0064139587125735835,0.396,-0.41796193293455597
185.0363574206692,19.14597787598187,9.664502832879196,0.012375336340163683,0.26341253700806616,0.012764680614695652,0.3001935483870968,-0.5268457006737897
233.6488902885737,21.099619588993615,11.073606768268661,0.010122096739371415,0.28929453059572535,0.010244281641015358,0.31509677419354837,-0.4758471515961191
212.20036183436255,15.09876455056984,14.054153975555169,0.01174721456946307,0.3350658045476527,0.0122813241240862,0.39812903225806456,-0.42238797545359025
163.0597515396784,9.698476746301745,16.812923905999657,0.01585460353485687,0.3695066084292553,0.016276930083951802,0.40238709677419354,-0.39981951622396145
353.50971737375164,18.48272951699645,19.12648870658791,0.007495456835747847,0.3941266644469127,0.007507890292339011,0.40238709677419354,-0.39288921038443403
103.85016054456574,6.724570931158113,15.443388374919044,0.024475719021808003,0.3531980292558432,0.025252509277991594,0.396,-0.41208192770612107
148.5675472975507,13.76253236083134,10.795073421253436,0.015824910730274123,0.28442950971609166,0.01611095478633043,0.31509677419354837,-0.49023479798101555
174.31332435896482,10.340053770787602,16.85806749394567,0.014838834104720484,0.370020422471809,0.015226100386062646,0.40238709677419354,-0.3995746075365374
296.3414858975842,22.976091237691715,12.897819861171305,0.00825852302325649,0.3185457812510781,0.008347085740662499,0.3385161290322581,-0.44283856311318903
525.2974664323956,31.717901937375245,16.561545195188454,0.004906934199659233,0.36661888039470714,0.005052588951824832,0.40238709677419354,-0.40054544118454455
91.43500056514279,19.317555596821194,4.7332593457211996,0.02053310964192045,0.13704718939827942,0.02088480494843926,0.16393548387096774,-0.7660314774820938
642.3134934832781,43.61921762697837,14.725470295597619,0.003918880860570141,0.34404428660448577,0.004047664586657849,0.396,-0.41555075157032906
105.55984547360897,15.178029646483164,6.954779238955288,0.019921051082450555,0.20261268892694562,0.02017588763481466,0.22780645161290325,-0.6186253522006839
201.69677773270124,43.94867992402499,4.589370558601049,0.009217729196446015,0.1321466535083742,0.009373715862084275,0.15541935483870967,-0.7734308188019752
217.3540650967722,38.190657807631446,5.691288853719074,0.009137359792134907,0.16750203807947717,0.009154552133666055,0.17670967741935484,-0.7046874820729945
227.58441977142837,26.453177720732327,8.60329228397623,0.009774712839413504,0.24157228295019162,0.010100888843122846,0.28316129032258064,-0.5563325960820686
117.12939791309253,7.266753749205042,16.118531321624335,0.021888409530868288,0.3614169558241856,0.02219655891199747,0.396,-0.4064542434785283
380.20268921780706,25.885549114583323,14.687835577094619,0.006617044547298924,0.3435519815897849,0.006838114655247381,0.396,-0.41796193293455597
212.43349165771133,19.444088886868304,10.925350778517563,0.011098265163346986,0.28671943715954634,0.011267361933134053,0.31509677419354837,-0.4810840776301583
37.939185500188195,5.402280854125004,7.022808795884627,0.05557548215666222,0.20436144500885461,0.05666335037960826,0.23632258064516132,-0.6118999876495034
227.45103367679172,43.91519408899544,5.17932434081597,0.00848803199756938,0.15168261216785067,0.008712490951561213,0.18735483870967742,-0.7284280750303733
440.79244892149677,47.33361970649847,9.312460184847854,0.005147901250638716,0.25641239957970835,0.005262900090269461,0.28316129032258064,-0.5397171726733557
178.18393371620974,40.45014849358855,4.405025453601297,0.01029789601026991,0.12573552144865255,0.010610655210786335,0.15541935483870967,-0.7925434887534203
69.4078813192937,5.8401091952254705,11.88468896712368,0.03462766272632073,0.3028310181850756,0.03579752827360744,0.3512903225806452,-0.4542505162906855
171.55942901681166,14.100738245525712,12.166698369232474,0.014083061130677529,0.30733174254365625,0.01441825614294897,0.3385161290322581,-0.4554803022251254
865.1599545272326,47.341495370203724,18.274875936254347,0.0030365995112460746,0.3854507283849447,0.003067770487329409,0.40238709677419354,-0.3986935167490806
129.92992437453412,7.5443370631323114,17.222179137445497,0.01999083662440859,0.3741127502308119,0.020427258678818224,0.40238709677419354,-0.40005883805596304
190.14656514069992,20.268704482452602,9.381288542902045,0.011955399767929125,0.2577993328106908,0.012200307786272447,0.28316129032258064,-0.5392884111570072
40.08973812421435,13.499578088227285,2.969703042732559,0.03995345692686611,0.07053921851699747,0.041770808813025445,0.10858064516129032,-0.9909196912362305
67.4695725025208,8.03768591445084,8.394153892131841,0.03276489068783747,0.23699353408518603,0.03383481752367373,0.2767741935483871,-0.5703214995786986
263.5212261449348,45.39534682257102,5.805027267991031,0.007580577871880223,0.17088306864727348,0.00755073566369292,0.17670967741935484,-0.6909862344763197
88.78834850345216,34.16209373463652,2.5990312301447367,0.01716006445774377,0.05491875695685175,0.017851790676664953,0.0915483870967742,-1.0274000317957324
394.9800274383711,31.11628670217744,12.69367489825614,0.006174557793360136,0.3154781585992761,0.006262564229753155,0.3385161290322581,-0.4489214483706321
488.27915356129245,27.776194460813254,17.57905152378445,0.005340653893597339,0.37803650186299487,0.0054356450730283605,0.40238709677419354,-0.40033765897667556
214.33836454787308,18.47773124766282,11.599820436558408,0.011151974067668867,0.29817953142386366,0.011592094579893355,0.3512903225806452,-0.45876133997692625
166.50603052270014,29.35533866369533,5.672086853783206,0.011915842216335197,0.16692658575023236,0.011950192519431753,0.17670967741935484,-0.7046874820729945
244.27685235724812,13.511349049256177,18.0793828556073,0.010732828723764559,0.3833983063516665,0.010865180837668287,0.40238709677419354,-0.39820426462327835
122.01202143806944,15.31132642469768,7.968742749893959,0.017875663552246096,0.22737298213143897,0.018373445295220562,0.259741935483871,-0.581507413346959
272.40856927842066,13.94817860898681,19.53004595904069,0.009764704940338265,0.3980945753976834,0.009828037716555478,0.4109032258064516,-0.38770074595956033
770.2133757109649,45.38567663052693,16.970406368094345,0.0033626640823085792,0.3712928194368246,0.003445944018912879,0.40238709677419354,-0.3995746075365374
47.60047050479389,4.309106951339746,11.046481566208145,0.04965657105963337,0.2888258108130214,0.0502844827339635,0.31509677419354837,-0.4758471515961191
170.98528376373403,14.865076557303649,11.502482553964644,0.013952786041954423,0.2965651566897875,0.013950003869977667,0.3129677419354839,-0.4621496522153594
702.255219056605,37.83079606602692,18.563056876491405,0.003752088370933944,0.388434065416235,0.003779412531648218,0.40238709677419354,-0.39706701091370783
304.89278711008785,36.410000714359605,8.373874790665475,0.007246025725729463,0.23654439041956546,0.007487289862317427,0.2767741935483871,-0.5703214995786986
3.289789051712182,1.4634143867185911,2.2480228987558775,0.4375641231754424,0.039915647405729754,0.4831642625282046,0.10006451612903226,-1.034235956326284
83.86234601786268,6.512521677438049,12.877092802377152,0.02917263464300118,0.3182364980922891,0.029495809606561545,0.3385161290322581,-0.44283856311318903
354.4152918585676,39.76446755099804,8.912864013683297,0.0063330341571536716,0.24817694019969808,0.006486190013085453,0.28316129032258064,-0.5444528648950178
604.8790658552723,44.07663108991606,13.72335069396122,0.004100377995849381,0.330481830017575,0.004198929588558486,0.37258064516129036,-0.4254648891734714
703.3142481699882,45.21270981435748,15.555675628773038,0.003619349406887414,0.35459030070994113,0.0037287416677483846,0.396,-0.4109369645332417
222.07471739910898,12.23285898633665,18.15395057256466,0.011815101829208252,0.3841839371745154,0.011951437815174482,0.40238709677419354,-0.39820426462327835
98.8762031060439,33.77564968478848,2.9274404498153803,0.016114052951744375,0.06877949000923653,0.01693613563169331,0.10858064516129032,-0.9909196912362305
267.35070644006913,24.668990791878002,10.837521027738656,0.008801998325986153,0.28517844309529106,0.0089529033571617,0.31509677419354837,-0.4881366572451255
470.9076814554011,28.048862392613536,16.788833531423762,0.0054883810786001555,0.369231827149586,0.005636162415348632,0.40238709677419354,-0.39987980622534436
149.6581429852941,31.698007356398605,4.7213738486019965,0.012534957176589383,0.136645789122112,0.012759761107359756,0.16393548387096774,-0.7660314774820938
224.63117009046476,21.005632005487403,10.693854392564017,0.010443325265689021,0.28263251075585555,0.010655533852505407,0.31509677419354837,-0.49879699686956697
107.14933341757693,31.286583723479307,3.42476936327074,0.015733496639528385,0.0890405185644191,0.01586891636782279,0.1064516129032258,-0.9142871760922061
297.4069918068889,16.142932777728266,18.42335565054257,0.008847037948853284,0.38699404083009703,0.00892417545126597,0.40238709677419354,-0.3974516677744911
142.88233387009953,17.0956457054154,8.357820250383323,0.015454478913483977,0.2361881559857826,0.015976927393266664,0.2767741935483871,-0.5703214995786986
65.51855533446665,35.025942917719796,1.8705722066748558,0.020371404678494288,0.024116331045725935,0.024260432680934006,0.10006451612903226,-1.028576454083499
52.758754990040885,2.749980462168128,19.18513811856141,0.05025187008422805,0.39470888124209585,0.05030657330368972,0.40238709677419354,-0.39324969606416943
187.13569427485902,28.955060414610756,6.462970257883839,0.011009820115524496,0.18956016887949703,0.011380851682393653,0.22780645161290325,-0.6380685153324481
123.43017022586872,38.085537356958504,3.2408672370567757,0.013393963771736543,0.08166776796539037,0.013820958070557502,0.10858064516129032,-0.954814301559766
200.9263337224406,45.17700028610748,4.447535968523082,0.00916060190643474,0.12722733534932557,0.009409659001572422,0.15541935483870967,-0.7862239858164513
41.5891544252444,9.898259161076858,4.201663519660745,0.043446980428251236,0.11848632519308835,0.044206841299282804,0.1469032258064516,-0.8046641815252131
70.79744201725444,22.542702354950407,3.140592503174635,0.02308945946077918,0.07758673977264993,0.023653125576806766,0.10858064516129032,-0.9662259710408155
622.9492168426403,45.57924284995209,13.667388440246878,0.003977977137586804,0.3296954642416267,0.004077129464890066,0.37258064516129036,-0.4327763401139727
246.7408501042266,13.396500428606418,18.41830643899692,0.010663149860649894,0.38694177654200584,0.01075667922112113,0.40238709677419354,-0.3974516677744911
456.52933712039857,43.878167716457384,10.404475867600281,0.005105465676976328,0.2774066702229669,0.005219755891907328,0.30870967741935484,-0.5081097777724692
29.19405076008541,16.335609956412156,1.7871417619533685,0.04484010285627237,0.020777334769467092,0.05291261656246959,0.09580645161290323,-1.025659148746078
271.9460011231506,24.069504017010903,11.298363311971665,0.00873695639514005,0.29313728034747305,0.008801618804252696,0.31509677419354837,-0.4681462497160535
188.55871974672502,29.13135369757508,6.472707094364132,0.010931374099828755,0.18982581531942067,0.011294962035617683,0.22780645161290325,-0.6380685153324481
118.26135916208658,37.92913985052755,3.1179552087955327,0.013786494444142728,0.0766597234326425,0.014159999499546331,0.10858064516129032,-0.9662259710408155
37.76842286899716,30.049032890552272,1.256893125531236,0.029587080005564283,0.0032602446658027903,0.034759034118859174,0.08516129032258064,-1.0188720669429654
979.0129469678892,49.3969156020708,19.819313312081523,0.0027243706406758377,0.40088481808353615,0.00273463359342994,0.4109032258064516,-0.3870299214773159
610.6684873130845,46.78853754805263,13.051668620458964,0.004017985321707574,0.3208263377727901,0.004050622952866201,0.3385161290322581,-0.43761192620708944
46.54658837479073,13.340501234080401,3.4891184040281917,0.03645476674227809,0.09158494128265186,0.037321911098849955,0.12348387096774194,-0.9093520426241478
128.75629460522393,40.85899110774855,3.151235287863151,0.012711376212921828,0.07802185407990904,0.013005816854897854,0.10858064516129032,-0.966186894151115
429.8124288208646,47.25386276798398,9.095815741693745,0.005248691576187682,0.25198691297274317,0.005348391001266028,0.28316129032258064,-0.5435382782468159
703.2396441763572,44.336589066432765,15.861383543119242,0.003633954792456516,0.3583291177596134,0.0036969895008546493,0.396,-0.4064542434785283
806.563023865204,46.964707089723156,17.173811439392466,0.0032185817445844873,0.3735743866740741,0.00329064449619682,0.40238709677419354,-0.40005883805596304
509.94403875034493,46.355749604372356,11.000664277948514,0.00463071050761441,0.28803163765893103,0.004693779817668725,0.31509677419354837,-0.47743209066085285
246.9795578391473,19.233643535958336,12.841017739431724,0.009899561888951516,0.31769703133438565,0.010015354359462653,0.3385161290322581,-0.444725025221947
92.56113980112073,32.12581292362297,2.881207707371602,0.01711241385853509,0.0668473688927069,0.018091618039156203,0.10858064516129032,-0.987210109639711
82.56589753565608,20.463714632493122,4.034746331174623,0.02159369904589346,0.11239521898706831,0.022100640405457516,0.14051612903225807,-0.8176337822635009
22.92999539362027,3.8800391569067427,5.90973298627754,0.08757575808358606,0.1739545500047688,0.08764837785540958,0.19374193548387098,-0.6776153949885355
673.7928325106453,47.3666350731788,14.225051694503382,0.003709004357048589,0.33739180369762234,0.0038585592717234438,0.396,-0.4235361280604418
185.55071678616153,12.99861122651233,14.274657003950324,0.013478380553073675,0.33806170075593467,0.014011638575888549,0.396,-0.42521019395782267
44.41474420931174,6.053094484238943,7.3375269996129955,0.04804174291430421,0.21228146597806824,0.05001180361183396,0.259741935483871,-0.5972899554898122
95.69726065173082,34.4038962780722,2.7815820591438296,0.016335911187053798,0.06266047246910542,0.01693727605981639,0.0915483870967742,-1.0090871070062148
179.99867693201207,21.21167925297899,8.48582871658937,0.01231559358766073,0.23901248620140358,0.012682430298558908,0.2767741935483871,-0.5615997423054143
221.790592736987,25.483877050502386,8.703173080668064,0.010059472639646364,0.2437253816551556,0.010364753969812743,0.28316129032258064,-0.550927263900092
285.7924114408146,32.1243377261312,8.896445239658272,0.007850053131648558,0.24783168620075585,0.008043617795687595,0.28316129032258064,-0.5445901195695783
6.140805895396312,1.0364939825448718,5.924593870114885,0.32725045964444865,0.17438734203114886,0.3272822712063796,0.19374193548387098,-0.676878132846438
149.15586852471444,41.39407513540338,3.6033144365905865,0.011504113762994444,0.09605411469908876,0.011646927810895052,0.12348387096774194,-0.885027375073302
463.3330234534693,35.90736119859378,12.903566510802651,0.005282551193229406,0.31863144482603223,0.00533868225680416,0.3385161290322581,-0.44283856311318903
329.2876279897835,30.28769813746301,10.871992532918371,0.007151684476012386,0.2857846389106596,0.007268918822850854,0.31509677419354837,-0.4881366572451255
147.56881571529402,24.90617621300231,5.924988824187933,0.013618192649583619,0.17439883365745934,0.01361925208073983,0.19374193548387098,-0.676878132846438
270.03358451633085,47.42963800547152,5.6933511591460935,0.007355584387656184,0.1675637616181953,0.007368635734538829,0.17670967741935484,-0.7046874820729945
392.5716070974622,21.244621137305717,18.478635347754143,0.006706190572357313,0.3875652442382316,0.006760835799974121,0.40238709677419354,-0.3971747787476016
93.92586749304702,19.059284219301144,4.928089975064712,0.020242329841353268,0.14354135406834578,0.020330950389197112,0.16393548387096774,-0.7395424604878471
96.83387691716692,4.905157227452812,19.741238135082483,0.027524068317290873,0.4001360631658514,0.027647779665698865,0.4109032258064516,-0.38750976070745097
94.03893186914101,17.31265449335721,5.431803187964233,0.020827895837410768,0.15960962104428142,0.021228143500712324,0.17883870967741936,-0.7200732117998425
542.29223135281,34.961191633581905,15.511262803522756,0.0046913220433369845,0.35404085392389445,0.004835911324288187,0.396,-0.41208192770612107
142.9283919879846,49.66845980055716,2.877648966001988,0.011077007105561273,0.06669834788520398,0.011716222111360421,0.10858064516129032,-0.987210109639711
82.35312766262612,19.467233150688216,4.230345782842527,0.021990103294110597,0.11952012586419669,0.022037205705198643,0.13838709677419353,-0.7963907307798932
301.3827639639521,37.7795339251754,7.977408206275346,0.0072388541585921866,0.2275732052561963,0.0074383192050086295,0.259741935483871,-0.581507413346959
226.683265951327,20.916649491870892,10.837455876450282,0.010381080246982618,0.2851772956809739,0.010559072489015527,0.31509677419354837,-0.4881366572451255
121.37182450488089,8.384992490264736,14.474887681270763,0.020665459215480228,0.34074210477185674,0.021420701152928618,0.396,-0.4206985450526088
306.632532847564,32.658735844527676,9.388989650649432,0.00741518611595649,0.2579539524354303,0.007634181181499098,0.2916774193548387,-0.5393414167201779
246.45772903474736,20.73782040959694,11.884456715648524,0.009751863548436546,0.3028272694653883,0.010081366097422348,0.3512903225806452,-0.4542505162906855
441.67737196093617,24.372872412966416,18.121679073245506,0.005938605842493324,0.38384435206714995,0.006009164933069378,0.40238709677419354,-0.39820426462327835
32.872942606742185,2.034738080577892,16.15585952832113,0.0780264359744445,0.3618609560827669,0.07908843489330715,0.396,-0.4064542434785283
258.1023357823815,17.054051625411063,15.134370497495214,0.00980760271982484,0.3493122667589218,0.010073018414280556,0.396,-0.41488622764351374
29.002911345215388,2.0040320051592704,14.472279519762651,0.08647788439992271,0.3407074313243262,0.08964167597380367,0.396,-0.4206985450526088
537.6375980093876,38.05842363693605,14.126638642163975,0.004641532173376988,0.33605580327827345,0.004835728733873549,0.396,-0.4235361280604418
376.4320544393647,45.84435944792557,8.211087666454418,0.005839327432322567,0.23290512381742629,0.005955340877095128,0.259741935483871,-0.57273067755064
459.95046526801843,28.90745375092805,15.911137287671078,0.005559613639747503,0.35893057723815763,0.00565249907854703,0.396,-0.4064542434785283
836.9947843498459,44.372387288586935,18.86296490892502,0.00315756442563743,0.39148681354509746,0.0031710020479751707,0.40238709677419354,-0.3947741708965418
196.68604631139846,35.527836514346696,5.536110993754814,0.01001501345859738,0.16281258088649653,0.010149535149083658,0.17883870967741936,-0.7165536569740001
9.714197409902548,6.872866034276475,1.413412885025801,0.12147362906468832,0.007445396045327183,0.13514177689869936,0.08516129032258064,-1.0192561858816762
91.09685556354958,21.298519283545968,4.27714501420415,0.019950978807802864,0.12119887083473102,0.020754265040963824,0.15541935483870967,-0.7938663951134481
39.3211230231725,3.1383874701667205,12.529084887368494,0.061845726429125364,0.3129696351428171,0.0629073536339423,0.3385161290322581,-0.4529250212471535
293.5868239087564,15.01794543649217,19.549067157706443,0.009061943011235094,0.39827941640099696,0.009119079860386691,0.4109032258064516,-0.38770074595956033
72.48233713258931,36.76363307019183,1.9715771015938688,0.018824618418276654,0.028256851400888267,0.021188315623850373,0.0915483870967742,-1.0374464992342673
51.438086397817116,9.685396702347699,5.310891022703153,0.03781998274002444,0.1558445379292043,0.03852524873313306,0.17883870967741936,-0.7340526807073978
578.3051559124156,30.799570568549996,18.776403217223216,0.004566081986457773,0.3906110597255127,0.004589466561352711,0.40238709677419354,-0.39390849265531885
23.623115826620495,16.24007586628329,1.4546185634308177,0.050609392108267266,0.00872594953659495,0.05970461146254436,0.0915483870967742,-1.0168294912316602
87.02288311495866,6.837241510712898,12.727776688684653,0.02804159789559058,0.31599393659155056,0.02842456722601126,0.3385161290322581,-0.4489214483706321
191.94775988273656,39.59961229874607,4.8472131099327616,0.00985426884768222,0.1408650282253325,0.009948551384137236,0.16393548387096774,-0.7458731980089137
280.7941604956247,36.99170724515967,7.590732664342394,0.007668422380320159,0.21845813016644622,0.007983717315540751,0.259741935483871,-0.5861043188736659
396.71066569459754,38.28584067753733,10.361811538523993,0.005869586840147328,0.27662488465597346,0.006006825385171889,0.30870967741935484,-0.50999085592812
175.89039575715805,29.42701937544359,5.977173342398924,0.011454580220967734,0.1759124011990599,0.011767386342179801,0.2107741935483871,-0.6698180337548573
313.0598135370007,17.724556924398083,17.66249023162152,0.008337405979797595,0.3789417941542247,0.00847797149474826,0.40238709677419354,-0.40033765897667556
43.527775127417954,8.101981529193097,5.372485110041103,0.044848927009701285,0.1577695939104939,0.04552644988243496,0.17883870967741936,-0.734194761052143
89.3299383683206,19.29877871971003,4.62878711993765,0.020869215263959167,0.1334980403789154,0.021376955891202653,0.16393548387096774,-0.7744927715812335
378.0976437052527,27.964327236164863,13.52071303243362,0.006538997598559982,0.3276191264262317,0.006542193088171573,0.3555483870967742,-0.4338885792662149
228.5560002184082,33.693626775715444,6.783360002762869,0.00913744882856553,0.19814627348460123,0.009318344646339325,0.22780645161290325,-0.6224977704231589
146.18086799448986,15.611359726663254,9.36374989456055,0.015543970135561035,0.2574467779317471,0.015869700673185813,0.28316129032258064,-0.5397171726733557
414.46420998458257,40.19431526220993,10.311513140124452,0.005611681435359281,0.27569940277762744,0.005749523456684933,0.30870967741935484,-0.5093512394750477
695.448954448405,49.31104575814788,14.103309791062237,0.0035870286630055605,0.335737733900466,0.003738404615428371,0.396,-0.4235361280604418
110.29841582233988,31.97982218259782,3.4490002850097143,0.01532210173889453,0.09000081897115296,0.015750068759617198,0.12348387096774194,-0.9156008416209852
82.38412271115341,44.220173363643994,1.8630438653794659,0.01617341123593078,0.023811672326617454,0.01875038008463908,0.09580645161290323,-1.0260955867088786
93.85319047744447,10.888383810227113,8.6195703708838,0.023714072598650153,0.2419246483773762,0.024493625787716553,0.28316129032258064,-0.5563325960820686
146.40850045414578,36.15228672430442,4.049771500504239,0.012192637720241515,0.1129487699944777,0.012463478592630547,0.14051612903225807,-0.8080369111809464
46.18545870993778,12.435357202631089,3.7140435901725284,0.037540604707069505,0.1003304388898189,0.03831213388377209,0.12348387096774194,-0.8843548500975146
16.405985989793052,10.049470273933657,1.6325224656215902,0.0767225458631572,0.014864978262261273,0.0859691671588981,0.0915483870967742,-1.0184487302384089
546.6152751234685,34.47435491583877,15.855707132385923,0.004674873903470022,0.35826037352390333,0.004756306125030074,0.396,-0.4064542434785283
66.11921803760787,6.060873731287548,10.909189164639098,0.03564519569815534,0.2864367483065445,0.03620074629233235,0.31509677419354837,-0.4858328100012871
54.07960192282751,9.936462298423274,5.442540845891289,0.0362390680391184,0.15994125345523985,0.03691358422387332,0.17883870967741936,-0.7200732117998425
429.9192583841748,44.271440499488925,9.71098418153206,0.005332536813814929,0.2643196792828833,0.005493892070475469,0.3001935483870968,-0.5168050190314742
211.60946309395888,14.16609181134363,14.937744715483959,0.011930409293534686,0.3467973892475859,0.012286168789863416,0.396,-0.4159778176323718
361.6242595081965,22.47814018957416,16.08781938622865,0.0070869166923748835,0.3610508539996899,0.007189422481336112,0.396,-0.4064542434785283
69.85025656007258,4.920844699294444,14.194769562650041,0.035761990377962474,0.3369817018935709,0.03722061605985389,0.396,-0.4235361280604418
137.87173257630351,17.82394413792637,7.735197749129808,0.015696099637453713,0.22190742741366695,0.016259904473246243,0.259741935483871,-0.5846326301088123
105.50308863378403,13.964450780709472,7.555119087069738,0.02038377247838052,0.21759957098849636,0.021053994661485668,0.259741935483871,-0.595630259818516
374.50151413621876,45.50784012337863,8.229384499921082,0.005872808240162553,0.23331719832055814,0.005986040420750439,0.259741935483871,-0.57273067755064
663.2478867583272,45.85519602369284,14.463963613101443,0.0037811056483343488,0.3405968357791978,0.0039199063170963205,0.396,-0.4206985450526088
144.580245997406,7.911812238338005,18.273973350481995,0.018170668323597143,0.3854413060921819,0.018357363808645867,0.40238709677419354,-0.3986935167490806
161.98098106152344,25.37417464869356,6.383694575455417,0.012675242972185332,0.1873860603593084,0.012777859642467802,0.2107741935483871,-0.6404472180216702
598.5761311880581,42.71581345856872,14.012986824390786,0.004161914932782279,0.3345012603488912,0.004243143812096581,0.37258064516129036,-0.4215948386806185
48.852841767466096,3.5505508903603475,13.759228715774862,0.05079763853629536,0.3309842991539114,0.05198970039877492,0.37258064516129036,-0.4254648891734714
57.083153415128166,6.660922590898301,8.56985689837147,0.038932142290249924,0.24084671861356408,0.040271162138155084,0.28316129032258064,-0.556798432002509
209.37946334282427,20.031343621182994,10.45259206284131,0.011144068065631316,0.2782848238991517,0.011354467447975742,0.31509677419354837,-0.5083215449736425
348.14316243039445,18.116892236559725,19.216494632994763,0.007617644122990369,0.3950193764599279,0.007623622870515356,0.40238709677419354,-0.39324969606416943
464.3603941284912,35.94426656123879,12.918900246228514,0.0052722268684734525,0.31885983725544437,0.005326870729242267,0.3385161290322581,-0.44283856311318903
106.96730125786841,9.022883100081375,11.855113279357871,0.02245626360802275,0.30235307794263927,0.02250529785436205,0.3044516129032258,-0.4540452239806243
316.85304120972296,27.383641626100832,11.570887668487202,0.007539585917234814,0.29770102305230217,0.007841586700422561,0.3512903225806452,-0.45876133997692625
315.64070355347974,17.665170696384955,17.867967934103984,0.008287595103121412,0.3811520656373899,0.008408649915672885,0.40238709677419354,-0.400037303587736
355.63555673671743,19.732594475301507,18.022746941962048,0.007367696470425205,0.38279930139741325,0.007463011290748912,0.40238709677419354,-0.39930162034523414
452.8546008642737,23.606924973055758,19.183125349072295,0.0058543611870982525,0.3946889320038365,0.005860848427403675,0.40238709677419354,-0.39324969606416943
109.39858543581242,38.412588805889705,2.8479878299438806,0.014416429649382521,0.06545469742406022,0.01530715209780609,0.10858064516129032,-0.987210109639711
573.2275914955848,33.69803835466641,17.01071099339543,0.004520313896294576,0.3717471793147141,0.004630119370899718,0.40238709677419354,-0.3996443547035727
57.81854752461452,17.578518483889212,3.289159298470202,0.028744303541078556,0.0836180757275837,0.02950477451214527,0.10858064516129032,-0.9378209694826924
273.8679303537245,26.83369132483766,10.206122111132295,0.008471831419361269,0.2737467231946641,0.00870117101401734,0.30870967741935484,-0.509120058136931
22.662973684860056,1.5900387858455787,14.253094884605561,0.11031790825177666,0.3377708022862495,0.11471881921839712,0.396,-0.4238434549688274
283.1148875092405,30.731661752315816,9.212482220812744,0.007993597672280707,0.2543815228152542,0.00819401141221627,0.28316129032258064,-0.5408676641979074
54.43015599490853,9.437477728757806,5.767447358211973,0.03663110923811209,0.16977113385567652,0.036556557371960736,0.17670967741935484,-0.6974948358237266
73.24738553628613,12.866796747528783,5.692744431542694,0.027116221121413833,0.1675456042488315,0.02716518966273447,0.17670967741935484,-0.7046874820729945
600.3290108068901,44.62925438842496,13.451468527392457,0.004113851044403689,0.3266311164352689,0.004120386899140128,0.3555483870967742,-0.4338885792662149
226.76544047669702,32.68575484981321,6.937745250756935,0.009267043218777674,0.20217272012714912,0.009391923110271264,0.22780645161290325,-0.6189901846513992
168.86619797660958,23.21277269650414,7.274710358148683,0.01260650828170696,0.2107225672661783,0.012667914271507486,0.23419354838709677,-0.6002813558849772
113.74064920963482,7.654594908607673,14.859133705655966,0.022171914722017735,0.34578250012409883,0.022857875343343128,0.396,-0.41497187585580825
473.6387732752322,35.40651479354009,13.377164514414378,0.005208044641482796,0.32556529239931814,0.0052225196307251155,0.3555483870967742,-0.4338885792662149
99.63439804461261,10.954450714703455,9.095334913587202,0.02264201141635869,0.2519769880651997,0.023072402419779637,0.28316129032258064,-0.5435382782468159
107.6511459170699,28.13064324674966,3.8268284508392245,0.01627063270255712,0.10462780959027958,0.016437014789807136,0.11496774193548388,-0.8564410249768832
247.57864900805896,13.020390436316168,19.01468701871784,0.010690841237629046,0.39301147868922215,0.010720278933388571,0.40238709677419354,-0.3947741708965418
16.801314468932393,1.1434693853247406,14.693278792209105,0.14975084403076194,0.34362326406229743,0.15474203437547798,0.396,-0.41796193293455597
278.9654481049272,47.52207522846808,5.870228662443029,0.007184349792845277,0.1728002853134228,0.007204393641347633,0.19374193548387098,-0.6868499712773853
144.57352553246363,29.035532648437993,4.979193159049595,0.01319307130792205,0.14521834214091173,0.013208518954147274,0.16393548387096774,-0.7395424604878471
493.5100934537509,26.854859235590652,18.37693838289436,0.005329002248208866,0.38651300138530104,0.005378030177140899,0.40238709677419354,-0.3980043745798535
315.5205734358237,26.223810644819796,12.031835407496395,0.007638411162060024,0.30519205896645735,0.007839703650277453,0.3385161290322581,-0.4541542255946925
77.07879647626434,14.43652453174626,5.33915183718673,0.025279474974311104,0.15672963359402572,0.02570960060906668,0.17883870967741936,-0.734194761052143
537.2779141424155,29.98178189219659,17.92014617657711,0.004871522038056895,0.38170905526703397,0.004939924209529997,0.40238709677419354,-0.400037303587736
49.00706763648583,3.5580057671853997,13.773745981095871,0.050649115664724485,0.3311872413736382,0.051826088146282034,0.37258064516129036,-0.4254648891734714
110.923285316719,14.135303141359051,7.847251962511091,0.01958356644270556,0.2245465881498708,0.020210194774259477,0.259741935483871,-0.5846326301088123
38.70490791080081,20.572432691482675,1.8813967454041194,0.034568198514775744,0.024555438683856064,0.041067362948054374,0.10006451612903226,-1.0301111441521762
416.6184397812067,35.27368912046389,11.811025446144988,0.005760837224917244,0.30163849891192235,0.005778263143488921,0.3044516129032258,-0.4540452239806243
283.82692626673713,19.38795542908433,14.639342828329474,0.008857848574022765,0.3429157537259072,0.009160052625385605,0.396,-0.4206985450526088
168.1933976067883,12.400592254039074,13.563335860188854,0.01470951269737625,0.32822479346383887,0.014706806726654937,0.3555483870967742,-0.4338885792662149
13.887885720364368,1.0224533879527238,13.582903518146997,0.17819879291235585,0.32850221550799896,0.17811118561231684,0.3555483870967742,-0.4338885792662149
163.88016494698897,17.81172450983701,9.200690525865797,0.013805136999990827,0.25414071286933554,0.014155749842999324,0.28316129032258064,-0.5408676641979074
251.12990134921216,30.883835772406016,8.131434942209829,0.008730795574965594,0.23110214407046714,0.008926779285172846,0.259741935483871,-0.5749588619964165
111.27490926600811,8.69519283981606,12.79729056225992,0.02195615605349276,0.3170411417944679,0.02222951973287374,0.3385161290322581,-0.4489214483706321
41.952034391352115,5.811139757371372,7.219243753023903,0.0506388914715954,0.20933709602805983,0.05050202722407491,0.2256774193548387,-0.6072868673301703
408.8204188146278,35.58097401845415,11.489860243921154,0.005834162013420956,0.29635486238906544,0.005834457528147256,0.3129677419354839,-0.4621496522153594
156.01354868132339,24.98467925881367,6.244368681510593,0.013077650750331215,0.1835158057149768,0.013266605741922701,0.2107741935483871,-0.6450199433546417
205.01369636496437,14.182429243040602,14.455471122168,0.012230908021891486,0.3404838255332409,0.01268144337281972,0.396,-0.4206985450526088
20.025353590438066,1.1299492877582082,17.72234719503906,0.13042483591695467,0.3795884533311138,0.1325375935726405,0.40238709677419354,-0.40033765897667556
190.6559432353413,17.658134100237344,10.797060558781162,0.012332000292928299,0.2844646313617224,0.012554368862618069,0.31509677419354837,-0.49023479798101555
382.1002196707073,20.443706883793013,18.690358937479274,0.0069047682114273465,0.38973625388832955,0.006946115282543419,0.40238709677419354,-0.3949287526801738
151.06390344537814,27.78397948539985,5.437086632055729,0.012969377510392661,0.1597728553318859,0.013214751471675357,0.17883870967741936,-0.7200732117998425
143.81155026856706,25.306013384934918,5.682900268842046,0.013804016414486553,0.1672508123254577,0.013836017459492983,0.17670967741935484,-0.7046874820729945
197.42169698098482,35.282685638696485,5.595427145275513,0.01000940043939552,0.16461567482135067,0.010111715028789926,0.17883870967741936,-0.7117148219651234
173.42113702047885,25.509046004048518,6.798417196509636,0.012049876633931816,0.19854208210551613,0.01228087658525982,0.22780645161290325,-0.6224977704231589
573.9183320801375,35.73153251231553,16.061956813140494,0.00446401148192698,0.3607419977479696,0.004530034041048416,0.396,-0.4064542434785283
189.62404980226333,12.477175027450171,15.197674905183629,0.013360778569169373,0.3501148567538586,0.013710653178306501,0.396,-0.41488622764351374
667.9515352880693,47.81801842701353,13.968615958178804,0.003727151880827894,0.3338909191842569,0.003802438459886097,0.37258064516129036,-0.4220302350034779
162.8613784858741,43.2085088084769,3.769196923868916,0.010699664081451126,0.10243928567602462,0.010864844041167438,0.12348387096774194,-0.8710458651855787
454.03973958390077,29.748487976809074,15.262615697908915,0.005584818217215846,0.35093465327780876,0.00572608376413785,0.396,-0.41426176356193767
268.22956116759116,43.19017525030935,6.210430025186572,0.007594659164221423,0.18256337755281402,0.007716413626237785,0.2107741935483871,-0.6580590961228628
278.17622816766044,45.57641212191665,6.1035130940878055,0.0072866603239044115,0.17953775937867902,0.007728055611633457,0.24483870967741939,-0.6661136538558168
15.447314852253445,1.4094972497657576,10.959450154883674,0.15273523772010628,0.28731460180253326,0.15495023310654377,0.31509677419354837,-0.47743209066085285
26.59021921361711,10.309370920884776,2.5792281039913414,0.05713205196548767,0.054074650534778765,0.059609550386808985,0.0915483870967742,-1.0382200846472878
65.72838578837417,47.60379869595676,1.3807382517554596,0.01776153981552377,0.006477053549364345,0.01997301292847475,0.08516129032258064,-1.0192561858816762
295.9674556179604,20.34439936923188,14.547859105910527,0.0084834610644894,0.34170965301013123,0.008784308989907005,0.396,-0.4206985450526088
99.31730418278038,8.039772027248333,12.353248804341087,0.024409272228346292,0.3102540494249551,0.024905909515527635,0.3385161290322581,-0.45295438778866065
278.98639174358317,17.39184018604265,16.041223283978663,0.009180795857172488,0.360494021927808,0.00931898349900269,0.396,-0.4064542434785283
92.83406481234991,4.822824944301308,19.24889787302843,0.02857636914234734,0.39533966548979216,0.028589852019113737,0.40238709677419354,-0.3926315987780923
180.0845896717409,17.464978547886034,10.31118298702625,0.012915171881501044,0.27569331433639893,0.013232513129560058,0.30870967741935484,-0.5093512394750477
15.083589207770094,5.471707661036839,2.7566511484482144,0.10329289811172872,0.061608092563005444,0.10745790670244529,0.0915483870967742,-1.0068517918838433
868.7363384688101,47.14310115095501,18.42764513278549,0.0030288668337645885,0.387038429195602,0.0030551411950787036,0.40238709677419354,-0.3974516677744911
10.34289369716428,1.7850305125767445,5.794239159662322,0.19303623008027698,0.17056438407386487,0.1923812792292534,0.17670967741935484,-0.6909862344763197
367.8742663943014,39.43149530900459,9.329452599031757,0.006171067381940483,0.25675565026184766,0.006306085614405396,0.28316129032258064,-0.5397171726733557
18.82949117328623,12.804750553214241,1.4705082379413992,0.06380656014657053,0.009236073706551603,0.0749042520046444,0.0915483870967742,-1.0158649818357623
378.7179131492514,21.996774939992854,17.216974496597473,0.0068580211124466455,0.3740548954917544,0.007008150613335053,0.40238709677419354,-0.40005883805596304
98.52242244044402,26.246695420311823,3.7537076901574196,0.017662198489796235,0.10184846252672483,0.017960007821043882,0.12348387096774194,-0.8713007945979213
528.1830845190642,39.22601092642363,13.465123576031708,0.00467678915181777,0.32682635111109537,0.004683201457605902,0.3555483870967742,-0.4338885792662149
204.47626524221462,11.068798787550573,18.47321187843757,0.012874424107255315,0.38750928427234993,0.01298005014016634,0.40238709677419354,-0.3971747787476016
421.5324248675258,24.048865207014178,17.52816281512444,0.006182854501590232,0.37748214258087587,0.006296341677990727,0.40238709677419354,-0.40033765897667556
200.81677441190234,26.467146905988855,7.58739788331558,0.010721197248753414,0.21837787595963123,0.01116331645011612,0.259741935483871,-0.5861043188736659
227.7324176864318,13.474408027333794,16.901107434512923,0.011363765944805633,0.37050895585037874,0.011654520697059408,0.40238709677419354,-0.3995746075365374
744.0378233115619,47.17965327736194,15.770311386933635,0.0034307207685089765,0.35722311467044265,0.0034942707207185494,0.396,-0.4077233809115762
224.93034435524277,11.382286782874223,19.76143710362954,0.011851504291460145,0.4003300810298159,0.011902536764683665,0.4109032258064516,-0.38750976070745097
189.35359501137958,12.211756292641315,15.505844570897818,0.013434587877461338,0.3539737125726175,0.013849629538403853,0.396,-0.41208192770612107
171.6632113366562,28.66889382668558,5.987786357381834,0.01174269157278802,0.17621906153022826,0.012057156711895977,0.2107741935483871,-0.6698180337548573
855.0015860909474,48.36750064193082,17.677191807379195,0.003053238937790343,0.37910083540446293,0.003104219007887989,0.40238709677419354,-0.40033765897667556
241.6755556486785,21.112768873981636,11.446890604031946,0.009860691650716978,0.2956373187632492,0.009869617818033397,0.3129677419354839,-0.4621496522153594
57.733616745976384,46.77753708420919,1.2342166848597436,0.019189580912239518,0.002762621327928231,0.022738812724918463,0.08516129032258064,-1.0188720669429654
269.37162653977686,13.924989227715265,19.34447647569016,0.009857378938400885,0.39628104679336257,0.009852976014628539,0.40238709677419354,-0.39157907616590765
508.01047636566074,34.10317107139288,14.896282674188047,0.004966717912497881,0.34626278166758745,0.005117747963987641,0.396,-0.4159778176323718
694.2157318823485,49.129562181869794,14.13030568667542,0.0035948455262806737,0.3361057524242731,0.00374504561291815,0.396,-0.4235361280604418
198.48577753956747,18.19568310403713,10.908399338716162,0.01187386239059449,0.2864229231375886,0.01205912618474489,0.31509677419354837,-0.4858328100012871
65.58942172897878,41.4805418999307,1.5812093749211207,0.018922341354090898,0.013007200278160963,0.02150360400783822,0.0915483870967742,-1.0184487302384089
100.23207197847526,5.318503119953462,18.8459176798137,0.02636299582261183,0.3913146851970763,0.02647966985944245,0.40238709677419354,-0.3947741708965418
40.45360941046331,12.252052509691069,3.3017822424826786,0.041138889834982914,0.08412620970654239,0.04216986400457682,0.10858064516129032,-0.9378209694826924
273.04672461521307,18.352248051550585,14.878107785391625,0.009238385070592652,0.34602795933533287,0.00952170213639654,0.396,-0.4159778176323718
304.06622488667324,27.921275474496273,10.890126604868465,0.007747899021364499,0.2861028145767758,0.007871854357118877,0.31509677419354837,-0.4881366572451255
303.4460165322259,36.66869504174981,8.2753426645462,0.0072584266684492275,0.23434884641023104,0.007522987779213873,0.2767741935483871,-0.5703214995786986
240.82883690245967,33.10621745342672,7.2744292591339885,0.008839435098892902,0.2107155671452787,0.00888258460588551,0.23419354838709677,-0.6002813558849772
531.9242454143309,42.14869543660053,12.620182900190677,0.004579076667387087,0.31436200441439405,0.004650263289607554,0.3385161290322581,-0.450927294605488
379.8129386590206,20.822668081138467,18.24035888095732,0.006914463024384401,0.38509004452831974,0.006987945657376995,0.40238709677419354,-0.3987817346088648
63.26117320468274,49.715458384148185,1.2724648481739358,0.01776685953341134,0.0036199719983610063,0.020751968903128044,0.08516129032258064,-1.0188720669429654
252.34832789662278,19.609564154702323,12.868635218295267,0.009693487078887059,0.31811015630044076,0.009802275338696893,0.3385161290322581,-0.44283856311318903
539.8548187324822,44.830366122440765,12.042168410091273,0.004465161242563715,0.3053568132577014,0.004581950008541493,0.3385161290322581,-0.4541542255946925
665.2276353140505,41.59374742713913,15.993452777472081,0.003847991727247706,0.35992141671494116,0.003908240492560666,0.396,-0.4064542434785283
58.24756294048012,7.003752599961938,8.316621997869637,0.03786195969909901,0.23527133965270514,0.03919169418908996,0.2767741935483871,-0.5703214995786986
304.0199299719546,24.32218456009671,12.499696695449536,0.007994821844431425,0.31251835485382407,0.008136268538482485,0.3385161290322581,-0.45268640939988236
672.0816687190124,41.94358705524934,16.023466658531767,0.0038101772330892793,0.3602813867009209,0.003868383415456194,0.396,-0.4064542434785283
324.09280794971676,48.891708467234324,6.628788768281916,0.006402643544501873,0.1940434531180727,0.006571462028106369,0.22780645161290325,-0.6338551886140326
153.9451227660814,36.812380607618046,4.18188446998246,0.011719289831219983,0.11777123475815389,0.011942730736859856,0.1469032258064516,-0.8046641815252131
24.237841382028147,1.5290979647607736,15.85107163870965,0.10542223880130415,0.35820421649795087,0.10726489789773527,0.396,-0.4064542434785283
312.5668536676349,21.681700746987794,14.416159383209795,0.008017744933434014,0.3399598268327423,0.0083178032174496,0.396,-0.4206985450526088
295.2102636677706,20.81218704623227,14.184490222579177,0.008460426080360172,0.3368422920000434,0.008806840076639892,0.396,-0.4235361280604418
337.9208475003106,31.24340058799376,10.81575120315703,0.0069605585661780996,0.28479468467887203,0.007083212104055365,0.31509677419354837,-0.49023479798101555
37.41059027149312,6.104099588049098,6.128764731286067,0.054246316666983194,0.1802558228931449,0.057463978662540265,0.24483870967741939,-0.6661136538558168
439.84143126480814,29.17416667590688,15.076400849798588,0.005750658647709374,0.3485743021041778,0.005910924702178615,0.396,-0.41488622764351374
75.47062874232246,5.2461601931236945,14.385879569831696,0.033191489694851625,0.33955523407618743,0.03444876005977668,0.396,-0.4206985450526088
32.58752762806754,8.664754364424251,3.760929191699353,0.053433362014714304,0.10212405881894701,0.05429879485716278,0.12348387096774194,-0.8713007945979213
127.40073128796405,7.864682863047246,16.199093276419976,0.020143713490464846,0.36237387391352044,0.020407022430885918,0.396,-0.40577848924349313
52.50808853167397,8.766753794153697,5.989456275901137,0.038393155597058186,0.17626727780035428,0.03941812201952188,0.2107741935483871,-0.6698180337548573
79.83176889314034,41.192839794524055,1.9380011014378455,0.016969613154742953,0.02687039581690411,0.019237687672627735,0.0915483870967742,-1.0374464992342673
185.191653887011,14.455704629410103,12.810973842827346,0.013195733022544618,0.3172466208194711,0.013356907503032756,0.3385161290322581,-0.4489214483706321
37.52063777141149,12.013955845452841,3.1230877035071396,0.04347951626114062,0.07687008432672254,0.04463092543236956,0.10858064516129032,-0.9662259710408155
6.942525613227728,3.5224606456179104,1.9709306395983508,0.19650863315622888,0.02823007286223678,0.22121324743742876,0.0915483870967742,-1.0374464992342673
830.049088345808,44.633191634954194,18.597125993915263,0.003175515329314183,0.38878349417919544,0.0031975364018617704,0.40238709677419354,-0.3972512359038028
165.31247890736697,8.90175585011638,18.57077206910878,0.01594029624311815,0.38851325590120744,0.01605512295780848,0.40238709677419354,-0.39706701091370783
144.10956549853108,33.43363909158006,4.310316478077425,0.012643488655742087,0.12238274656958337,0.013119519708659306,0.15541935483870967,-0.795351868566414
265.85868686511407,37.0578034104062,7.174162049509343,0.007977147493911624,0.20820476063293578,0.007969131300239646,0.2256774193548387,-0.6179905131664357
51.0122030865808,33.808738404915026,1.5088466915158472,0.023826691671400058,0.010501210097867631,0.02764846187037312,0.0915483870967742,-1.0158649818357623
114.10654377764679,18.642572145618274,6.120751089836402,0.01777832070953657,0.1800281783956268,0.018839948086616664,0.24483870967741939,-0.6661136538558168
218.6823646634251,22.72278927505412,9.623922574659543,0.010460566667516566,0.2626173533277803,0.010800733786726552,0.3001935483870968,-0.5268457006737897
36.269540967651466,4.185802877630098,8.664894651748726,0.061445665145694016,0.24290275563554223,0.0633811420053012,0.28316129032258064,-0.5519566276802491
87.35097993872554,5.632272618944509,15.509011343825037,0.029123802837391726,0.35401295733449106,0.030022297912538166,0.396,-0.41208192770612107
750.2154141715753,42.616928899889864,17.603694905700117,0.003476912515720511,0.3783043482465975,0.0035378001107171314,0.40238709677419354,-0.40033765897667556
262.31814390978724,15.01946960259843,17.46520688482935,0.009928649482836479,0.3767939764854252,0.010117913064491118,0.40238709677419354,-0.40033765897667556
879.883210773936,44.62015467610374,19.71941193751971,0.0030284934086114426,0.39992617425227067,0.003042723921083073,0.4109032258064516,-0.3877070755193965
39.7852591176161,16.272566499043645,2.4449283473479317,0.03740196125908931,0.04833631099154609,0.03983965536895514,0.0915483870967742,-1.03599664373947
138.52151620132574,13.02579239504528,10.634402268994878,0.016913129719239795,0.2815696444460439,0.017279373651585394,0.31509677419354837,-0.49879699686956697
212.58262000202578,19.14701460712424,11.102650954417083,0.01113189704135913,0.2897952169504144,0.01125945779200594,0.31509677419354837,-0.4758471515961191
58.367665952929464,4.074462934266072,14.325241607196793,0.04287946099682708,0.33874241508867514,0.04454297664054981,0.396,-0.4241135914128048
250.93124029333694,20.238872072257294,12.398479490233267,0.009668883789059356,0.3109561517645488,0.009857631869235791,0.3385161290322581,-0.45268640939988236
3.7099273862386237,1.4613796164187267,2.538647278610751,0.4069930288173473,0.0523429499779364,0.427240440847932,0.0915483870967742,-1.0382200846472878
8.699118021051978,4.137261511933721,2.102627062843336,0.1610643100068069,0.03374130623291971,0.18272065020812991,0.10006451612903226,-1.0452856926116099
725.8913802006924,37.812051984622826,19.197354867064433,0.0036528051560449234,0.3948299173878619,0.0036563489355447313,0.40238709677419354,-0.39324969606416943
188.99269387404073,15.491784964070963,12.199542810099581,0.012791673815745318,0.3078493768399004,0.013088272041622157,0.3385161290322581,-0.4554803022251254
292.300406192189,23.579496818860427,12.39638014490572,0.008300139431217178,0.31092361925553413,0.008462484960339283,0.3385161290322581,-0.45268640939988236
96.0564090521776,19.618517347608048,4.896211438928595,0.01975345498971645,0.14248972603846444,0.019880007706993812,0.16393548387096774,-0.7405335238280623
353.8179607113942,34.45270098791678,10.269672640048888,0.006567204316162804,0.2749263826755514,0.006735021852682355,0.30870967741935484,-0.509120058136931
55.84176734873675,7.09253475599998,7.873315996301184,0.03893444283214009,0.225155993738753,0.040145240877702285,0.259741935483871,-0.5823111465403928
241.22154861559306,13.109336073448413,18.40074487861838,0.010905163012491602,0.38675987832260106,0.011002798840112953,0.40238709677419354,-0.3976203970174925
76.9459706198127,12.847120481626417,5.989355414690678,0.026199440323024004,0.176264365866006,0.026899007499431554,0.2107741935483871,-0.6698180337548573
304.0894993374879,37.55899158626245,8.09631692690896,0.007202153911757504,0.23030250767626834,0.007372109875992954,0.259741935483871,-0.5771775101356185
349.50713239139856,28.90840267322087,12.090157188628151,0.006903100266184408,0.3061201904164447,0.007077359979402062,0.3385161290322581,-0.45516376989093443
37.105635145645266,6.554664930224506,5.660950718402985,0.05343949683229139,0.16659223380066698,0.053624715291423,0.17670967741935484,-0.7046874820729945
425.37923494086584,22.348708126692447,19.033728147928564,0.006223430657645517,0.39320190358560475,0.006239402296369402,0.40238709677419354,-0.3947741708965418
112.06427544788497,9.077893999643983,12.3447437756246,0.021629491301850785,0.3101217501763304,0.022072937886907538,0.3385161290322581,-0.45295438778866065
450.69000631717154,24.215034431583586,18.61199114089791,0.005849319863933729,0.38893574416697496,0.005888997177918508,0.40238709677419354,-0.3972512359038028
108.51737085635003,40.94021444238654,2.6506302503388692,0.014146016513540718,0.05711473485492399,0.014606242295609907,0.0915483870967742,-1.0274000317957324
271.00575931320833,27.38735455346924,9.895287943350453,0.008498041440201566,0.267878523554905,0.00871542365212899,0.3001935483870968,-0.5160669677083899
304.515246221116,19.085847355385102,15.95502890445137,0.008402070257658864,0.3594595618425013,0.008537732062245982,0.396,-0.4064542434785283
166.410686333575,12.366450825983707,13.456624594659125,0.014841996913854743,0.32670485899497814,0.014864356645606789,0.3555483870967742,-0.4338885792662149
427.474793645675,34.30076020184035,12.462545760800356,0.0056821820990613685,0.31194639292825044,0.005786511457685545,0.3385161290322581,-0.45268640939988236
676.6203289804369,47.02413499679177,14.388788417407344,0.0037023544169969484,0.3395941387707406,0.0038424349221406885,0.396,-0.4206985450526088
709.4750227841329,38.04245155444831,18.64956105073028,0.0037171571453377787,0.38931996050125356,0.003740952239449656,0.40238709677419354,-0.3962821655314169
412.2414900319803,30.355402898425854,13.580498055367862,0.006003061270873744,0.32846813327978724,0.006000336819834825,0.3555483870967742,-0.4338885792662149
440.20296654898203,32.73379971688499,13.447964194694858,0.0056099718853287505,0.3265809811449041,0.005619198368185515,0.3555483870967742,-0.4338885792662149
320.02506432692934,23.794378425619993,13.449608079795455,0.007716867264044183,0.32660450125953044,0.007729356438080453,0.3555483870967742,-0.4338885792662149
123.8265909957351,14.267686673970426,8.67881344924969,0.018005123195610484,0.24320224102594495,0.01856471140852924,0.28316129032258064,-0.550927263900092
216.42584557545982,42.46728771787977,5.096295459536476,0.008876407981639859,0.1490205373783757,0.00915632357846724,0.18735483870967742,-0.7309069023446209
479.2893911379302,33.82172106593155,14.171052685450594,0.005210021242057231,0.336659897058865,0.005424425470657997,0.396,-0.4235361280604418
181.83476035559008,30.84727069694857,5.894679050927422,0.011035397185447767,0.17351534343624977,0.011052765139913715,0.19374193548387098,-0.6802326742244236
713.9236093614688,46.36197233041113,15.398905039533245,0.003558251350437233,0.3526435988865447,0.003673330183068324,0.396,-0.41208192770612107
55.166134853187664,36.57392178735534,1.508346170091614,0.02202929521930738,0.01048439558525074,0.025566571878137687,0.0915483870967742,-1.0158649818357623
493.2752781932471,28.736625439821015,17.16538635429698,0.005262257192920217,0.3734804473415441,0.005380590296435075,0.40238709677419354,-0.40005883805596304
58.839070916824305,10.924783051166386,5.385834267028519,0.03320300694724557,0.15818486398291012,0.03367940795043485,0.17883870967741936,-0.7182985844734
354.846466950192,41.526687321912135,8.545022245560924,0.006258275596910402,0.24030621932575572,0.006478308622586565,0.28316129032258064,-0.556798432002509
172.14686256748013,37.159388966835195,4.632661283023825,0.010832266029063965,0.13363049908294086,0.01109286642685627,0.16393548387096774,-0.7744927715812335
52.14699332365795,3.4666236033026747,15.042588781192505,0.0484824618724862,0.34814253112621063,0.04985655769198965,0.396,-0.4150916801719765
468.2030870627217,23.92753013157555,19.567547694563995,0.005683283133121241,0.39845881799644794,0.005718120548877509,0.4109032258064516,-0.3875897064122958
593.6530604659548,38.44152725047383,15.44301444107264,0.004281616712906744,0.3531933754522794,0.004417524842900997,0.396,-0.41208192770612107
418.2228432196207,37.5537402798817,11.136649508216127,0.005662334558365782,0.2903797498215597,0.005723181017087386,0.31509677419354837,-0.4758471515961191
66.62758347250288,20.11456062962313,3.312405610012632,0.025006375563694373,0.08455331630893015,0.025603858318492656,0.10858064516129032,-0.9378209694826924
434.64463025169914,22.633906085385423,19.20325323486018,0.00610082570866338,0.3948883252526238,0.0061063958705320324,0.40238709677419354,-0.39324969606416943
230.4228609500577,18.216286768807375,12.649277203113746,0.010576006555582145,0.3148046281245372,0.010734992965123338,0.3385161290322581,-0.45203851610241974
260.3049227375887,49.55093745966122,5.253279475277326,0.0074488215853511135,0.15403050989240602,0.00761286053291429,0.18735483870967742,-0.7284280750303733
264.9076491816025,14.283527393264539,18.546374567568016,0.009944889601458907,0.3882627143692366,0.010019009203839262,0.40238709677419354,-0.39706701091370783
351.7533367611294,23.318678440562987,15.084617151770157,0.007191573982296006,0.3486790730059112,0.007391172476269317,0.396,-0.41488622764351374
174.18360745033976,13.64370168552013,12.766594540482982,0.01401904131031496,0.31657940299045895,0.014201036638925331,0.3385161290322581,-0.4489214483706321
96.52282431682376,7.177048120123754,13.44881944516758,0.02558524300832013,0.32659321811555037,0.02562697277882409,0.3555483870967742,-0.4338885792662149
758.0024170209705,40.634280432551954,18.654259628865923,0.0034793491403009615,0.3893679533488558,0.003501456084729701,0.40238709677419354,-0.3962821655314169
159.12646426993382,16.663558230995566,9.549368872126346,0.014348352282268384,0.2611485852756102,0.014843099891761923,0.3001935483870968,-0.5305783855042409
168.2672348160236,28.515778357431458,5.9008466367943875,0.011928828242574387,0.17369538260119907,0.011943958683817662,0.19374193548387098,-0.6776153949885355
250.1585032345021,14.924035062905745,16.762122454153204,0.010328305141752524,0.36892667164296367,0.010609722000254757,0.40238709677419354,-0.40000700631993724
419.8643489825495,48.931950338656854,8.580576618685305,0.005294750014558518,0.2410796063279685,0.005475113407719575,0.28316129032258064,-0.5558198776662234
22.6242377351822,1.5836759469195116,14.285900963003037,0.11055997946020736,0.33821321973381874,0.1149152343401069,0.396,-0.42521019395782267
125.08162950759875,29.68330296015507,4.213871673091777,0.014459694291772199,0.11892680528524484,0.014509187495494891,0.13838709677419353,-0.7971740839899449
537.726866477226,28.846699240993274,18.64084559501618,0.004903973597790695,0.38923090374413954,0.004935799828462365,0.40238709677419354,-0.3962821655314169
314.7330587179932,16.254433795054858,19.36290508093524,0.008438155592930643,0.3964619805695326,0.008432899251603667,0.40238709677419354,-0.39157907616590765
480.7766173518579,37.92543804027006,12.67689029303653,0.005071211060384735,0.31522380017442764,0.005144983557909097,0.3385161290322581,-0.45203851610241974
61.9811017740683,23.276642336491676,2.6628025158464617,0.024810226550798373,0.05763197329649429,0.025572811173768972,0.0915483870967742,-1.0274000317957324
66.66431596325565,47.565288610999694,1.4015328805939216,0.01763270167184627,0.007088269775405139,0.019692602858815283,0.08516129032258064,-1.0192561858816762
281.6383986567639,31.149575963154838,9.041484191948514,0.007998149651872065,0.25086251515803554,0.008162256771454622,0.28316129032258064,-0.544104651951165
109.33024223171516,11.080274574543896,9.867105864225895,0.02105029140554996,0.2673382335323124,0.02160362911824181,0.3001935483870968,-0.5160669677083899
581.0807324943478,34.7500619470169,16.72171788874265,0.00444428607300675,0.36846411153221986,0.004567544623145312,0.40238709677419354,-0.40000700631993724
769.482141108921,49.92393419237097,15.413091006487786,0.0033019540089553982,0.3528205876517554,0.003408106572679181,0.396,-0.41208192770612107
92.64679297382519,19.67244938194157,4.709469124819343,0.020232385947711554,0.13624313034821173,0.02061163793120121,0.16393548387096774,-0.7660314774820938
756.8180522391802,41.20493466473922,18.36717030125086,0.0034746157170190265,0.3864116064194135,0.0035069356068677757,0.40238709677419354,-0.3980043745798535
173.53792991286443,29.268053769035085,5.929261005269284,0.011582726320020203,0.17452310252496261,0.011581196695684711,0.19374193548387098,-0.676878132846438
34.281037698156574,16.698413821165836,2.05295173932653,0.04047319456069393,0.0316506299694998,0.044799654253237994,0.0915483870967742,-1.0406927231112433
551.5238178840212,28.368788604771108,19.441218501352047,0.004818922653202821,0.3972288089168353,0.004854263055134684,0.4109032258064516,-0.38770074595956033
217.03945403851012,22.235018871528712,9.761154478551973,0.010576092208233696,0.2652944442865435,0.010882491457808525,0.3001935483870968,-0.5168050190314742
166.65166147126175,8.395896127323898,19.849180950310327,0.01600902556278549,0.4011704121494613,0.01606489650055431,0.4109032258064516,-0.3866006783413005
853.7730573027911,44.066507371655405,19.374647736479286,0.0031109726714301177,0.3965771745154585,0.0031086857949144853,0.40238709677419354,-0.39157907616590765
109.82055914468214,35.30737240742445,3.110414388174324,0.014833126219032669,0.07635046330976569,0.015248336009149736,0.10858064516129032,-0.9662259710408155
544.8393649697261,27.412928409840212,19.87527041343563,0.004897907849155097,0.4014194997203914,0.004913818393665433,0.4109032258064516,-0.3863523383144174
707.2615886216867,40.84472751168329,17.315860129545005,0.0036763517399874385,0.37515097850625356,0.0037526598616648174,0.40238709677419354,-0.4000905715608007
828.2661630254995,47.90677061730962,17.28912536480243,0.0031383194758725576,0.37485529094181097,0.003204419417090429,0.40238709677419354,-0.4000905715608007
360.25542128483477,34.41471927043483,10.468062181588818,0.006479164454677293,0.2785663730040972,0.006599185356661297,0.31509677419354837,-0.5083215449736425
28.115087984350403,5.897091511279637,4.76761941553279,0.0669292127538706,0.13820419884292934,0.06792090258890086,0.16393548387096774,-0.7547358132093557
531.0454431356791,39.68214528909471,13.382478171653156,0.004645444633515231,0.3256417064234773,0.004657958792936059,0.3555483870967742,-0.4338885792662149
287.57763684243014,29.80462157218513,9.648759879266816,0.007959514884004848,0.2631044048851019,0.008213190811758647,0.3001935483870968,-0.5268457006737897
246.5623196118872,24.616121568841233,10.016294359058682,0.009367873411119202,0.2701826544028494,0.009579444289376484,0.3001935483870968,-0.5167420073525736
83.39879969413407,6.250999653242144,13.341674023430548,0.02956067170061387,0.32505414326684795,0.029659752902612153,0.3555483870967742,-0.4338885792662149
56.225520722489456,5.28058888485693,10.647585325895486,0.04168060083312021,0.28180580167097224,0.0425707935910579,0.31509677419354837,-0.49879699686956697
104.12204738616555,28.86270651443281,3.6074942359996376,0.016486349469590156,0.09621656346635346,0.016684339934613324,0.12348387096774194,-0.885027375073302
690.1996621900392,43.73684483882547,15.780737379056314,0.0036988214939124137,0.3573500636826819,0.0037668369365108515,0.396,-0.4077233809115762
598.92280462031,39.0552015936482,15.335289031454307,0.004237913635642189,0.3518478458869753,0.004378656351773239,0.396,-0.41208192770612107
241.30394810299362,15.402070049606504,15.666981602200837,0.01056430439638255,0.3559602580736861,0.010774252147731428,0.396,-0.4099685825236065
350.50369916329515,31.219393809420165,11.227114187512951,0.006768922205452736,0.29192696017855624,0.0068289294604897055,0.31509677419354837,-0.4758471515961191
566.0195016238966,47.39133208146713,11.943523778797609,0.00425091416938526,0.3037784023262781,0.004370145876963245,0.3385161290322581,-0.4541542255946925
89.48023090352336,6.28569067838909,14.235544744695511,0.02793339595431967,0.3375337032389442,0.029055239965885913,0.396,-0.4238434549688274
137.57537840098075,20.303938543956324,6.775797616957005,0.015175480209745457,0.1979472249130118,0.01548070305731938,0.22780645161290325,-0.6224977704231589
102.08548970680353,8.117710189597245,12.575650931419668,0.023841097041450977,0.31368259150425526,0.024230552240154548,0.3385161290322581,-0.4529250212471535
166.1220115432084,16.4126223592622,10.121600796441898,0.0139389146624151,0.27216734245085994,0.014218043609273135,0.3001935483870968,-0.5101453544404669
103.58635268300124,17.17497255192027,6.031238324827461,0.019500788456351618,0.17747052855744042,0.019981109356049718,0.2107741935483871,-0.6698180337548573
82.0080123507663,8.330576997306618,9.84421755867337,0.028047779222876244,0.2668984046704141,0.028801210233934442,0.3001935483870968,-0.5160669677083899
407.999878253333,44.674836342089016,9.13265524084189,0.005534861653961476,0.2527459597660783,0.005685900273182474,0.28316129032258064,-0.5414625897321396
2.4112696037809878,1.9071156415061523,1.2643541646361192,0.4647250152006337,0.003430824379129112,0.5444409439162045,0.08516129032258064,-1.0188720669429654
60.60170645339545,36.47572908710197,1.6614255004658582,0.020930445950807276,0.01593700881167936,0.025489935913960114,0.09580645161290323,-1.0223102372084008
236.6630836593394,21.72013465360204,10.896022857763061,0.009955802629254568,0.28620616211761973,0.010113808204545424,0.31509677419354837,-0.4858328100012871
355.49541104158203,19.412141599792566,18.313044401313288,0.007393015774222753,0.3858487252764647,0.0074659534072225985,0.40238709677419354,-0.39808474001807764
245.83420030680088,26.66278458172941,9.220124760534501,0.009207716217443991,0.2545374534813555,0.009436630933872812,0.28316129032258064,-0.540267051904405
293.9495716315502,15.920988485114764,18.463022688972902,0.008954733248660503,0.38740410372887657,0.009029141157057656,0.40238709677419354,-0.3971747787476016
128.2250087493023,16.779629802687232,7.641706656053119,0.016822652076398537,0.21968129191202287,0.01748318228337688,0.259741935483871,-0.5884668387429504
158.37527979612128,17.983514960363493,8.806692136948076,0.014129541994574554,0.24593449831215308,0.014514922590805151,0.28316129032258064,-0.550927263900092
117.09730273410025,6.71721306409321,17.432423479321002,0.02223381611900278,0.3764345885601993,0.022665869438041168,0.40238709677419354,-0.4003898725263461
718.2708238667607,48.84469738452672,14.705195493631992,0.003503459884453863,0.34377922772290037,0.0036196229816332173,0.396,-0.41796193293455597
496.2284965942873,45.08098192232223,11.0074908627617,0.004759385207790502,0.28815016244437086,0.004823513872448578,0.31509677419354837,-0.47743209066085285
73.45994466887363,19.045855747146213,3.857004150621098,0.023906988684345837,0.10576756189107067,0.02408745998318617,0.11496774193548388,-0.8564410249768832
496.9706614006806,27.839909407577995,17.85101575314055,0.005262739783296273,0.38097073484352384,0.005340581208229574,0.40238709677419354,-0.40047383303111694
500.2017682770201,36.10986729518397,13.852218403021737,0.00496830748097036,0.3322805555724156,0.00507764020080935,0.37258064516129036,-0.42481834420082254
677.3728229013211,45.45522747464324,14.901978507954603,0.0037251911075660347,0.34633631277991794,0.003838166358622123,0.396,-0.4159778176323718
107.01022217518143,7.291906297337809,14.675205332006204,0.023505887336556983,0.3433864771018495,0.02429552549520575,0.396,-0.41796193293455597
148.7649478843766,35.44770656272752,4.196743945087823,0.012141496291509726,0.11830863040933881,0.012358591022914126,0.1469032258064516,-0.8046641815252131
496.4725251411508,42.84923654872407,11.5864964029548,0.004813302201272016,0.29795931136788795,0.005004568164637522,0.3512903225806452,-0.45876133997692625
96.99127383759905,8.320769980103174,11.656526267343878,0.024671709609383786,0.29911408172052534,0.02561705291239745,0.3512903225806452,-0.45889177357900185
167.84576787740292,14.856505211518149,11.297796183403431,0.014155572922580486,0.2931276749157178,0.014260502766892181,0.31509677419354837,-0.4681462497160535
3.0797006000131404,1.822359843784164,1.6899519655887967,0.4149322196558012,0.017011410415858443,0.5015856456199288,0.09580645161290323,-1.0217196631229932
435.78671935351633,29.458172514331793,14.793406452538775,0.005781599202228355,0.34492974783198377,0.0059659220110278325,0.396,-0.4152844521593946
285.5184822413179,39.42270323957423,7.242488687450077,0.00744700151117743,0.20991874965999446,0.0074922733636384395,0.23419354838709677,-0.605132650023778
52.00940793764882,3.870784774807605,13.43639880887821,0.0474735451975813,0.3264154271921763,0.04756039127128517,0.3555483870967742,-0.4338885792662149
154.19552257171415,18.268048683112912,8.440722117970562,0.014356903717412182,0.23802144363330408,0.014804714403826861,0.2767741935483871,-0.5703214995786986
252.2135155189504,36.295432037100134,6.94890517520621,0.008335693391109697,0.20246106370949227,0.008444288073308708,0.22780645161290325,-0.6186253522006839
713.1798301512563,42.01271842014952,16.97533168454083,0.0036317847849384336,0.3713484038002554,0.0037215188415451886,0.40238709677419354,-0.3995746075365374
47.56595193736574,20.250591078335116,2.348867336926954,0.030795592918449372,0.04422532592401697,0.03341693871988356,0.10006451612903226,-1.0367101276279114
185.07489877008408,39.51079893901509,4.684159868691776,0.010110929281130231,0.13538505354499664,0.01031799647036799,0.16393548387096774,-0.7660314774820938
643.8474376026121,46.551033464728484,13.831002013960711,0.0038585994196455803,0.3319855698923181,0.0039447925995893035,0.37258064516129036,-0.42481834420082254
286.02347029022394,19.333030765760075,14.794548964189731,0.00880901241054043,0.34494460372068275,0.009089707143496654,0.396,-0.4152844521593946
46.1589682099691,35.24549542421512,1.3096416337577135,0.024680076181503686,0.004534182003056775,0.028440711524298,0.08516129032258064,-1.0192561858816762
182.26109858767592,20.86826556297665,8.733888211152236,0.012252125301934301,0.24438321103801838,0.012612702021171991,0.28316129032258064,-0.550927263900092
811.4198953317685,48.096030352203464,16.870828827032174,0.0031882257616008673,0.37016540838592804,0.00327094786631119,0.40238709677419354,-0.3995746075365374
17.525352367938797,12.287300903827703,1.426297972606771,0.06761149297893933,0.007838998683796745,0.07490827411382739,0.08516129032258064,-1.0192561858816762
144.98500590867656,39.79304915251105,3.643475657092932,0.011880324909157346,0.09761166510453727,0.011981981325523678,0.12348387096774194,-0.8824237573916808
237.4004725421036,34.44579767993755,6.892001014114243,0.008835780673501737,0.20098701029572086,0.008971185095877238,0.22780645161290325,-0.6189901846513992
334.9637222210619,44.626509113227385,7.5059360204757315,0.006409060889715283,0.21640845288128513,0.0066313493596778204,0.259741935483871,-0.597851499990443
166.74784850692043,23.4512623253448,7.110399695913545,0.012687688443847737,0.20659353026832317,0.012705787822200668,0.2256774193548387,-0.6174492158431643
56.50981532996605,3.415017391609557,16.547445839897172,0.04560565296731179,0.3664555626121936,0.046967277451187735,0.40238709677419354,-0.40054544118454455
549.4187559932043,41.23797924439422,13.323125091486894,0.004485808352560039,0.3247864582123314,0.004502190295325589,0.3555483870967742,-0.4338885792662149
208.50280659387263,22.901101638551513,9.104488067197643,0.010822339616922359,0.252165841787215,0.011025294882555136,0.28316129032258064,-0.5435382782468159
199.79613266750425,20.24792702907014,9.867485811295895,0.011519016043208256,0.2673455269287577,0.011821700315451938,0.3001935483870968,-0.5160669677083899
140.19849655355154,12.516976945563934,11.200667474524545,0.01691349058849773,0.29147586187263214,0.017072686912249294,0.31509677419354837,-0.4758471515961191
763.0415152088821,42.49494981855937,17.956051683007967,0.00343148051319084,0.3820913412031501,0.003478332597134425,0.40238709677419354,-0.3986301985030694
117.6497413652475,35.22777030185475,3.3396874215185064,0.014202846492366012,0.08564791517137367,0.014500016638688664,0.10858064516129032,-0.9388788393174383
103.55860966649227,26.495607159894718,3.9085199686703,0.01703448908918466,0.10770356876577249,0.01708658974156831,0.11496774193548388,-0.8475993085332157
53.151452280702685,4.687721965047377,11.338439582597024,0.04473835999943951,0.29381489973833885,0.04503291884831266,0.31509677419354837,-0.4681462497160535
118.36219558761285,7.802306677199778,15.170154222916633,0.021396927632689085,0.34976636238721664,0.021965371360320052,0.396,-0.41488622764351374
256.649756010005,19.15441564913619,13.398986464073058,0.009614640036148486,0.325878915485374,0.009637990036530698,0.3555483870967742,-0.4338885792662149
301.397828342094,38.79244479855488,7.76949815633486,0.007188439625268236,0.2227186197875324,0.007437947425112733,0.259741935483871,-0.5846326301088123
442.0144124605595,45.65520592866734,9.68157745583652,0.00518279661809956,0.2637462244687937,0.005343558802604122,0.3001935483870968,-0.5268457006737897
627.8519601360845,32.768595769338816,19.16017288490458,0.004221670884818251,0.3944612833891867,0.004227289781404249,0.40238709677419354,-0.39324969606416943
31.225902200078036,19.348010877072827,1.613907620709495,0.04010700184672392,0.01418401259067227,0.04516791678030473,0.0915483870967742,-1.0184487302384089
96.9353162914036,17.126752730040742,5.659877141880882,0.020454827561435285,0.16655997656708674,0.02052687499787014,0.17670967741935484,-0.7046874820729945
50.084146197170625,6.583606062168639,7.607403256547965,0.043017724969802794,0.21885889067458872,0.04476029585143035,0.259741935483871,-0.5861043188736659
18.249695052329788,2.414085274928296,7.5596729087674195,0.11785931878516853,0.21770953644850227,0.12171499077089336,0.259741935483871,-0.5908613300132508
36.45539530614472,3.0363569947041595,12.006294177439656,0.06607882187502737,0.30478423291024764,0.06785244736834682,0.3385161290322581,-0.4541542255946925
681.9640132536085,36.95795047305914,18.452430519672156,0.0038593749189860826,0.3872946977574614,0.0038918654411913777,0.40238709677419354,-0.3971747787476016
359.8327879750867,29.17998731129936,12.331492270243338,0.0067345625885245385,0.30991544145089955,0.006874270144258569,0.3385161290322581,-0.45295438778866065
128.04809207379392,14.97326577578835,8.551781153904757,0.017346408559591686,0.24045345300320992,0.017952668324124732,0.28316129032258064,-0.556798432002509
572.3085799197431,45.500383965590785,12.57810440352648,0.004252835945254132,0.31372008445588023,0.004322122501901583,0.3385161290322581,-0.4529250212471535
181.6181935893171,19.841421804180737,9.153486850980043,0.012440944889518132,0.2531739862870125,0.012773206105467495,0.28316129032258064,-0.5408676641979074
459.74654566896135,32.07176873994872,14.334929557417867,0.005444581748793302,0.33887250917651873,0.005655006232448732,0.396,-0.42264352484996065
121.3506435331368,35.13932270634911,3.453414414023714,0.013932848202408412,0.09017547240738738,0.014315602972507759,0.12348387096774194,-0.9156008416209852
32.96920727304869,1.7755435923168288,18.56851468796022,0.07992517169809432,0.388490089260925,0.08050275984304762,0.40238709677419354,-0.39706701091370783
44.98044732546423,14.96135505488297,3.006442074294859,0.03577015325916044,0.07206372888766374,0.03722908254855893,0.10858064516129032,-0.9935948089381477
118.58294374054204,42.853393366271796,2.7671774490996075,0.013157541339806584,0.062052639614927456,0.013668499623124305,0.0915483870967742,-1.0068517918838433
717.7330559046853,39.6984880506151,18.079606835141536,0.0036528731403925956,0.38340067130020516,0.003697909903247319,0.40238709677419354,-0.39820426462327835
373.5529344114675,25.248395984782633,14.795115485221723,0.006744972331617739,0.34495196966752595,0.00695984247908759,0.396,-0.4152844521593946
200.08675933859212,11.04227753501547,18.120062523705784,0.013108829984987627,0.38382732463515257,0.013264806647333113,0.40238709677419354,-0.39820426462327835
90.80478680175416,8.48625799286312,10.700215204171299,0.025838098593295104,0.2827459024173009,0.026359458807524102,0.31509677419354837,-0.49879699686956697
63.87934118646827,31.559506990349735,2.024091859419771,0.021593767188339955,0.03044213412676575,0.024041867179509364,0.0915483870967742,-1.0406927231112433
206.3170880769742,41.251378097308084,5.001459286773202,0.009257605821428197,0.14594563682854236,0.00925566646011887,0.16393548387096774,-0.7333672400064716
294.7976512708602,20.925931825553448,14.087671398741326,0.008460085298506963,0.33552422187295533,0.008819166536425322,0.396,-0.4235361280604418
302.2826471580906,27.954243753153364,10.813479693006961,0.007780806060112954,0.28475460103753386,0.007918301165250278,0.31509677419354837,-0.49023479798101555
19.644340717399363,1.6636278332938592,11.808134201809446,0.1221694639873755,0.3015915482490226,0.12254577591160322,0.3044516129032258,-0.4540452239806243
336.5083736985237,20.77875159503293,16.194831155254032,0.00762593038169964,0.3623233718831298,0.007726017491124791,0.396,-0.40577848924349313
39.0420128453531,3.371820657650352,11.57891145745559,0.06119861056205358,0.29783383949704445,0.06363992050769314,0.3512903225806452,-0.45876133997692625
606.7391063855583,48.57039824861913,12.491952470305474,0.004005433325117482,0.31239926406398133,0.004076855711572672,0.3385161290322581,-0.45268640939988236
99.88650197746679,13.859241279467335,7.207212859873511,0.021258561916452097,0.2090354628801991,0.02121070155620563,0.2256774193548387,-0.6072868673301703
113.84343412159042,12.461678995313875,9.135481195142358,0.01983774122833199,0.252804074914174,0.020377517922916234,0.28316129032258064,-0.5414625897321396
